Ký hiệu gốc,Số HĐ gốc,Số HĐ đóng góp số dư,Doanh thu theo file,Thuế theo file,Thanh toán theo file,Số HĐ thiếu giá trị,Hóa đơn đóng góp
1C24TUV,00000001,1,1464200,117136,1581336,0,1C24TUV/00000001
1C24TUV,00000002,1,2870093,229607,3099700,0,1C24TUV/00000002
1C24TUV,00000003,2,10978045,878243,11856288,0,1C24TUV/00000003; 1C25TUV/00000508
1C24TUV,00000004,2,34150000,2732000,36882000,0,1C24TUV/00000004; 1C25TUV/00000784
1C24TUV,00000005,2,30635185,2450815,33086000,0,1C24TUV/00000005; 1C25TUV/00000785
1C24TUV,00000006,2,8800926,704074,9505000,0,1C24TUV/00000006; 1C25TUV/00000786
1C24TUV,00000007,2,23192593,1855407,25048000,0,1C24TUV/00000007; 1C25TUV/00000812
1C24TUV,00000008,2,23775926,1902075,25678001,0,1C24TUV/00000008; 1C25TUV/00000813
1C24TUV,00000009,2,18243081,1459446,19702527,0,1C24TUV/00000009; 1C25TUV/00000814
1C24TUV,00000010,2,44684084,3574727,48258811,0,1C24TUV/00000010; 1C25TUV/00002606
1C24TUV,00000011,2,5644763,451581,6096344,0,1C24TUV/00000011; 1C25TUV/00000509
1C24TUV,00000012,2,41644131,3331531,44975662,0,1C24TUV/00000012; 1C25TUV/00000815
1C24TUV,00000013,2,71068694,5685496,76754190,0,1C24TUV/00000013; 1C25TUV/00000816
1C24TUV,00000014,2,100277778,8022222,108300000,0,1C24TUV/00000014; 1C25TUV/00000817
1C24TUV,00000015,2,95629630,7650371,103280001,0,1C24TUV/00000015; 1C25TUV/00000818
1C24TUV,00000016,2,75783044,6062644,81845688,0,1C24TUV/00000016; 1C25TUV/00000819
1C24TUV,00000017,2,36994444,2959556,39954000,0,1C24TUV/00000017; 1C25TUV/00000820
1C24TUV,00000018,2,26968044,2157443,29125487,0,1C24TUV/00000018; 1C25TUV/00000821
1C24TUV,00000019,2,2820893,225671,3046564,0,1C24TUV/00000019; 1C25TUV/00000510
1C24TUV,00000020,2,37396296,2991704,40388000,0,1C24TUV/00000020; 1C25TUV/00000822
1C24TUV,00000021,1,2546296,203704,2750000,0,1C24TUV/00000021
1C24TUV,00000022,1,1793889,143511,1937400,0,1C24TUV/00000022
1C24TUV,00000023,2,3522222,281777,3803999,0,1C24TUV/00000023; 1C25TUV/00000787
1C24TUV,00000024,2,15392106,1231368,16623474,0,1C24TUV/00000024; 1C25TUV/00000511
1C24TUV,00000025,2,38374074,3069926,41444000,0,1C24TUV/00000025; 1C25TUV/00000788
1C24TUV,00000026,3,17432987,1394638,18827625,0,1C24TUV/00000026; 1C25TUV/00000512; 1C25TUV/00002316
1C24TUV,00000027,2,26993519,2159481,29153000,0,1C24TUV/00000027; 1C25TUV/00000789
1C24TUV,00000028,2,2536111,202889,2739000,0,1C24TUV/00000028; 1C25TUV/00000790
1C24TUV,00000029,2,17303521,1384280,18687801,0,1C24TUV/00000029; 1C25TUV/00000517
1C24TUV,00000030,2,35114815,2809186,37924001,0,1C24TUV/00000030; 1C25TUV/00000791
1C24TUV,00000031,2,29292593,2343408,31636001,0,1C24TUV/00000031; 1C25TUV/00002607
1C24TUV,00000032,2,50826852,4066148,54893000,0,1C24TUV/00000032; 1C25TUV/00000794
1C24TUV,00000033,2,45021907,3601753,48623660,0,1C24TUV/00000033; 1C25TUV/00002559
1C24TUV,00000034,3,44702778,3576221,48278999,0,1C24TUV/00000034; 1C25TUV/00002608; 1C25TUV/00002643
1C24TUV,00000035,2,45211111,3616889,48828000,0,1C24TUV/00000035; 1C25TUV/00000795
1C24TUV,00000036,2,45856616,3668529,49525145,0,1C24TUV/00000036; 1C25TUV/00001038
1C24TUV,00000037,2,49542593,3963407,53506000,0,1C24TUV/00000037; 1C25TUV/00000796
1C24TUV,00000038,2,32641667,2611333,35253000,0,1C24TUV/00000038; 1C25TUV/00000797
1C24TUV,00000039,2,73707991,5896639,79604630,0,1C24TUV/00000039; 1C25TUV/00001039
1C24TUV,00000040,2,28237963,2259037,30497000,0,1C24TUV/00000040; 1C25TUV/00000798
1C24TUV,00000041,2,108966058,8717284,117683342,0,1C24TUV/00000041; 1C25TUV/00001040
1C24TUV,00000042,2,124943519,9995482,134939001,0,1C24TUV/00000042; 1C25TUV/00001041
1C24TUV,00000043,2,38697222,3095778,41793000,0,1C24TUV/00000043; 1C25TUV/00000799
1C24TUV,00000044,2,105383796,8430704,113814500,0,1C24TUV/00000044; 1C25TUV/00001042
1C24TUV,00000045,2,33238900,2659112,35898012,0,1C24TUV/00000045; 1C25TUV/00001043
1C24TUV,00000046,2,36622222,2929778,39552000,0,1C24TUV/00000046; 1C25TUV/00001044
1C24TUV,00000047,2,42389815,3391186,45781001,0,1C24TUV/00000047; 1C25TUV/00000800
1C24TUV,00000048,2,50623148,4049852,54673000,0,1C24TUV/00000048; 1C25TUV/00000801
1C24TUV,00000049,2,35344444,2827555,38171999,0,1C24TUV/00000049; 1C25TUV/00001045
1C24TUV,00000050,2,79000000,6320000,85320000,0,1C24TUV/00000050; 1C25TUV/00000802
1C24TUV,00000051,2,40782859,3262629,44045488,0,1C24TUV/00000051; 1C25TUV/00001046
1C24TUV,00000052,2,81040741,6483259,87524000,0,1C24TUV/00000052; 1C25TUV/00000803
1C24TUV,00000053,2,39693519,3175482,42869001,0,1C24TUV/00000053; 1C25TUV/00001047
1C24TUV,00000054,2,15605556,1248444,16854000,0,1C24TUV/00000054; 1C25TUV/00000804
1C24TUV,00000055,2,47662974,3813038,51476012,0,1C24TUV/00000055; 1C25TUV/00001048
1C24TUV,00000056,2,36554630,2924370,39479000,0,1C24TUV/00000056; 1C25TUV/00000805
1C24TUV,00000057,2,9995370,799629,10794999,0,1C24TUV/00000057; 1C25TUV/00000806
1C24TUV,00000058,2,4015741,321259,4337000,0,1C24TUV/00000058; 1C25TUV/00000807
1C24TUV,00000059,2,9246845,739747,9986592,0,1C24TUV/00000059; 1C25TUV/00002551
1C24TUV,00000060,1,2536111,202889,2739000,0,1C25TUV/00002605
1C24TUV,00000062,1,2462963,197037,2660000,0,1C24TUV/00000062
1C24TUV,00000063,1,0,0,0,1,1C24TUV/00000063
1C24TUV,00000064,3,2407407,192593,2600000,0,1C24TUV/00000064; 1C25TUV/00002609; 1C25TUV/00009375
1C24TUV,00000065,2,34552778,2764222,37317000,0,1C24TUV/00000065; 1C25TUV/00001049
1C24TUV,00000066,2,27835185,2226815,30062000,0,1C24TUV/00000066; 1C25TUV/00001050
1C24TUV,00000067,2,46686111,3734889,50421000,0,1C24TUV/00000067; 1C25TUV/00001051
1C24TUV,00000068,2,29912963,2393037,32306000,0,1C24TUV/00000068; 1C25TUV/00000808
1C24TUV,00000069,2,41383333,3310667,44694000,0,1C24TUV/00000069; 1C25TUV/00000809
1C24TUV,00000070,2,37961111,3036889,40998000,0,1C24TUV/00000070; 1C25TUV/00001052
1C24TUV,00000071,2,54927778,4394223,59322001,0,1C24TUV/00000071; 1C25TUV/00000810
1C24TUV,00000072,2,15280556,1222444,16503000,0,1C24TUV/00000072; 1C25TUV/00001053
1C24TUV,00000073,2,12153449,972276,13125725,0,1C24TUV/00000073; 1C25TUV/00002317
1C24TUV,00000074,2,52308333,4184667,56493000,0,1C24TUV/00000074; 1C25TUV/00000811
1C24TUV,00000075,2,28658333,2292667,30951000,0,1C24TUV/00000075; 1C25TUV/00001054
1C24TUV,00000076,2,42542593,3403407,45946000,0,1C24TUV/00000076; 1C25TUV/00001161
1C24TUV,00000077,3,30724074,2457925,33181999,0,1C24TUV/00000077; 1C24TUV/00000186; 1C25TUV/00002599
1C24TUV,00000079,2,22445370,1795630,24241000,0,1C24TUV/00000079; 1C25TUV/00001055
1C24TUV,00000080,1,36869444,2949556,39819000,0,1C25TUV/00002601
1C24TUV,00000081,2,2148133,171850,2319983,0,1C24TUV/00000081; 1C25TUV/00002318
1C24TUV,00000082,2,29738889,2379111,32118000,0,1C24TUV/00000082; 1C25TUV/00001162
1C24TUV,00000083,2,26594444,2127556,28722000,0,1C24TUV/00000083; 1C25TUV/00001163
1C24TUV,00000084,2,21419907,1713592,23133499,0,1C24TUV/00000084; 1C25TUV/00001164
1C24TUV,00000085,2,9726605,778128,10504733,0,1C24TUV/00000085; 1C25TUV/00001165
1C24TUV,00000086,2,39603704,3168296,42772000,0,1C24TUV/00000086; 1C25TUV/00001166
1C24TUV,00000087,1,17660647,1412852,19073499,0,1C25TUV/00002610
1C24TUV,00000088,2,54762963,4381037,59144000,0,1C24TUV/00000088; 1C25TUV/00001056
1C24TUV,00000089,1,3781773,302542,4084315,0,1C24TUV/00000089
1C24TUV,00000090,2,25600000,2048000,27648000,0,1C24TUV/00000090; 1C25TUV/00001057
1C24TUV,00000091,2,14695370,1175629,15870999,0,1C24TUV/00000091; 1C25TUV/00001147
1C24TUV,00000092,2,25858333,2068667,27927000,0,1C24TUV/00000092; 1C25TUV/00001148
1C24TUV,00000093,2,20844444,1667556,22511000,0,1C24TUV/00000093; 1C25TUV/00001167
1C24TUV,00000094,2,32029630,2562370,34592000,0,1C24TUV/00000094; 1C25TUV/00001149
1C24TUV,00000095,2,50247222,4019778,54267000,0,1C24TUV/00000095; 1C25TUV/00001150
1C24TUV,00000096,2,17493422,1399473,18892895,0,1C24TUV/00000096; 1C25TUV/00002319
1C24TUV,00000097,2,46429630,3714370,50144000,0,1C24TUV/00000097; 1C25TUV/00001168
1C24TUV,00000098,2,61426852,4914148,66341000,0,1C24TUV/00000098; 1C25TUV/00001151
1C24TUV,00000099,2,46319444,3705555,50024999,0,1C24TUV/00000099; 1C25TUV/00001152
1C24TUV,00000100,2,3412634,273011,3685645,0,1C24TUV/00000100; 1C25TUV/00002320
1C24TUV,00000101,2,56519444,4521555,61040999,0,1C24TUV/00000101; 1C25TUV/00001153
1C24TUV,00000102,2,47381481,3790518,51171999,0,1C24TUV/00000102; 1C25TUV/00001154
1C24TUV,00000103,2,10278858,822308,11101166,0,1C24TUV/00000103; 1C25TUV/00002321
1C24TUV,00000104,1,1448417,115873,1564290,0,1C24TUV/00000104
1C24TUV,00000105,2,66833333,5346667,72180000,0,1C24TUV/00000105; 1C25TUV/00001155
1C24TUV,00000106,2,58793519,4703482,63497001,0,1C24TUV/00000106; 1C25TUV/00001156
1C24TUV,00000107,2,3072222,245778,3318000,0,1C24TUV/00000107; 1C25TUV/00001169
1C24TUV,00000108,2,5108333,408667,5517000,0,1C24TUV/00000108; 1C25TUV/00001170
1C24TUV,00000109,2,59290741,4743259,64034000,0,1C24TUV/00000109; 1C25TUV/00001157
1C24TUV,00000110,1,1574074,125926,1700000,0,1C24TUV/00000110
1C24TUV,00000111,1,3888889,311111,4200000,0,1C24TUV/00000111
1C24TUV,00000112,1,2554074,204326,2758400,0,1C24TUV/00000112
1C24TUV,00000113,1,1851852,148148,2000000,0,1C24TUV/00000113
1C24TUV,00000114,2,20195370,1615629,21810999,0,1C24TUV/00000114; 1C25TUV/00001171
1C24TUV,00000115,2,100613889,8049111,108663000,0,1C24TUV/00000115; 1C25TUV/00001158
1C24TUV,00000116,1,16788889,1343111,18132000,0,1C25TUV/00002602
1C24TUV,00000117,1,28913888,2313111,31226999,0,1C25TUV/00002603
1C24TUV,00000118,1,44300922,3544074,47844996,0,1C25TUV/00002604
1C24TUV,00000119,1,431250,34500,465750,0,1C24TUV/00000119
1C24TUV,00000120,2,9537037,762963,10300000,0,1C24TUV/00000120; 1C25TUV/00001172
1C24TUV,00000121,2,22238889,1779112,24018001,0,1C24TUV/00000121; 1C25TUV/00001159
1C24TUV,00000122,3,811111,64889,876000,0,1C24TUV/00000122; 1C25TUV/00002611; 1C25TUV/00009436
1C24TUV,00000123,2,1832407,146593,1979000,0,1C24TUV/00000123; 1C25TUV/00001160
1C24TUV,00000124,1,4444444,355556,4800000,0,1C24TUV/00000124
1C24TUV,00000125,1,10370370,829630,11200000,0,1C24TUV/00000125
1C24TUV,00000126,2,16658393,1332672,17991065,0,1C24TUV/00000126; 1C25TUV/00002552
1C24TUV,00000127,1,8888889,711111,9600000,0,1C24TUV/00000127
1C24TUV,00000128,2,58889415,4711153,63600568,0,1C24TUV/00000128; 1C25TUV/00001173
1C24TUV,00000129,3,238357870,19068630,257426500,0,1C24TUV/00000129; 1C25TUV/00002612; 1C25TUV/00002645
1C24TUV,00000130,2,117335648,9386852,126722500,0,1C24TUV/00000130; 1C25TUV/00001174
1C24TUV,00000131,2,65779630,5262370,71042000,0,1C24TUV/00000131; 1C25TUV/00001175
1C24TUV,00000132,1,16296296,1303704,17600000,0,1C24TUV/00000132
1C24TUV,00000133,2,24412037,1952963,26365000,0,1C24TUV/00000133; 1C25TUV/00001237
1C24TUV,00000134,2,97083796,7766703,104850499,0,1C24TUV/00000134; 1C25TUV/00001238
1C24TUV,00000135,1,10555556,844444,11400000,0,1C24TUV/00000135
1C24TUV,00000136,2,57546759,4603741,62150500,0,1C24TUV/00000136; 1C25TUV/00001239
1C24TUV,00000137,2,87578039,7006243,94584282,0,1C24TUV/00000137; 1C25TUV/00001240
1C24TUV,00000138,2,78156481,6252518,84408999,0,1C24TUV/00000138; 1C25TUV/00001241
1C24TUV,00000139,2,108333333,8666666,116999999,0,1C24TUV/00000139; 1C25TUV/00001242
1C24TUV,00000140,2,115396759,9231741,124628500,0,1C24TUV/00000140; 1C25TUV/00001243
1C24TUV,00000141,2,105854167,8468334,114322501,0,1C24TUV/00000141; 1C25TUV/00002613
1C24TUV,00000142,2,270852315,21668185,292520500,0,1C24TUV/00000142; 1C25TUV/00001244
1C24TUV,00000143,2,36301133,2904091,39205224,0,1C24TUV/00000143; 1C25TUV/00002614
1C24TUV,00000144,2,40840921,3267274,44108195,0,1C24TUV/00000144; 1C25TUV/00001245
1C24TUV,00000145,2,87013426,6961074,93974500,0,1C24TUV/00000145; 1C25TUV/00001246
1C24TUV,00000146,2,85553241,6844260,92397501,0,1C24TUV/00000146; 1C25TUV/00001247
1C24TUV,00000147,2,158464815,12677185,171142000,0,1C24TUV/00000147; 1C25TUV/00001248
1C24TUV,00000148,2,81564352,6525148,88089500,0,1C24TUV/00000148; 1C25TUV/00001249
1C24TUV,00000149,2,66411937,5312955,71724892,0,1C24TUV/00000149; 1C25TUV/00001250
1C24TUV,00000150,2,121288426,9703074,130991500,0,1C24TUV/00000150; 1C25TUV/00001251
1C24TUV,00000151,2,150513426,12041074,162554500,0,1C24TUV/00000151; 1C25TUV/00001252
1C24TUV,00000152,2,191261111,15300889,206562000,0,1C24TUV/00000152; 1C25TUV/00001253
1C24TUV,00000153,2,2755654,220452,2976106,0,1C24TUV/00000153; 1C25TUV/00002322
1C24TUV,00000154,2,48140741,3851259,51992000,0,1C24TUV/00000154; 1C25TUV/00001218
1C24TUV,00000155,2,91035185,7282815,98318000,0,1C24TUV/00000155; 1C25TUV/00001219
1C24TUV,00000156,2,39757407,3180592,42937999,0,1C24TUV/00000156; 1C25TUV/00001221
1C24TUV,00000157,2,6330556,506444,6837000,0,1C24TUV/00000157; 1C25TUV/00001222
1C24TUV,00000158,2,70081481,5606518,75687999,0,1C24TUV/00000158; 1C25TUV/00002560
1C24TUV,00000159,2,2422222,193777,2615999,0,1C24TUV/00000159; 1C25TUV/00001254
1C24TUV,00000160,2,11816667,945334,12762001,0,1C24TUV/00000160; 1C25TUV/00001257
1C24TUV,00000161,2,5404630,432370,5837000,0,1C24TUV/00000161; 1C25TUV/00001359
1C24TUV,00000162,2,1644444,131556,1776000,0,1C24TUV/00000162; 1C25TUV/00001223
1C24TUV,00000163,1,1229556,98364,1327920,0,1C24TUV/00000163
1C24TUV,00000164,1,1795370,143630,1939000,0,1C24TUV/00000164
1C24TUV,00000165,2,121351852,9708149,131060001,0,1C24TUV/00000165; 1C25TUV/00001224
1C24TUV,00000166,2,26155556,2092444,28248000,0,1C24TUV/00000166; 1C25TUV/00001225
1C24TUV,00000167,2,93224074,7457926,100682000,0,1C24TUV/00000167; 1C25TUV/00002561
1C24TUV,00000168,2,10489687,839175,11328862,0,1C24TUV/00000168; 1C25TUV/00002553
1C24TUV,00000169,1,13430556,1074444,14505000,0,1C24TUV/00000169
1C24TUV,00000170,2,2462037,196963,2659000,0,1C24TUV/00000170; 1C25TUV/00002615
1C24TUV,00000171,2,9556314,764505,10320819,0,1C24TUV/00000171; 1C25TUV/00002554
1C24TUV,00000172,2,49136111,3930889,53067000,0,1C24TUV/00000172; 1C25TUV/00001360
1C24TUV,00000173,2,0,0,0,0,1C24TUV/00000173; 1C25TUV/00001361
1C24TUV,00000174,2,20954630,1676370,22631000,0,1C24TUV/00000174; 1C25TUV/00001226
1C24TUV,00000175,1,78703704,6296296,85000000,0,1C24TUV/00000175
1C24TUV,00000176,2,250283333,20022667,270306000,0,1C24TUV/00000176; 1C25TUV/00001227
1C24TUV,00000177,2,64808333,5184667,69993000,0,1C24TUV/00000177; 1C25TUV/00001228
1C24TUV,00000178,2,64551852,5164148,69716000,0,1C24TUV/00000178; 1C25TUV/00001229
1C24TUV,00000179,2,37212963,2977037,40190000,0,1C24TUV/00000179; 1C25TUV/00001230
1C24TUV,00000180,2,126610185,10128815,136739000,0,1C24TUV/00000180; 1C25TUV/00001231
1C24TUV,00000181,2,1660560,132845,1793405,0,1C24TUV/00000181; 1C25TUV/00002323
1C24TUV,00000182,2,157715741,12617260,170333001,0,1C24TUV/00000182; 1C25TUV/00001232
1C24TUV,00000183,2,1670370,133630,1804000,0,1C24TUV/00000183; 1C25TUV/00002616
1C24TUV,00000184,1,226810487,18144839,244955326,0,1C25TUV/00002617
1C24TUV,00000185,1,29274044,2341924,31615968,0,1C24TUV/00000185
1C24TUV,00000187,2,27934259,2234741,30169000,0,1C24TUV/00000187; 1C25TUV/00002600
1C24TUV,00000193,2,4336038,346883,4682921,0,1C24TUV/00000193; 1C25TUV/00002324
1C24TUV,00000194,2,30867593,2469408,33337001,0,1C24TUV/00000194; 1C25TUV/00001233
1C24TUV,00000195,2,3379630,270370,3650000,0,1C24TUV/00000195; 1C25TUV/00002644
1C24TUV,00000196,2,67520370,5401629,72921999,0,1C24TUV/00000196; 1C25TUV/00001362
1C24TUV,00000197,2,39841667,3187334,43029001,0,1C24TUV/00000197; 1C25TUV/00001363
1C24TUV,00000198,2,86650000,6932000,93582000,0,1C24TUV/00000198; 1C25TUV/00001364
1C24TUV,00000199,2,61863889,4949112,66813001,0,1C24TUV/00000199; 1C25TUV/00001365
1C24TUV,00000200,2,60189815,4815185,65005000,0,1C24TUV/00000200; 1C25TUV/00001366
1C24TUV,00000201,2,27680556,2214444,29895000,0,1C24TUV/00000201; 1C25TUV/00001367
1C24TUV,00000202,2,72000926,5760074,77761000,0,1C24TUV/00000202; 1C25TUV/00001368
1C24TUV,00000203,2,76964815,6157185,83122000,0,1C24TUV/00000203; 1C25TUV/00001369
1C24TUV,00000204,2,48858333,3908667,52767000,0,1C24TUV/00000204; 1C25TUV/00001533
1C24TUV,00000205,2,95394728,7631578,103026306,0,1C24TUV/00000205; 1C25TUV/00001534
1C24TUV,00000206,2,41635185,3330815,44966000,0,1C24TUV/00000206; 1C25TUV/00001535
1C24TUV,00000207,2,207749683,16619975,224369658,0,1C24TUV/00000207; 1C25TUV/00001536
1C24TUV,00000208,2,124465741,9957259,134423000,0,1C24TUV/00000208; 1C25TUV/00001537
1C24TUV,00000209,2,122837963,9827037,132665000,0,1C24TUV/00000209; 1C25TUV/00001538
1C24TUV,00000210,2,91982407,7358592,99340999,0,1C24TUV/00000210; 1C25TUV/00001539
1C24TUV,00000211,2,77950000,6236000,84186000,0,1C24TUV/00000211; 1C25TUV/00001540
1C24TUV,00000212,2,62775926,5022074,67798000,0,1C24TUV/00000212; 1C25TUV/00001234
1C24TUV,00000213,2,36837037,2946963,39784000,0,1C24TUV/00000213; 1C25TUV/00001541
1C24TUV,00000214,2,50457407,4036592,54493999,0,1C24TUV/00000214; 1C25TUV/00001235
1C24TUV,00000215,2,43318519,3465482,46784001,0,1C24TUV/00000215; 1C25TUV/00001542
1C24TUV,00000217,2,139512037,11160963,150673000,0,1C24TUV/00000217; 1C25TUV/00001236
1C24TUV,00000218,2,8467593,677408,9145001,0,1C24TUV/00000218; 1C25TUV/00001560
1C24TUV,00000219,2,2185185,174815,2360000,0,1C24TUV/00000219; 1C25TUV/00001543
1C24TUV,00000220,2,1832407,146592,1978999,0,1C24TUV/00000220; 1C25TUV/00001544
1C24TUV,00000221,2,1832539,146603,1979142,0,1C24TUV/00000221; 1C25TUV/00002325
1C24TUV,00000222,2,21399074,1711926,23111000,0,1C24TUV/00000222; 1C25TUV/00001545
1C24TUV,00000223,2,1791735,143339,1935074,0,1C24TUV/00000223; 1C25TUV/00002326
1C24TUV,00000224,2,33552778,2684222,36237000,0,1C24TUV/00000224; 1C25TUV/00001546
1C24TUV,00000225,2,0,0,0,0,1C24TUV/00000225; 1C25TUV/00002618
1C24TUV,00000226,2,4967526,397402,5364928,0,1C24TUV/00000226; 1C25TUV/00002327
1C24TUV,00000227,2,41927778,3354223,45282001,0,1C24TUV/00000227; 1C25TUV/00001547
1C24TUV,00000228,3,11260648,900852,12161499,0,1C24TUV/00000228; 1C25TUV/00002619; 1C25TUV/00002646
1C24TUV,00000229,2,5166956,413356,5580312,0,1C24TUV/00000229; 1C25TUV/00002328
1C24TUV,00000230,2,178519444,14281555,192800999,0,1C24TUV/00000230; 1C25TUV/00001548
1C24TUV,00000231,2,6748611,539889,7288500,0,1C24TUV/00000231; 1C25TUV/00001561
1C24TUV,00000232,2,56268519,4501482,60770001,0,1C24TUV/00000232; 1C25TUV/00001549
1C24TUV,00000233,2,38533333,3082667,41616000,0,1C24TUV/00000233; 1C25TUV/00001550
1C24TUV,00000234,2,962037,76962,1038999,0,1C24TUV/00000234; 1C25TUV/00001551
1C24TUV,00000235,2,15417593,1233407,16651000,0,1C24TUV/00000235; 1C25TUV/00001552
1C24TUV,00000236,2,35110648,2808852,37919500,0,1C24TUV/00000236; 1C25TUV/00001562
1C24TUV,00000237,2,74697222,5975777,80672999,0,1C24TUV/00000237; 1C25TUV/00001553
1C24TUV,00000238,2,53343519,4267482,57611001,0,1C24TUV/00000238; 1C25TUV/00001563
1C24TUV,00000239,2,80550926,6444074,86995000,0,1C24TUV/00000239; 1C25TUV/00001554
1C24TUV,00000240,2,3812963,305037,4118000,0,1C24TUV/00000240; 1C25TUV/00001564
1C24TUV,00000241,2,2931407,234512,3165919,0,1C24TUV/00000241; 1C25TUV/00002329
1C24TUV,00000242,1,4259259,340741,4600000,0,1C24TUV/00000242
1C24TUV,00000243,1,1050000,84000,1134000,0,1C24TUV/00000243
1C24TUV,00000244,1,4259259,340741,4600000,0,1C24TUV/00000244
1C24TUV,00000245,2,1702778,136222,1839000,0,1C24TUV/00000245; 1C25TUV/00002620
1C24TUV,00000246,2,68541667,5483334,74025001,0,1C24TUV/00000246; 1C25TUV/00001555
1C24TUV,00000247,2,64375926,5150074,69526000,0,1C24TUV/00000247; 1C25TUV/00001565
1C24TUV,00000248,2,111637042,8930963,120568005,0,1C24TUV/00000248; 1C25TUV/00001566
1C24TUV,00000249,2,141078704,11286297,152365001,0,1C24TUV/00000249; 1C25TUV/00001567
1C24TUV,00000250,2,91967873,7357430,99325303,0,1C24TUV/00000250; 1C25TUV/00001630
1C24TUV,00000251,2,107658333,8612666,116270999,0,1C24TUV/00000251; 1C25TUV/00001631
1C24TUV,00000252,2,123906481,9912518,133818999,0,1C24TUV/00000252; 1C25TUV/00001632
1C24TUV,00000253,2,82488426,6599075,89087501,0,1C24TUV/00000253; 1C25TUV/00001633
1C24TUV,00000254,2,66607866,5328630,71936496,0,1C24TUV/00000254; 1C25TUV/00001634
1C24TUV,00000255,2,18422222,1473778,19896000,0,1C24TUV/00000255; 1C25TUV/00001717
1C24TUV,00000256,2,30868519,2469481,33338000,0,1C24TUV/00000256; 1C25TUV/00001556
1C24TUV,00000257,2,31570370,2525629,34095999,0,1C24TUV/00000257; 1C25TUV/00001557
1C24TUV,00000258,2,2599167,207933,2807100,0,1C24TUV/00000258; 1C25TUV/00002330
1C24TUV,00000259,2,52528241,4202259,56730500,0,1C24TUV/00000259; 1C25TUV/00001718
1C24TUV,00000260,2,62044907,4963592,67008499,0,1C24TUV/00000260; 1C25TUV/00001719
1C24TUV,00000261,2,70295370,5623630,75919000,0,1C24TUV/00000261; 1C25TUV/00001558
1C24TUV,00000262,2,5757575,460606,6218181,0,1C24TUV/00000262; 1C25TUV/00001720
1C24TUV,00000263,2,1700093,136007,1836100,0,1C24TUV/00000263; 1C25TUV/00002555
1C24TUV,00000264,2,54489815,4359185,58849000,0,1C24TUV/00000264; 1C25TUV/00001721
1C24TUV,00000265,2,30207407,2416592,32623999,0,1C24TUV/00000265; 1C25TUV/00001559
1C24TUV,00000266,1,850042,68003,918045,0,1C24TUV/00000266
1C24TUV,00000267,1,1054630,84370,1139000,0,1C24TUV/00000267
1C24TUV,00000268,2,451852,36148,488000,0,1C24TUV/00000268; 1C25TUV/00002562
1C24TUV,00000269,2,37267593,2981407,40249000,0,1C24TUV/00000269; 1C25TUV/00001800
1C24TUV,00000270,2,0,0,0,0,1C24TUV/00000270; 1C25TUV/00001810
1C24TUV,00000271,2,105017593,8401407,113419000,0,1C24TUV/00000271; 1C25TUV/00002563
1C24TUV,00000272,2,9223806,737905,9961711,0,1C24TUV/00000272; 1C25TUV/00002331
1C24TUV,00000273,2,62479630,4998371,67478001,0,1C24TUV/00000273; 1C25TUV/00001801
1C24TUV,00000274,2,71853704,5748296,77602000,0,1C24TUV/00000274; 1C25TUV/00002564
1C24TUV,00000275,2,104304167,8344333,112648500,0,1C24TUV/00000275; 1C25TUV/00001811
1C24TUV,00000276,2,83833333,6706666,90539999,0,1C24TUV/00000276; 1C25TUV/00001812
1C24TUV,00000277,2,80207240,6416579,86623819,0,1C24TUV/00000277; 1C25TUV/00001813
1C24TUV,00000278,2,71034427,5682755,76717182,0,1C24TUV/00000278; 1C25TUV/00001814
1C24TUV,00000279,2,86874140,6949931,93824071,0,1C24TUV/00000279; 1C25TUV/00001815
1C24TUV,00000280,2,97791006,7823281,105614287,0,1C24TUV/00000280; 1C25TUV/00001816
1C24TUV,00000281,2,115423148,9233852,124657000,0,1C24TUV/00000281; 1C25TUV/00001817
1C24TUV,00000282,2,52090741,4167259,56258000,0,1C24TUV/00000282; 1C25TUV/00001818
1C24TUV,00000283,2,97742593,7821407,105562000,0,1C24TUV/00000283; 1C25TUV/00001819
1C24TUV,00000284,2,217970550,17437644,235408194,0,1C24TUV/00000284; 1C25TUV/00001820
1C24TUV,00000285,2,93159259,7452740,100612000,0,1C24TUV/00000285; 1C25TUV/00001821
1C24TUV,00000286,2,170701852,13656148,184358000,0,1C24TUV/00000286; 1C25TUV/00001822
1C24TUV,00000287,2,206383333,16510667,222894000,0,1C24TUV/00000287; 1C25TUV/00001823
1C24TUV,00000288,2,233786111,18702889,252489000,0,1C24TUV/00000288; 1C25TUV/00001824
1C24TUV,00000289,2,2541667,203333,2745000,0,1C24TUV/00000289; 1C25TUV/00002565
1C24TUV,00000290,2,41967593,3357407,45325000,0,1C24TUV/00000290; 1C25TUV/00001825
1C24TUV,00000291,2,176181481,14094518,190275999,0,1C24TUV/00000291; 1C25TUV/00001802
1C24TUV,00000292,2,40802778,3264222,44067000,0,1C24TUV/00000292; 1C25TUV/00001826
1C24TUV,00000293,2,50958333,4076666,55034999,0,1C24TUV/00000293; 1C25TUV/00001803
1C24TUV,00000294,2,2170791,173663,2344454,0,1C24TUV/00000294; 1C25TUV/00002332
1C24TUV,00000295,2,20428704,1634296,22063000,0,1C24TUV/00000295; 1C25TUV/00001827
1C24TUV,00000296,2,83290741,6663259,89954000,0,1C24TUV/00000296; 1C25TUV/00001804
1C24TUV,00000297,2,150997222,12079778,163077000,0,1C24TUV/00000297; 1C25TUV/00001805
1C24TUV,00000298,2,181331481,14506519,195838000,0,1C24TUV/00000298; 1C25TUV/00001828
1C24TUV,00000299,2,183977778,14718222,198696000,0,1C24TUV/00000299; 1C25TUV/00001829
1C24TUV,00000300,2,69627610,5570208,75197818,0,1C24TUV/00000300; 1C25TUV/00001830
1C24TUV,00000301,2,72175000,5774000,77949000,0,1C24TUV/00000301; 1C25TUV/00001831
1C24TUV,00000302,2,60115741,4809259,64925000,0,1C24TUV/00000302; 1C25TUV/00001832
1C24TUV,00000303,2,100284074,8022726,108306800,0,1C24TUV/00000303; 1C25TUV/00001833
1C24TUV,00000304,2,103782112,8302569,112084681,0,1C24TUV/00000304; 1C25TUV/00001834
1C24TUV,00000305,2,94357315,7548585,101905900,0,1C24TUV/00000305; 1C25TUV/00001835
1C24TUV,00000306,2,85991204,6879297,92870501,0,1C24TUV/00000306; 1C25TUV/00001836
1C24TUV,00000307,2,134320370,10745629,145065999,0,1C24TUV/00000307; 1C25TUV/00001837
1C24TUV,00000308,2,58598148,4687852,63286000,0,1C24TUV/00000308; 1C25TUV/00001806
1C24TUV,00000309,2,43493519,3479481,46973000,0,1C24TUV/00000309; 1C25TUV/00001838
1C24TUV,00000310,2,65669444,5253556,70923000,0,1C24TUV/00000310; 1C25TUV/00001839
1C24TUV,00000311,2,2665741,213259,2879000,0,1C24TUV/00000311; 1C25TUV/00002566
1C24TUV,00000312,2,97094627,7767571,104862198,0,1C24TUV/00000312; 1C25TUV/00001840
1C24TUV,00000313,2,121458333,9716666,131174999,0,1C24TUV/00000313; 1C25TUV/00001841
1C24TUV,00000314,2,70285185,5622814,75907999,0,1C24TUV/00000314; 1C25TUV/00001842
1C24TUV,00000315,2,33427778,2674222,36102000,0,1C24TUV/00000315; 1C25TUV/00001843
1C24TUV,00000316,2,77151852,6172148,83324000,0,1C24TUV/00000316; 1C25TUV/00001844
1C24TUV,00000317,2,99059522,7924762,106984284,0,1C24TUV/00000317; 1C25TUV/00001845
1C24TUV,00000318,2,83429630,6674370,90104000,0,1C24TUV/00000318; 1C25TUV/00001807
1C24TUV,00000319,2,34266667,2741333,37008000,0,1C24TUV/00000319; 1C25TUV/00001846
1C24TUV,00000320,2,99986111,7998889,107985000,0,1C24TUV/00000320; 1C25TUV/00001847
1C24TUV,00000321,2,146077778,11686222,157764000,0,1C24TUV/00000321; 1C25TUV/00001848
1C24TUV,00000322,2,195919444,15673556,211593000,0,1C24TUV/00000322; 1C25TUV/00001849
1C24TUV,00000323,2,137369444,10989556,148359000,0,1C24TUV/00000323; 1C25TUV/00001850
1C24TUV,00000324,2,184667593,14773407,199441000,0,1C24TUV/00000324; 1C25TUV/00001851
1C24TUV,00000325,2,182648987,14611919,197260906,0,1C24TUV/00000325; 1C25TUV/00001852
1C24TUV,00000326,2,131714815,10537185,142252000,0,1C24TUV/00000326; 1C25TUV/00001808
1C24TUV,00000327,2,36957407,2956593,39914000,0,1C24TUV/00000327; 1C25TUV/00001853
1C24TUV,00000328,2,92740371,7419229,100159600,0,1C24TUV/00000328; 1C25TUV/00002567
1C24TUV,00000329,2,999074,79926,1079000,0,1C24TUV/00000329; 1C25TUV/00002568
1C24TUV,00000330,2,42739815,3419185,46159000,0,1C24TUV/00000330; 1C25TUV/00001854
1C24TUV,00000331,2,130233303,10418664,140651967,0,1C24TUV/00000331; 1C25TUV/00001855
1C24TUV,00000332,2,92703704,7416296,100120000,0,1C24TUV/00000332; 1C25TUV/00001856
1C24TUV,00000333,2,66176852,5294148,71471000,0,1C24TUV/00000333; 1C25TUV/00001857
1C24TUV,00000334,2,52836855,4226949,57063804,0,1C24TUV/00000334; 1C25TUV/00001858
1C24TUV,00000335,2,15417593,1233407,16651000,0,1C24TUV/00000335; 1C25TUV/00001859
1C24TUV,00000336,2,97115741,7769259,104885000,0,1C24TUV/00000336; 1C25TUV/00001809
1C24TUV,00000337,2,1547315,123785,1671100,0,1C24TUV/00000337; 1C25TUV/00002333
1C24TUV,00000338,2,102559259,8204741,110764000,0,1C24TUV/00000338; 1C25TUV/00002034
1C24TUV,00000339,2,76148148,6091852,82240000,0,1C24TUV/00000339; 1C25TUV/00002035
1C24TUV,00000340,2,97688889,7815111,105504000,0,1C24TUV/00000340; 1C25TUV/00002029
1C24TUV,00000341,2,1452778,116222,1569000,0,1C24TUV/00000341; 1C25TUV/00002334
1C24TUV,00000342,1,3240741,259259,3500000,0,1C24TUV/00000342
1C24TUV,00000343,2,1257407,100593,1358000,0,1C24TUV/00000343; 1C25TUV/00002036
1C24TUV,00000344,1,8453704,676296,9130000,0,1C24TUV/00000344
1C24TUV,00000345,1,1475926,118074,1594000,0,1C24TUV/00000345
1C24TUV,00000346,1,26566667,2125333,28692000,0,1C24TUV/00000346
1C24TUV,00000347,1,30994444,2479556,33474000,0,1C24TUV/00000347
1C24TUV,00000348,1,14759259,1180741,15940000,0,1C24TUV/00000348
1C24TUV,00000349,2,2573148,205852,2779000,0,1C24TUV/00000349; 1C25TUV/00002621
1C24TUV,00000350,2,51099074,4087926,55187000,0,1C24TUV/00000350; 1C25TUV/00002037
1C24TUV,00000351,2,60246296,4819704,65066000,0,1C24TUV/00000351; 1C25TUV/00002030
1C24TUV,00000352,2,11255802,900464,12156266,0,1C24TUV/00000352; 1C25TUV/00002335
1C24TUV,00000353,3,249884260,19990741,269875001,0,1C24TUV/00000353; 1C25TUV/00002031; 1C25TUV/00002569
1C24TUV,00000354,2,107561111,8604888,116165999,0,1C24TUV/00000354; 1C25TUV/00002038
1C24TUV,00000355,2,51849074,4147926,55997000,0,1C24TUV/00000355; 1C25TUV/00002039
1C24TUV,00000356,2,84423148,6753852,91177000,0,1C24TUV/00000356; 1C25TUV/00002032
1C24TUV,00000357,2,122255580,9780446,132036026,0,1C24TUV/00000357; 1C25TUV/00002033
1C24TUV,00000358,2,2799669,223974,3023643,0,1C24TUV/00000358; 1C25TUV/00002336
1C24TUV,00000359,1,4361111,348889,4710000,0,1C24TUV/00000359
1C24TUV,00000360,1,1971296,157704,2129000,0,1C24TUV/00000360
1C24TUV,00000361,2,56506481,4520519,61027000,0,1C24TUV/00000361; 1C25TUV/00002040
1C24TUV,00000362,2,118990398,9519232,128509630,0,1C24TUV/00000362; 1C25TUV/00002041
1C24TUV,00000363,2,55604630,4448370,60053000,0,1C24TUV/00000363; 1C25TUV/00002042
1C24TUV,00000364,2,78019444,6241556,84261000,0,1C24TUV/00000364; 1C25TUV/00002043
1C24TUV,00000365,2,247912037,19832962,267744999,0,1C24TUV/00000365; 1C25TUV/00002044
1C24TUV,00000366,1,169474371,13557950,183032321,0,1C24TUV/00000366
1C24TUV,00000367,2,116874074,9349926,126224000,0,1C24TUV/00000367; 1C25TUV/00002061
1C24TUV,00000368,2,91719444,7337555,99056999,0,1C24TUV/00000368; 1C25TUV/00002062
1C24TUV,00000369,2,92171296,7373704,99545000,0,1C24TUV/00000369; 1C25TUV/00002045
1C24TUV,00000370,2,0,0,0,0,1C24TUV/00000370; 1C25TUV/00002063
1C24TUV,00000371,2,453704,36296,490000,0,1C24TUV/00000371; 1C25TUV/00002337
1C24TUV,00000372,2,81509259,6520741,88030000,0,1C24TUV/00000372; 1C25TUV/00002046
1C24TUV,00000373,2,105804630,8464370,114269000,0,1C24TUV/00000373; 1C25TUV/00002064
1C24TUV,00000374,2,73844444,5907555,79751999,0,1C24TUV/00000374; 1C25TUV/00002047
1C24TUV,00000375,2,52391667,4191334,56583001,0,1C24TUV/00000375; 1C25TUV/00002048
1C24TUV,00000376,2,1406546,112524,1519070,0,1C24TUV/00000376; 1C25TUV/00002338
1C24TUV,00000377,2,63521296,5081704,68603000,0,1C24TUV/00000377; 1C25TUV/00002049
1C24TUV,00000378,1,2295370,183630,2479000,0,1C24TUV/00000378
1C24TUV,00000379,2,1702778,136222,1839000,0,1C24TUV/00000379; 1C25TUV/00002570
1C24TUV,00000380,2,1663333,133066,1796399,0,1C24TUV/00000380; 1C25TUV/00002622
1C24TUV,00000381,2,44907407,3592593,48500000,0,1C24TUV/00000381; 1C25TUV/00002050
1C24TUV,00000382,2,65005463,5200437,70205900,0,1C24TUV/00000382; 1C25TUV/00002051
1C24TUV,00000383,2,167016667,13361333,180378000,0,1C24TUV/00000383; 1C25TUV/00002052
1C24TUV,00000384,2,13565643,1085251,14650894,0,1C24TUV/00000384; 1C25TUV/00002339
1C24TUV,00000385,2,18614815,1489185,20104000,0,1C24TUV/00000385; 1C25TUV/00002053
1C24TUV,00000386,2,3406481,272518,3678999,0,1C24TUV/00000386; 1C25TUV/00002623
1C24TUV,00000387,1,72618000,5809440,78427440,0,1C24TUV/00000387
1C24TUV,00000388,2,62515741,5001259,67517000,0,1C24TUV/00000388; 1C25TUV/00002065
1C24TUV,00000389,2,219260185,17540814,236800999,0,1C24TUV/00000389; 1C25TUV/00002054
1C24TUV,00000390,2,164780556,13182444,177963000,0,1C24TUV/00000390; 1C25TUV/00002055
1C24TUV,00000391,2,6713587,537087,7250674,0,1C24TUV/00000391; 1C25TUV/00002340
1C24TUV,00000392,1,670185,53615,723800,0,1C24TUV/00000392
1C24TUV,00000393,1,8518519,681482,9200001,0,1C24TUV/00000393
1C24TUV,00000394,1,1342593,107407,1450000,0,1C24TUV/00000394
1C24TUV,00000395,1,4981482,398519,5380001,0,1C24TUV/00000395
1C24TUV,00000396,2,187927778,15034222,202962000,0,1C24TUV/00000396; 1C25TUV/00002066
1C24TUV,00000397,2,13453704,1076296,14530000,0,1C24TUV/00000397; 1C25TUV/00002056
1C24TUV,00000398,2,80714815,6457185,87172000,0,1C24TUV/00000398; 1C25TUV/00002067
1C24TUV,00000399,2,60062963,4805037,64868000,0,1C24TUV/00000399; 1C25TUV/00002068
1C24TUV,00000400,2,101924287,8153942,110078229,0,1C24TUV/00000400; 1C25TUV/00002069
1C24TUV,00000401,2,82532407,6602592,89134999,0,1C24TUV/00000401; 1C25TUV/00002070
1C24TUV,00000402,2,105600000,8448000,114048000,0,1C24TUV/00000402; 1C25TUV/00002071
1C24TUV,00000403,2,151028704,12082296,163111000,0,1C24TUV/00000403; 1C25TUV/00002072
1C24TUV,00000404,2,89996383,7199711,97196094,0,1C24TUV/00000404; 1C25TUV/00002073
1C24TUV,00000405,2,169062037,13524962,182586999,0,1C24TUV/00000405; 1C25TUV/00002074
1C24TUV,00000406,2,107117593,8569407,115687000,0,1C24TUV/00000406; 1C25TUV/00002057
1C24TUV,00000407,2,151854630,12148370,164003000,0,1C24TUV/00000407; 1C25TUV/00002075
1C24TUV,00000408,2,231016667,18481333,249498000,0,1C24TUV/00000408; 1C25TUV/00002076
1C24TUV,00000409,2,108213889,8657112,116871001,0,1C24TUV/00000409; 1C25TUV/00002077
1C24TUV,00000410,2,127737037,10218963,137956000,0,1C24TUV/00000410; 1C25TUV/00002078
1C24TUV,00000411,2,123368519,9869481,133238000,0,1C24TUV/00000411; 1C25TUV/00002079
1C24TUV,00000412,2,161815648,12945252,174760900,0,1C24TUV/00000412; 1C25TUV/00002080
1C24TUV,00000413,2,142391296,11391304,153782600,0,1C24TUV/00000413; 1C25TUV/00002081
1C24TUV,00000414,2,158288889,12663111,170952000,0,1C24TUV/00000414; 1C25TUV/00002082
1C24TUV,00000415,2,209376852,16750149,226127001,0,1C24TUV/00000415; 1C25TUV/00002083
1C24TUV,00000416,2,189926852,15194148,205121000,0,1C24TUV/00000416; 1C25TUV/00002084
1C24TUV,00000417,2,119830556,9586444,129417000,0,1C24TUV/00000417; 1C25TUV/00002085
1C24TUV,00000418,2,78259259,6260741,84520000,0,1C24TUV/00000418; 1C25TUV/00002086
1C24TUV,00000419,2,154678704,12374297,167053001,0,1C24TUV/00000419; 1C25TUV/00002087
1C24TUV,00000420,2,118070370,9445629,127515999,0,1C24TUV/00000420; 1C25TUV/00002088
1C24TUV,00000421,2,83503704,6680296,90184000,0,1C24TUV/00000421; 1C25TUV/00002089
1C24TUV,00000422,2,74519444,5961556,80481000,0,1C24TUV/00000422; 1C25TUV/00002058
1C24TUV,00000423,2,82459259,6596740,89055999,0,1C24TUV/00000423; 1C25TUV/00002090
1C24TUV,00000424,2,176458333,14116666,190574999,0,1C24TUV/00000424; 1C25TUV/00002091
1C24TUV,00000425,2,138581481,11086518,149667999,0,1C24TUV/00000425; 1C25TUV/00002092
1C24TUV,00000426,2,138857407,11108593,149966000,0,1C24TUV/00000426; 1C25TUV/00002093
1C24TUV,00000427,2,123454630,9876370,133331000,0,1C24TUV/00000427; 1C25TUV/00002094
1C24TUV,00000428,2,116540370,9323230,125863600,0,1C24TUV/00000428; 1C25TUV/00002095
1C24TUV,00000429,2,171132407,13690592,184822999,0,1C24TUV/00000429; 1C25TUV/00002059
1C24TUV,00000430,2,468106,37449,505555,0,1C24TUV/00000430; 1C25TUV/00002341
1C24TUV,00000431,2,2573148,205852,2779000,0,1C24TUV/00000431; 1C25TUV/00002571
1C24TUV,00000432,2,190134074,15210726,205344800,0,1C24TUV/00000432; 1C25TUV/00002096
1C24TUV,00000433,2,131287037,10502963,141790000,0,1C24TUV/00000433; 1C25TUV/00002097
1C24TUV,00000434,2,68765741,5501259,74267000,0,1C24TUV/00000434; 1C25TUV/00002098
1C24TUV,00000435,2,216110185,17288814,233398999,0,1C24TUV/00000435; 1C25TUV/00002099
1C24TUV,00000436,2,135201852,10816148,146018000,0,1C24TUV/00000436; 1C25TUV/00002100
1C24TUV,00000437,2,122969444,9837556,132807000,0,1C24TUV/00000437; 1C25TUV/00002101
1C24TUV,00000438,2,74529630,5962370,80492000,0,1C24TUV/00000438; 1C25TUV/00002113
1C24TUV,00000439,2,97511111,7800889,105312000,0,1C24TUV/00000439; 1C25TUV/00002114
1C24TUV,00000440,2,82280926,6582474,88863400,0,1C24TUV/00000440; 1C25TUV/00002115
1C24TUV,00000441,2,184338704,14747097,199085801,0,1C24TUV/00000441; 1C25TUV/00002116
1C24TUV,00000442,2,195611296,15648904,211260200,0,1C24TUV/00000442; 1C25TUV/00002624
1C24TUV,00000443,2,86292593,6903407,93196000,0,1C24TUV/00000443; 1C25TUV/00002102
1C24TUV,00000444,2,3438756,275101,3713857,0,1C24TUV/00000444; 1C25TUV/00002342
1C24TUV,00000445,2,43897222,3511778,47409000,0,1C24TUV/00000445; 1C25TUV/00002117
1C24TUV,00000446,2,143982778,11518622,155501400,0,1C24TUV/00000446; 1C25TUV/00002118
1C24TUV,00000447,2,157270556,12581645,169852201,0,1C24TUV/00000447; 1C25TUV/00002119
1C24TUV,00000448,2,96828704,7746296,104575000,0,1C24TUV/00000448; 1C25TUV/00002103
1C24TUV,00000449,2,139553704,11164296,150718000,0,1C24TUV/00000449; 1C25TUV/00002104
1C24TUV,00000450,2,962037,76963,1039000,0,1C24TUV/00000450; 1C25TUV/00002572
1C24TUV,00000451,2,2258333,180666,2438999,0,1C24TUV/00000451; 1C25TUV/00002573
1C24TUV,00000452,1,521111,41689,562800,0,1C24TUV/00000452
1C24TUV,00000453,1,1018519,81482,1100001,0,1C24TUV/00000453
1C24TUV,00000454,1,184259,14741,199000,0,1C24TUV/00000454
1C24TUV,00000455,2,89838889,7187111,97026000,0,1C24TUV/00000455; 1C25TUV/00002105
1C24TUV,00000456,2,1526111,122088,1648199,0,1C24TUV/00000456; 1C25TUV/00002343
1C24TUV,00000457,2,2047407,163793,2211200,0,1C24TUV/00000457; 1C25TUV/00002556
1C24TUV,00000458,1,27546296,2203704,29750000,0,1C24TUV/00000458
1C24TUV,00000459,2,1239815,99186,1339001,0,1C24TUV/00000459; 1C25TUV/00002574
1C24TUV,00000460,2,1702778,136222,1839000,0,1C24TUV/00000460; 1C25TUV/00002625
1C24TUV,00000461,2,962037,76963,1039000,0,1C24TUV/00000461; 1C25TUV/00002626
1C24TUV,00000462,2,83044444,6643556,89688000,0,1C24TUV/00000462; 1C25TUV/00002106
1C24TUV,00000463,2,2573148,205852,2779000,0,1C24TUV/00000463; 1C25TUV/00002575
1C24TUV,00000464,2,2573148,205852,2779000,0,1C24TUV/00000464; 1C25TUV/00002576
1C24TUV,00000465,2,281093519,22487481,303581000,0,1C24TUV/00000465; 1C25TUV/00002107
1C24TUV,00000466,2,9676249,774099,10450348,0,1C24TUV/00000466; 1C25TUV/00002344
1C24TUV,00000467,2,0,0,0,0,1C24TUV/00000467; 1C25TUV/00002120
1C24TUV,00000468,2,124937037,9994963,134932000,0,1C24TUV/00000468; 1C25TUV/00002108
1C24TUV,00000469,2,406481,32519,439000,0,1C24TUV/00000469; 1C25TUV/00002577
1C24TUV,00000470,1,1148074,91846,1239920,0,1C24TUV/00000470
1C24TUV,00000471,2,925000,74000,999000,0,1C24TUV/00000471; 1C25TUV/00002627
1C24TUV,00000472,2,152961111,12236889,165198000,0,1C24TUV/00000472; 1C25TUV/00002121
1C24TUV,00000473,2,114847222,9187778,124035000,0,1C24TUV/00000473; 1C25TUV/00002122
1C24TUV,00000474,2,33018519,2641481,35660000,0,1C24TUV/00000474; 1C25TUV/00002109
1C24TUV,00000475,2,189334259,15146741,204481000,0,1C24TUV/00000475; 1C25TUV/00002110
1C24TUV,00000476,2,141880556,11350445,153231001,0,1C24TUV/00000476; 1C25TUV/00002111
1C24TUV,00000477,2,7161008,572880,7733888,0,1C24TUV/00000477; 1C25TUV/00002345
1C24TUV,00000478,2,2573148,205852,2779000,0,1C24TUV/00000478; 1C25TUV/00002578
1C24TUV,00000479,2,3869444,309556,4179000,0,1C24TUV/00000479; 1C25TUV/00002579
1C24TUV,00000480,2,113160780,9052863,122213643,0,1C24TUV/00000480; 1C25TUV/00002123
1C24TUV,00000481,2,86855224,6948418,93803642,0,1C24TUV/00000481; 1C25TUV/00002124
1C24TUV,00000482,2,157465341,12597228,170062569,0,1C24TUV/00000482; 1C25TUV/00002125
1C24TUV,00000483,2,8200926,656074,8857000,0,1C24TUV/00000483; 1C25TUV/00002126
1C24TUV,00000484,2,162884259,13030740,175914999,0,1C24TUV/00000484; 1C25TUV/00002127
1C24TUV,00000485,2,45500000,3640000,49140000,0,1C24TUV/00000485; 1C25TUV/00002128
1C24TUV,00000486,2,140248519,11219881,151468400,0,1C24TUV/00000486; 1C25TUV/00002129
1C24TUV,00000487,2,116402963,9312237,125715200,0,1C24TUV/00000487; 1C25TUV/00002130
1C24TUV,00000488,2,82473333,6597867,89071200,0,1C24TUV/00000488; 1C25TUV/00002131
1C24TUV,00000489,2,175437222,14034977,189472199,0,1C24TUV/00000489; 1C25TUV/00002132
1C24TUV,00000490,2,197240185,15779215,213019400,0,1C24TUV/00000490; 1C25TUV/00002133
1C24TUV,00000491,2,157233333,12578667,169812000,0,1C24TUV/00000491; 1C25TUV/00002134
1C24TUV,00000492,2,164003148,13120252,177123400,0,1C24TUV/00000492; 1C25TUV/00002135
1C24TUV,00000493,2,186301296,14904104,201205400,0,1C24TUV/00000493; 1C25TUV/00002136
1C24TUV,00000494,2,130275370,10422029,140697399,0,1C24TUV/00000494; 1C25TUV/00002137
1C24TUV,00000495,2,134464074,10757126,145221200,0,1C24TUV/00000495; 1C25TUV/00002138
1C24TUV,00000496,2,21330556,1706444,23037000,0,1C24TUV/00000496; 1C25TUV/00002112
1C24TUV,00000497,2,190209259,15216741,205426000,0,1C24TUV/00000497; 1C25TUV/00002139
1C24TUV,00000498,2,215558148,17244652,232802800,0,1C24TUV/00000498; 1C25TUV/00002140
1C24TUV,00000499,2,3508056,280645,3788701,0,1C24TUV/00000499; 1C25TUV/00002346
1C24TUV,00000500,2,98767222,7901378,106668600,0,1C24TUV/00000500; 1C25TUV/00002151
1C24TUV,00000501,2,184259,14741,199000,0,1C24TUV/00000501; 1C25TUV/00002580
1C24TUV,00000502,2,234009815,18720786,252730601,0,1C24TUV/00000502; 1C25TUV/00002152
1C24TUV,00000503,2,111581481,8926518,120507999,0,1C24TUV/00000503; 1C25TUV/00002141
1C24TUV,00000504,2,26675185,2134015,28809200,0,1C24TUV/00000504; 1C25TUV/00002153
1C24TUV,00000505,2,229170000,18333600,247503600,0,1C24TUV/00000505; 1C25TUV/00002154
1C24TUV,00000506,2,143004259,11440340,154444599,0,1C24TUV/00000506; 1C25TUV/00002155
1C24TUV,00000507,2,198560926,15884874,214445800,0,1C24TUV/00000507; 1C25TUV/00002156
1C24TUV,00000508,2,194637963,15571037,210209000,0,1C24TUV/00000508; 1C25TUV/00002142
1C24TUV,00000509,2,425000,34000,459000,0,1C24TUV/00000509; 1C25TUV/00002581
1C24TUV,00000510,2,2573148,205852,2779000,0,1C24TUV/00000510; 1C25TUV/00002582
1C24TUV,00000511,1,14444444,1155556,15600000,0,1C24TUV/00000511
1C24TUV,00000512,2,0,0,0,0,1C24TUV/00000512; 1C25TUV/00002157
1C24TUV,00000513,2,52981481,4238518,57219999,0,1C24TUV/00000513; 1C25TUV/00002143
1C24TUV,00000514,1,7738889,619111,8358000,0,1C24TUV/00000514
1C24TUV,00000515,2,2665741,213259,2879000,0,1C24TUV/00000515; 1C25TUV/00002583
1C24TUV,00000516,2,2573148,205852,2779000,0,1C24TUV/00000516; 1C25TUV/00002628
1C24TUV,00000517,1,1702778,136222,1839000,0,1C24TUV/00000517
1C24TUV,00000518,2,962037,76963,1039000,0,1C24TUV/00000518; 1C25TUV/00002584
1C24TUV,00000519,2,109700093,8776008,118476101,0,1C24TUV/00000519; 1C25TUV/00002585
1C24TUV,00000520,2,257471296,20597703,278068999,0,1C24TUV/00000520; 1C25TUV/00002144
1C24TUV,00000521,2,0,0,0,0,1C24TUV/00000521; 1C25TUV/00002158
1C24TUV,00000522,2,3739400,299152,4038552,0,1C24TUV/00000522; 1C25TUV/00002557
1C24TUV,00000523,2,1702778,136222,1839000,0,1C24TUV/00000523; 1C25TUV/00002586
1C24TUV,00000524,2,2515185,201215,2716400,0,1C24TUV/00000524; 1C25TUV/00002629
1C24TUV,00000525,2,1238889,99111,1338000,0,1C24TUV/00000525; 1C25TUV/00002159
1C24TUV,00000526,2,1702778,136222,1839000,0,1C24TUV/00000526; 1C25TUV/00002630
1C24TUV,00000527,1,19968750,1597500,21566250,0,1C24TUV/00000527
1C24TUV,00000528,1,12862036,1028963,13890999,0,1C24TUV/00000528
1C24TUV,00000529,1,8230555,658444,8888999,0,1C24TUV/00000529
1C24TUV,00000530,2,962037,76963,1039000,0,1C24TUV/00000530; 1C25TUV/00002631
1C24TUV,00000531,2,1702778,136222,1839000,0,1C24TUV/00000531; 1C25TUV/00002587
1C24TUV,00000532,2,165199074,13215926,178415000,0,1C24TUV/00000532; 1C25TUV/00002160
1C24TUV,00000533,2,2452059,196165,2648224,0,1C24TUV/00000533; 1C25TUV/00002347
1C24TUV,00000534,2,2202778,176222,2379000,0,1C24TUV/00000534; 1C25TUV/00002642
1C24TUV,00000535,2,219470370,17557629,237027099,0,1C24TUV/00000535; 1C25TUV/00002145
1C24TUV,00000536,2,148938889,11915111,160854000,0,1C24TUV/00000536; 1C25TUV/00002146
1C24TUV,00000537,2,78609259,6288741,84898000,0,1C24TUV/00000537; 1C25TUV/00002147
1C24TUV,00000538,2,1739815,139185,1879000,0,1C24TUV/00000538; 1C25TUV/00002588
1C24TUV,00000539,2,2573148,205852,2779000,0,1C24TUV/00000539; 1C25TUV/00002633
1C24TUV,00000540,1,443519,35482,479001,0,1C24TUV/00000540
1C24TUV,00000541,2,803704,64297,868001,0,1C24TUV/00000541; 1C25TUV/00002634
1C24TUV,00000542,1,4035185,322815,4358000,0,1C24TUV/00000542
1C24TUV,00000543,2,92223148,7377852,99601000,0,1C24TUV/00000543; 1C25TUV/00002161
1C24TUV,00000544,3,98394444,7871556,106266000,0,1C24TUV/00000544; 1C25TUV/00002162; 1C25TUV/00002163
1C24TUV,00000545,2,89307037,7144563,96451600,0,1C24TUV/00000545; 1C25TUV/00002164
1C24TUV,00000546,2,11084259,886741,11971000,0,1C24TUV/00000546; 1C25TUV/00002148
1C24TUV,00000547,2,142388528,11391082,153779610,0,1C24TUV/00000547; 1C25TUV/00002165
1C24TUV,00000548,2,172554269,13804342,186358611,0,1C24TUV/00000548; 1C25TUV/00002166
1C24TUV,00000549,2,162117963,12969437,175087400,0,1C24TUV/00000549; 1C25TUV/00002167
1C24TUV,00000550,2,150933333,12074666,163007999,0,1C24TUV/00000550; 1C25TUV/00002149
1C24TUV,00000551,2,107327963,8586237,115914200,0,1C24TUV/00000551; 1C25TUV/00002150
1C24TUV,00000552,2,6063835,485107,6548942,0,1C24TUV/00000552; 1C25TUV/00002348
1C24TUV,00000553,1,3544444,283556,3828000,0,1C24TUV/00000553
1C24TUV,00000554,1,1018518,81481,1099999,0,1C24TUV/00000554
1C24TUV,00000555,2,4330556,346445,4677001,0,1C24TUV/00000555; 1C25TUV/00002632
1C24TUV,00000556,2,2377417,190193,2567610,0,1C24TUV/00000556; 1C25TUV/00002168
1C24TUV,00000557,2,3692207,295376,3987583,0,1C24TUV/00000557; 1C25TUV/00002349
1C24TUV,00000558,2,77279259,6182341,83461600,0,1C24TUV/00000558; 1C25TUV/00002184
1C24TUV,00000559,2,148264074,11861126,160125200,0,1C24TUV/00000559; 1C25TUV/00002185
1C24TUV,00000560,2,169408889,13552712,182961601,0,1C24TUV/00000560; 1C25TUV/00002186
1C24TUV,00000561,2,104233704,8338696,112572400,0,1C24TUV/00000561; 1C25TUV/00002187
1C24TUV,00000562,2,142154722,11372378,153527100,0,1C24TUV/00000562; 1C25TUV/00002170
1C24TUV,00000563,2,5443519,435482,5879001,0,1C24TUV/00000563; 1C25TUV/00002171
1C24TUV,00000564,2,4054630,324371,4379001,0,1C24TUV/00000564; 1C25TUV/00002172
1C24TUV,00000565,2,143475370,11478030,154953400,0,1C24TUV/00000565; 1C25TUV/00002173
1C24TUV,00000566,2,3869444,309556,4179000,0,1C24TUV/00000566; 1C25TUV/00002174
1C24TUV,00000567,2,962037,76963,1039000,0,1C24TUV/00000567; 1C25TUV/00002635
1C24TUV,00000568,2,1884630,150770,2035400,0,1C24TUV/00000568; 1C25TUV/00002636
1C24TUV,00000569,1,2728704,218296,2947000,0,1C24TUV/00000569
1C24TUV,00000570,1,972222,77778,1050000,0,1C24TUV/00000570
1C24TUV,00000571,2,1924074,153926,2078000,0,1C24TUV/00000571; 1C25TUV/00002637
1C24TUV,00000572,1,870370,69630,940000,0,1C24TUV/00000572
1C24TUV,00000573,2,462963,37037,500000,0,1C24TUV/00000573; 1C25TUV/00002188
1C24TUV,00000574,2,1702778,136222,1839000,1,1C24TUV/00000574; 1C25TUV/00002189
1C24TUV,00000575,2,0,0,0,0,1C24TUV/00000575; 1C25TUV/00002190
1C24TUV,00000576,2,79201852,6336149,85538001,0,1C24TUV/00000576; 1C25TUV/00002175
1C24TUV,00000577,2,2278148,182252,2460400,0,1C24TUV/00000577; 1C25TUV/00002350
1C24TUV,00000578,2,142423148,11393852,153817000,0,1C24TUV/00000578; 1C25TUV/00002176
1C24TUV,00000579,2,2387963,191037,2579000,0,1C24TUV/00000579; 1C25TUV/00002589
1C24TUV,00000580,2,39799074,3183926,42983000,0,1C24TUV/00000580; 1C25TUV/00002177
1C24TUV,00000581,2,27461111,2196889,29658000,0,1C24TUV/00000581; 1C25TUV/00002191
1C24TUV,00000582,2,10935450,874836,11810286,0,1C24TUV/00000582; 1C25TUV/00002351
1C24TUV,00000583,2,296343472,23707478,320050950,0,1C24TUV/00000583; 1C25TUV/00002590
1C24TUV,00000584,2,82274074,6581926,88856000,0,1C24TUV/00000584; 1C25TUV/00002178
1C24TUV,00000585,1,10694444,855556,11550000,0,1C24TUV/00000585
1C24TUV,00000586,1,6627778,530222,7158000,0,1C24TUV/00000586
1C24TUV,00000587,2,462963,37037,500000,0,1C24TUV/00000587; 1C25TUV/00002192
1C24TUV,00000588,2,462963,37037,500000,0,1C24TUV/00000588; 1C25TUV/00002193
1C24TUV,00000589,1,1296296,103704,1400000,0,1C24TUV/00000589
1C24TUV,00000590,1,46296,3704,50000,0,1C24TUV/00000590
1C24TUV,00000591,1,2979630,238370,3218000,0,1C24TUV/00000591
1C24TUV,00000592,1,509259,40741,550000,0,1C24TUV/00000592
1C24TUV,00000593,1,1147222,91778,1239000,0,1C24TUV/00000593
1C24TUV,00000594,1,509259,40741,550000,0,1C24TUV/00000594
1C24TUV,00000595,1,509259,40741,550000,0,1C24TUV/00000595
1C24TUV,00000596,2,1663333,133067,1796400,0,1C24TUV/00000596; 1C25TUV/00002194
1C24TUV,00000597,2,462963,37037,500000,0,1C24TUV/00000597; 1C25TUV/00002195
1C24TUV,00000598,1,1982222,158578,2140800,0,1C24TUV/00000598
1C24TUV,00000599,2,1276852,102149,1379001,0,1C24TUV/00000599; 1C25TUV/00002196
1C24TUV,00000600,2,68175000,5454000,73629000,0,1C24TUV/00000600; 1C25TUV/00002197
1C24TUV,00000601,2,176508333,14120667,190629000,0,1C24TUV/00000601; 1C25TUV/00002198
1C24TUV,00000602,2,227496564,18199725,245696289,0,1C24TUV/00000602; 1C25TUV/00002199
1C24TUV,00000603,2,4054630,324371,4379001,0,1C24TUV/00000603; 1C25TUV/00002179
1C24TUV,00000604,2,1276852,102148,1379000,0,1C24TUV/00000604; 1C25TUV/00002180
1C24TUV,00000605,2,169549074,13563926,183113000,0,1C24TUV/00000605; 1C25TUV/00002181
1C24TUV,00000606,2,2820556,225644,3046200,0,1C24TUV/00000606; 1C25TUV/00002352
1C24TUV,00000607,2,118928704,9514296,128443000,0,1C24TUV/00000607; 1C25TUV/00002182
1C24TUV,00000608,2,0,0,0,0,1C24TUV/00000608; 1C25TUV/00002200
1C24TUV,00000609,2,2526852,202148,2729000,0,1C24TUV/00000609; 1C25TUV/00002638
1C24TUV,00000610,1,509259,40741,550000,0,1C24TUV/00000610
1C24TUV,00000611,1,509259,40741,550000,0,1C24TUV/00000611
1C24TUV,00000612,1,509259,40741,550000,0,1C24TUV/00000612
1C24TUV,00000613,1,1566556,125324,1691880,0,1C24TUV/00000613
1C24TUV,00000614,1,46296,3704,50000,0,1C24TUV/00000614
1C24TUV,00000615,2,462037,36963,499000,0,1C24TUV/00000615; 1C25TUV/00002201
1C24TUV,00000616,2,1276852,102148,1379000,0,1C24TUV/00000616; 1C25TUV/00002202
1C24TUV,00000617,2,462037,36963,499000,0,1C24TUV/00000617; 1C25TUV/00002203
1C24TUV,00000618,2,5564412,445153,6009565,0,1C24TUV/00000618; 1C25TUV/00002353
1C24TUV,00000619,2,133383704,10670697,144054401,0,1C24TUV/00000619; 1C25TUV/00002204
1C24TUV,00000620,2,87917222,7033377,94950599,0,1C24TUV/00000620; 1C25TUV/00002205
1C24TUV,00000621,2,159872407,12789793,172662200,0,1C24TUV/00000621; 1C25TUV/00002206
1C24TUV,00000622,2,153917593,12313407,166231000,0,1C24TUV/00000622; 1C25TUV/00002207
1C24TUV,00000623,2,189027407,15122193,204149600,0,1C24TUV/00000623; 1C25TUV/00002208
1C24TUV,00000624,2,160452602,12836208,173288810,0,1C24TUV/00000624; 1C25TUV/00002209
1C24TUV,00000625,2,92042972,7363437,99406409,0,1C24TUV/00000625; 1C25TUV/00002210
1C24TUV,00000626,2,110727407,8858193,119585600,0,1C24TUV/00000626; 1C25TUV/00002211
1C24TUV,00000627,2,74071296,5925704,79997000,0,1C24TUV/00000627; 1C25TUV/00002212
1C24TUV,00000628,2,200510185,16040815,216551000,0,1C24TUV/00000628; 1C25TUV/00002183
1C24TUV,00000629,2,202017963,16161437,218179400,0,1C24TUV/00000629; 1C25TUV/00002213
1C24TUV,00000630,2,115190963,9215277,124406240,0,1C24TUV/00000630; 1C25TUV/00002214
1C24TUV,00000631,2,97965991,7837280,105803271,0,1C24TUV/00000631; 1C25TUV/00002215
1C24TUV,00000632,2,85560231,6844818,92405049,0,1C24TUV/00000632; 1C25TUV/00002216
1C24TUV,00000633,2,139762685,11181015,150943700,0,1C24TUV/00000633; 1C25TUV/00002217
1C24TUV,00000634,2,1702778,136222,1839000,0,1C24TUV/00000634; 1C25TUV/00002591
1C24TUV,00000635,2,105833712,8466697,114300409,0,1C24TUV/00000635; 1C25TUV/00002236
1C24TUV,00000636,2,134455970,10756477,145212447,0,1C24TUV/00000636; 1C25TUV/00002237
1C24TUV,00000637,2,184575690,14766056,199341746,0,1C24TUV/00000637; 1C25TUV/00002238
1C24TUV,00000638,2,151928851,12154308,164083159,0,1C24TUV/00000638; 1C25TUV/00002239
1C24TUV,00000639,2,160078704,12806296,172885000,0,1C24TUV/00000639; 1C25TUV/00002218
1C24TUV,00000640,2,208342535,16667403,225009938,0,1C24TUV/00000640; 1C25TUV/00002240
1C24TUV,00000641,2,4922194,393775,5315969,0,1C24TUV/00000641; 1C25TUV/00002354
1C24TUV,00000642,2,2573148,205851,2778999,0,1C24TUV/00000642; 1C25TUV/00002592
1C24TUV,00000643,2,51347222,4107778,55455000,0,1C24TUV/00000643; 1C25TUV/00002593
1C24TUV,00000644,1,1083333,86667,1170000,0,1C24TUV/00000644
1C24TUV,00000645,1,3703704,296296,4000000,0,1C24TUV/00000645
1C24TUV,00000646,1,1330556,106444,1437000,0,1C24TUV/00000646
1C24TUV,00000647,1,432870,34630,467500,0,1C24TUV/00000647
1C24TUV,00000648,2,462037,36963,499000,0,1C24TUV/00000648; 1C25TUV/00002241
1C24TUV,00000649,1,4054630,324370,4379000,0,1C24TUV/00000649
1C24TUV,00000650,1,25555556,2044444,27600000,0,1C24TUV/00000650
1C24TUV,00000651,1,2573148,205852,2779000,0,1C24TUV/00000651
1C24TUV,00000652,2,1249548,99963,1349511,0,1C24TUV/00000652; 1C25TUV/00002355
1C24TUV,00000653,2,0,0,0,0,1C24TUV/00000653; 1C25TUV/00002242
1C24TUV,00000654,2,130863889,10469111,141333000,0,1C24TUV/00000654; 1C25TUV/00002594
1C24TUV,00000655,2,5397870,431830,5829700,0,1C24TUV/00000655; 1C25TUV/00002356
1C24TUV,00000656,2,962036,76963,1038999,0,1C24TUV/00000656; 1C25TUV/00002243
1C24TUV,00000657,1,138889,11111,150000,0,1C24TUV/00000657
1C24TUV,00000658,1,138889,11111,150000,0,1C24TUV/00000658
1C24TUV,00000659,2,2813888,225111,3038999,0,1C24TUV/00000659; 1C25TUV/00002639
1C24TUV,00000660,2,2573148,205852,2779000,0,1C24TUV/00000660; 1C25TUV/00002219
1C24TUV,00000661,2,2573148,205852,2779000,0,1C24TUV/00000661; 1C25TUV/00002220
1C24TUV,00000662,2,21598148,1727852,23326000,0,1C24TUV/00000662; 1C25TUV/00002221
1C24TUV,00000663,2,1702778,136222,1839000,0,1C24TUV/00000663; 1C25TUV/00002222
1C24TUV,00000664,2,146056481,11684518,157740999,0,1C24TUV/00000664; 1C25TUV/00002223
1C24TUV,00000665,2,1739815,139185,1879000,0,1C24TUV/00000665; 1C25TUV/00002224
1C24TUV,00000666,2,1702778,136222,1839000,0,1C24TUV/00000666; 1C25TUV/00002225
1C24TUV,00000667,2,85403704,6832296,92236000,0,1C24TUV/00000667; 1C25TUV/00002226
1C24TUV,00000668,2,962037,76963,1039000,0,1C24TUV/00000668; 1C25TUV/00002595
1C24TUV,00000669,2,0,0,0,0,1C24TUV/00000669; 1C25TUV/00002244
1C24TUV,00000670,2,6208035,496643,6704678,0,1C24TUV/00000670; 1C25TUV/00002357
1C24TUV,00000671,1,0,0,0,1,1C24TUV/00000671
1C24TUV,00000672,2,925000,74000,999000,0,1C24TUV/00000672; 1C25TUV/00002245
1C24TUV,00000673,2,1702778,136222,1839000,0,1C24TUV/00000673; 1C25TUV/00002246
1C24TUV,00000674,1,1018519,81482,1100001,0,1C24TUV/00000674
1C24TUV,00000675,1,138889,11111,150000,0,1C24TUV/00000675
1C24TUV,00000676,1,5757407,460593,6218000,0,1C24TUV/00000676
1C24TUV,00000677,1,509259,40741,550000,0,1C24TUV/00000677
1C24TUV,00000678,1,5146296,411704,5558000,0,1C24TUV/00000678
1C24TUV,00000679,1,138889,11111,150000,0,1C24TUV/00000679
1C24TUV,00000680,1,3684259,294741,3979000,0,1C24TUV/00000680
1C24TUV,00000681,1,3333333,266667,3600000,0,1C24TUV/00000681
1C24TUV,00000682,1,823148,65852,889000,0,1C24TUV/00000682
1C24TUV,00000683,2,125148148,10011852,135160000,0,1C24TUV/00000683; 1C25TUV/00002227
1C24TUV,00000684,1,1545370,123630,1669000,0,1C24TUV/00000684
1C24TUV,00000685,2,13896688,1111735,15008423,0,1C24TUV/00000685; 1C25TUV/00002558
1C24TUV,00000686,1,1376292,110103,1486395,0,1C24TUV/00000686
1C24TUV,00000687,2,29264815,2341185,31606000,0,1C24TUV/00000687; 1C25TUV/00002247
1C24TUV,00000688,2,180895222,14471618,195366840,0,1C24TUV/00000688; 1C25TUV/00002248
1C24TUV,00000689,2,41290009,3303201,44593210,0,1C24TUV/00000689; 1C25TUV/00002249
1C24TUV,00000690,2,60510185,4840815,65351000,0,1C24TUV/00000690; 1C25TUV/00002250
1C24TUV,00000691,2,127377407,10190193,137567600,0,1C24TUV/00000691; 1C25TUV/00002251
1C24TUV,00000692,2,192247037,15379763,207626800,0,1C24TUV/00000692; 1C25TUV/00002252
1C24TUV,00000693,2,192693741,15415500,208109241,0,1C24TUV/00000693; 1C25TUV/00002253
1C24TUV,00000694,2,135820370,10865630,146686000,0,1C24TUV/00000694; 1C25TUV/00002254
1C24TUV,00000695,2,60518889,4841511,65360400,0,1C24TUV/00000695; 1C25TUV/00002255
1C24TUV,00000696,1,1149167,91933,1241100,0,1C24TUV/00000696
1C24TUV,00000697,2,69328704,5546296,74875000,0,1C24TUV/00000697; 1C25TUV/00002256
1C24TUV,00000698,2,962037,76963,1039000,0,1C24TUV/00000698; 1C25TUV/00002596
1C24TUV,00000699,2,94275926,7542074,101818000,0,1C24TUV/00000699; 1C25TUV/00002257
1C24TUV,00000700,2,79193517,6335481,85528998,0,1C24TUV/00000700; 1C25TUV/00002258
1C24TUV,00000701,2,112061111,8964889,121026000,0,1C24TUV/00000701; 1C25TUV/00002259
1C24TUV,00000702,2,50687963,4055037,54743000,0,1C24TUV/00000702; 1C25TUV/00002228
1C24TUV,00000703,2,89317824,7145426,96463250,0,1C24TUV/00000703; 1C25TUV/00002260
1C24TUV,00000704,2,110759684,8860775,119620459,0,1C24TUV/00000704; 1C25TUV/00002261
1C24TUV,00000705,2,86001703,6880136,92881839,0,1C24TUV/00000705; 1C25TUV/00002262
1C24TUV,00000706,2,168179833,13454387,181634220,0,1C24TUV/00000706; 1C25TUV/00002263
1C24TUV,00000707,2,117766324,9421306,127187630,0,1C24TUV/00000707; 1C25TUV/00002264
1C24TUV,00000708,2,141652870,11332229,152985099,0,1C24TUV/00000708; 1C25TUV/00002265
1C24TUV,00000709,2,119121870,9529750,128651620,0,1C24TUV/00000709; 1C25TUV/00002266
1C24TUV,00000710,2,69941667,5595334,75537001,0,1C24TUV/00000710; 1C25TUV/00002267
1C24TUV,00000711,2,92985926,7438874,100424800,0,1C24TUV/00000711; 1C25TUV/00002268
1C24TUV,00000712,2,75458148,6036652,81494800,0,1C24TUV/00000712; 1C25TUV/00002269
1C24TUV,00000713,2,60504767,4840382,65345149,0,1C24TUV/00000713; 1C25TUV/00002270
1C24TUV,00000714,2,195551684,15644135,211195819,0,1C24TUV/00000714; 1C25TUV/00002271
1C24TUV,00000715,2,120944138,9675531,130619669,0,1C24TUV/00000715; 1C25TUV/00002272
1C24TUV,00000716,2,168242315,13459385,181701700,0,1C24TUV/00000716; 1C25TUV/00002273
1C24TUV,00000717,2,96009759,7680781,103690540,0,1C24TUV/00000717; 1C25TUV/00002274
1C24TUV,00000718,2,962037,76963,1039000,0,1C24TUV/00000718; 1C25TUV/00002597
1C24TUV,00000719,2,7095370,567630,7663000,0,1C24TUV/00000719; 1C25TUV/00002275
1C24TUV,00000720,2,147833244,11826659,159659903,0,1C24TUV/00000720; 1C25TUV/00002276
1C24TUV,00000721,2,97033282,7762663,104795945,0,1C24TUV/00000721; 1C25TUV/00002277
1C24TUV,00000722,2,87597903,7007832,94605735,0,1C24TUV/00000722; 1C25TUV/00002278
1C24TUV,00000723,2,89467870,7157430,96625300,0,1C24TUV/00000723; 1C25TUV/00002279
1C24TUV,00000724,2,82435667,6594854,89030521,0,1C24TUV/00000724; 1C25TUV/00002280
1C24TUV,00000725,2,95184097,7614728,102798825,0,1C24TUV/00000725; 1C25TUV/00002640
1C24TUV,00000726,2,65469944,5237596,70707540,0,1C24TUV/00000726; 1C25TUV/00002281
1C24TUV,00000727,2,105885192,8470815,114356007,0,1C24TUV/00000727; 1C25TUV/00002282
1C24TUV,00000728,2,88386388,7070911,95457299,0,1C24TUV/00000728; 1C25TUV/00002283
1C24TUV,00000729,2,105932822,8474626,114407448,0,1C24TUV/00000729; 1C25TUV/00002284
1C24TUV,00000730,2,962037,76963,1039000,0,1C24TUV/00000730; 1C25TUV/00002285
1C24TUV,00000731,2,182167593,14573407,196741000,0,1C24TUV/00000731; 1C25TUV/00002229
1C24TUV,00000732,2,2573148,205852,2779000,0,1C24TUV/00000732; 1C25TUV/00002230
1C24TUV,00000733,2,0,0,0,0,1C24TUV/00000733; 1C25TUV/00002286
1C24TUV,00000734,2,27103783,2168303,29272086,0,1C24TUV/00000734; 1C25TUV/00002288
1C24TUV,00000735,2,56994609,4559569,61554178,0,1C24TUV/00000735; 1C25TUV/00002289
1C24TUV,00000736,2,70018963,5601517,75620480,0,1C24TUV/00000736; 1C25TUV/00002290
1C24TUV,00000737,2,79540815,6363266,85904081,0,1C24TUV/00000737; 1C25TUV/00002291
1C24TUV,00000738,2,68946841,5515747,74462588,0,1C24TUV/00000738; 1C25TUV/00002292
1C24TUV,00000739,2,59807404,4784593,64591997,0,1C24TUV/00000739; 1C25TUV/00002293
1C24TUV,00000740,2,12087963,967037,13055000,0,1C24TUV/00000740; 1C25TUV/00002231
1C24TUV,00000741,2,6561250,524900,7086150,0,1C24TUV/00000741; 1C25TUV/00002358
1C24TUV,00000742,1,138889,11111,150000,0,1C24TUV/00000742
1C24TUV,00000743,1,509259,40741,550000,0,1C24TUV/00000743
1C24TUV,00000744,1,0,0,0,1,1C24TUV/00000744
1C24TUV,00000745,2,462962,37037,499999,0,1C24TUV/00000745; 1C25TUV/00002294
1C24TUV,00000746,2,157173663,12573893,169747556,0,1C24TUV/00000746; 1C25TUV/00002295
1C24TUV,00000747,2,147083971,11766718,158850689,0,1C24TUV/00000747; 1C25TUV/00002296
1C24TUV,00000748,2,131813619,10545090,142358709,0,1C24TUV/00000748; 1C25TUV/00002297
1C24TUV,00000749,2,125370198,10029616,135399814,0,1C24TUV/00000749; 1C25TUV/00002298
1C24TUV,00000750,2,120547887,9643831,130191718,0,1C24TUV/00000750; 1C25TUV/00002299
1C24TUV,00000751,2,46704147,3736331,50440478,0,1C24TUV/00000751; 1C25TUV/00002300
1C24TUV,00000752,2,60215953,4817276,65033229,0,1C24TUV/00000752; 1C25TUV/00002301
1C24TUV,00000753,2,21000227,1680018,22680245,0,1C24TUV/00000753; 1C25TUV/00002302
1C24TUV,00000754,2,31216660,2497333,33713993,0,1C24TUV/00000754; 1C25TUV/00002303
1C24TUV,00000755,2,74439115,5955129,80394244,0,1C24TUV/00000755; 1C25TUV/00002304
1C24TUV,00000756,2,66410460,5312837,71723297,0,1C24TUV/00000756; 1C25TUV/00002305
1C24TUV,00000757,2,76478528,6118282,82596810,0,1C24TUV/00000757; 1C25TUV/00002306
1C24TUV,00000758,2,87128246,6970259,94098505,0,1C24TUV/00000758; 1C25TUV/00002307
1C24TUV,00000759,2,54593887,4367511,58961398,0,1C24TUV/00000759; 1C25TUV/00002308
1C24TUV,00000760,2,0,0,0,0,1C24TUV/00000760; 1C25TUV/00002309
1C24TUV,00000761,2,1774074,141926,1916000,0,1C24TUV/00000761; 1C25TUV/00002232
1C24TUV,00000762,2,39333333,3146667,42480000,0,1C24TUV/00000762; 1C25TUV/00002233
1C24TUV,00000763,2,397315,31786,429101,0,1C24TUV/00000763; 1C25TUV/00002359
1C24TUV,00000764,2,77230556,6178445,83409001,0,1C24TUV/00000764; 1C25TUV/00002234
1C24TUV,00000765,2,29280347,2342428,31622775,0,1C24TUV/00000765; 1C25TUV/00002310
1C24TUV,00000766,2,34863770,2789102,37652872,0,1C24TUV/00000766; 1C25TUV/00002311
1C24TUV,00000767,2,110931661,8874533,119806194,0,1C24TUV/00000767; 1C25TUV/00002312
1C24TUV,00000768,2,107004812,8560385,115565197,0,1C24TUV/00000768; 1C25TUV/00002313
1C24TUV,00000769,2,481481,38518,519999,0,1C24TUV/00000769; 1C25TUV/00002360
1C24TUV,00000770,2,443519,35481,479000,0,1C24TUV/00000770; 1C25TUV/00002598
1C24TUV,00000771,2,12230555,978444,13208999,0,1C24TUV/00000771; 1C25TUV/00002314
1C24TUV,00000772,2,116472661,9317813,125790474,0,1C24TUV/00000772; 1C25TUV/00002641
1C24TUV,00000773,2,70737037,5658963,76396000,0,1C24TUV/00000773; 1C25TUV/00002235
1C24TUV,00000774,1,4398148,351852,4750000,0,1C24TUV/00000774
1C24TUV,00000775,1,2592593,207407,2800000,0,1C24TUV/00000775
1C24TUV,00000776,1,443519,35482,479001,0,1C24TUV/00000776
1C24TUV,00000777,1,4147222,331778,4479000,0,1C24TUV/00000777
1C24TUV,00000778,2,962037,76963,1039000,0,1C24TUV/00000778; 1C25TUV/00002315
1C24TUV,00000779,1,1792870,143430,1936300,0,1C24TUV/00000779
1C24TUV,00000780,1,2592593,207407,2800000,0,1C24TUV/00000780
1C24TUV,00000781,1,1462963,117037,1580000,0,1C24TUV/00000781
1C24TUV,00000782,1,1574074,125926,1700000,0,1C24TUV/00000782
1C24TUV,00000783,1,18240741,1459259,19700000,0,1C24TUV/00000783
1C24TUV,00000784,1,4629630,370370,5000000,0,1C24TUV/00000784
1C24TUV,00000785,1,9259259,740741,10000000,0,1C24TUV/00000785
1C24TUV,00000786,1,25879630,2070370,27950000,0,1C24TUV/00000786
1C25TUV,00000001,2,3405556,272445,3678001,0,1C25TUV/00000001; 1C25TUV/00000654
1C25TUV,00000002,1,3905458,312437,4217895,0,1C25TUV/00000002
1C25TUV,00000003,2,-36481,-2918,-39399,0,1C25TUV/00000003; 1C25TUV/00000569
1C25TUV,00000004,2,2084595,166768,2251363,0,1C25TUV/00000004; 1C25TUV/00000547
1C25TUV,00000005,2,255417,20433,275850,0,1C25TUV/00000005; 1C25TUV/00000570
1C25TUV,00000006,2,3478704,278296,3757000,1,1C25TUV/00000006; 1C25TUV/00000655
1C25TUV,00000007,1,962037,76963,1039000,0,1C25TUV/00000007
1C25TUV,00000008,1,138889,11111,150000,0,1C25TUV/00000008
1C25TUV,00000009,2,-315741,-25259,-341000,0,1C25TUV/00000009; 1C25TUV/00000571
1C25TUV,00000010,1,4376852,350148,4727000,0,1C25TUV/00000010
1C25TUV,00000011,1,509259,40741,550000,0,1C25TUV/00000011
1C25TUV,00000012,1,509259,40741,550000,0,1C25TUV/00000012
1C25TUV,00000013,2,-1388889,-111112,-1500001,0,1C25TUV/00000013; 1C25TUV/00000651
1C25TUV,00000014,1,4330926,346474,4677400,0,1C25TUV/00000014
1C25TUV,00000015,2,443519,35481,479000,0,1C25TUV/00000015; 1C25TUV/00000656
1C25TUV,00000016,2,5275000,422000,5697000,1,1C25TUV/00000016; 1C25TUV/00000657
1C25TUV,00000017,2,37037,2963,40000,0,1C25TUV/00000017; 1C25TUV/00000572
1C25TUV,00000018,2,1375000,110000,1485000,0,1C25TUV/00000018; 1C25TUV/00000545
1C25TUV,00000019,1,1481481,118518,1599999,0,1C25TUV/00000019
1C25TUV,00000020,1,7638889,611111,8250000,0,1C25TUV/00000020
1C25TUV,00000021,1,2916667,233333,3150000,0,1C25TUV/00000021
1C25TUV,00000022,1,277778,22222,300000,0,1C25TUV/00000022
1C25TUV,00000023,1,111111,8889,120000,0,1C25TUV/00000023
1C25TUV,00000024,1,2333222,186658,2519880,0,1C25TUV/00000024
1C25TUV,00000025,1,509259,40741,550000,0,1C25TUV/00000025
1C25TUV,00000026,1,111111,8889,120000,0,1C25TUV/00000026
1C25TUV,00000027,1,919333,73547,992880,0,1C25TUV/00000027
1C25TUV,00000028,2,2439344,195147,2634491,0,1C25TUV/00000028; 1C25TUV/00000652
1C25TUV,00000029,2,1276852,102148,1379000,0,1C25TUV/00000029; 1C25TUV/00000658
1C25TUV,00000030,2,2573148,205852,2779000,0,1C25TUV/00000030; 1C25TUV/00000659
1C25TUV,00000031,2,962037,76963,1039000,0,1C25TUV/00000031; 1C25TUV/00000660
1C25TUV,00000032,1,1856152,148492,2004644,0,1C25TUV/00000032
1C25TUV,00000033,2,1276852,102148,1379000,0,1C25TUV/00000033; 1C25TUV/00000661
1C25TUV,00000034,1,2573148,205852,2779000,0,1C25TUV/00000034
1C25TUV,00000035,2,87902482,7032199,94934681,0,1C25TUV/00000035; 1C25TUV/00000548
1C25TUV,00000036,2,10801851,864149,11666000,0,1C25TUV/00000036; 1C25TUV/00000573
1C25TUV,00000037,2,3581480,286518,3867998,0,1C25TUV/00000037; 1C25TUV/00000574
1C25TUV,00000038,2,30388886,2431110,32819996,0,1C25TUV/00000038; 1C25TUV/00000575
1C25TUV,00000039,2,52791667,4223333,57015000,0,1C25TUV/00000039; 1C25TUV/00000549
1C25TUV,00000040,2,962037,76963,1039000,0,1C25TUV/00000040; 1C25TUV/00000662
1C25TUV,00000041,2,42837666,3427014,46264680,0,1C25TUV/00000041; 1C25TUV/00000550
1C25TUV,00000042,2,46000000,3680000,49680000,0,1C25TUV/00000042; 1C25TUV/00000551
1C25TUV,00000043,2,20879625,1670370,22549995,0,1C25TUV/00000043; 1C25TUV/00000576
1C25TUV,00000044,2,41815737,3345259,45160996,0,1C25TUV/00000044; 1C25TUV/00000577
1C25TUV,00000045,2,23003074,1840246,24843320,0,1C25TUV/00000045; 1C25TUV/00000552
1C25TUV,00000046,2,74266834,5941346,80208180,0,1C25TUV/00000046; 1C25TUV/00000553
1C25TUV,00000047,2,50595701,4047656,54643357,0,1C25TUV/00000047; 1C25TUV/00000578
1C25TUV,00000048,2,98866187,7909295,106775482,0,1C25TUV/00000048; 1C25TUV/00000579
1C25TUV,00000049,2,30389722,2431178,32820900,0,1C25TUV/00000049; 1C25TUV/00000554
1C25TUV,00000050,2,90010184,7200815,97210999,0,1C25TUV/00000050; 1C25TUV/00000555
1C25TUV,00000051,2,61396889,4911751,66308640,0,1C25TUV/00000051; 1C25TUV/00000556
1C25TUV,00000052,2,96292593,7703407,103996000,0,1C25TUV/00000052; 1C25TUV/00000557
1C25TUV,00000053,2,2573148,205852,2779000,0,1C25TUV/00000053; 1C25TUV/00000558
1C25TUV,00000054,2,56706483,4536518,61243001,0,1C25TUV/00000054; 1C25TUV/00000559
1C25TUV,00000055,2,41508333,3320666,44828999,0,1C25TUV/00000055; 1C25TUV/00000560
1C25TUV,00000056,2,2461111,332889,2658000,0,1C25TUV/00000056; 1C25TUV/00000561
1C25TUV,00000057,2,443519,35481,479000,0,1C25TUV/00000057; 1C25TUV/00000562
1C25TUV,00000058,2,2202778,176223,2379001,0,1C25TUV/00000058; 1C25TUV/00000663
1C25TUV,00000059,2,71595556,5727644,77323200,0,1C25TUV/00000059; 1C25TUV/00000563
1C25TUV,00000060,2,2202778,176222,2379000,0,1C25TUV/00000060; 1C25TUV/00000664
1C25TUV,00000061,2,27786111,2222889,30009000,0,1C25TUV/00000061; 1C25TUV/00000564
1C25TUV,00000062,2,65717787,5257423,70975210,0,1C25TUV/00000062; 1C25TUV/00000565
1C25TUV,00000063,2,27048148,2163851,29211999,0,1C25TUV/00000063; 1C25TUV/00000566
1C25TUV,00000064,2,20653704,1652296,22306000,0,1C25TUV/00000064; 1C25TUV/00000567
1C25TUV,00000065,2,11566667,925334,12492001,0,1C25TUV/00000065; 1C25TUV/00000568
1C25TUV,00000066,2,7933218,634658,8567876,0,1C25TUV/00000066; 1C25TUV/00000546
1C25TUV,00000067,2,51555249,4124420,55679669,0,1C25TUV/00000067; 1C25TUV/00000609
1C25TUV,00000068,2,8804629,704370,9508999,0,1C25TUV/00000068; 1C25TUV/00000587
1C25TUV,00000069,2,28793530,2303482,31097012,0,1C25TUV/00000069; 1C25TUV/00000610
1C25TUV,00000070,2,114789671,9183173,123972844,0,1C25TUV/00000070; 1C25TUV/00000611
1C25TUV,00000071,2,161997299,12959783,174957082,0,1C25TUV/00000071; 1C25TUV/00000612
1C25TUV,00000072,2,143406280,11472503,154878783,0,1C25TUV/00000072; 1C25TUV/00000613
1C25TUV,00000073,2,962037,76963,1039000,0,1C25TUV/00000073; 1C25TUV/00000665
1C25TUV,00000074,2,98248406,7859872,106108278,0,1C25TUV/00000074; 1C25TUV/00000614
1C25TUV,00000075,2,137641908,11011352,148653260,0,1C25TUV/00000075; 1C25TUV/00000615
1C25TUV,00000076,2,154307931,12344635,166652566,0,1C25TUV/00000076; 1C25TUV/00000616
1C25TUV,00000077,2,72810741,5824860,78635601,0,1C25TUV/00000077; 1C25TUV/00000588
1C25TUV,00000078,2,174487851,13959029,188446880,0,1C25TUV/00000078; 1C25TUV/00000617
1C25TUV,00000079,2,105440597,8435248,113875845,0,1C25TUV/00000079; 1C25TUV/00000618
1C25TUV,00000080,2,94079592,7526367,101605959,0,1C25TUV/00000080; 1C25TUV/00000619
1C25TUV,00000081,2,962037,76963,1039000,0,1C25TUV/00000081; 1C25TUV/00000580
1C25TUV,00000082,2,85240674,6819254,92059928,0,1C25TUV/00000082; 1C25TUV/00000620
1C25TUV,00000083,2,25741050,2059284,27800334,0,1C25TUV/00000083; 1C25TUV/00000621
1C25TUV,00000084,1,406482,32519,439001,0,1C25TUV/00000084
1C25TUV,00000085,1,919333,73547,992880,0,1C25TUV/00000085
1C25TUV,00000086,1,1652000,132160,1784160,0,1C25TUV/00000086
1C25TUV,00000087,1,6488000,519040,7007040,0,1C25TUV/00000087
1C25TUV,00000088,1,443519,35482,479001,0,1C25TUV/00000088
1C25TUV,00000089,2,962037,76963,1039000,0,1C25TUV/00000089; 1C25TUV/00000581
1C25TUV,00000090,2,11266436,901315,12167751,0,1C25TUV/00000090; 1C25TUV/00000582
1C25TUV,00000091,2,47334,3787,51121,0,1C25TUV/00000091; 1C25TUV/00000589
1C25TUV,00000092,2,8715741,697260,9413001,0,1C25TUV/00000092; 1C25TUV/00000590
1C25TUV,00000093,1,1745333,139627,1884960,0,1C25TUV/00000093
1C25TUV,00000094,1,5062667,405013,5467680,0,1C25TUV/00000094
1C25TUV,00000095,1,443519,35482,479001,0,1C25TUV/00000095
1C25TUV,00000096,2,1702778,136222,1839000,0,1C25TUV/00000096; 1C25TUV/00000666
1C25TUV,00000097,2,2573147,205852,2778999,0,1C25TUV/00000097; 1C25TUV/00000653
1C25TUV,00000098,2,4275926,342074,4618000,0,1C25TUV/00000098; 1C25TUV/00000622
1C25TUV,00000099,2,7661996,612959,8274955,0,1C25TUV/00000099; 1C25TUV/00000623
1C25TUV,00000100,2,48622005,3889760,52511765,0,1C25TUV/00000100; 1C25TUV/00000624
1C25TUV,00000101,2,13179253,1054340,14233593,0,1C25TUV/00000101; 1C25TUV/00000625
1C25TUV,00000102,2,74265508,5941240,80206747,0,1C25TUV/00000102; 1C25TUV/00000626
1C25TUV,00000103,2,68472104,5477768,73949872,0,1C25TUV/00000103; 1C25TUV/00000627
1C25TUV,00000104,1,2700000,216000,2916000,0,1C25TUV/00000104
1C25TUV,00000105,2,142305858,11384469,153690327,0,1C25TUV/00000105; 1C25TUV/00000628
1C25TUV,00000106,2,115616429,9249314,124865743,0,1C25TUV/00000106; 1C25TUV/00000629
1C25TUV,00000107,2,134418781,10753502,145172283,0,1C25TUV/00000107; 1C25TUV/00000630
1C25TUV,00000108,2,130701781,10456142,141157923,0,1C25TUV/00000108; 1C25TUV/00000631
1C25TUV,00000109,1,3730000,298400,4028400,0,1C25TUV/00000109
1C25TUV,00000110,2,164555722,13164458,177720180,0,1C25TUV/00000110; 1C25TUV/00000632
1C25TUV,00000111,2,88475883,7078070,95553953,0,1C25TUV/00000111; 1C25TUV/00000633
1C25TUV,00000112,2,72616664,5809333,78425997,0,1C25TUV/00000112; 1C25TUV/00000634
1C25TUV,00000113,2,46625716,3730057,50355773,0,1C25TUV/00000113; 1C25TUV/00000635
1C25TUV,00000114,2,17966667,1437333,19404000,0,1C25TUV/00000114; 1C25TUV/00000636
1C25TUV,00000115,2,12938148,1035052,13973200,0,1C25TUV/00000115; 1C25TUV/00000637
1C25TUV,00000116,2,1276852,102148,1379000,0,1C25TUV/00000116; 1C25TUV/00000638
1C25TUV,00000117,2,559769,44781,604550,0,1C25TUV/00000117; 1C25TUV/00000583
1C25TUV,00000118,2,2573148,205852,2779000,0,1C25TUV/00000118; 1C25TUV/00000667
1C25TUV,00000119,1,3730667,298453,4029120,0,1C25TUV/00000119
1C25TUV,00000120,1,2770667,221653,2992320,0,1C25TUV/00000120
1C25TUV,00000121,2,877778,70223,948001,0,1C25TUV/00000121; 1C25TUV/00000668
1C25TUV,00000122,2,2202778,176223,2379001,0,1C25TUV/00000122; 1C25TUV/00000669
1C25TUV,00000123,2,43867296,3509384,47376680,0,1C25TUV/00000123; 1C25TUV/00000591
1C25TUV,00000124,2,8070369,645630,8715999,0,1C25TUV/00000124; 1C25TUV/00000639
1C25TUV,00000125,2,27518517,2201481,29719998,0,1C25TUV/00000125; 1C25TUV/00000640
1C25TUV,00000126,2,133557259,10684581,144241840,0,1C25TUV/00000126; 1C25TUV/00000592
1C25TUV,00000127,2,18679625,1494370,20173995,0,1C25TUV/00000127; 1C25TUV/00000641
1C25TUV,00000128,2,105735389,8458831,114194220,0,1C25TUV/00000128; 1C25TUV/00000593
1C25TUV,00000129,2,55931472,4474518,60405990,0,1C25TUV/00000129; 1C25TUV/00000642
1C25TUV,00000130,2,74433057,5954644,80387701,0,1C25TUV/00000130; 1C25TUV/00000594
1C25TUV,00000131,2,41822124,3345770,45167894,0,1C25TUV/00000131; 1C25TUV/00000643
1C25TUV,00000132,2,98311944,7864955,106176899,0,1C25TUV/00000132; 1C25TUV/00000595
1C25TUV,00000133,2,79933548,6394684,86328232,0,1C25TUV/00000133; 1C25TUV/00000596
1C25TUV,00000134,2,110959221,8876738,119835959,0,1C25TUV/00000134; 1C25TUV/00000644
1C25TUV,00000135,2,45980561,3678445,49659006,0,1C25TUV/00000135; 1C25TUV/00000597
1C25TUV,00000136,2,109664043,8773123,118437166,0,1C25TUV/00000136; 1C25TUV/00000645
1C25TUV,00000137,2,134194411,10735553,144929964,0,1C25TUV/00000137; 1C25TUV/00000646
1C25TUV,00000138,2,35964709,2877177,38841886,0,1C25TUV/00000138; 1C25TUV/00000598
1C25TUV,00000139,1,2573148,205852,2779000,0,1C25TUV/00000139
1C25TUV,00000140,2,90829160,7266333,98095493,0,1C25TUV/00000140; 1C25TUV/00000647
1C25TUV,00000141,2,2664815,213185,2878000,0,1C25TUV/00000141; 1C25TUV/00000599
1C25TUV,00000142,2,138889,11111,150000,0,1C25TUV/00000142; 1C25TUV/00000648
1C25TUV,00000143,2,1,0,1,0,1C25TUV/00000143; 1C25TUV/00000600
1C25TUV,00000144,2,0,0,0,0,1C25TUV/00000144; 1C25TUV/00000601
1C25TUV,00000145,2,0,0,0,0,1C25TUV/00000145; 1C25TUV/00000602
1C25TUV,00000146,2,0,0,0,0,1C25TUV/00000146; 1C25TUV/00000603
1C25TUV,00000147,2,0,0,0,0,1C25TUV/00000147; 1C25TUV/00000604
1C25TUV,00000148,2,397315,31785,429100,0,1C25TUV/00000148; 1C25TUV/00000584
1C25TUV,00000149,2,913750,73100,986850,0,1C25TUV/00000149; 1C25TUV/00000585
1C25TUV,00000150,2,0,0,0,0,1C25TUV/00000150; 1C25TUV/00000605
1C25TUV,00000151,2,806178,64495,870673,0,1C25TUV/00000151; 1C25TUV/00000586
1C25TUV,00000152,1,2851852,228148,3080000,0,1C25TUV/00000152
1C25TUV,00000153,1,2367296,189384,2556680,0,1C25TUV/00000153
1C25TUV,00000154,1,509259,40741,550000,0,1C25TUV/00000154
1C25TUV,00000155,1,2573148,205852,2779000,0,1C25TUV/00000155
1C25TUV,00000156,1,3164519,253162,3417681,0,1C25TUV/00000156
1C25TUV,00000157,1,8552778,684222,9237000,0,1C25TUV/00000157
1C25TUV,00000158,1,497685,39815,537500,0,1C25TUV/00000158
1C25TUV,00000159,2,30556,2445,856999,0,1C25TUV/00000159; 1C25TUV/00000649
1C25TUV,00000160,1,370370,29630,400000,0,1C25TUV/00000160
1C25TUV,00000161,1,1182870,94630,1277500,0,1C25TUV/00000161
1C25TUV,00000162,2,1450926,116074,1567000,0,1C25TUV/00000162; 1C25TUV/00000606
1C25TUV,00000163,1,5471668,437733,5909401,0,1C25TUV/00000163
1C25TUV,00000164,1,5470370,437630,5908000,0,1C25TUV/00000164
1C25TUV,00000165,1,10003704,800296,10804000,0,1C25TUV/00000165
1C25TUV,00000166,1,2573148,205852,2779000,0,1C25TUV/00000166
1C25TUV,00000167,1,8168667,653493,8822160,0,1C25TUV/00000167
1C25TUV,00000168,1,3757333,300587,4057920,0,1C25TUV/00000168
1C25TUV,00000169,1,3691333,295307,3986640,0,1C25TUV/00000169
1C25TUV,00000170,1,930556,74444,1005000,0,1C25TUV/00000170
1C25TUV,00000171,1,462037,36963,499000,0,1C25TUV/00000171
1C25TUV,00000172,1,462037,36963,499000,0,1C25TUV/00000172
1C25TUV,00000173,1,1887963,151037,2039000,0,1C25TUV/00000173
1C25TUV,00000174,1,2573148,205852,2779000,0,1C25TUV/00000174
1C25TUV,00000175,1,1887963,151037,2039000,0,1C25TUV/00000175
1C25TUV,00000176,1,1276852,102148,1379000,0,1C25TUV/00000176
1C25TUV,00000177,1,962037,76963,1039000,0,1C25TUV/00000177
1C25TUV,00000178,1,2573148,205852,2779000,0,1C25TUV/00000178
1C25TUV,00000179,1,462037,36963,499000,0,1C25TUV/00000179
1C25TUV,00000180,1,462037,36963,499000,0,1C25TUV/00000180
1C25TUV,00000181,1,2573148,205852,2779000,0,1C25TUV/00000181
1C25TUV,00000182,1,1887963,151037,2039000,0,1C25TUV/00000182
1C25TUV,00000183,1,3684259,294741,3979000,0,1C25TUV/00000183
1C25TUV,00000184,1,443519,35482,479001,0,1C25TUV/00000184
1C25TUV,00000185,1,2573148,205852,2779000,0,1C25TUV/00000185
1C25TUV,00000186,1,3684259,294741,3979000,0,1C25TUV/00000186
1C25TUV,00000187,1,2573148,205852,2779000,0,1C25TUV/00000187
1C25TUV,00000188,1,2387963,191037,2579000,0,1C25TUV/00000188
1C25TUV,00000189,1,1276852,102148,1379000,0,1C25TUV/00000189
1C25TUV,00000190,1,555556,44444,600000,0,1C25TUV/00000190
1C25TUV,00000191,1,555556,44444,600000,0,1C25TUV/00000191
1C25TUV,00000192,1,1018519,81482,1100001,0,1C25TUV/00000192
1C25TUV,00000193,1,962037,76963,1039000,0,1C25TUV/00000193
1C25TUV,00000194,1,462037,36963,499000,0,1C25TUV/00000194
1C25TUV,00000195,1,962037,76963,1039000,0,1C25TUV/00000195
1C25TUV,00000196,1,443519,35482,479001,0,1C25TUV/00000196
1C25TUV,00000197,1,443519,35482,479001,0,1C25TUV/00000197
1C25TUV,00000198,1,2979630,238370,3218000,0,1C25TUV/00000198
1C25TUV,00000199,1,831482,66519,898001,0,1C25TUV/00000199
1C25TUV,00000200,1,1700926,136074,1837000,0,1C25TUV/00000200
1C25TUV,00000201,1,1852667,148213,2000880,0,1C25TUV/00000201
1C25TUV,00000202,1,2387963,191037,2579000,0,1C25TUV/00000202
1C25TUV,00000203,1,1276852,102148,1379000,0,1C25TUV/00000203
1C25TUV,00000204,1,1276852,102148,1379000,0,1C25TUV/00000204
1C25TUV,00000205,1,1887963,151037,2039000,0,1C25TUV/00000205
1C25TUV,00000206,1,443519,35482,479001,0,1C25TUV/00000206
1C25TUV,00000207,1,1276852,102148,1379000,0,1C25TUV/00000207
1C25TUV,00000208,1,1276852,102148,1379000,0,1C25TUV/00000208
1C25TUV,00000209,1,962037,76963,1039000,0,1C25TUV/00000209
1C25TUV,00000210,1,637963,51037,689000,0,1C25TUV/00000210
1C25TUV,00000211,1,1276852,102148,1379000,0,1C25TUV/00000211
1C25TUV,00000212,1,962037,76963,1039000,0,1C25TUV/00000212
1C25TUV,00000213,1,1887963,151037,2039000,0,1C25TUV/00000213
1C25TUV,00000214,1,509259,40741,550000,0,1C25TUV/00000214
1C25TUV,00000215,1,1887963,151037,2039000,0,1C25TUV/00000215
1C25TUV,00000216,1,462037,36963,499000,0,1C25TUV/00000216
1C25TUV,00000217,1,962037,76963,1039000,0,1C25TUV/00000217
1C25TUV,00000218,1,962037,76963,1039000,0,1C25TUV/00000218
1C25TUV,00000219,1,962037,76963,1039000,0,1C25TUV/00000219
1C25TUV,00000220,1,555556,44444,600000,0,1C25TUV/00000220
1C25TUV,00000221,1,2573148,205852,2779000,0,1C25TUV/00000221
1C25TUV,00000222,1,2573148,205852,2779000,0,1C25TUV/00000222
1C25TUV,00000223,1,962037,76963,1039000,0,1C25TUV/00000223
1C25TUV,00000224,1,1276852,102148,1379000,0,1C25TUV/00000224
1C25TUV,00000225,1,462037,36963,499000,0,1C25TUV/00000225
1C25TUV,00000226,1,3684259,294741,3979000,0,1C25TUV/00000226
1C25TUV,00000227,1,962037,76963,1039000,0,1C25TUV/00000227
1C25TUV,00000228,1,443519,35482,479001,0,1C25TUV/00000228
1C25TUV,00000229,1,3036111,242889,3279000,0,1C25TUV/00000229
1C25TUV,00000230,1,2573148,205852,2779000,0,1C25TUV/00000230
1C25TUV,00000231,1,1276852,102148,1379000,0,1C25TUV/00000231
1C25TUV,00000232,1,962037,76963,1039000,0,1C25TUV/00000232
1C25TUV,00000233,1,962037,76963,1039000,0,1C25TUV/00000233
1C25TUV,00000234,1,962037,76963,1039000,0,1C25TUV/00000234
1C25TUV,00000235,1,443519,35482,479001,0,1C25TUV/00000235
1C25TUV,00000236,1,1887963,151037,2039000,0,1C25TUV/00000236
1C25TUV,00000237,1,1276852,102148,1379000,0,1C25TUV/00000237
1C25TUV,00000238,1,962037,76963,1039000,0,1C25TUV/00000238
1C25TUV,00000239,1,509259,40741,550000,0,1C25TUV/00000239
1C25TUV,00000240,1,1887963,151037,2039000,0,1C25TUV/00000240
1C25TUV,00000241,1,2387963,191037,2579000,0,1C25TUV/00000241
1C25TUV,00000242,1,1276852,102148,1379000,0,1C25TUV/00000242
1C25TUV,00000243,1,3684259,294741,3979000,0,1C25TUV/00000243
1C25TUV,00000244,1,1276852,102148,1379000,0,1C25TUV/00000244
1C25TUV,00000245,1,462037,36963,499000,0,1C25TUV/00000245
1C25TUV,00000246,1,1276852,102148,1379000,0,1C25TUV/00000246
1C25TUV,00000247,1,1276852,102148,1379000,0,1C25TUV/00000247
1C25TUV,00000248,1,2573148,205852,2779000,0,1C25TUV/00000248
1C25TUV,00000249,1,462037,36963,499000,0,1C25TUV/00000249
1C25TUV,00000250,1,2573148,205852,2779000,0,1C25TUV/00000250
1C25TUV,00000251,1,2573148,205852,2779000,0,1C25TUV/00000251
1C25TUV,00000252,1,462037,36963,499000,0,1C25TUV/00000252
1C25TUV,00000253,1,1794444,143556,1938000,0,1C25TUV/00000253
1C25TUV,00000254,1,555556,44444,600000,0,1C25TUV/00000254
1C25TUV,00000255,1,462037,36963,499000,0,1C25TUV/00000255
1C25TUV,00000256,1,462037,36963,499000,0,1C25TUV/00000256
1C25TUV,00000257,1,3684259,294741,3979000,0,1C25TUV/00000257
1C25TUV,00000258,1,3684259,294741,3979000,0,1C25TUV/00000258
1C25TUV,00000259,1,1276852,102148,1379000,0,1C25TUV/00000259
1C25TUV,00000260,1,1276852,102148,1379000,0,1C25TUV/00000260
1C25TUV,00000261,1,14470371,1157630,15628001,0,1C25TUV/00000261
1C25TUV,00000262,1,6050926,484074,6535000,0,1C25TUV/00000262
1C25TUV,00000263,1,962037,76963,1039000,0,1C25TUV/00000263
1C25TUV,00000264,1,3684259,294741,3979000,0,1C25TUV/00000264
1C25TUV,00000265,1,1832408,146593,1979001,0,1C25TUV/00000265
1C25TUV,00000266,1,2202778,176222,2379000,0,1C25TUV/00000266
1C25TUV,00000267,1,11881481,950518,12831999,0,1C25TUV/00000267
1C25TUV,00000268,1,9235185,738815,9974000,0,1C25TUV/00000268
1C25TUV,00000269,1,10510185,840815,11351000,0,1C25TUV/00000269
1C25TUV,00000270,1,8198149,655852,8854001,0,1C25TUV/00000270
1C25TUV,00000271,1,13880556,1110444,14991000,0,1C25TUV/00000271
1C25TUV,00000272,1,11012038,880963,11893001,0,1C25TUV/00000272
1C25TUV,00000273,1,18370370,1469630,19840000,0,1C25TUV/00000273
1C25TUV,00000274,1,11897222,951778,12849000,0,1C25TUV/00000274
1C25TUV,00000275,1,21711111,1736889,23448000,0,1C25TUV/00000275
1C25TUV,00000276,1,22838889,1827111,24666000,0,1C25TUV/00000276
1C25TUV,00000277,1,19597223,1567778,21165001,0,1C25TUV/00000277
1C25TUV,00000278,1,27448150,2195852,29644002,0,1C25TUV/00000278
1C25TUV,00000279,1,19850001,1588000,21438001,0,1C25TUV/00000279
1C25TUV,00000280,1,22837038,1826963,24664001,0,1C25TUV/00000280
1C25TUV,00000281,1,17930555,1434444,19364999,0,1C25TUV/00000281
1C25TUV,00000282,1,23504629,1880370,25384999,0,1C25TUV/00000282
1C25TUV,00000283,1,21886113,1750889,23637002,0,1C25TUV/00000283
1C25TUV,00000284,1,22448149,1795852,24244001,0,1C25TUV/00000284
1C25TUV,00000285,1,26122224,2089778,28212002,0,1C25TUV/00000285
1C25TUV,00000286,1,27725000,2218000,29943000,0,1C25TUV/00000286
1C25TUV,00000287,1,17047223,1363778,18411001,0,1C25TUV/00000287
1C25TUV,00000288,1,2477333,198187,2675520,0,1C25TUV/00000288
1C25TUV,00000289,1,50728704,4058296,54787000,0,1C25TUV/00000289
1C25TUV,00000290,1,25293321,2023466,27316787,0,1C25TUV/00000290
1C25TUV,00000291,1,25635133,2050811,27685944,0,1C25TUV/00000291
1C25TUV,00000292,1,38790740,3103259,41893999,0,1C25TUV/00000292
1C25TUV,00000293,1,31848518,2547881,34396399,0,1C25TUV/00000293
1C25TUV,00000294,1,36401848,2912148,39313996,0,1C25TUV/00000294
1C25TUV,00000295,1,26570368,2125629,28695997,0,1C25TUV/00000295
1C25TUV,00000296,1,3224000,257920,3481920,0,1C25TUV/00000296
1C25TUV,00000297,1,36700923,2936074,39636997,0,1C25TUV/00000297
1C25TUV,00000298,1,44146971,3531758,47678729,0,1C25TUV/00000298
1C25TUV,00000299,1,52860910,4228873,57089783,0,1C25TUV/00000299
1C25TUV,00000300,1,30284716,2422777,32707493,0,1C25TUV/00000300
1C25TUV,00000301,1,21402778,1712222,23115000,0,1C25TUV/00000301
1C25TUV,00000302,1,58346832,4667747,63014579,0,1C25TUV/00000302
1C25TUV,00000303,1,79002668,6320213,85322881,0,1C25TUV/00000303
1C25TUV,00000304,1,2387037,190963,2578000,0,1C25TUV/00000304
1C25TUV,00000305,1,92810573,7424846,100235419,0,1C25TUV/00000305
1C25TUV,00000306,1,83191894,6655352,89847246,0,1C25TUV/00000306
1C25TUV,00000307,1,56717719,4537418,61255137,0,1C25TUV/00000307
1C25TUV,00000308,1,61588875,4927110,66515985,0,1C25TUV/00000308
1C25TUV,00000309,1,79717735,6377419,86095154,0,1C25TUV/00000309
1C25TUV,00000310,1,49573439,3965875,53539314,0,1C25TUV/00000310
1C25TUV,00000311,1,47529163,3802333,51331496,0,1C25TUV/00000311
1C25TUV,00000312,1,50379297,4030344,54409641,0,1C25TUV/00000312
1C25TUV,00000313,1,57699652,4615972,62315624,0,1C25TUV/00000313
1C25TUV,00000314,1,45459740,3636779,49096519,0,1C25TUV/00000314
1C25TUV,00000315,1,28301796,2264144,30565940,0,1C25TUV/00000315
1C25TUV,00000316,1,28720394,2297632,31018026,0,1C25TUV/00000316
1C25TUV,00000320,1,3957333,316587,4273920,0,1C25TUV/00000320
1C25TUV,00000321,1,2370667,189653,2560320,0,1C25TUV/00000321
1C25TUV,00000325,1,5984000,478720,6462720,0,1C25TUV/00000325
1C25TUV,00000326,1,2202778,176222,2379000,0,1C25TUV/00000326
1C25TUV,00000329,1,2997333,239787,3237120,0,1C25TUV/00000329
1C25TUV,00000330,1,9315333,745227,10060560,0,1C25TUV/00000330
1C25TUV,00000331,1,57290741,4583259,61874000,0,1C25TUV/00000331
1C25TUV,00000332,1,55962037,4476963,60439000,0,1C25TUV/00000332
1C25TUV,00000333,2,77813889,6225111,84039000,0,1C25TUV/00000333; 1C25TUV/00000670
1C25TUV,00000334,2,75491667,6039333,81531000,0,1C25TUV/00000334; 1C25TUV/00000671
1C25TUV,00000335,2,84176852,6734148,90911000,0,1C25TUV/00000335; 1C25TUV/00000672
1C25TUV,00000336,2,64493519,5159481,69653000,0,1C25TUV/00000336; 1C25TUV/00000673
1C25TUV,00000337,2,85068518,6805482,91874000,0,1C25TUV/00000337; 1C25TUV/00000674
1C25TUV,00000338,2,107033333,8562667,115596000,0,1C25TUV/00000338; 1C25TUV/00000675
1C25TUV,00000339,2,97312963,7785037,105098000,0,1C25TUV/00000339; 1C25TUV/00000676
1C25TUV,00000340,2,87150000,6972000,94122000,0,1C25TUV/00000340; 1C25TUV/00000677
1C25TUV,00000341,2,92037037,7362963,99400000,0,1C25TUV/00000341; 1C25TUV/00000678
1C25TUV,00000342,2,72868519,5829481,78698000,0,1C25TUV/00000342; 1C25TUV/00000679
1C25TUV,00000343,1,45244444,3619556,48864000,0,1C25TUV/00000343
1C25TUV,00000344,2,58320370,4665630,62986000,0,1C25TUV/00000344; 1C25TUV/00000680
1C25TUV,00000345,2,34450926,2756074,37207000,0,1C25TUV/00000345; 1C25TUV/00000681
1C25TUV,00000346,2,35405555,2832444,38237999,0,1C25TUV/00000346; 1C25TUV/00000682
1C25TUV,00000347,2,42001851,3360148,45361999,0,1C25TUV/00000347; 1C25TUV/00000683
1C25TUV,00000348,1,65992808,5279425,71272233,0,1C25TUV/00000348
1C25TUV,00000349,1,111457665,8916613,120374278,0,1C25TUV/00000349
1C25TUV,00000350,1,69008208,5520657,74528865,0,1C25TUV/00000350
1C25TUV,00000351,1,61970800,4957664,66928464,0,1C25TUV/00000351
1C25TUV,00000352,1,53689815,4295185,57985000,0,1C25TUV/00000352
1C25TUV,00000353,2,34654629,2772370,37426999,0,1C25TUV/00000353; 1C25TUV/00000684
1C25TUV,00000354,2,49612963,3969037,53582000,0,1C25TUV/00000354; 1C25TUV/00000685
1C25TUV,00000355,1,35163889,2813111,37977000,0,1C25TUV/00000355
1C25TUV,00000356,2,52166666,4173334,56340000,0,1C25TUV/00000356; 1C25TUV/00000686
1C25TUV,00000357,1,71727778,5738222,77466000,0,1C25TUV/00000357
1C25TUV,00000358,2,92511111,7400889,99912000,0,1C25TUV/00000358; 1C25TUV/00000687
1C25TUV,00000359,1,45218519,3617482,48836001,0,1C25TUV/00000359
1C25TUV,00000360,1,4831667,386533,5218200,0,1C25TUV/00000360
1C25TUV,00000361,1,905556,72444,978000,0,1C25TUV/00000361
1C25TUV,00000362,1,1513981,121118,1635099,0,1C25TUV/00000362
1C25TUV,00000363,1,962963,77037,1040000,0,1C25TUV/00000363
1C25TUV,00000364,1,1758333,140667,1899000,0,1C25TUV/00000364
1C25TUV,00000365,1,363981,29118,393099,0,1C25TUV/00000365
1C25TUV,00000366,1,856574,68526,925100,0,1C25TUV/00000366
1C25TUV,00000367,1,1967685,157415,2125100,0,1C25TUV/00000367
1C25TUV,00000368,1,488426,39074,527500,0,1C25TUV/00000368
1C25TUV,00000369,1,1270266,101621,1371887,0,1C25TUV/00000369
1C25TUV,00000370,2,55165740,4413259,59578999,0,1C25TUV/00000370; 1C25TUV/00000688
1C25TUV,00000371,1,27112964,2169037,29282001,0,1C25TUV/00000371
1C25TUV,00000372,2,110123055,8809845,118932900,0,1C25TUV/00000372; 1C25TUV/00000689
1C25TUV,00000373,2,112302441,8984195,121286636,0,1C25TUV/00000373; 1C25TUV/00000690
1C25TUV,00000374,2,100768262,8061461,108829723,0,1C25TUV/00000374; 1C25TUV/00000691
1C25TUV,00000375,2,224953570,17996285,242949855,0,1C25TUV/00000375; 1C25TUV/00000692
1C25TUV,00000376,1,78578480,6286278,84864758,0,1C25TUV/00000376
1C25TUV,00000377,2,170629560,13650365,184279925,0,1C25TUV/00000377; 1C25TUV/00000693
1C25TUV,00000378,2,92231784,7378542,99610326,0,1C25TUV/00000378; 1C25TUV/00000694
1C25TUV,00000379,2,83728095,6698248,90426343,0,1C25TUV/00000379; 1C25TUV/00000695
1C25TUV,00000380,3,82622412,6609793,89232205,0,1C25TUV/00000380; 1C25TUV/00000696; 1C25TUV/00000700
1C25TUV,00000381,1,80784471,6462758,87247229,0,1C25TUV/00000381
1C25TUV,00000383,1,7424074,593926,8018000,0,1C25TUV/00000383
1C25TUV,00000384,2,3164815,253186,3418001,0,1C25TUV/00000384; 1C25TUV/00000607
1C25TUV,00000385,1,46296,3704,50000,0,1C25TUV/00000385
1C25TUV,00000386,2,-2505106,-200409,-2705515,0,1C25TUV/00000386; 1C25TUV/00000650
1C25TUV,00000387,1,425926,34074,460000,0,1C25TUV/00000387
1C25TUV,00000388,2,446291,35703,481994,0,1C25TUV/00000388; 1C25TUV/00000608
1C25TUV,00000389,1,1276852,102148,1379000,0,1C25TUV/00000389
1C25TUV,00000390,1,185185,14815,200000,0,1C25TUV/00000390
1C25TUV,00000391,1,0,0,0,1,1C25TUV/00000391
1C25TUV,00000392,1,5767593,461407,6229000,0,1C25TUV/00000392
1C25TUV,00000393,1,7188444,575076,7763520,0,1C25TUV/00000393
1C25TUV,00000394,1,416666,33333,449999,0,1C25TUV/00000394
1C25TUV,00000395,1,1980556,158444,2139000,0,1C25TUV/00000395
1C25TUV,00000396,1,138889,11111,150000,0,1C25TUV/00000396
1C25TUV,00000397,1,3304000,264320,3568320,0,1C25TUV/00000397
1C25TUV,00000398,1,170527344,13642188,184169532,0,1C25TUV/00000398
1C25TUV,00000399,1,185226742,14818139,200044881,0,1C25TUV/00000399
1C25TUV,00000400,2,220247831,17619827,237867658,0,1C25TUV/00000400; 1C25TUV/00000697
1C25TUV,00000401,1,187883270,15030662,202913932,0,1C25TUV/00000401
1C25TUV,00000402,1,123872631,9909810,133782441,0,1C25TUV/00000402
1C25TUV,00000403,1,120718339,9657467,130375806,0,1C25TUV/00000403
1C25TUV,00000404,2,471449685,37715975,509165660,0,1C25TUV/00000404; 1C25TUV/00000698
1C25TUV,00000405,2,257080476,20566438,277646914,0,1C25TUV/00000405; 1C25TUV/00000699
1C25TUV,00000406,1,6284000,502720,6786720,0,1C25TUV/00000406
1C25TUV,00000407,1,555416497,44433320,599849817,0,1C25TUV/00000407
1C25TUV,00000408,1,850926,68074,919000,0,1C25TUV/00000408
1C25TUV,00000409,1,300123117,24009849,324132966,0,1C25TUV/00000409
1C25TUV,00000410,1,217502053,17400164,234902217,0,1C25TUV/00000410
1C25TUV,00000411,1,103118237,8249459,111367696,0,1C25TUV/00000411
1C25TUV,00000412,1,140857742,11268619,152126361,0,1C25TUV/00000412
1C25TUV,00000413,1,134477216,10758177,145235393,0,1C25TUV/00000413
1C25TUV,00000414,1,115880552,9270444,125150996,0,1C25TUV/00000414
1C25TUV,00000415,1,126266790,10101343,136368133,0,1C25TUV/00000415
1C25TUV,00000416,1,110727306,8858184,119585490,0,1C25TUV/00000416
1C25TUV,00000417,1,5264717,421177,5685894,0,1C25TUV/00000417
1C25TUV,00000418,1,1702778,136222,1839000,0,1C25TUV/00000418
1C25TUV,00000419,1,620370,49630,670000,0,1C25TUV/00000419
1C25TUV,00000420,1,495138981,39611118,534750099,0,1C25TUV/00000420
1C25TUV,00000421,1,161513889,12921111,174435000,0,1C25TUV/00000421
1C25TUV,00000422,1,56278769,4502302,60781071,0,1C25TUV/00000422
1C25TUV,00000423,1,481153131,38492250,519645381,0,1C25TUV/00000423
1C25TUV,00000424,1,434587153,34766972,469354125,0,1C25TUV/00000424
1C25TUV,00000425,1,573332851,45866628,619199479,0,1C25TUV/00000425
1C25TUV,00000426,1,417448169,33395854,450844023,0,1C25TUV/00000426
1C25TUV,00000427,1,810903496,64872280,875775776,0,1C25TUV/00000427
1C25TUV,00000428,1,652032676,52162614,704195290,0,1C25TUV/00000428
1C25TUV,00000429,1,554540166,44363213,598903379,0,1C25TUV/00000429
1C25TUV,00000430,1,507902984,40632239,548535223,0,1C25TUV/00000430
1C25TUV,00000431,1,745253604,59620288,804873892,0,1C25TUV/00000431
1C25TUV,00000432,1,374965658,29997253,404962911,0,1C25TUV/00000432
1C25TUV,00000433,1,4342667,347413,4690080,0,1C25TUV/00000433
1C25TUV,00000434,1,124969450,9997556,134967006,0,1C25TUV/00000434
1C25TUV,00000435,1,328301612,26264129,354565741,0,1C25TUV/00000435
1C25TUV,00000436,1,3450667,276053,3726720,0,1C25TUV/00000436
1C25TUV,00000437,1,185185,14815,200000,0,1C25TUV/00000437
1C25TUV,00000438,1,389815,31185,421000,0,1C25TUV/00000438
1C25TUV,00000439,1,1100000,88000,1188000,0,1C25TUV/00000439
1C25TUV,00000440,1,6012962,481037,6493999,0,1C25TUV/00000440
1C25TUV,00000441,1,1831482,146519,1978001,0,1C25TUV/00000441
1C25TUV,00000442,1,5433333,434667,5868000,0,1C25TUV/00000442
1C25TUV,00000443,1,1276852,102148,1379000,0,1C25TUV/00000443
1C25TUV,00000444,1,298681482,23894519,322576001,0,1C25TUV/00000444
1C25TUV,00000445,1,618800488,49504039,668304527,0,1C25TUV/00000445
1C25TUV,00000446,1,5317333,425387,5742720,0,1C25TUV/00000446
1C25TUV,00000447,1,481481,38518,519999,0,1C25TUV/00000447
1C25TUV,00000448,1,1843657,147493,1991150,0,1C25TUV/00000448
1C25TUV,00000449,1,1608380,128670,1737050,0,1C25TUV/00000449
1C25TUV,00000450,1,2829768,226381,3056149,0,1C25TUV/00000450
1C25TUV,00000451,1,1680648,134452,1815100,0,1C25TUV/00000451
1C25TUV,00000452,1,1680648,134452,1815100,0,1C25TUV/00000452
1C25TUV,00000453,1,1513981,121118,1635099,0,1C25TUV/00000453
1C25TUV,00000454,1,1253889,100311,1354200,0,1C25TUV/00000454
1C25TUV,00000455,1,444889815,35591185,480481000,0,1C25TUV/00000455
1C25TUV,00000456,1,3684259,294741,3979000,0,1C25TUV/00000456
1C25TUV,00000457,1,4071296,325704,4397000,0,1C25TUV/00000457
1C25TUV,00000458,1,12320193,985615,13305808,0,1C25TUV/00000458
1C25TUV,00000459,1,3641526,291322,3932848,0,1C25TUV/00000459
1C25TUV,00000460,1,4912037,392963,5305000,0,1C25TUV/00000460
1C25TUV,00000461,1,26862563,2149005,29011568,0,1C25TUV/00000461
1C25TUV,00000462,1,63963651,5117092,69080743,0,1C25TUV/00000462
1C25TUV,00000463,1,141509011,11320721,152829732,0,1C25TUV/00000463
1C25TUV,00000464,1,196689115,15735129,212424244,0,1C25TUV/00000464
1C25TUV,00000465,1,616509015,49320721,665829736,0,1C25TUV/00000465
1C25TUV,00000466,1,141913732,11353099,153266831,0,1C25TUV/00000466
1C25TUV,00000467,1,481481,38518,519999,0,1C25TUV/00000467
1C25TUV,00000468,1,344551852,27564148,372116000,0,1C25TUV/00000468
1C25TUV,00000469,1,1666667,133333,1800000,0,1C25TUV/00000469
1C25TUV,00000470,1,527870,42230,570100,0,1C25TUV/00000470
1C25TUV,00000471,1,135097953,10807836,145905789,0,1C25TUV/00000471
1C25TUV,00000472,1,414896296,33191704,448088000,0,1C25TUV/00000472
1C25TUV,00000473,1,416667,33333,450000,0,1C25TUV/00000473
1C25TUV,00000474,1,527870,42230,570100,0,1C25TUV/00000474
1C25TUV,00000475,1,64816667,5185333,70002000,0,1C25TUV/00000475
1C25TUV,00000476,1,160197680,12815814,173013494,0,1C25TUV/00000476
1C25TUV,00000477,1,10593333,847467,11440800,0,1C25TUV/00000477
1C25TUV,00000478,1,98738889,7899111,106638000,0,1C25TUV/00000478
1C25TUV,00000479,1,83682289,6694583,90376872,0,1C25TUV/00000479
1C25TUV,00000480,1,171914687,13753175,185667862,0,1C25TUV/00000480
1C25TUV,00000481,1,77822222,6225778,84048000,0,1C25TUV/00000481
1C25TUV,00000482,1,485793,38863,524656,0,1C25TUV/00000482
1C25TUV,00000483,1,471806,37744,509550,0,1C25TUV/00000483
1C25TUV,00000484,1,63805556,5104444,68910000,0,1C25TUV/00000484
1C25TUV,00000485,1,168183043,13454643,181637686,0,1C25TUV/00000485
1C25TUV,00000486,1,3678000,294240,3972240,0,1C25TUV/00000486
1C25TUV,00000487,1,2343333,187467,2530800,0,1C25TUV/00000487
1C25TUV,00000488,1,637963,51037,689000,0,1C25TUV/00000488
1C25TUV,00000489,1,95655336,7652427,103307763,0,1C25TUV/00000489
1C25TUV,00000490,1,20559259,1644741,22204000,0,1C25TUV/00000490
1C25TUV,00000491,1,1702778,136222,1839000,0,1C25TUV/00000491
1C25TUV,00000492,1,2744668,219573,2964241,0,1C25TUV/00000492
1C25TUV,00000493,1,989815,79185,1069000,0,1C25TUV/00000493
1C25TUV,00000494,1,37998148,3039852,41038000,0,1C25TUV/00000494
1C25TUV,00000495,1,135296752,10823740,146120492,0,1C25TUV/00000495
1C25TUV,00000496,1,93851948,7508156,101360104,0,1C25TUV/00000496
1C25TUV,00000497,1,66862963,5349037,72212000,0,1C25TUV/00000497
1C25TUV,00000498,1,370370,29630,400000,0,1C25TUV/00000498
1C25TUV,00000499,1,909306,72744,982050,0,1C25TUV/00000499
1C25TUV,00000500,1,79808333,6384667,86193000,0,1C25TUV/00000500
1C25TUV,00000501,1,146565297,11725224,158290521,0,1C25TUV/00000501
1C25TUV,00000502,1,88385185,7070815,95456000,0,1C25TUV/00000502
1C25TUV,00000503,1,136232394,10898592,147130986,0,1C25TUV/00000503
1C25TUV,00000504,1,2152314,172185,2324499,0,1C25TUV/00000504
1C25TUV,00000505,1,3172000,253760,3425760,0,1C25TUV/00000505
1C25TUV,00000506,1,2212037,176963,2389000,0,1C25TUV/00000506
1C25TUV,00000507,1,3848148,307852,4156000,0,1C25TUV/00000507
1C25TUV,00000513,1,59840741,4787259,64628000,0,1C25TUV/00000513
1C25TUV,00000514,1,109940766,8795261,118736027,0,1C25TUV/00000514
1C25TUV,00000515,1,453704,36296,490000,0,1C25TUV/00000515
1C25TUV,00000516,1,138889,11111,150000,0,1C25TUV/00000516
1C25TUV,00000518,1,39123148,3129852,42253000,0,1C25TUV/00000518
1C25TUV,00000519,1,90487919,7239034,97726953,0,1C25TUV/00000519
1C25TUV,00000520,1,2796667,223733,3020400,0,1C25TUV/00000520
1C25TUV,00000521,1,3396667,271733,3668400,0,1C25TUV/00000521
1C25TUV,00000522,1,50744444,4059556,54804000,0,1C25TUV/00000522
1C25TUV,00000523,1,109840724,8787258,118627982,0,1C25TUV/00000523
1C25TUV,00000524,1,65412037,5232963,70645000,0,1C25TUV/00000524
1C25TUV,00000525,1,77436814,6194945,83631759,0,1C25TUV/00000525
1C25TUV,00000526,1,472730,37818,510548,0,1C25TUV/00000526
1C25TUV,00000527,1,1666667,133333,1800000,0,1C25TUV/00000527
1C25TUV,00000528,1,628704,50296,679000,0,1C25TUV/00000528
1C25TUV,00000529,1,592593,47407,640000,0,1C25TUV/00000529
1C25TUV,00000530,1,94444,7556,102000,0,1C25TUV/00000530
1C25TUV,00000531,1,11635185,930815,12566000,0,1C25TUV/00000531
1C25TUV,00000532,1,117668475,9413478,127081953,0,1C25TUV/00000532
1C25TUV,00000533,1,4828704,386296,5215000,0,1C25TUV/00000533
1C25TUV,00000534,1,55240953,4419276,59660229,0,1C25TUV/00000534
1C25TUV,00000535,1,24359362,1948749,26308111,0,1C25TUV/00000535
1C25TUV,00000536,1,29995370,2399630,32395000,0,1C25TUV/00000536
1C25TUV,00000537,1,2890000,231200,3121200,0,1C25TUV/00000537
1C25TUV,00000538,1,509259,40741,550000,0,1C25TUV/00000538
1C25TUV,00000539,1,138889,11111,150000,0,1C25TUV/00000539
1C25TUV,00000540,1,509259,40741,550000,0,1C25TUV/00000540
1C25TUV,00000541,1,76875000,6150000,83025000,0,1C25TUV/00000541
1C25TUV,00000542,1,138491235,11079299,149570534,0,1C25TUV/00000542
1C25TUV,00000543,1,63102769,5048222,68150991,0,1C25TUV/00000543
1C25TUV,00000544,1,52349074,4187926,56537000,0,1C25TUV/00000544
1C25TUV,00000701,1,159917836,12793427,172711263,0,1C25TUV/00000701
1C25TUV,00000702,1,95593519,7647482,103241001,0,1C25TUV/00000702
1C25TUV,00000703,1,499074,39926,539000,0,1C25TUV/00000703
1C25TUV,00000704,1,2573148,205852,2779000,0,1C25TUV/00000704
1C25TUV,00000705,1,4435333,354827,4790160,0,1C25TUV/00000705
1C25TUV,00000706,1,166165452,13293236,179458688,0,1C25TUV/00000706
1C25TUV,00000707,1,54988889,4399111,59388000,0,1C25TUV/00000707
1C25TUV,00000708,1,2994676,239574,3234250,0,1C25TUV/00000708
1C25TUV,00000709,1,155964815,12477185,168442000,0,1C25TUV/00000709
1C25TUV,00000710,1,254437544,20355004,274792548,0,1C25TUV/00000710
1C25TUV,00000711,1,9981481,798518,10779999,0,1C25TUV/00000711
1C25TUV,00000712,1,686111,54889,741000,0,1C25TUV/00000712
1C25TUV,00000713,1,129630,10370,140000,0,1C25TUV/00000713
1C25TUV,00000714,1,92593,7407,100000,0,1C25TUV/00000714
1C25TUV,00000715,1,2758332,220667,2978999,0,1C25TUV/00000715
1C25TUV,00000716,1,103583333,8286667,111870000,0,1C25TUV/00000716
1C25TUV,00000717,1,191984061,15358725,207342786,0,1C25TUV/00000717
1C25TUV,00000718,1,561204,44896,606100,0,1C25TUV/00000718
1C25TUV,00000719,1,106481,8518,114999,0,1C25TUV/00000719
1C25TUV,00000720,2,200730833,16058466,216789299,0,1C25TUV/00000720; 1C25TUV/00009456
1C25TUV,00000721,1,100104630,8008370,108113000,0,1C25TUV/00000721
1C25TUV,00000722,1,5808667,464693,6273360,0,1C25TUV/00000722
1C25TUV,00000723,1,1527778,122222,1650000,0,1C25TUV/00000723
1C25TUV,00000724,1,81539815,6523185,88063000,0,1C25TUV/00000724
1C25TUV,00000725,1,138276969,11062158,149339127,0,1C25TUV/00000725
1C25TUV,00000726,1,561204,44896,606100,0,1C25TUV/00000726
1C25TUV,00000727,1,138889,11111,150000,0,1C25TUV/00000727
1C25TUV,00000728,1,141768302,11341464,153109766,0,1C25TUV/00000728
1C25TUV,00000729,1,83901852,6712148,90614000,0,1C25TUV/00000729
1C25TUV,00000730,1,470744,37660,508404,0,1C25TUV/00000730
1C25TUV,00000731,1,64311839,5144947,69456786,0,1C25TUV/00000731
1C25TUV,00000732,1,51657407,4132593,55790000,0,1C25TUV/00000732
1C25TUV,00000733,1,375000,30000,405000,0,1C25TUV/00000733
1C25TUV,00000734,1,4690000,375200,5065200,0,1C25TUV/00000734
1C25TUV,00000735,1,60152778,4812222,64965000,0,1C25TUV/00000735
1C25TUV,00000736,1,106381377,8510510,114891887,0,1C25TUV/00000736
1C25TUV,00000737,1,98762845,7901028,106663873,0,1C25TUV/00000737
1C25TUV,00000738,1,77450000,6196000,83646000,0,1C25TUV/00000738
1C25TUV,00000739,1,453704,36296,490000,0,1C25TUV/00000739
1C25TUV,00000740,1,9432667,754613,10187280,0,1C25TUV/00000740
1C25TUV,00000741,1,79346704,6347736,85694440,0,1C25TUV/00000741
1C25TUV,00000742,1,129097471,10327798,139425269,0,1C25TUV/00000742
1C25TUV,00000743,1,1696033,135683,1831716,0,1C25TUV/00000743
1C25TUV,00000744,1,277778,22222,300000,0,1C25TUV/00000744
1C25TUV,00000745,1,823148,65852,889000,0,1C25TUV/00000745
1C25TUV,00000746,1,555556,44444,600000,0,1C25TUV/00000746
1C25TUV,00000747,1,462963,37037,500000,0,1C25TUV/00000747
1C25TUV,00000748,2,128172241,10253780,138426021,0,1C25TUV/00000748; 1C25TUV/00009457
1C25TUV,00000749,1,69787037,5582963,75370000,0,1C25TUV/00000749
1C25TUV,00000750,1,1682688,134615,1817303,0,1C25TUV/00000750
1C25TUV,00000751,1,628704,50296,679000,0,1C25TUV/00000751
1C25TUV,00000752,1,2212037,176963,2389000,0,1C25TUV/00000752
1C25TUV,00000753,1,91206481,7296518,98502999,0,1C25TUV/00000753
1C25TUV,00000754,1,146550912,11724073,158274985,0,1C25TUV/00000754
1C25TUV,00000755,1,131957389,10556591,142513980,0,1C25TUV/00000755
1C25TUV,00000756,1,61219648,4897572,66117220,0,1C25TUV/00000756
1C25TUV,00000757,1,561204,44896,606100,0,1C25TUV/00000757
1C25TUV,00000758,1,73457407,5876593,79334000,0,1C25TUV/00000758
1C25TUV,00000759,1,94766836,7581347,102348183,0,1C25TUV/00000759
1C25TUV,00000760,1,138889,11111,150000,0,1C25TUV/00000760
1C25TUV,00000761,1,0,0,0,1,1C25TUV/00000761
1C25TUV,00000762,1,2573148,205852,2779000,0,1C25TUV/00000762
1C25TUV,00000763,1,222222,17778,240000,0,1C25TUV/00000763
1C25TUV,00000764,1,2295370,183630,2479000,0,1C25TUV/00000764
1C25TUV,00000765,1,1039491,83159,1122650,0,1C25TUV/00000765
1C25TUV,00000766,1,63227778,5058222,68286000,0,1C25TUV/00000766
1C25TUV,00000767,1,122163360,9773069,131936429,0,1C25TUV/00000767
1C25TUV,00000768,1,138889,11111,150000,0,1C25TUV/00000768
1C25TUV,00000769,1,3379630,270370,3650000,0,1C25TUV/00000769
1C25TUV,00000770,1,82149074,6571926,88721000,0,1C25TUV/00000770
1C25TUV,00000771,1,118227140,9458171,127685311,0,1C25TUV/00000771
1C25TUV,00000772,1,870370,69630,940000,0,1C25TUV/00000772
1C25TUV,00000773,1,8101333,648107,8749440,0,1C25TUV/00000773
1C25TUV,00000774,1,60529630,4842370,65372000,0,1C25TUV/00000774
1C25TUV,00000775,1,125785867,10062869,135848736,0,1C25TUV/00000775
1C25TUV,00000776,1,1296296,103704,1400000,0,1C25TUV/00000776
1C25TUV,00000777,1,138889,11111,150000,0,1C25TUV/00000777
1C25TUV,00000778,1,138889,11111,150000,0,1C25TUV/00000778
1C25TUV,00000779,1,1212628,97010,1309638,0,1C25TUV/00000779
1C25TUV,00000780,1,139549791,11163983,150713774,0,1C25TUV/00000780
1C25TUV,00000781,1,91574074,7325926,98900000,0,1C25TUV/00000781
1C25TUV,00000782,1,83333,6667,90000,0,1C25TUV/00000782
1C25TUV,00000783,1,9168000,733440,9901440,0,1C25TUV/00000783
1C25TUV,00000792,1,124990557,9999245,134989802,0,1C25TUV/00000792
1C25TUV,00000793,1,94973352,7597868,102571220,0,1C25TUV/00000793
1C25TUV,00000823,1,1054630,84370,1139000,0,1C25TUV/00000823
1C25TUV,00000824,1,628704,50296,679000,0,1C25TUV/00000824
1C25TUV,00000825,1,1276852,102148,1379000,0,1C25TUV/00000825
1C25TUV,00000826,1,509258,40741,549999,0,1C25TUV/00000826
1C25TUV,00000827,1,628704,50296,679000,0,1C25TUV/00000827
1C25TUV,00000828,1,628704,50296,679000,0,1C25TUV/00000828
1C25TUV,00000829,1,221296,17704,239000,0,1C25TUV/00000829
1C25TUV,00000830,1,628704,50296,679000,0,1C25TUV/00000830
1C25TUV,00000831,1,582407,46593,629000,0,1C25TUV/00000831
1C25TUV,00000832,1,2295370,183630,2479000,0,1C25TUV/00000832
1C25TUV,00000833,1,499074,39926,539000,0,1C25TUV/00000833
1C25TUV,00000834,1,628704,50296,679000,0,1C25TUV/00000834
1C25TUV,00000835,1,0,0,0,1,1C25TUV/00000835
1C25TUV,00000836,1,604184,48335,652519,0,1C25TUV/00000836
1C25TUV,00000837,1,1223223,97858,1321081,0,1C25TUV/00000837
1C25TUV,00000838,1,604184,48335,652519,0,1C25TUV/00000838
1C25TUV,00000839,1,628704,50296,679000,0,1C25TUV/00000839
1C25TUV,00000840,1,1224074,97926,1322000,0,1C25TUV/00000840
1C25TUV,00000841,1,220370,17630,238000,0,1C25TUV/00000841
1C25TUV,00000842,1,1980556,158444,2139000,0,1C25TUV/00000842
1C25TUV,00000843,1,499073,39926,538999,0,1C25TUV/00000843
1C25TUV,00000844,1,628704,50296,679000,0,1C25TUV/00000844
1C25TUV,00000845,1,604184,48335,652519,0,1C25TUV/00000845
1C25TUV,00000846,1,981480,78518,1059998,0,1C25TUV/00000846
1C25TUV,00000847,1,604184,48335,652519,0,1C25TUV/00000847
1C25TUV,00000848,1,1702778,136222,1839000,0,1C25TUV/00000848
1C25TUV,00000849,1,499073,39926,538999,0,1C25TUV/00000849
1C25TUV,00000850,1,499073,39926,538999,0,1C25TUV/00000850
1C25TUV,00000851,1,604184,48335,652519,0,1C25TUV/00000851
1C25TUV,00000852,1,499074,39926,539000,0,1C25TUV/00000852
1C25TUV,00000853,1,604184,48335,652519,0,1C25TUV/00000853
1C25TUV,00000854,1,604184,48335,652519,0,1C25TUV/00000854
1C25TUV,00000855,1,675000,54000,729000,0,1C25TUV/00000855
1C25TUV,00000856,1,499074,39926,539000,0,1C25TUV/00000856
1C25TUV,00000857,1,2464187,197135,2661322,0,1C25TUV/00000857
1C25TUV,00000858,1,604184,48335,652519,0,1C25TUV/00000858
1C25TUV,00000859,1,499074,39926,539000,0,1C25TUV/00000859
1C25TUV,00000860,1,220370,17630,238000,0,1C25TUV/00000860
1C25TUV,00000861,1,499073,39926,538999,0,1C25TUV/00000861
1C25TUV,00000862,1,628704,50296,679000,0,1C25TUV/00000862
1C25TUV,00000863,1,1054629,84370,1138999,0,1C25TUV/00000863
1C25TUV,00000864,1,2295370,183630,2479000,0,1C25TUV/00000864
1C25TUV,00000865,1,2572221,205778,2777999,0,1C25TUV/00000865
1C25TUV,00000866,1,628704,50296,679000,0,1C25TUV/00000866
1C25TUV,00000867,1,628704,50296,679000,0,1C25TUV/00000867
1C25TUV,00000868,1,628704,50296,679000,0,1C25TUV/00000868
1C25TUV,00000869,1,1276852,102148,1379000,0,1C25TUV/00000869
1C25TUV,00000870,1,1276852,102148,1379000,0,1C25TUV/00000870
1C25TUV,00000871,1,961111,76889,1038000,0,1C25TUV/00000871
1C25TUV,00000872,1,2295370,183630,2479000,0,1C25TUV/00000872
1C25TUV,00000873,1,628704,50296,679000,0,1C25TUV/00000873
1C25TUV,00000874,1,1276852,102148,1379000,0,1C25TUV/00000874
1C25TUV,00000875,1,2572221,205778,2777999,0,1C25TUV/00000875
1C25TUV,00000876,1,628704,50296,679000,0,1C25TUV/00000876
1C25TUV,00000877,1,1702778,136222,1839000,0,1C25TUV/00000877
1C25TUV,00000878,1,1054630,84370,1139000,0,1C25TUV/00000878
1C25TUV,00000879,1,220370,17630,238000,0,1C25TUV/00000879
1C25TUV,00000880,1,1054630,84370,1139000,0,1C25TUV/00000880
1C25TUV,00000881,1,628704,50296,679000,0,1C25TUV/00000881
1C25TUV,00000882,1,628704,50296,679000,0,1C25TUV/00000882
1C25TUV,00000883,1,509259,40741,550000,0,1C25TUV/00000883
1C25TUV,00000884,1,2572221,205778,2777999,0,1C25TUV/00000884
1C25TUV,00000885,1,1044444,83556,1128000,0,1C25TUV/00000885
1C25TUV,00000886,1,2572221,205778,2777999,0,1C25TUV/00000886
1C25TUV,00000887,1,628704,50296,679000,0,1C25TUV/00000887
1C25TUV,00000888,1,1702778,136222,1839000,0,1C25TUV/00000888
1C25TUV,00000889,1,2295370,183630,2479000,0,1C25TUV/00000889
1C25TUV,00000890,1,1702778,136222,1839000,0,1C25TUV/00000890
1C25TUV,00000891,1,628704,50296,679000,0,1C25TUV/00000891
1C25TUV,00000892,1,2295370,183630,2479000,0,1C25TUV/00000892
1C25TUV,00000893,1,1276852,102148,1379000,0,1C25TUV/00000893
1C25TUV,00000894,1,2295370,183630,2479000,0,1C25TUV/00000894
1C25TUV,00000895,1,628704,50296,679000,0,1C25TUV/00000895
1C25TUV,00000896,1,1276852,102148,1379000,0,1C25TUV/00000896
1C25TUV,00000897,1,1276852,102148,1379000,0,1C25TUV/00000897
1C25TUV,00000898,1,1054630,84370,1139000,0,1C25TUV/00000898
1C25TUV,00000899,1,1054630,84370,1139000,0,1C25TUV/00000899
1C25TUV,00000900,1,220370,17630,238000,0,1C25TUV/00000900
1C25TUV,00000901,1,628704,50296,679000,0,1C25TUV/00000901
1C25TUV,00000902,1,499074,39926,539000,0,1C25TUV/00000902
1C25TUV,00000903,1,2572222,205778,2778000,0,1C25TUV/00000903
1C25TUV,00000904,1,509259,40741,550000,0,1C25TUV/00000904
1C25TUV,00000905,1,164815,13185,178000,0,1C25TUV/00000905
1C25TUV,00000906,1,499074,39926,539000,0,1C25TUV/00000906
1C25TUV,00000907,1,597269,47782,645051,0,1C25TUV/00000907
1C25TUV,00000908,1,452778,36222,489000,0,1C25TUV/00000908
1C25TUV,00000909,1,597269,47782,645051,0,1C25TUV/00000909
1C25TUV,00000910,1,597269,47782,645051,0,1C25TUV/00000910
1C25TUV,00000911,1,597269,47782,645051,0,1C25TUV/00000911
1C25TUV,00000912,1,1213008,97041,1310049,0,1C25TUV/00000912
1C25TUV,00000913,1,597269,47782,645051,0,1C25TUV/00000913
1C25TUV,00000914,1,597269,47782,645051,0,1C25TUV/00000914
1C25TUV,00000915,1,597269,47782,645051,0,1C25TUV/00000915
1C25TUV,00000916,1,597269,47782,645051,0,1C25TUV/00000916
1C25TUV,00000917,1,1213008,97041,1310049,0,1C25TUV/00000917
1C25TUV,00000918,1,597269,47782,645051,0,1C25TUV/00000918
1C25TUV,00000919,1,597269,47782,645051,0,1C25TUV/00000919
1C25TUV,00000920,1,1001897,80152,1082049,0,1C25TUV/00000920
1C25TUV,00000921,1,462037,36963,499000,0,1C25TUV/00000921
1C25TUV,00000922,1,597269,47782,645051,0,1C25TUV/00000922
1C25TUV,00000923,1,948239,75859,1024098,0,1C25TUV/00000923
1C25TUV,00000924,1,597269,47782,645051,0,1C25TUV/00000924
1C25TUV,00000925,1,452778,36222,489000,0,1C25TUV/00000925
1C25TUV,00000926,1,597269,47782,645051,0,1C25TUV/00000926
1C25TUV,00000927,1,509259,40741,550000,0,1C25TUV/00000927
1C25TUV,00000928,1,597269,47782,645051,0,1C25TUV/00000928
1C25TUV,00000929,1,474119,37930,512049,0,1C25TUV/00000929
1C25TUV,00000930,1,597269,47782,645051,0,1C25TUV/00000930
1C25TUV,00000931,1,1213008,97041,1310049,0,1C25TUV/00000931
1C25TUV,00000932,1,474120,37930,512050,0,1C25TUV/00000932
1C25TUV,00000933,1,1213008,97041,1310049,0,1C25TUV/00000933
1C25TUV,00000934,1,474119,37930,512049,0,1C25TUV/00000934
1C25TUV,00000935,1,1194537,95563,1290100,0,1C25TUV/00000935
1C25TUV,00000936,1,1001897,80152,1082049,0,1C25TUV/00000936
1C25TUV,00000937,1,1213008,97041,1310049,0,1C25TUV/00000937
1C25TUV,00000938,1,1213008,97041,1310049,0,1C25TUV/00000938
1C25TUV,00000939,1,4850925,388074,5238999,0,1C25TUV/00000939
1C25TUV,00000940,1,3591666,287333,3878999,0,1C25TUV/00000940
1C25TUV,00000941,1,2180602,174448,2355050,0,1C25TUV/00000941
1C25TUV,00000942,1,2443609,195489,2639098,0,1C25TUV/00000942
1C25TUV,00000943,1,2443609,195489,2639098,0,1C25TUV/00000943
1C25TUV,00000944,1,2180602,174448,2355050,0,1C25TUV/00000944
1C25TUV,00000945,1,2443609,195489,2639098,0,1C25TUV/00000945
1C25TUV,00000946,1,2443609,195489,2639098,0,1C25TUV/00000946
1C25TUV,00000947,1,2180602,174448,2355050,0,1C25TUV/00000947
1C25TUV,00000948,1,2180602,174448,2355050,0,1C25TUV/00000948
1C25TUV,00000949,1,1881528,150522,2032050,0,1C25TUV/00000949
1C25TUV,00000950,1,1881528,150522,2032050,0,1C25TUV/00000950
1C25TUV,00000951,1,2443609,195489,2639098,0,1C25TUV/00000951
1C25TUV,00000952,1,499073,39926,538999,0,1C25TUV/00000952
1C25TUV,00000953,1,385278,30822,416100,0,1C25TUV/00000953
1C25TUV,00000954,1,2924074,233926,3158000,0,1C25TUV/00000954
1C25TUV,00000955,1,2924074,233926,3158000,0,1C25TUV/00000955
1C25TUV,00000956,1,2758332,220667,2978999,0,1C25TUV/00000956
1C25TUV,00000957,1,1071388,85711,1157099,0,1C25TUV/00000957
1C25TUV,00000958,1,2573148,205852,2779000,0,1C25TUV/00000958
1C25TUV,00000959,1,2165741,173259,2339000,0,1C25TUV/00000959
1C25TUV,00000960,1,2573148,205852,2779000,0,1C25TUV/00000960
1C25TUV,00000961,1,3962037,316963,4279000,0,1C25TUV/00000961
1C25TUV,00000962,1,2165741,173259,2339000,0,1C25TUV/00000962
1C25TUV,00000963,1,877778,70222,948000,0,1C25TUV/00000963
1C25TUV,00000964,1,1795370,143630,1939000,0,1C25TUV/00000964
1C25TUV,00000965,1,738889,59111,798000,0,1C25TUV/00000965
1C25TUV,00000966,1,628704,50296,679000,0,1C25TUV/00000966
1C25TUV,00000967,1,628704,50296,679000,0,1C25TUV/00000967
1C25TUV,00000968,1,499074,39926,539000,0,1C25TUV/00000968
1C25TUV,00000969,1,1276852,102148,1379000,0,1C25TUV/00000969
1C25TUV,00000970,1,1276852,102148,1379000,0,1C25TUV/00000970
1C25TUV,00000971,1,1276852,102148,1379000,0,1C25TUV/00000971
1C25TUV,00000972,1,1980556,158444,2139000,0,1C25TUV/00000972
1C25TUV,00000973,1,628704,50296,679000,0,1C25TUV/00000973
1C25TUV,00000974,1,628704,50296,679000,0,1C25TUV/00000974
1C25TUV,00000975,1,2573148,205852,2779000,0,1C25TUV/00000975
1C25TUV,00000976,1,628704,50296,679000,0,1C25TUV/00000976
1C25TUV,00000977,1,462963,37037,500000,0,1C25TUV/00000977
1C25TUV,00000978,1,509259,40741,550000,0,1C25TUV/00000978
1C25TUV,00000979,1,1276852,102148,1379000,0,1C25TUV/00000979
1C25TUV,00000980,1,499074,39926,539000,0,1C25TUV/00000980
1C25TUV,00000981,1,2573148,205852,2779000,0,1C25TUV/00000981
1C25TUV,00000982,1,499074,39926,539000,0,1C25TUV/00000982
1C25TUV,00000983,1,1702778,136222,1839000,0,1C25TUV/00000983
1C25TUV,00000984,1,509259,40741,550000,0,1C25TUV/00000984
1C25TUV,00000985,1,998148,79852,1078000,0,1C25TUV/00000985
1C25TUV,00000986,1,509259,40741,550000,0,1C25TUV/00000986
1C25TUV,00000987,1,499074,39926,539000,0,1C25TUV/00000987
1C25TUV,00000988,1,509259,40741,550000,0,1C25TUV/00000988
1C25TUV,00000989,1,2573148,205852,2779000,0,1C25TUV/00000989
1C25TUV,00000990,1,628704,50296,679000,0,1C25TUV/00000990
1C25TUV,00000991,1,628704,50296,679000,0,1C25TUV/00000991
1C25TUV,00000992,1,628704,50296,679000,0,1C25TUV/00000992
1C25TUV,00000993,1,628704,50296,679000,0,1C25TUV/00000993
1C25TUV,00000994,1,628704,50296,679000,0,1C25TUV/00000994
1C25TUV,00000995,1,628704,50296,679000,0,1C25TUV/00000995
1C25TUV,00000996,1,628704,50296,679000,0,1C25TUV/00000996
1C25TUV,00000997,1,2573148,205852,2779000,0,1C25TUV/00000997
1C25TUV,00000998,1,1276852,102148,1379000,0,1C25TUV/00000998
1C25TUV,00000999,1,1276852,102148,1379000,0,1C25TUV/00000999
1C25TUV,00001000,1,628704,50296,679000,0,1C25TUV/00001000
1C25TUV,00001001,1,628704,50296,679000,0,1C25TUV/00001001
1C25TUV,00001002,1,1276852,102148,1379000,0,1C25TUV/00001002
1C25TUV,00001003,1,1276852,102148,1379000,0,1C25TUV/00001003
1C25TUV,00001004,1,628704,50296,679000,0,1C25TUV/00001004
1C25TUV,00001005,1,628704,50296,679000,0,1C25TUV/00001005
1C25TUV,00001006,1,628704,50296,679000,0,1C25TUV/00001006
1C25TUV,00001007,1,628704,50296,679000,0,1C25TUV/00001007
1C25TUV,00001008,1,499074,39926,539000,0,1C25TUV/00001008
1C25TUV,00001009,1,1276852,102148,1379000,0,1C25TUV/00001009
1C25TUV,00001010,1,1276852,102148,1379000,0,1C25TUV/00001010
1C25TUV,00001011,1,221296,17704,239000,0,1C25TUV/00001011
1C25TUV,00001012,1,499074,39926,539000,0,1C25TUV/00001012
1C25TUV,00001013,1,2994444,239556,3234000,0,1C25TUV/00001013
1C25TUV,00001014,1,628704,50296,679000,0,1C25TUV/00001014
1C25TUV,00001015,1,628704,50296,679000,0,1C25TUV/00001015
1C25TUV,00001016,1,499074,39926,539000,0,1C25TUV/00001016
1C25TUV,00001017,1,628704,50296,679000,0,1C25TUV/00001017
1C25TUV,00001018,1,2165741,173259,2339000,0,1C25TUV/00001018
1C25TUV,00001019,1,1276852,102148,1379000,0,1C25TUV/00001019
1C25TUV,00001020,1,499074,39926,539000,0,1C25TUV/00001020
1C25TUV,00001021,1,628704,50296,679000,0,1C25TUV/00001021
1C25TUV,00001022,1,1276852,102148,1379000,0,1C25TUV/00001022
1C25TUV,00001023,1,1276852,102148,1379000,0,1C25TUV/00001023
1C25TUV,00001024,1,998148,79852,1078000,0,1C25TUV/00001024
1C25TUV,00001025,1,499074,39926,539000,0,1C25TUV/00001025
1C25TUV,00001026,1,628704,50296,679000,0,1C25TUV/00001026
1C25TUV,00001027,1,2573148,205852,2779000,0,1C25TUV/00001027
1C25TUV,00001028,1,1276852,102148,1379000,0,1C25TUV/00001028
1C25TUV,00001029,1,628704,50296,679000,0,1C25TUV/00001029
1C25TUV,00001030,1,1054630,84370,1139000,0,1C25TUV/00001030
1C25TUV,00001031,1,628704,50296,679000,0,1C25TUV/00001031
1C25TUV,00001032,1,508333,40667,549000,0,1C25TUV/00001032
1C25TUV,00001033,1,499074,39926,539000,0,1C25TUV/00001033
1C25TUV,00001034,1,509259,40741,550000,0,1C25TUV/00001034
1C25TUV,00001035,1,628704,50296,679000,0,1C25TUV/00001035
1C25TUV,00001036,1,509259,40741,550000,0,1C25TUV/00001036
1C25TUV,00001037,1,4930000,394400,5324400,0,1C25TUV/00001037
1C25TUV,00001058,1,1702778,136222,1839000,0,1C25TUV/00001058
1C25TUV,00001059,1,998148,79852,1078000,0,1C25TUV/00001059
1C25TUV,00001060,1,2572221,205778,2777999,0,1C25TUV/00001060
1C25TUV,00001061,1,499074,39926,539000,0,1C25TUV/00001061
1C25TUV,00001062,1,628704,50296,679000,0,1C25TUV/00001062
1C25TUV,00001063,1,628704,50296,679000,0,1C25TUV/00001063
1C25TUV,00001064,1,628704,50296,679000,0,1C25TUV/00001064
1C25TUV,00001065,1,604184,48335,652519,0,1C25TUV/00001065
1C25TUV,00001066,1,604184,48335,652519,0,1C25TUV/00001066
1C25TUV,00001067,1,604184,48335,652519,0,1C25TUV/00001067
1C25TUV,00001068,1,675000,54000,729000,0,1C25TUV/00001068
1C25TUV,00001069,1,604184,48335,652519,0,1C25TUV/00001069
1C25TUV,00001070,1,2295370,183630,2479000,0,1C25TUV/00001070
1C25TUV,00001071,1,2464187,197135,2661322,0,1C25TUV/00001071
1C25TUV,00001072,1,675000,54000,729000,0,1C25TUV/00001072
1C25TUV,00001073,1,604184,48335,652519,0,1C25TUV/00001073
1C25TUV,00001074,1,604184,48335,652519,0,1C25TUV/00001074
1C25TUV,00001075,1,628704,50296,679000,0,1C25TUV/00001075
1C25TUV,00001076,1,628704,50296,679000,0,1C25TUV/00001076
1C25TUV,00001077,1,2572221,205778,2777999,0,1C25TUV/00001077
1C25TUV,00001078,1,1054630,84370,1139000,0,1C25TUV/00001078
1C25TUV,00001079,1,2572221,205778,2777999,0,1C25TUV/00001079
1C25TUV,00001080,1,628704,50296,679000,0,1C25TUV/00001080
1C25TUV,00001081,1,628704,50296,679000,0,1C25TUV/00001081
1C25TUV,00001082,1,628704,50296,679000,0,1C25TUV/00001082
1C25TUV,00001083,1,628704,50296,679000,0,1C25TUV/00001083
1C25TUV,00001084,1,628704,50296,679000,0,1C25TUV/00001084
1C25TUV,00001085,1,628704,50296,679000,0,1C25TUV/00001085
1C25TUV,00001086,1,499074,39926,539000,0,1C25TUV/00001086
1C25TUV,00001087,1,2295370,183630,2479000,0,1C25TUV/00001087
1C25TUV,00001088,1,509259,40741,550000,0,1C25TUV/00001088
1C25TUV,00001089,1,628704,50296,679000,0,1C25TUV/00001089
1C25TUV,00001090,1,628704,50296,679000,0,1C25TUV/00001090
1C25TUV,00001091,1,509259,40741,550000,0,1C25TUV/00001091
1C25TUV,00001092,1,2572221,205778,2777999,0,1C25TUV/00001092
1C25TUV,00001093,1,1702778,136222,1839000,0,1C25TUV/00001093
1C25TUV,00001094,1,509259,40741,550000,0,1C25TUV/00001094
1C25TUV,00001095,1,1276852,102148,1379000,0,1C25TUV/00001095
1C25TUV,00001096,1,628704,50296,679000,0,1C25TUV/00001096
1C25TUV,00001097,1,628704,50296,679000,0,1C25TUV/00001097
1C25TUV,00001098,1,628704,50296,679000,0,1C25TUV/00001098
1C25TUV,00001099,1,628704,50296,679000,0,1C25TUV/00001099
1C25TUV,00001100,1,628704,50296,679000,0,1C25TUV/00001100
1C25TUV,00001101,1,405556,32444,438000,0,1C25TUV/00001101
1C25TUV,00001102,1,2572221,205778,2777999,0,1C25TUV/00001102
1C25TUV,00001103,1,628704,50296,679000,0,1C25TUV/00001103
1C25TUV,00001104,1,628704,50296,679000,0,1C25TUV/00001104
1C25TUV,00001105,1,628704,50296,679000,0,1C25TUV/00001105
1C25TUV,00001106,1,164815,13185,178000,0,1C25TUV/00001106
1C25TUV,00001107,1,1702778,136222,1839000,0,1C25TUV/00001107
1C25TUV,00001108,1,628704,50296,679000,0,1C25TUV/00001108
1C25TUV,00001109,1,1276852,102148,1379000,0,1C25TUV/00001109
1C25TUV,00001110,1,164815,13185,178000,0,1C25TUV/00001110
1C25TUV,00001111,1,550972,44078,595050,0,1C25TUV/00001111
1C25TUV,00001112,1,597269,47782,645051,0,1C25TUV/00001112
1C25TUV,00001113,1,597269,47782,645051,0,1C25TUV/00001113
1C25TUV,00001114,1,597269,47782,645051,0,1C25TUV/00001114
1C25TUV,00001115,1,597269,47782,645051,0,1C25TUV/00001115
1C25TUV,00001116,1,597269,47782,645051,0,1C25TUV/00001116
1C25TUV,00001117,1,597269,47782,645051,0,1C25TUV/00001117
1C25TUV,00001118,1,597269,47782,645051,0,1C25TUV/00001118
1C25TUV,00001119,1,628703,50296,678999,0,1C25TUV/00001119
1C25TUV,00001120,1,597269,47782,645051,0,1C25TUV/00001120
1C25TUV,00001121,1,597269,47782,645051,0,1C25TUV/00001121
1C25TUV,00001122,1,597269,47782,645051,0,1C25TUV/00001122
1C25TUV,00001123,1,597269,47782,645051,0,1C25TUV/00001123
1C25TUV,00001124,1,597269,47782,645051,0,1C25TUV/00001124
1C25TUV,00001125,1,597269,47782,645051,0,1C25TUV/00001125
1C25TUV,00001126,1,597269,47782,645051,0,1C25TUV/00001126
1C25TUV,00001127,1,597269,47782,645051,0,1C25TUV/00001127
1C25TUV,00001128,1,1795369,143630,1938999,0,1C25TUV/00001128
1C25TUV,00001129,1,2443518,195481,2638999,0,1C25TUV/00001129
1C25TUV,00001130,1,1795369,143630,1938999,0,1C25TUV/00001130
1C25TUV,00001131,1,2443609,195489,2639098,0,1C25TUV/00001131
1C25TUV,00001132,1,2443609,195489,2639098,0,1C25TUV/00001132
1C25TUV,00001133,1,1881528,150522,2032050,0,1C25TUV/00001133
1C25TUV,00001134,1,1925100,154008,2079108,0,1C25TUV/00001134
1C25TUV,00001135,1,2443609,195489,2639098,0,1C25TUV/00001135
1C25TUV,00001136,1,2443609,195489,2639098,0,1C25TUV/00001136
1C25TUV,00001137,1,474119,37930,512049,0,1C25TUV/00001137
1C25TUV,00001138,1,474119,37930,512049,0,1C25TUV/00001138
1C25TUV,00001139,1,474119,37930,512049,0,1C25TUV/00001139
1C25TUV,00001140,1,1213008,97041,1310049,0,1C25TUV/00001140
1C25TUV,00001141,1,1213008,97041,1310049,0,1C25TUV/00001141
1C25TUV,00001142,1,1001897,80152,1082049,0,1C25TUV/00001142
1C25TUV,00001143,1,474120,37930,512050,0,1C25TUV/00001143
1C25TUV,00001144,1,474120,37930,512050,0,1C25TUV/00001144
1C25TUV,00001145,1,333333,26667,360000,0,1C25TUV/00001145
1C25TUV,00001146,1,648148,51852,700000,0,1C25TUV/00001146
1C25TUV,00001176,1,499074,39926,539000,0,1C25TUV/00001176
1C25TUV,00001177,1,1276852,102148,1379000,0,1C25TUV/00001177
1C25TUV,00001178,1,2443519,195482,2639001,0,1C25TUV/00001178
1C25TUV,00001179,1,628704,50296,679000,0,1C25TUV/00001179
1C25TUV,00001180,1,2573148,205852,2779000,0,1C25TUV/00001180
1C25TUV,00001181,1,499074,39926,539000,0,1C25TUV/00001181
1C25TUV,00001182,1,628704,50296,679000,0,1C25TUV/00001182
1C25TUV,00001183,1,628704,50296,679000,0,1C25TUV/00001183
1C25TUV,00001184,1,1054630,84370,1139000,0,1C25TUV/00001184
1C25TUV,00001185,1,628704,50296,679000,0,1C25TUV/00001185
1C25TUV,00001186,1,221296,17704,239000,0,1C25TUV/00001186
1C25TUV,00001187,1,499074,39926,539000,0,1C25TUV/00001187
1C25TUV,00001188,1,221296,17704,239000,0,1C25TUV/00001188
1C25TUV,00001189,1,462963,37037,500000,0,1C25TUV/00001189
1C25TUV,00001190,1,509259,40741,550000,0,1C25TUV/00001190
1C25TUV,00001191,1,508333,40667,549000,0,1C25TUV/00001191
1C25TUV,00001192,1,628704,50296,679000,0,1C25TUV/00001192
1C25TUV,00001193,1,2480556,198444,2679000,0,1C25TUV/00001193
1C25TUV,00001194,1,406481,32518,438999,0,1C25TUV/00001194
1C25TUV,00001195,1,499074,39926,539000,0,1C25TUV/00001195
1C25TUV,00001196,1,499074,39926,539000,0,1C25TUV/00001196
1C25TUV,00001197,1,499074,39926,539000,0,1C25TUV/00001197
1C25TUV,00001198,1,628704,50296,679000,0,1C25TUV/00001198
1C25TUV,00001199,1,628704,50296,679000,0,1C25TUV/00001199
1C25TUV,00001200,1,1054630,84370,1139000,0,1C25TUV/00001200
1C25TUV,00001201,1,1054630,84370,1139000,0,1C25TUV/00001201
1C25TUV,00001202,1,1702778,136222,1839000,0,1C25TUV/00001202
1C25TUV,00001203,1,1980556,158444,2139000,0,1C25TUV/00001203
1C25TUV,00001204,1,2165741,173259,2339000,0,1C25TUV/00001204
1C25TUV,00001205,1,2165741,173259,2339000,0,1C25TUV/00001205
1C25TUV,00001206,1,1980556,158444,2139000,0,1C25TUV/00001206
1C25TUV,00001207,1,1980556,158444,2139000,0,1C25TUV/00001207
1C25TUV,00001208,1,2573148,205852,2779000,0,1C25TUV/00001208
1C25TUV,00001209,1,2573148,205852,2779000,0,1C25TUV/00001209
1C25TUV,00001210,1,2573148,205852,2779000,0,1C25TUV/00001210
1C25TUV,00001211,1,2573148,205852,2779000,0,1C25TUV/00001211
1C25TUV,00001212,1,2573148,205852,2779000,0,1C25TUV/00001212
1C25TUV,00001213,1,2573148,205852,2779000,0,1C25TUV/00001213
1C25TUV,00001214,1,2573148,205852,2779000,0,1C25TUV/00001214
1C25TUV,00001215,1,2573148,205852,2779000,0,1C25TUV/00001215
1C25TUV,00001216,1,2443519,195482,2639001,0,1C25TUV/00001216
1C25TUV,00001217,1,1670976,133678,1804654,0,1C25TUV/00001217
1C25TUV,00001220,1,2165741,173259,2339000,0,1C25TUV/00001220
1C25TUV,00001255,1,165741,13259,179000,0,1C25TUV/00001255
1C25TUV,00001256,1,509259,40741,550000,0,1C25TUV/00001256
1C25TUV,00001258,1,509259,40741,550000,0,1C25TUV/00001258
1C25TUV,00001259,1,628704,50296,679000,0,1C25TUV/00001259
1C25TUV,00001260,1,499074,39926,539000,0,1C25TUV/00001260
1C25TUV,00001261,1,1276852,102148,1379000,0,1C25TUV/00001261
1C25TUV,00001262,1,628704,50296,679000,0,1C25TUV/00001262
1C25TUV,00001263,1,2573148,205852,2779000,0,1C25TUV/00001263
1C25TUV,00001264,1,499074,39926,539000,0,1C25TUV/00001264
1C25TUV,00001265,1,628704,50296,679000,0,1C25TUV/00001265
1C25TUV,00001266,1,1276852,102148,1379000,0,1C25TUV/00001266
1C25TUV,00001267,1,628704,50296,679000,0,1C25TUV/00001267
1C25TUV,00001268,1,1054630,84370,1139000,0,1C25TUV/00001268
1C25TUV,00001269,1,628704,50296,679000,0,1C25TUV/00001269
1C25TUV,00001270,1,1054630,84370,1139000,0,1C25TUV/00001270
1C25TUV,00001271,1,628704,50296,679000,0,1C25TUV/00001271
1C25TUV,00001272,1,499074,39926,539000,0,1C25TUV/00001272
1C25TUV,00001273,1,499074,39926,539000,0,1C25TUV/00001273
1C25TUV,00001274,1,221296,17704,239000,0,1C25TUV/00001274
1C25TUV,00001275,1,628704,50296,679000,0,1C25TUV/00001275
1C25TUV,00001276,1,2295370,183630,2479000,0,1C25TUV/00001276
1C25TUV,00001277,1,221296,17704,239000,0,1C25TUV/00001277
1C25TUV,00001278,1,462963,37037,500000,0,1C25TUV/00001278
1C25TUV,00001279,1,1276852,102148,1379000,0,1C25TUV/00001279
1C25TUV,00001280,1,508333,40667,549000,0,1C25TUV/00001280
1C25TUV,00001281,1,1276852,102148,1379000,0,1C25TUV/00001281
1C25TUV,00001282,1,1980556,158444,2139000,0,1C25TUV/00001282
1C25TUV,00001283,1,221296,17704,239000,0,1C25TUV/00001283
1C25TUV,00001284,1,508333,40667,549000,0,1C25TUV/00001284
1C25TUV,00001285,1,499074,39926,539000,0,1C25TUV/00001285
1C25TUV,00001286,1,1018519,81482,1100001,0,1C25TUV/00001286
1C25TUV,00001287,1,499074,39926,539000,0,1C25TUV/00001287
1C25TUV,00001288,1,499074,39926,539000,0,1C25TUV/00001288
1C25TUV,00001289,1,628704,50296,679000,0,1C25TUV/00001289
1C25TUV,00001290,1,628704,50296,679000,0,1C25TUV/00001290
1C25TUV,00001291,1,499074,39926,539000,0,1C25TUV/00001291
1C25TUV,00001292,1,2573148,205852,2779000,0,1C25TUV/00001292
1C25TUV,00001293,1,499074,39926,539000,0,1C25TUV/00001293
1C25TUV,00001294,1,1702778,136222,1839000,0,1C25TUV/00001294
1C25TUV,00001295,1,499074,39926,539000,0,1C25TUV/00001295
1C25TUV,00001296,1,628704,50296,679000,0,1C25TUV/00001296
1C25TUV,00001297,1,628704,50296,679000,0,1C25TUV/00001297
1C25TUV,00001298,1,499074,39926,539000,0,1C25TUV/00001298
1C25TUV,00001299,1,1702778,136222,1839000,0,1C25TUV/00001299
1C25TUV,00001300,1,2295370,183630,2479000,0,1C25TUV/00001300
1C25TUV,00001301,1,499074,39926,539000,0,1C25TUV/00001301
1C25TUV,00001302,1,2480556,198444,2679000,0,1C25TUV/00001302
1C25TUV,00001303,1,2480556,198444,2679000,0,1C25TUV/00001303
1C25TUV,00001304,1,2480556,198444,2679000,0,1C25TUV/00001304
1C25TUV,00001305,1,5830556,466444,6297000,0,1C25TUV/00001305
1C25TUV,00001306,1,2295370,183630,2479000,0,1C25TUV/00001306
1C25TUV,00001307,1,2573148,205852,2779000,0,1C25TUV/00001307
1C25TUV,00001308,1,2573148,205852,2779000,0,1C25TUV/00001308
1C25TUV,00001309,1,1980556,158444,2139000,0,1C25TUV/00001309
1C25TUV,00001310,1,1980556,158444,2139000,0,1C25TUV/00001310
1C25TUV,00001311,1,2573148,205852,2779000,0,1C25TUV/00001311
1C25TUV,00001312,1,2573148,205852,2779000,0,1C25TUV/00001312
1C25TUV,00001313,1,2573148,205852,2779000,0,1C25TUV/00001313
1C25TUV,00001314,1,2573148,205852,2779000,0,1C25TUV/00001314
1C25TUV,00001315,1,2165741,173259,2339000,0,1C25TUV/00001315
1C25TUV,00001316,1,2573148,205852,2779000,0,1C25TUV/00001316
1C25TUV,00001317,1,2573148,205852,2779000,0,1C25TUV/00001317
1C25TUV,00001318,1,1980556,158444,2139000,0,1C25TUV/00001318
1C25TUV,00001319,1,3962037,316963,4279000,0,1C25TUV/00001319
1C25TUV,00001320,1,2165741,173259,2339000,0,1C25TUV/00001320
1C25TUV,00001321,1,2573148,205852,2779000,0,1C25TUV/00001321
1C25TUV,00001322,1,2573148,205852,2779000,0,1C25TUV/00001322
1C25TUV,00001323,1,2573148,205852,2779000,0,1C25TUV/00001323
1C25TUV,00001324,1,1702778,136222,1839000,0,1C25TUV/00001324
1C25TUV,00001325,1,2295370,183630,2479000,0,1C25TUV/00001325
1C25TUV,00001326,1,2998148,239852,3238000,0,1C25TUV/00001326
1C25TUV,00001327,1,3036111,242889,3279000,0,1C25TUV/00001327
1C25TUV,00001328,1,406481,32518,438999,0,1C25TUV/00001328
1C25TUV,00001329,1,1543519,123482,1667001,0,1C25TUV/00001329
1C25TUV,00001330,1,628704,50296,679000,0,1C25TUV/00001330
1C25TUV,00001331,1,628704,50296,679000,0,1C25TUV/00001331
1C25TUV,00001332,1,628704,50296,679000,0,1C25TUV/00001332
1C25TUV,00001333,1,1276852,102148,1379000,0,1C25TUV/00001333
1C25TUV,00001334,1,1276852,102148,1379000,0,1C25TUV/00001334
1C25TUV,00001335,1,1276852,102148,1379000,0,1C25TUV/00001335
1C25TUV,00001336,1,1369444,109556,1479000,0,1C25TUV/00001336
1C25TUV,00001337,1,1276852,102148,1379000,0,1C25TUV/00001337
1C25TUV,00001338,1,1054630,84370,1139000,0,1C25TUV/00001338
1C25TUV,00001339,1,1054630,84370,1139000,0,1C25TUV/00001339
1C25TUV,00001340,1,1054630,84370,1139000,0,1C25TUV/00001340
1C25TUV,00001341,1,1147222,91778,1239000,0,1C25TUV/00001341
1C25TUV,00001342,1,2443519,195482,2639001,0,1C25TUV/00001342
1C25TUV,00001343,1,628704,50296,679000,0,1C25TUV/00001343
1C25TUV,00001344,1,628704,50296,679000,0,1C25TUV/00001344
1C25TUV,00001345,1,675000,54000,729000,0,1C25TUV/00001345
1C25TUV,00001346,1,628704,50296,679000,0,1C25TUV/00001346
1C25TUV,00001347,1,628704,50296,679000,0,1C25TUV/00001347
1C25TUV,00001348,2,675000,54000,729000,1,1C25TUV/00001348; 1C25TUV/00006108
1C25TUV,00001349,1,628704,50296,679000,0,1C25TUV/00001349
1C25TUV,00001350,1,628704,50296,679000,0,1C25TUV/00001350
1C25TUV,00001351,1,628704,50296,679000,0,1C25TUV/00001351
1C25TUV,00001352,1,499074,39926,539000,0,1C25TUV/00001352
1C25TUV,00001353,1,499074,39926,539000,0,1C25TUV/00001353
1C25TUV,00001354,1,499074,39926,539000,0,1C25TUV/00001354
1C25TUV,00001355,1,499074,39926,539000,0,1C25TUV/00001355
1C25TUV,00001356,1,499074,39926,539000,0,1C25TUV/00001356
1C25TUV,00001357,1,499074,39926,539000,0,1C25TUV/00001357
1C25TUV,00001358,1,499074,39926,539000,0,1C25TUV/00001358
1C25TUV,00001370,1,7577772,606222,8183994,0,1C25TUV/00001370
1C25TUV,00001371,1,2295370,183630,2479000,0,1C25TUV/00001371
1C25TUV,00001372,1,3036110,242889,3278999,0,1C25TUV/00001372
1C25TUV,00001373,1,499074,39926,539000,0,1C25TUV/00001373
1C25TUV,00001374,1,1134519,90762,1225281,0,1C25TUV/00001374
1C25TUV,00001375,1,1223223,97858,1321081,0,1C25TUV/00001375
1C25TUV,00001376,1,1896485,151719,2048204,0,1C25TUV/00001376
1C25TUV,00001377,1,604184,48335,652519,0,1C25TUV/00001377
1C25TUV,00001378,1,499073,39926,538999,0,1C25TUV/00001378
1C25TUV,00001379,1,2295370,183630,2479000,0,1C25TUV/00001379
1C25TUV,00001380,1,1276852,102148,1379000,0,1C25TUV/00001380
1C25TUV,00001381,1,675000,54000,729000,0,1C25TUV/00001381
1C25TUV,00001382,1,628704,50296,679000,0,1C25TUV/00001382
1C25TUV,00001383,1,628704,50296,679000,0,1C25TUV/00001383
1C25TUV,00001384,1,628704,50296,679000,0,1C25TUV/00001384
1C25TUV,00001385,1,628704,50296,679000,0,1C25TUV/00001385
1C25TUV,00001386,1,1054630,84370,1139000,0,1C25TUV/00001386
1C25TUV,00001387,1,628704,50296,679000,0,1C25TUV/00001387
1C25TUV,00001388,1,628704,50296,679000,0,1C25TUV/00001388
1C25TUV,00001389,1,1276852,102148,1379000,0,1C25TUV/00001389
1C25TUV,00001390,1,628704,50296,679000,0,1C25TUV/00001390
1C25TUV,00001391,1,1276852,102148,1379000,0,1C25TUV/00001391
1C25TUV,00001392,1,628704,50296,679000,0,1C25TUV/00001392
1C25TUV,00001393,1,628704,50296,679000,0,1C25TUV/00001393
1C25TUV,00001394,1,1702778,136222,1839000,0,1C25TUV/00001394
1C25TUV,00001395,1,628704,50296,679000,0,1C25TUV/00001395
1C25TUV,00001396,1,164815,13185,178000,0,1C25TUV/00001396
1C25TUV,00001397,1,499074,39926,539000,0,1C25TUV/00001397
1C25TUV,00001398,1,499074,39926,539000,0,1C25TUV/00001398
1C25TUV,00001399,1,210231,16818,227049,0,1C25TUV/00001399
1C25TUV,00001400,1,597269,47782,645051,0,1C25TUV/00001400
1C25TUV,00001401,1,509259,40741,550000,0,1C25TUV/00001401
1C25TUV,00001402,1,157454,12596,170050,0,1C25TUV/00001402
1C25TUV,00001403,1,509259,40741,550000,0,1C25TUV/00001403
1C25TUV,00001404,1,157454,12596,170050,0,1C25TUV/00001404
1C25TUV,00001405,1,210231,16818,227049,0,1C25TUV/00001405
1C25TUV,00001406,1,1001897,80152,1082049,0,1C25TUV/00001406
1C25TUV,00001407,1,606070,48486,654556,0,1C25TUV/00001407
1C25TUV,00001408,1,1054630,84370,1139000,0,1C25TUV/00001408
1C25TUV,00001409,1,606070,48486,654556,0,1C25TUV/00001409
1C25TUV,00001410,1,606070,48486,654556,0,1C25TUV/00001410
1C25TUV,00001411,1,628704,50296,679000,0,1C25TUV/00001411
1C25TUV,00001412,1,509259,40741,550000,0,1C25TUV/00001412
1C25TUV,00001413,1,675000,54000,729000,0,1C25TUV/00001413
1C25TUV,00001414,1,1276851,102148,1378999,0,1C25TUV/00001414
1C25TUV,00001415,1,628704,50296,679000,0,1C25TUV/00001415
1C25TUV,00001416,1,1276851,102148,1378999,0,1C25TUV/00001416
1C25TUV,00001417,1,1276851,102148,1378999,0,1C25TUV/00001417
1C25TUV,00001418,1,499073,39926,538999,0,1C25TUV/00001418
1C25TUV,00001419,1,2180602,174448,2355050,0,1C25TUV/00001419
1C25TUV,00001420,1,2443609,195489,2639098,0,1C25TUV/00001420
1C25TUV,00001421,1,1489860,119189,1609049,0,1C25TUV/00001421
1C25TUV,00001422,1,3851898,308152,4160050,0,1C25TUV/00001422
1C25TUV,00001423,1,1617639,129411,1747050,0,1C25TUV/00001423
1C25TUV,00001424,1,1881528,150522,2032050,0,1C25TUV/00001424
1C25TUV,00001425,1,1881528,150522,2032050,0,1C25TUV/00001425
1C25TUV,00001426,1,2443609,195489,2639098,0,1C25TUV/00001426
1C25TUV,00001427,1,1617639,129411,1747050,0,1C25TUV/00001427
1C25TUV,00001428,1,1881528,150522,2032050,0,1C25TUV/00001428
1C25TUV,00001429,1,1617639,129411,1747050,0,1C25TUV/00001429
1C25TUV,00001430,1,2443609,195489,2639098,0,1C25TUV/00001430
1C25TUV,00001431,1,2180602,174448,2355050,0,1C25TUV/00001431
1C25TUV,00001432,1,1881528,150522,2032050,0,1C25TUV/00001432
1C25TUV,00001433,1,2295370,183630,2479000,0,1C25TUV/00001433
1C25TUV,00001434,1,1702778,136222,1839000,0,1C25TUV/00001434
1C25TUV,00001435,1,2180602,174448,2355050,0,1C25TUV/00001435
1C25TUV,00001436,1,1881528,150522,2032050,0,1C25TUV/00001436
1C25TUV,00001437,1,2443609,195489,2639098,0,1C25TUV/00001437
1C25TUV,00001438,1,1881528,150522,2032050,0,1C25TUV/00001438
1C25TUV,00001439,1,2443609,195489,2639098,0,1C25TUV/00001439
1C25TUV,00001440,1,2443609,195489,2639098,0,1C25TUV/00001440
1C25TUV,00001441,1,2443609,195489,2639098,0,1C25TUV/00001441
1C25TUV,00001442,1,948239,75859,1024098,0,1C25TUV/00001442
1C25TUV,00001443,1,597269,47782,645051,0,1C25TUV/00001443
1C25TUV,00001444,1,597269,47782,645051,0,1C25TUV/00001444
1C25TUV,00001445,1,597269,47782,645051,0,1C25TUV/00001445
1C25TUV,00001446,1,443519,35482,479001,0,1C25TUV/00001446
1C25TUV,00001447,1,443519,35482,479001,0,1C25TUV/00001447
1C25TUV,00001448,1,597269,47782,645051,0,1C25TUV/00001448
1C25TUV,00001449,1,443519,35482,479001,0,1C25TUV/00001449
1C25TUV,00001450,1,597269,47782,645051,0,1C25TUV/00001450
1C25TUV,00001451,1,600926,48074,649000,0,1C25TUV/00001451
1C25TUV,00001452,1,600926,48074,649000,0,1C25TUV/00001452
1C25TUV,00001453,1,597269,47782,645051,0,1C25TUV/00001453
1C25TUV,00001454,1,597269,47782,645051,0,1C25TUV/00001454
1C25TUV,00001455,1,1213008,97041,1310049,0,1C25TUV/00001455
1C25TUV,00001456,1,597269,47782,645051,0,1C25TUV/00001456
1C25TUV,00001457,1,597269,47782,645051,0,1C25TUV/00001457
1C25TUV,00001458,1,1213008,97041,1310049,0,1C25TUV/00001458
1C25TUV,00001459,1,597269,47782,645051,0,1C25TUV/00001459
1C25TUV,00001460,1,443519,35482,479001,0,1C25TUV/00001460
1C25TUV,00001461,1,443519,35482,479001,0,1C25TUV/00001461
1C25TUV,00001462,1,443519,35482,479001,0,1C25TUV/00001462
1C25TUV,00001463,1,443519,35482,479001,0,1C25TUV/00001463
1C25TUV,00001464,1,443519,35482,479001,0,1C25TUV/00001464
1C25TUV,00001465,1,443519,35482,479001,0,1C25TUV/00001465
1C25TUV,00001466,1,443519,35482,479001,0,1C25TUV/00001466
1C25TUV,00001467,1,443519,35482,479001,0,1C25TUV/00001467
1C25TUV,00001468,1,443519,35482,479001,0,1C25TUV/00001468
1C25TUV,00001469,1,443519,35482,479001,0,1C25TUV/00001469
1C25TUV,00001470,1,443519,35482,479001,0,1C25TUV/00001470
1C25TUV,00001471,1,443519,35482,479001,0,1C25TUV/00001471
1C25TUV,00001472,1,443519,35482,479001,0,1C25TUV/00001472
1C25TUV,00001473,1,443519,35482,479001,0,1C25TUV/00001473
1C25TUV,00001474,1,443519,35482,479001,0,1C25TUV/00001474
1C25TUV,00001475,1,443519,35482,479001,0,1C25TUV/00001475
1C25TUV,00001476,1,443519,35482,479001,0,1C25TUV/00001476
1C25TUV,00001477,1,443519,35482,479001,0,1C25TUV/00001477
1C25TUV,00001478,1,887037,70963,958000,0,1C25TUV/00001478
1C25TUV,00001479,1,1001897,80152,1082049,0,1C25TUV/00001479
1C25TUV,00001480,1,442593,35407,478000,0,1C25TUV/00001480
1C25TUV,00001481,1,597269,47782,645051,0,1C25TUV/00001481
1C25TUV,00001482,1,597269,47782,645051,0,1C25TUV/00001482
1C25TUV,00001483,1,474119,37930,512049,0,1C25TUV/00001483
1C25TUV,00001484,1,1213008,97041,1310049,0,1C25TUV/00001484
1C25TUV,00001485,1,1001897,80152,1082049,0,1C25TUV/00001485
1C25TUV,00001486,1,597269,47782,645051,0,1C25TUV/00001486
1C25TUV,00001487,1,597269,47782,645051,0,1C25TUV/00001487
1C25TUV,00001488,1,597269,47782,645051,0,1C25TUV/00001488
1C25TUV,00001489,1,597269,47782,645051,0,1C25TUV/00001489
1C25TUV,00001490,1,597269,47782,645051,0,1C25TUV/00001490
1C25TUV,00001491,1,597269,47782,645051,0,1C25TUV/00001491
1C25TUV,00001492,1,597269,47782,645051,0,1C25TUV/00001492
1C25TUV,00001493,1,597269,47782,645051,0,1C25TUV/00001493
1C25TUV,00001494,1,597269,47782,645051,0,1C25TUV/00001494
1C25TUV,00001495,1,1001897,80152,1082049,0,1C25TUV/00001495
1C25TUV,00001496,1,597269,47782,645051,0,1C25TUV/00001496
1C25TUV,00001497,1,597269,47782,645051,0,1C25TUV/00001497
1C25TUV,00001498,1,597269,47782,645051,0,1C25TUV/00001498
1C25TUV,00001499,1,597269,47782,645051,0,1C25TUV/00001499
1C25TUV,00001500,1,597269,47782,645051,0,1C25TUV/00001500
1C25TUV,00001501,1,474119,37930,512049,0,1C25TUV/00001501
1C25TUV,00001502,1,1001897,80152,1082049,0,1C25TUV/00001502
1C25TUV,00001503,1,1001897,80152,1082049,0,1C25TUV/00001503
1C25TUV,00001504,1,474119,37930,512049,0,1C25TUV/00001504
1C25TUV,00001505,1,1818609,145489,1964098,0,1C25TUV/00001505
1C25TUV,00001506,1,1213008,97041,1310049,0,1C25TUV/00001506
1C25TUV,00001507,1,597269,47782,645051,0,1C25TUV/00001507
1C25TUV,00001508,1,675000,54000,729000,0,1C25TUV/00001508
1C25TUV,00001509,1,480556,38444,519000,0,1C25TUV/00001509
1C25TUV,00001510,1,600926,48074,649000,0,1C25TUV/00001510
1C25TUV,00001511,1,600926,48074,649000,0,1C25TUV/00001511
1C25TUV,00001512,1,480556,38444,519000,0,1C25TUV/00001512
1C25TUV,00001513,1,600926,48074,649000,0,1C25TUV/00001513
1C25TUV,00001514,1,597269,47782,645051,0,1C25TUV/00001514
1C25TUV,00001515,1,597269,47782,645051,0,1C25TUV/00001515
1C25TUV,00001516,1,597269,47782,645051,0,1C25TUV/00001516
1C25TUV,00001517,1,597269,47782,645051,0,1C25TUV/00001517
1C25TUV,00001518,1,597269,47782,645051,0,1C25TUV/00001518
1C25TUV,00001519,1,1213008,97041,1310049,0,1C25TUV/00001519
1C25TUV,00001520,1,597269,47782,645051,0,1C25TUV/00001520
1C25TUV,00001521,1,597269,47782,645051,0,1C25TUV/00001521
1C25TUV,00001522,1,474120,37930,512050,0,1C25TUV/00001522
1C25TUV,00001523,1,1001897,80152,1082049,0,1C25TUV/00001523
1C25TUV,00001524,1,1001897,80152,1082049,0,1C25TUV/00001524
1C25TUV,00001525,1,597269,47782,645051,0,1C25TUV/00001525
1C25TUV,00001526,1,597269,47782,645051,0,1C25TUV/00001526
1C25TUV,00001527,1,597269,47782,645051,0,1C25TUV/00001527
1C25TUV,00001528,1,597269,47782,645051,0,1C25TUV/00001528
1C25TUV,00001529,1,2647221,211778,2858999,0,1C25TUV/00001529
1C25TUV,00001530,1,1018518,81481,1099999,0,1C25TUV/00001530
1C25TUV,00001531,1,407407,32593,440000,0,1C25TUV/00001531
1C25TUV,00001532,1,561204,44896,606100,0,1C25TUV/00001532
1C25TUV,00001568,1,1702778,136222,1839000,0,1C25TUV/00001568
1C25TUV,00001569,1,1054630,84370,1139000,0,1C25TUV/00001569
1C25TUV,00001570,1,499074,39926,539000,0,1C25TUV/00001570
1C25TUV,00001571,1,499074,39926,539000,0,1C25TUV/00001571
1C25TUV,00001572,1,628704,50296,679000,0,1C25TUV/00001572
1C25TUV,00001573,1,462963,37037,500000,0,1C25TUV/00001573
1C25TUV,00001574,1,508333,40667,549000,0,1C25TUV/00001574
1C25TUV,00001575,1,499074,39926,539000,0,1C25TUV/00001575
1C25TUV,00001576,1,499074,39926,539000,0,1C25TUV/00001576
1C25TUV,00001577,1,628704,50296,679000,0,1C25TUV/00001577
1C25TUV,00001578,1,962037,76963,1039000,0,1C25TUV/00001578
1C25TUV,00001579,1,509259,40741,550000,0,1C25TUV/00001579
1C25TUV,00001580,1,499074,39926,539000,0,1C25TUV/00001580
1C25TUV,00001581,1,499074,39926,539000,0,1C25TUV/00001581
1C25TUV,00001582,1,499074,39926,539000,0,1C25TUV/00001582
1C25TUV,00001583,1,628704,50296,679000,0,1C25TUV/00001583
1C25TUV,00001584,1,628704,50296,679000,0,1C25TUV/00001584
1C25TUV,00001585,1,628704,50296,679000,0,1C25TUV/00001585
1C25TUV,00001586,1,239815,19185,259000,0,1C25TUV/00001586
1C25TUV,00001587,1,545370,43630,589000,0,1C25TUV/00001587
1C25TUV,00001588,1,675000,54000,729000,0,1C25TUV/00001588
1C25TUV,00001589,1,628704,50296,679000,0,1C25TUV/00001589
1C25TUV,00001590,1,628704,50296,679000,0,1C25TUV/00001590
1C25TUV,00001591,1,499074,39926,539000,0,1C25TUV/00001591
1C25TUV,00001592,1,509259,40741,550000,0,1C25TUV/00001592
1C25TUV,00001593,1,499074,39926,539000,0,1C25TUV/00001593
1C25TUV,00001594,1,1543519,123482,1667001,0,1C25TUV/00001594
1C25TUV,00001595,1,499074,39926,539000,0,1C25TUV/00001595
1C25TUV,00001596,1,628704,50296,679000,0,1C25TUV/00001596
1C25TUV,00001597,1,675000,54000,729000,0,1C25TUV/00001597
1C25TUV,00001598,1,738889,59111,798000,0,1C25TUV/00001598
1C25TUV,00001599,1,2573148,205852,2779000,0,1C25TUV/00001599
1C25TUV,00001600,1,499074,39926,539000,0,1C25TUV/00001600
1C25TUV,00001601,1,499074,39926,539000,0,1C25TUV/00001601
1C25TUV,00001602,1,1090741,87259,1178000,0,1C25TUV/00001602
1C25TUV,00001603,1,628704,50296,679000,0,1C25TUV/00001603
1C25TUV,00001604,1,509259,40741,550000,0,1C25TUV/00001604
1C25TUV,00001605,1,2295370,183630,2479000,0,1C25TUV/00001605
1C25TUV,00001606,1,499074,39926,539000,0,1C25TUV/00001606
1C25TUV,00001607,1,2573148,205852,2779000,0,1C25TUV/00001607
1C25TUV,00001608,1,628704,50296,679000,0,1C25TUV/00001608
1C25TUV,00001609,1,499074,39926,539000,0,1C25TUV/00001609
1C25TUV,00001610,1,1054630,84370,1139000,0,1C25TUV/00001610
1C25TUV,00001611,1,1980556,158444,2139000,0,1C25TUV/00001611
1C25TUV,00001612,1,3962037,316963,4279000,0,1C25TUV/00001612
1C25TUV,00001613,1,2573148,205852,2779000,0,1C25TUV/00001613
1C25TUV,00001614,1,1702778,136222,1839000,0,1C25TUV/00001614
1C25TUV,00001615,1,1980556,158444,2139000,0,1C25TUV/00001615
1C25TUV,00001616,1,2573148,205852,2779000,0,1C25TUV/00001616
1C25TUV,00001617,1,2573148,205852,2779000,0,1C25TUV/00001617
1C25TUV,00001618,1,2573148,205852,2779000,0,1C25TUV/00001618
1C25TUV,00001619,1,1127778,90222,1218000,0,1C25TUV/00001619
1C25TUV,00001620,1,406481,32518,438999,0,1C25TUV/00001620
1C25TUV,00001621,1,1369444,109556,1479000,0,1C25TUV/00001621
1C25TUV,00001622,1,1276852,102148,1379000,0,1C25TUV/00001622
1C25TUV,00001623,1,1276852,102148,1379000,0,1C25TUV/00001623
1C25TUV,00001624,1,1369444,109556,1479000,0,1C25TUV/00001624
1C25TUV,00001625,1,1276852,102148,1379000,0,1C25TUV/00001625
1C25TUV,00001626,1,1276852,102148,1379000,0,1C25TUV/00001626
1C25TUV,00001627,1,1054630,84370,1139000,0,1C25TUV/00001627
1C25TUV,00001628,1,2443519,195482,2639001,0,1C25TUV/00001628
1C25TUV,00001629,1,3036111,242889,3279000,0,1C25TUV/00001629
1C25TUV,00001635,1,2572221,205778,2777999,0,1C25TUV/00001635
1C25TUV,00001636,1,604184,48335,652519,0,1C25TUV/00001636
1C25TUV,00001637,1,2572220,205778,2777998,0,1C25TUV/00001637
1C25TUV,00001638,1,1054630,84370,1139000,0,1C25TUV/00001638
1C25TUV,00001639,1,499074,39926,539000,0,1C25TUV/00001639
1C25TUV,00001640,1,1276852,102148,1379000,0,1C25TUV/00001640
1C25TUV,00001641,1,628704,50296,679000,0,1C25TUV/00001641
1C25TUV,00001642,1,1054630,84370,1139000,0,1C25TUV/00001642
1C25TUV,00001643,1,2572221,205778,2777999,0,1C25TUV/00001643
1C25TUV,00001644,1,628704,50296,679000,0,1C25TUV/00001644
1C25TUV,00001645,1,2295370,183630,2479000,0,1C25TUV/00001645
1C25TUV,00001646,1,1054630,84370,1139000,0,1C25TUV/00001646
1C25TUV,00001647,1,597269,47782,645051,0,1C25TUV/00001647
1C25TUV,00001648,1,597269,47782,645051,0,1C25TUV/00001648
1C25TUV,00001649,1,474120,37930,512050,0,1C25TUV/00001649
1C25TUV,00001650,1,597269,47782,645051,0,1C25TUV/00001650
1C25TUV,00001651,1,597269,47782,645051,0,1C25TUV/00001651
1C25TUV,00001652,1,452778,36222,489000,0,1C25TUV/00001652
1C25TUV,00001653,1,597269,47782,645051,0,1C25TUV/00001653
1C25TUV,00001654,1,1213008,97041,1310049,0,1C25TUV/00001654
1C25TUV,00001655,1,597269,47782,645051,0,1C25TUV/00001655
1C25TUV,00001656,1,597269,47782,645051,0,1C25TUV/00001656
1C25TUV,00001657,1,597269,47782,645051,0,1C25TUV/00001657
1C25TUV,00001658,1,597269,47782,645051,0,1C25TUV/00001658
1C25TUV,00001659,1,597269,47782,645051,0,1C25TUV/00001659
1C25TUV,00001660,1,597269,47782,645051,0,1C25TUV/00001660
1C25TUV,00001661,1,597269,47782,645051,0,1C25TUV/00001661
1C25TUV,00001662,1,597269,47782,645051,0,1C25TUV/00001662
1C25TUV,00001663,1,1213008,97041,1310049,0,1C25TUV/00001663
1C25TUV,00001664,1,597269,47782,645051,0,1C25TUV/00001664
1C25TUV,00001665,1,597269,47782,645051,0,1C25TUV/00001665
1C25TUV,00001666,1,597269,47782,645051,0,1C25TUV/00001666
1C25TUV,00001667,1,597269,47782,645051,0,1C25TUV/00001667
1C25TUV,00001668,1,597269,47782,645051,0,1C25TUV/00001668
1C25TUV,00001669,1,597269,47782,645051,0,1C25TUV/00001669
1C25TUV,00001670,1,597269,47782,645051,0,1C25TUV/00001670
1C25TUV,00001671,1,597269,47782,645051,0,1C25TUV/00001671
1C25TUV,00001672,1,597269,47782,645051,0,1C25TUV/00001672
1C25TUV,00001673,1,474120,37930,512050,0,1C25TUV/00001673
1C25TUV,00001674,1,597269,47782,645051,0,1C25TUV/00001674
1C25TUV,00001675,1,597269,47782,645051,0,1C25TUV/00001675
1C25TUV,00001676,1,597269,47782,645051,0,1C25TUV/00001676
1C25TUV,00001677,1,597269,47782,645051,0,1C25TUV/00001677
1C25TUV,00001678,1,1001897,80152,1082049,0,1C25TUV/00001678
1C25TUV,00001679,1,474119,37930,512049,0,1C25TUV/00001679
1C25TUV,00001680,1,449099,35928,485027,0,1C25TUV/00001680
1C25TUV,00001681,1,474120,37930,512050,0,1C25TUV/00001681
1C25TUV,00001682,1,1213008,97041,1310049,0,1C25TUV/00001682
1C25TUV,00001683,1,1213008,97041,1310049,0,1C25TUV/00001683
1C25TUV,00001684,1,675000,54000,729000,0,1C25TUV/00001684
1C25TUV,00001685,1,1001897,80152,1082049,0,1C25TUV/00001685
1C25TUV,00001686,1,597269,47782,645051,0,1C25TUV/00001686
1C25TUV,00001687,1,597269,47782,645051,0,1C25TUV/00001687
1C25TUV,00001688,1,597269,47782,645051,0,1C25TUV/00001688
1C25TUV,00001689,1,597269,47782,645051,0,1C25TUV/00001689
1C25TUV,00001690,1,597269,47782,645051,0,1C25TUV/00001690
1C25TUV,00001691,1,597269,47782,645051,0,1C25TUV/00001691
1C25TUV,00001692,1,1001897,80152,1082049,0,1C25TUV/00001692
1C25TUV,00001693,1,611100,48888,659988,0,1C25TUV/00001693
1C25TUV,00001694,1,452778,36222,489000,0,1C25TUV/00001694
1C25TUV,00001695,1,496296,39704,536000,0,1C25TUV/00001695
1C25TUV,00001696,1,675000,54000,729000,0,1C25TUV/00001696
1C25TUV,00001697,1,2295370,183630,2479000,0,1C25TUV/00001697
1C25TUV,00001698,1,628704,50296,679000,0,1C25TUV/00001698
1C25TUV,00001699,1,2295370,183630,2479000,0,1C25TUV/00001699
1C25TUV,00001700,1,628704,50296,679000,0,1C25TUV/00001700
1C25TUV,00001701,1,628704,50296,679000,0,1C25TUV/00001701
1C25TUV,00001702,1,628704,50296,679000,0,1C25TUV/00001702
1C25TUV,00001703,1,628704,50296,679000,0,1C25TUV/00001703
1C25TUV,00001704,1,1276851,102148,1378999,0,1C25TUV/00001704
1C25TUV,00001705,1,499073,39926,538999,0,1C25TUV/00001705
1C25TUV,00001706,1,628704,50296,679000,0,1C25TUV/00001706
1C25TUV,00001707,1,2295370,183630,2479000,0,1C25TUV/00001707
1C25TUV,00001708,1,628704,50296,679000,0,1C25TUV/00001708
1C25TUV,00001709,1,628704,50296,679000,0,1C25TUV/00001709
1C25TUV,00001710,1,508333,40667,549000,0,1C25TUV/00001710
1C25TUV,00001711,1,1276852,102148,1379000,0,1C25TUV/00001711
1C25TUV,00001712,1,1054629,84370,1138999,0,1C25TUV/00001712
1C25TUV,00001713,1,606070,48486,654556,0,1C25TUV/00001713
1C25TUV,00001714,1,628704,50296,679000,0,1C25TUV/00001714
1C25TUV,00001715,1,499074,39926,539000,0,1C25TUV/00001715
1C25TUV,00001716,1,1276852,102148,1379000,0,1C25TUV/00001716
1C25TUV,00001722,1,628704,50296,679000,0,1C25TUV/00001722
1C25TUV,00001723,1,2572220,205778,2777998,0,1C25TUV/00001723
1C25TUV,00001724,1,628704,50296,679000,0,1C25TUV/00001724
1C25TUV,00001725,1,1257408,100593,1358001,0,1C25TUV/00001725
1C25TUV,00001726,1,2295370,183630,2479000,0,1C25TUV/00001726
1C25TUV,00001727,1,1276852,102148,1379000,0,1C25TUV/00001727
1C25TUV,00001728,1,628704,50296,679000,0,1C25TUV/00001728
1C25TUV,00001729,1,628704,50296,679000,0,1C25TUV/00001729
1C25TUV,00001730,1,499074,39926,539000,0,1C25TUV/00001730
1C25TUV,00001731,1,1980556,158444,2139000,0,1C25TUV/00001731
1C25TUV,00001732,1,509259,40741,550000,0,1C25TUV/00001732
1C25TUV,00001733,1,1054630,84370,1139000,0,1C25TUV/00001733
1C25TUV,00001734,1,2180602,174448,2355050,0,1C25TUV/00001734
1C25TUV,00001735,1,2443609,195489,2639098,0,1C25TUV/00001735
1C25TUV,00001736,1,1617639,129411,1747050,0,1C25TUV/00001736
1C25TUV,00001737,1,1881528,150522,2032050,0,1C25TUV/00001737
1C25TUV,00001738,1,2443609,195489,2639098,0,1C25TUV/00001738
1C25TUV,00001739,1,2443609,195489,2639098,0,1C25TUV/00001739
1C25TUV,00001740,1,2180602,174448,2355050,0,1C25TUV/00001740
1C25TUV,00001741,1,2443609,195489,2639098,0,1C25TUV/00001741
1C25TUV,00001742,1,1617639,129411,1747050,0,1C25TUV/00001742
1C25TUV,00001743,1,2443609,195489,2639098,0,1C25TUV/00001743
1C25TUV,00001744,1,2180602,174448,2355050,0,1C25TUV/00001744
1C25TUV,00001745,1,1881528,150522,2032050,0,1C25TUV/00001745
1C25TUV,00001746,1,8822000,705760,9527760,0,1C25TUV/00001746
1C25TUV,00001747,1,1617639,129411,1747050,0,1C25TUV/00001747
1C25TUV,00001748,1,1881528,150522,2032050,0,1C25TUV/00001748
1C25TUV,00001749,1,597269,47782,645051,0,1C25TUV/00001749
1C25TUV,00001750,1,628704,50296,679000,0,1C25TUV/00001750
1C25TUV,00001751,1,597269,47782,645051,0,1C25TUV/00001751
1C25TUV,00001752,1,473240,37859,511099,0,1C25TUV/00001752
1C25TUV,00001753,1,443519,35482,479001,0,1C25TUV/00001753
1C25TUV,00001754,1,443519,35482,479001,0,1C25TUV/00001754
1C25TUV,00001755,1,443519,35482,479001,0,1C25TUV/00001755
1C25TUV,00001756,1,443519,35482,479001,0,1C25TUV/00001756
1C25TUV,00001757,1,443519,35482,479001,0,1C25TUV/00001757
1C25TUV,00001758,1,443519,35482,479001,0,1C25TUV/00001758
1C25TUV,00001759,1,443519,35482,479001,0,1C25TUV/00001759
1C25TUV,00001760,1,443519,35482,479001,0,1C25TUV/00001760
1C25TUV,00001761,1,443519,35482,479001,0,1C25TUV/00001761
1C25TUV,00001762,1,443519,35482,479001,0,1C25TUV/00001762
1C25TUV,00001763,1,1788935,143115,1932050,0,1C25TUV/00001763
1C25TUV,00001764,1,480556,38444,519000,0,1C25TUV/00001764
1C25TUV,00001765,1,480556,38444,519000,0,1C25TUV/00001765
1C25TUV,00001766,1,480556,38444,519000,0,1C25TUV/00001766
1C25TUV,00001767,1,600926,48074,649000,0,1C25TUV/00001767
1C25TUV,00001768,1,600926,48074,649000,0,1C25TUV/00001768
1C25TUV,00001769,1,600926,48074,649000,0,1C25TUV/00001769
1C25TUV,00001770,1,600926,48074,649000,0,1C25TUV/00001770
1C25TUV,00001771,1,3040878,243270,3284148,0,1C25TUV/00001771
1C25TUV,00001772,1,2850926,228074,3079000,0,1C25TUV/00001772
1C25TUV,00001773,1,1617639,129411,1747050,0,1C25TUV/00001773
1C25TUV,00001774,1,2443609,195489,2639098,0,1C25TUV/00001774
1C25TUV,00001775,1,2180602,174448,2355050,0,1C25TUV/00001775
1C25TUV,00001776,1,2443609,195489,2639098,0,1C25TUV/00001776
1C25TUV,00001777,1,443519,35482,479001,0,1C25TUV/00001777
1C25TUV,00001778,1,443519,35482,479001,0,1C25TUV/00001778
1C25TUV,00001779,1,443519,35482,479001,0,1C25TUV/00001779
1C25TUV,00001780,1,443519,35482,479001,0,1C25TUV/00001780
1C25TUV,00001781,1,443519,35482,479001,0,1C25TUV/00001781
1C25TUV,00001782,1,1001897,80152,1082049,0,1C25TUV/00001782
1C25TUV,00001783,1,1001897,80152,1082049,0,1C25TUV/00001783
1C25TUV,00001784,1,1702778,136222,1839000,0,1C25TUV/00001784
1C25TUV,00001785,1,2180602,174448,2355050,0,1C25TUV/00001785
1C25TUV,00001786,1,2758332,220667,2978999,0,1C25TUV/00001786
1C25TUV,00001787,1,2443609,195489,2639098,0,1C25TUV/00001787
1C25TUV,00001788,1,3036110,242889,3278999,0,1C25TUV/00001788
1C25TUV,00001789,1,480556,38444,519000,0,1C25TUV/00001789
1C25TUV,00001790,1,480556,38444,519000,0,1C25TUV/00001790
1C25TUV,00001791,1,597269,47782,645051,0,1C25TUV/00001791
1C25TUV,00001792,1,597269,47782,645051,0,1C25TUV/00001792
1C25TUV,00001793,1,597269,47782,645051,0,1C25TUV/00001793
1C25TUV,00001794,1,600926,48074,649000,0,1C25TUV/00001794
1C25TUV,00001795,1,499074,39926,539000,0,1C25TUV/00001795
1C25TUV,00001796,1,600926,48074,649000,0,1C25TUV/00001796
1C25TUV,00001797,1,600926,48074,649000,0,1C25TUV/00001797
1C25TUV,00001798,1,157454,12596,170050,0,1C25TUV/00001798
1C25TUV,00001799,1,348148,27852,376000,0,1C25TUV/00001799
1C25TUV,00001860,1,499073,39926,538999,0,1C25TUV/00001860
1C25TUV,00001861,1,499074,39926,539000,0,1C25TUV/00001861
1C25TUV,00001862,1,627778,50222,678000,0,1C25TUV/00001862
1C25TUV,00001863,1,495370,39630,535000,0,1C25TUV/00001863
1C25TUV,00001864,1,509259,40741,550000,0,1C25TUV/00001864
1C25TUV,00001865,1,509259,40741,550000,0,1C25TUV/00001865
1C25TUV,00001866,1,509259,40741,550000,0,1C25TUV/00001866
1C25TUV,00001867,1,1213008,97041,1310049,0,1C25TUV/00001867
1C25TUV,00001868,1,1276851,102148,1378999,0,1C25TUV/00001868
1C25TUV,00001869,1,1276851,102148,1378999,0,1C25TUV/00001869
1C25TUV,00001870,1,1276851,102148,1378999,0,1C25TUV/00001870
1C25TUV,00001871,1,1276851,102148,1378999,0,1C25TUV/00001871
1C25TUV,00001872,1,1276851,102148,1378999,0,1C25TUV/00001872
1C25TUV,00001873,1,1276852,102148,1379000,0,1C25TUV/00001873
1C25TUV,00001874,1,1276852,102148,1379000,0,1C25TUV/00001874
1C25TUV,00001875,1,1276852,102148,1379000,0,1C25TUV/00001875
1C25TUV,00001876,1,1276852,102148,1379000,0,1C25TUV/00001876
1C25TUV,00001877,1,1276852,102148,1379000,0,1C25TUV/00001877
1C25TUV,00001878,1,1276852,102148,1379000,0,1C25TUV/00001878
1C25TUV,00001879,1,1054629,84370,1138999,0,1C25TUV/00001879
1C25TUV,00001880,1,2109259,168741,2278000,0,1C25TUV/00001880
1C25TUV,00001881,1,1054630,84370,1139000,0,1C25TUV/00001881
1C25TUV,00001882,1,1702778,136222,1839000,0,1C25TUV/00001882
1C25TUV,00001883,1,1980556,158444,2139000,0,1C25TUV/00001883
1C25TUV,00001884,1,1980556,158444,2139000,0,1C25TUV/00001884
1C25TUV,00001885,1,2572221,205778,2777999,0,1C25TUV/00001885
1C25TUV,00001886,1,2572220,205778,2777998,0,1C25TUV/00001886
1C25TUV,00001887,1,499074,39926,539000,0,1C25TUV/00001887
1C25TUV,00001888,1,628704,50296,679000,0,1C25TUV/00001888
1C25TUV,00001889,1,628704,50296,679000,0,1C25TUV/00001889
1C25TUV,00001890,1,628704,50296,679000,0,1C25TUV/00001890
1C25TUV,00001891,1,628704,50296,679000,0,1C25TUV/00001891
1C25TUV,00001892,1,628704,50296,679000,0,1C25TUV/00001892
1C25TUV,00001893,1,628704,50296,679000,0,1C25TUV/00001893
1C25TUV,00001894,1,628704,50296,679000,0,1C25TUV/00001894
1C25TUV,00001895,1,165741,13259,179000,0,1C25TUV/00001895
1C25TUV,00001896,1,164815,13185,178000,0,1C25TUV/00001896
1C25TUV,00001897,1,164815,13185,178000,0,1C25TUV/00001897
1C25TUV,00001898,1,220370,17630,238000,0,1C25TUV/00001898
1C25TUV,00001899,1,215100,17208,232308,0,1C25TUV/00001899
1C25TUV,00001900,1,221296,17704,239000,0,1C25TUV/00001900
1C25TUV,00001901,1,221296,17704,239000,0,1C25TUV/00001901
1C25TUV,00001902,1,220370,17630,238000,0,1C25TUV/00001902
1C25TUV,00001903,1,3036110,242889,3278999,0,1C25TUV/00001903
1C25TUV,00001904,1,443519,35482,479001,0,1C25TUV/00001904
1C25TUV,00001905,1,443519,35482,479001,0,1C25TUV/00001905
1C25TUV,00001906,1,443519,35482,479001,0,1C25TUV/00001906
1C25TUV,00001907,1,443519,35482,479001,0,1C25TUV/00001907
1C25TUV,00001908,1,443519,35482,479001,0,1C25TUV/00001908
1C25TUV,00001909,1,443519,35482,479001,0,1C25TUV/00001909
1C25TUV,00001910,1,443519,35482,479001,0,1C25TUV/00001910
1C25TUV,00001911,1,443519,35482,479001,0,1C25TUV/00001911
1C25TUV,00001912,1,443519,35482,479001,0,1C25TUV/00001912
1C25TUV,00001913,1,443519,35482,479001,0,1C25TUV/00001913
1C25TUV,00001914,1,443519,35482,479001,0,1C25TUV/00001914
1C25TUV,00001915,1,887037,70963,958000,0,1C25TUV/00001915
1C25TUV,00001916,1,474119,37930,512049,0,1C25TUV/00001916
1C25TUV,00001917,1,1276852,102148,1379000,0,1C25TUV/00001917
1C25TUV,00001918,1,1213008,97041,1310049,0,1C25TUV/00001918
1C25TUV,00001919,1,1213008,97041,1310049,0,1C25TUV/00001919
1C25TUV,00001920,1,1213008,97041,1310049,0,1C25TUV/00001920
1C25TUV,00001921,1,2180602,174448,2355050,0,1C25TUV/00001921
1C25TUV,00001922,1,2180602,174448,2355050,0,1C25TUV/00001922
1C25TUV,00001923,1,2180602,174448,2355050,0,1C25TUV/00001923
1C25TUV,00001924,1,2180602,174448,2355050,0,1C25TUV/00001924
1C25TUV,00001925,1,2777870,222230,3000100,0,1C25TUV/00001925
1C25TUV,00001926,1,2180602,174448,2355050,0,1C25TUV/00001926
1C25TUV,00001927,1,1881528,150522,2032050,0,1C25TUV/00001927
1C25TUV,00001928,1,1881528,150522,2032050,0,1C25TUV/00001928
1C25TUV,00001929,1,1881528,150522,2032050,0,1C25TUV/00001929
1C25TUV,00001930,1,2478796,198304,2677100,0,1C25TUV/00001930
1C25TUV,00001931,1,2443609,195489,2639098,0,1C25TUV/00001931
1C25TUV,00001932,1,2443609,195489,2639098,0,1C25TUV/00001932
1C25TUV,00001933,1,2572221,205778,2777999,0,1C25TUV/00001933
1C25TUV,00001934,1,3962037,316963,4279000,0,1C25TUV/00001934
1C25TUV,00001935,1,474120,37930,512050,0,1C25TUV/00001935
1C25TUV,00001936,1,474120,37930,512050,0,1C25TUV/00001936
1C25TUV,00001937,1,480556,38444,519000,0,1C25TUV/00001937
1C25TUV,00001938,1,474120,37930,512050,0,1C25TUV/00001938
1C25TUV,00001939,1,597269,47782,645051,0,1C25TUV/00001939
1C25TUV,00001940,1,597269,47782,645051,0,1C25TUV/00001940
1C25TUV,00001941,1,597269,47782,645051,0,1C25TUV/00001941
1C25TUV,00001942,1,597269,47782,645051,0,1C25TUV/00001942
1C25TUV,00001944,1,597269,47782,645051,0,1C25TUV/00001944
1C25TUV,00001945,1,597269,47782,645051,0,1C25TUV/00001945
1C25TUV,00001946,1,597269,47782,645051,0,1C25TUV/00001946
1C25TUV,00001947,1,597269,47782,645051,0,1C25TUV/00001947
1C25TUV,00001948,1,597269,47782,645051,0,1C25TUV/00001948
1C25TUV,00001949,1,597269,47782,645051,0,1C25TUV/00001949
1C25TUV,00001950,1,600926,48074,649000,0,1C25TUV/00001950
1C25TUV,00001951,1,600926,48074,649000,0,1C25TUV/00001951
1C25TUV,00001952,1,600926,48074,649000,0,1C25TUV/00001952
1C25TUV,00001953,1,600926,48074,649000,0,1C25TUV/00001953
1C25TUV,00001954,1,600926,48074,649000,0,1C25TUV/00001954
1C25TUV,00001955,1,1350000,108000,1458000,0,1C25TUV/00001955
1C25TUV,00001956,1,499074,39926,539000,0,1C25TUV/00001956
1C25TUV,00001957,1,499074,39926,539000,0,1C25TUV/00001957
1C25TUV,00001958,1,499074,39926,539000,0,1C25TUV/00001958
1C25TUV,00001959,1,499074,39926,539000,0,1C25TUV/00001959
1C25TUV,00001960,1,499074,39926,539000,0,1C25TUV/00001960
1C25TUV,00001961,1,499074,39926,539000,0,1C25TUV/00001961
1C25TUV,00001962,1,499074,39926,539000,0,1C25TUV/00001962
1C25TUV,00001963,1,499074,39926,539000,0,1C25TUV/00001963
1C25TUV,00001964,1,499074,39926,539000,0,1C25TUV/00001964
1C25TUV,00001965,1,499074,39926,539000,0,1C25TUV/00001965
1C25TUV,00001966,1,499074,39926,539000,0,1C25TUV/00001966
1C25TUV,00001967,1,499074,39926,539000,0,1C25TUV/00001967
1C25TUV,00001968,1,499074,39926,539000,0,1C25TUV/00001968
1C25TUV,00001969,1,499074,39926,539000,0,1C25TUV/00001969
1C25TUV,00001970,1,499074,39926,539000,0,1C25TUV/00001970
1C25TUV,00001971,1,499074,39926,539000,0,1C25TUV/00001971
1C25TUV,00001972,1,499074,39926,539000,0,1C25TUV/00001972
1C25TUV,00001973,1,499074,39926,539000,0,1C25TUV/00001973
1C25TUV,00001974,1,628704,50296,679000,0,1C25TUV/00001974
1C25TUV,00001975,1,509259,40741,550000,0,1C25TUV/00001975
1C25TUV,00001976,1,509259,40741,550000,0,1C25TUV/00001976
1C25TUV,00001977,1,1276852,102148,1379000,0,1C25TUV/00001977
1C25TUV,00001978,1,1276852,102148,1379000,0,1C25TUV/00001978
1C25TUV,00001979,1,1276852,102148,1379000,0,1C25TUV/00001979
1C25TUV,00001980,1,1276852,102148,1379000,0,1C25TUV/00001980
1C25TUV,00001981,1,1276852,102148,1379000,0,1C25TUV/00001981
1C25TUV,00001982,1,1276852,102148,1379000,0,1C25TUV/00001982
1C25TUV,00001983,1,1276852,102148,1379000,0,1C25TUV/00001983
1C25TUV,00001984,1,1276852,102148,1379000,0,1C25TUV/00001984
1C25TUV,00001985,1,1054630,84370,1139000,0,1C25TUV/00001985
1C25TUV,00001986,1,1702778,136222,1839000,0,1C25TUV/00001986
1C25TUV,00001987,1,1980556,158444,2139000,0,1C25TUV/00001987
1C25TUV,00001988,1,2573148,205852,2779000,0,1C25TUV/00001988
1C25TUV,00001989,1,2573148,205852,2779000,0,1C25TUV/00001989
1C25TUV,00001990,1,2573148,205852,2779000,0,1C25TUV/00001990
1C25TUV,00001991,1,499074,39926,539000,0,1C25TUV/00001991
1C25TUV,00001992,1,628704,50296,679000,0,1C25TUV/00001992
1C25TUV,00001993,1,628704,50296,679000,0,1C25TUV/00001993
1C25TUV,00001994,1,628704,50296,679000,0,1C25TUV/00001994
1C25TUV,00001995,1,628704,50296,679000,0,1C25TUV/00001995
1C25TUV,00001996,1,628704,50296,679000,0,1C25TUV/00001996
1C25TUV,00001997,1,628704,50296,679000,0,1C25TUV/00001997
1C25TUV,00001998,1,628704,50296,679000,0,1C25TUV/00001998
1C25TUV,00001999,1,628704,50296,679000,0,1C25TUV/00001999
1C25TUV,00002000,1,628704,50296,679000,0,1C25TUV/00002000
1C25TUV,00002001,1,628704,50296,679000,0,1C25TUV/00002001
1C25TUV,00002002,1,221296,17704,239000,0,1C25TUV/00002002
1C25TUV,00002003,1,628704,50296,679000,0,1C25TUV/00002003
1C25TUV,00002004,1,1276852,102148,1379000,0,1C25TUV/00002004
1C25TUV,00002005,1,1276852,102148,1379000,0,1C25TUV/00002005
1C25TUV,00002006,1,1147222,91778,1239000,0,1C25TUV/00002006
1C25TUV,00002007,1,2480556,198444,2679000,0,1C25TUV/00002007
1C25TUV,00002008,1,2480556,198444,2679000,0,1C25TUV/00002008
1C25TUV,00002009,1,2480556,198444,2679000,0,1C25TUV/00002009
1C25TUV,00002010,1,2165741,173259,2339000,0,1C25TUV/00002010
1C25TUV,00002011,1,2573148,205852,2779000,0,1C25TUV/00002011
1C25TUV,00002012,1,2573148,205852,2779000,0,1C25TUV/00002012
1C25TUV,00002013,1,2573148,205852,2779000,0,1C25TUV/00002013
1C25TUV,00002014,1,2573148,205852,2779000,0,1C25TUV/00002014
1C25TUV,00002015,1,3962037,316963,4279000,0,1C25TUV/00002015
1C25TUV,00002016,1,499074,39926,539000,0,1C25TUV/00002016
1C25TUV,00002017,1,628704,50296,679000,0,1C25TUV/00002017
1C25TUV,00002018,1,628704,50296,679000,0,1C25TUV/00002018
1C25TUV,00002019,1,628704,50296,679000,0,1C25TUV/00002019
1C25TUV,00002020,1,628704,50296,679000,0,1C25TUV/00002020
1C25TUV,00002021,1,628704,50296,679000,0,1C25TUV/00002021
1C25TUV,00002022,1,628704,50296,679000,0,1C25TUV/00002022
1C25TUV,00002023,1,628704,50296,679000,0,1C25TUV/00002023
1C25TUV,00002024,1,628704,50296,679000,0,1C25TUV/00002024
1C25TUV,00002025,1,5443519,435482,5879001,0,1C25TUV/00002025
1C25TUV,00002026,1,628704,50296,679000,0,1C25TUV/00002026
1C25TUV,00002027,1,509259,40741,550000,0,1C25TUV/00002027
1C25TUV,00002028,1,129630,10370,140000,0,1C25TUV/00002028
1C25TUV,00002169,1,4864667,389173,5253840,0,1C25TUV/00002169
1C25TUV,00002287,1,5822667,465813,6288480,0,1C25TUV/00002287
1C25TUV,00002361,1,138889,11111,150000,0,1C25TUV/00002361
1C25TUV,00002362,1,138889,11111,150000,0,1C25TUV/00002362
1C25TUV,00002363,1,592593,47407,640000,0,1C25TUV/00002363
1C25TUV,00002364,1,499074,39926,539000,0,1C25TUV/00002364
1C25TUV,00002365,1,998148,79852,1078000,0,1C25TUV/00002365
1C25TUV,00002366,1,499074,39926,539000,0,1C25TUV/00002366
1C25TUV,00002367,1,499074,39926,539000,0,1C25TUV/00002367
1C25TUV,00002368,1,499074,39926,539000,0,1C25TUV/00002368
1C25TUV,00002369,1,499074,39926,539000,0,1C25TUV/00002369
1C25TUV,00002370,1,499074,39926,539000,0,1C25TUV/00002370
1C25TUV,00002371,1,499074,39926,539000,0,1C25TUV/00002371
1C25TUV,00002372,1,499074,39926,539000,0,1C25TUV/00002372
1C25TUV,00002373,1,499074,39926,539000,0,1C25TUV/00002373
1C25TUV,00002374,1,499074,39926,539000,0,1C25TUV/00002374
1C25TUV,00002375,1,499074,39926,539000,0,1C25TUV/00002375
1C25TUV,00002376,1,499074,39926,539000,0,1C25TUV/00002376
1C25TUV,00002377,2,406481,32518,438999,1,1C25TUV/00002377; 1C25TUV/00004203
1C25TUV,00002378,2,406481,32518,438999,1,1C25TUV/00002378; 1C25TUV/00004204
1C25TUV,00002379,1,628704,50296,679000,0,1C25TUV/00002379
1C25TUV,00002380,1,509259,40741,550000,0,1C25TUV/00002380
1C25TUV,00002381,1,509259,40741,550000,0,1C25TUV/00002381
1C25TUV,00002382,1,509259,40741,550000,0,1C25TUV/00002382
1C25TUV,00002383,1,509259,40741,550000,0,1C25TUV/00002383
1C25TUV,00002384,1,1276852,102148,1379000,0,1C25TUV/00002384
1C25TUV,00002385,1,1276852,102148,1379000,0,1C25TUV/00002385
1C25TUV,00002386,1,1054630,84370,1139000,0,1C25TUV/00002386
1C25TUV,00002387,1,1054630,84370,1139000,0,1C25TUV/00002387
1C25TUV,00002388,1,1054630,84370,1139000,0,1C25TUV/00002388
1C25TUV,00002389,1,1054630,84370,1139000,0,1C25TUV/00002389
1C25TUV,00002390,1,1702778,136222,1839000,0,1C25TUV/00002390
1C25TUV,00002391,1,1702778,136222,1839000,0,1C25TUV/00002391
1C25TUV,00002392,1,1702778,136222,1839000,0,1C25TUV/00002392
1C25TUV,00002393,1,2295370,183630,2479000,0,1C25TUV/00002393
1C25TUV,00002394,1,2295370,183630,2479000,0,1C25TUV/00002394
1C25TUV,00002395,1,2295370,183630,2479000,0,1C25TUV/00002395
1C25TUV,00002396,1,2573148,205852,2779000,0,1C25TUV/00002396
1C25TUV,00002397,1,2573148,205852,2779000,0,1C25TUV/00002397
1C25TUV,00002398,1,2573148,205852,2779000,0,1C25TUV/00002398
1C25TUV,00002399,1,499074,39926,539000,0,1C25TUV/00002399
1C25TUV,00002400,1,628704,50296,679000,0,1C25TUV/00002400
1C25TUV,00002401,1,962037,76963,1039000,0,1C25TUV/00002401
1C25TUV,00002402,1,628704,50296,679000,0,1C25TUV/00002402
1C25TUV,00002403,1,628704,50296,679000,0,1C25TUV/00002403
1C25TUV,00002404,1,628704,50296,679000,0,1C25TUV/00002404
1C25TUV,00002405,1,628704,50296,679000,0,1C25TUV/00002405
1C25TUV,00002406,1,628704,50296,679000,0,1C25TUV/00002406
1C25TUV,00002407,1,628704,50296,679000,0,1C25TUV/00002407
1C25TUV,00002408,1,628704,50296,679000,0,1C25TUV/00002408
1C25TUV,00002409,1,628704,50296,679000,0,1C25TUV/00002409
1C25TUV,00002410,1,165741,13259,179000,0,1C25TUV/00002410
1C25TUV,00002411,1,221296,17704,239000,0,1C25TUV/00002411
1C25TUV,00002412,1,628704,50296,679000,0,1C25TUV/00002412
1C25TUV,00002413,1,2573148,205852,2779000,0,1C25TUV/00002413
1C25TUV,00002414,1,2573148,205852,2779000,0,1C25TUV/00002414
1C25TUV,00002415,1,2165741,173259,2339000,0,1C25TUV/00002415
1C25TUV,00002416,1,1980556,158444,2139000,0,1C25TUV/00002416
1C25TUV,00002417,1,2573148,205852,2779000,0,1C25TUV/00002417
1C25TUV,00002418,1,2573148,205852,2779000,0,1C25TUV/00002418
1C25TUV,00002419,1,5443519,435482,5879001,0,1C25TUV/00002419
1C25TUV,00002420,1,2758333,220667,2979000,0,1C25TUV/00002420
1C25TUV,00002421,1,1054630,84370,1139000,0,1C25TUV/00002421
1C25TUV,00002422,1,628704,50296,679000,0,1C25TUV/00002422
1C25TUV,00002423,1,628704,50296,679000,0,1C25TUV/00002423
1C25TUV,00002424,1,628704,50296,679000,0,1C25TUV/00002424
1C25TUV,00002425,1,628704,50296,679000,0,1C25TUV/00002425
1C25TUV,00002426,1,628704,50296,679000,0,1C25TUV/00002426
1C25TUV,00002427,1,675000,54000,729000,0,1C25TUV/00002427
1C25TUV,00002428,1,499074,39926,539000,0,1C25TUV/00002428
1C25TUV,00002429,1,499074,39926,539000,0,1C25TUV/00002429
1C25TUV,00002430,1,499074,39926,539000,0,1C25TUV/00002430
1C25TUV,00002431,1,499074,39926,539000,0,1C25TUV/00002431
1C25TUV,00002432,1,499074,39926,539000,0,1C25TUV/00002432
1C25TUV,00002433,1,499074,39926,539000,0,1C25TUV/00002433
1C25TUV,00002434,1,499074,39926,539000,0,1C25TUV/00002434
1C25TUV,00002435,1,443519,35482,479001,0,1C25TUV/00002435
1C25TUV,00002436,1,443519,35482,479001,0,1C25TUV/00002436
1C25TUV,00002437,1,443519,35482,479001,0,1C25TUV/00002437
1C25TUV,00002438,1,443519,35482,479001,0,1C25TUV/00002438
1C25TUV,00002439,1,443519,35482,479001,0,1C25TUV/00002439
1C25TUV,00002440,1,443519,35482,479001,0,1C25TUV/00002440
1C25TUV,00002441,1,443519,35482,479001,0,1C25TUV/00002441
1C25TUV,00002442,1,443519,35482,479001,0,1C25TUV/00002442
1C25TUV,00002443,1,443519,35482,479001,0,1C25TUV/00002443
1C25TUV,00002444,1,474119,37930,512049,0,1C25TUV/00002444
1C25TUV,00002445,1,474119,37930,512049,0,1C25TUV/00002445
1C25TUV,00002446,1,720369,57630,777999,0,1C25TUV/00002446
1C25TUV,00002447,1,2850926,228074,3079000,0,1C25TUV/00002447
1C25TUV,00002448,1,1213008,97041,1310049,0,1C25TUV/00002448
1C25TUV,00002449,1,1213008,97041,1310049,0,1C25TUV/00002449
1C25TUV,00002450,1,1001897,80152,1082049,0,1C25TUV/00002450
1C25TUV,00002451,1,1001897,80152,1082049,0,1C25TUV/00002451
1C25TUV,00002452,1,1001897,80152,1082049,0,1C25TUV/00002452
1C25TUV,00002453,1,1617639,129411,1747050,0,1C25TUV/00002453
1C25TUV,00002454,1,2180602,174448,2355050,0,1C25TUV/00002454
1C25TUV,00002455,1,2180602,174448,2355050,0,1C25TUV/00002455
1C25TUV,00002456,1,2180602,174448,2355050,0,1C25TUV/00002456
1C25TUV,00002457,1,2180602,174448,2355050,0,1C25TUV/00002457
1C25TUV,00002458,1,2180602,174448,2355050,0,1C25TUV/00002458
1C25TUV,00002459,1,2443609,195489,2639098,0,1C25TUV/00002459
1C25TUV,00002460,1,2443609,195489,2639098,0,1C25TUV/00002460
1C25TUV,00002461,1,2443609,195489,2639098,0,1C25TUV/00002461
1C25TUV,00002462,1,474120,37930,512050,0,1C25TUV/00002462
1C25TUV,00002463,1,597269,47782,645051,0,1C25TUV/00002463
1C25TUV,00002464,1,597269,47782,645051,0,1C25TUV/00002464
1C25TUV,00002465,1,597269,47782,645051,0,1C25TUV/00002465
1C25TUV,00002466,1,597269,47782,645051,0,1C25TUV/00002466
1C25TUV,00002467,1,597269,47782,645051,0,1C25TUV/00002467
1C25TUV,00002468,1,597269,47782,645051,0,1C25TUV/00002468
1C25TUV,00002469,1,597269,47782,645051,0,1C25TUV/00002469
1C25TUV,00002470,1,597269,47782,645051,0,1C25TUV/00002470
1C25TUV,00002471,1,597269,47782,645051,0,1C25TUV/00002471
1C25TUV,00002472,1,597269,47782,645051,0,1C25TUV/00002472
1C25TUV,00002473,1,597269,47782,645051,0,1C25TUV/00002473
1C25TUV,00002474,1,597269,47782,645051,0,1C25TUV/00002474
1C25TUV,00002475,1,597269,47782,645051,0,1C25TUV/00002475
1C25TUV,00002476,1,597269,47782,645051,0,1C25TUV/00002476
1C25TUV,00002477,1,597269,47782,645051,0,1C25TUV/00002477
1C25TUV,00002478,1,600926,48074,649000,0,1C25TUV/00002478
1C25TUV,00002479,1,675000,54000,729000,0,1C25TUV/00002479
1C25TUV,00002480,1,628704,50296,679000,0,1C25TUV/00002480
1C25TUV,00002481,1,164815,13185,178000,0,1C25TUV/00002481
1C25TUV,00002482,1,164815,13185,178000,0,1C25TUV/00002482
1C25TUV,00002483,1,164815,13185,178000,0,1C25TUV/00002483
1C25TUV,00002484,1,164815,13185,178000,0,1C25TUV/00002484
1C25TUV,00002485,1,164815,13185,178000,0,1C25TUV/00002485
1C25TUV,00002486,1,210231,16819,227050,0,1C25TUV/00002486
1C25TUV,00002487,1,220370,17630,238000,0,1C25TUV/00002487
1C25TUV,00002488,1,221296,17704,239000,0,1C25TUV/00002488
1C25TUV,00002489,1,1462037,116963,1579000,0,1C25TUV/00002489
1C25TUV,00002490,1,3036110,242889,3278999,0,1C25TUV/00002490
1C25TUV,00002491,1,1980556,158444,2139000,0,1C25TUV/00002491
1C25TUV,00002492,1,1980556,158444,2139000,0,1C25TUV/00002492
1C25TUV,00002493,1,1980556,158444,2139000,0,1C25TUV/00002493
1C25TUV,00002494,1,2572220,205778,2777998,0,1C25TUV/00002494
1C25TUV,00002495,1,2572221,205778,2777999,0,1C25TUV/00002495
1C25TUV,00002496,1,2572221,205778,2777999,0,1C25TUV/00002496
1C25TUV,00002497,1,499074,39926,539000,0,1C25TUV/00002497
1C25TUV,00002498,1,611100,48888,659988,0,1C25TUV/00002498
1C25TUV,00002499,1,606070,48486,654556,0,1C25TUV/00002499
1C25TUV,00002500,1,606070,48486,654556,0,1C25TUV/00002500
1C25TUV,00002501,1,628704,50296,679000,0,1C25TUV/00002501
1C25TUV,00002502,1,628704,50296,679000,0,1C25TUV/00002502
1C25TUV,00002503,1,675000,54000,729000,0,1C25TUV/00002503
1C25TUV,00002504,1,628704,50296,679000,0,1C25TUV/00002504
1C25TUV,00002505,1,628704,50296,679000,0,1C25TUV/00002505
1C25TUV,00002506,1,628704,50296,679000,0,1C25TUV/00002506
1C25TUV,00002507,1,628704,50296,679000,0,1C25TUV/00002507
1C25TUV,00002508,1,628704,50296,679000,0,1C25TUV/00002508
1C25TUV,00002509,1,628704,50296,679000,0,1C25TUV/00002509
1C25TUV,00002510,1,628704,50296,679000,0,1C25TUV/00002510
1C25TUV,00002511,1,628704,50296,679000,0,1C25TUV/00002511
1C25TUV,00002512,1,628704,50296,679000,0,1C25TUV/00002512
1C25TUV,00002513,1,628704,50296,679000,0,1C25TUV/00002513
1C25TUV,00002514,1,628704,50296,679000,0,1C25TUV/00002514
1C25TUV,00002515,1,675000,54000,729000,0,1C25TUV/00002515
1C25TUV,00002516,1,628704,50296,679000,0,1C25TUV/00002516
1C25TUV,00002517,1,628704,50296,679000,0,1C25TUV/00002517
1C25TUV,00002518,1,628704,50296,679000,0,1C25TUV/00002518
1C25TUV,00002519,1,628704,50296,679000,0,1C25TUV/00002519
1C25TUV,00002520,1,628704,50296,679000,0,1C25TUV/00002520
1C25TUV,00002521,1,474119,37930,512049,0,1C25TUV/00002521
1C25TUV,00002522,1,452778,36222,489000,0,1C25TUV/00002522
1C25TUV,00002523,1,499074,39926,539000,0,1C25TUV/00002523
1C25TUV,00002524,1,499074,39926,539000,0,1C25TUV/00002524
1C25TUV,00002525,1,499074,39926,539000,0,1C25TUV/00002525
1C25TUV,00002526,1,499074,39926,539000,0,1C25TUV/00002526
1C25TUV,00002527,1,811111,64889,876000,0,1C25TUV/00002527
1C25TUV,00002528,1,509259,40741,550000,0,1C25TUV/00002528
1C25TUV,00002529,1,449100,35928,485028,0,1C25TUV/00002529
1C25TUV,00002530,1,509259,40741,550000,0,1C25TUV/00002530
1C25TUV,00002531,1,509259,40741,550000,0,1C25TUV/00002531
1C25TUV,00002532,1,509259,40741,550000,0,1C25TUV/00002532
1C25TUV,00002533,1,1276851,102148,1378999,0,1C25TUV/00002533
1C25TUV,00002534,1,1276852,102148,1379000,0,1C25TUV/00002534
1C25TUV,00002535,1,1276852,102148,1379000,0,1C25TUV/00002535
1C25TUV,00002536,1,1276852,102148,1379000,0,1C25TUV/00002536
1C25TUV,00002537,1,1276852,102148,1379000,0,1C25TUV/00002537
1C25TUV,00002538,1,1276852,102148,1379000,0,1C25TUV/00002538
1C25TUV,00002539,1,1276852,102148,1379000,0,1C25TUV/00002539
1C25TUV,00002540,1,1276852,102148,1379000,0,1C25TUV/00002540
1C25TUV,00002541,1,1276852,102148,1379000,0,1C25TUV/00002541
1C25TUV,00002542,1,1054630,84370,1139000,0,1C25TUV/00002542
1C25TUV,00002543,1,1054630,84370,1139000,0,1C25TUV/00002543
1C25TUV,00002544,1,1054630,84370,1139000,0,1C25TUV/00002544
1C25TUV,00002545,1,1054630,84370,1139000,0,1C25TUV/00002545
1C25TUV,00002546,1,1054630,84370,1139000,0,1C25TUV/00002546
1C25TUV,00002547,1,1054630,84370,1139000,0,1C25TUV/00002547
1C25TUV,00002548,1,1702778,136222,1839000,0,1C25TUV/00002548
1C25TUV,00002549,1,2295370,183630,2479000,0,1C25TUV/00002549
1C25TUV,00002550,1,2295370,183630,2479000,0,1C25TUV/00002550
1C25TUV,00002647,1,9795204,783616,10578820,0,1C25TUV/00002647
1C25TUV,00002648,1,675000,54000,729000,0,1C25TUV/00002648
1C25TUV,00002649,1,1276852,102148,1379000,0,1C25TUV/00002649
1C25TUV,00002650,1,220370,17630,238000,0,1C25TUV/00002650
1C25TUV,00002651,1,628703,50296,678999,0,1C25TUV/00002651
1C25TUV,00002652,1,164815,13185,178000,0,1C25TUV/00002652
1C25TUV,00002653,1,499074,39926,539000,0,1C25TUV/00002653
1C25TUV,00002654,1,499074,39926,539000,0,1C25TUV/00002654
1C25TUV,00002655,1,2295370,183630,2479000,0,1C25TUV/00002655
1C25TUV,00002656,1,499074,39926,539000,0,1C25TUV/00002656
1C25TUV,00002657,1,164815,13185,178000,0,1C25TUV/00002657
1C25TUV,00002658,1,1702778,136222,1839000,0,1C25TUV/00002658
1C25TUV,00002659,1,628703,50296,678999,0,1C25TUV/00002659
1C25TUV,00002660,1,492593,39407,532000,0,1C25TUV/00002660
1C25TUV,00002661,1,1276852,102148,1379000,0,1C25TUV/00002661
1C25TUV,00002662,1,239815,19185,259000,0,1C25TUV/00002662
1C25TUV,00002663,1,628703,50296,678999,0,1C25TUV/00002663
1C25TUV,00002664,1,1276852,102148,1379000,0,1C25TUV/00002664
1C25TUV,00002665,1,164815,13185,178000,0,1C25TUV/00002665
1C25TUV,00002666,1,164815,13185,178000,0,1C25TUV/00002666
1C25TUV,00002667,1,499074,39926,539000,0,1C25TUV/00002667
1C25TUV,00002668,1,1054630,84370,1139000,0,1C25TUV/00002668
1C25TUV,00002669,1,628704,50296,679000,0,1C25TUV/00002669
1C25TUV,00002670,1,628704,50296,679000,0,1C25TUV/00002670
1C25TUV,00002671,1,628704,50296,679000,0,1C25TUV/00002671
1C25TUV,00002672,1,2295370,183630,2479000,0,1C25TUV/00002672
1C25TUV,00002673,1,1276852,102148,1379000,0,1C25TUV/00002673
1C25TUV,00002674,1,628704,50296,679000,0,1C25TUV/00002674
1C25TUV,00002675,1,628704,50296,679000,0,1C25TUV/00002675
1C25TUV,00002676,1,628704,50296,679000,0,1C25TUV/00002676
1C25TUV,00002677,1,499074,39926,539000,0,1C25TUV/00002677
1C25TUV,00002678,1,628704,50296,679000,0,1C25TUV/00002678
1C25TUV,00002679,1,509259,40741,550000,0,1C25TUV/00002679
1C25TUV,00002680,1,165740,13259,178999,0,1C25TUV/00002680
1C25TUV,00002681,1,499074,39926,539000,0,1C25TUV/00002681
1C25TUV,00002682,1,220370,17630,238000,0,1C25TUV/00002682
1C25TUV,00002683,1,164815,13185,178000,0,1C25TUV/00002683
1C25TUV,00002684,1,597269,47781,645050,0,1C25TUV/00002684
1C25TUV,00002685,1,1276851,102148,1378999,0,1C25TUV/00002685
1C25TUV,00002686,1,1276852,102148,1379000,0,1C25TUV/00002686
1C25TUV,00002687,1,2758333,220667,2979000,0,1C25TUV/00002687
1C25TUV,00002688,1,499074,39926,539000,0,1C25TUV/00002688
1C25TUV,00002689,1,628704,50296,679000,0,1C25TUV/00002689
1C25TUV,00002690,1,1054629,84370,1138999,0,1C25TUV/00002690
1C25TUV,00002691,1,499073,39926,538999,0,1C25TUV/00002691
1C25TUV,00002692,1,545370,43630,589000,0,1C25TUV/00002692
1C25TUV,00002693,1,1276852,102148,1379000,0,1C25TUV/00002693
1C25TUV,00002694,1,675000,54000,729000,0,1C25TUV/00002694
1C25TUV,00002695,1,220370,17630,238000,0,1C25TUV/00002695
1C25TUV,00002696,1,1786111,142889,1929000,0,1C25TUV/00002696
1C25TUV,00002697,1,1213008,97041,1310049,0,1C25TUV/00002697
1C25TUV,00002698,1,1239298,99144,1338442,0,1C25TUV/00002698
1C25TUV,00002699,1,1001897,80152,1082049,0,1C25TUV/00002699
1C25TUV,00002700,1,600926,48074,649000,0,1C25TUV/00002700
1C25TUV,00002701,1,597269,47782,645051,0,1C25TUV/00002701
1C25TUV,00002702,1,597269,47782,645051,0,1C25TUV/00002702
1C25TUV,00002703,1,597269,47782,645051,0,1C25TUV/00002703
1C25TUV,00002704,1,2295370,183630,2479000,0,1C25TUV/00002704
1C25TUV,00002705,1,2443519,195482,2639001,0,1C25TUV/00002705
1C25TUV,00002706,1,628704,50296,679000,0,1C25TUV/00002706
1C25TUV,00002707,1,1054630,84370,1139000,0,1C25TUV/00002707
1C25TUV,00002708,1,499074,39926,539000,0,1C25TUV/00002708
1C25TUV,00002709,1,499074,39926,539000,0,1C25TUV/00002709
1C25TUV,00002710,1,499074,39926,539000,0,1C25TUV/00002710
1C25TUV,00002711,1,499074,39926,539000,0,1C25TUV/00002711
1C25TUV,00002712,1,499074,39926,539000,0,1C25TUV/00002712
1C25TUV,00002713,1,499074,39926,539000,0,1C25TUV/00002713
1C25TUV,00002714,1,499074,39926,539000,0,1C25TUV/00002714
1C25TUV,00002715,1,499074,39926,539000,0,1C25TUV/00002715
1C25TUV,00002716,1,628704,50296,679000,0,1C25TUV/00002716
1C25TUV,00002717,1,509259,40741,550000,0,1C25TUV/00002717
1C25TUV,00002718,1,509259,40741,550000,0,1C25TUV/00002718
1C25TUV,00002719,1,509259,40741,550000,0,1C25TUV/00002719
1C25TUV,00002720,1,1276852,102148,1379000,0,1C25TUV/00002720
1C25TUV,00002721,1,1276852,102148,1379000,0,1C25TUV/00002721
1C25TUV,00002722,1,1276852,102148,1379000,0,1C25TUV/00002722
1C25TUV,00002723,1,1276852,102148,1379000,0,1C25TUV/00002723
1C25TUV,00002724,1,1276852,102148,1379000,0,1C25TUV/00002724
1C25TUV,00002725,1,1276852,102148,1379000,0,1C25TUV/00002725
1C25TUV,00002726,1,1276852,102148,1379000,0,1C25TUV/00002726
1C25TUV,00002727,1,1276852,102148,1379000,0,1C25TUV/00002727
1C25TUV,00002728,1,1054630,84370,1139000,0,1C25TUV/00002728
1C25TUV,00002729,1,1054630,84370,1139000,0,1C25TUV/00002729
1C25TUV,00002730,1,1702778,136222,1839000,0,1C25TUV/00002730
1C25TUV,00002731,1,2295370,183630,2479000,0,1C25TUV/00002731
1C25TUV,00002732,1,499074,39926,539000,0,1C25TUV/00002732
1C25TUV,00002733,1,675000,54000,729000,0,1C25TUV/00002733
1C25TUV,00002734,1,628704,50296,679000,0,1C25TUV/00002734
1C25TUV,00002735,1,628704,50296,679000,0,1C25TUV/00002735
1C25TUV,00002736,1,628704,50296,679000,0,1C25TUV/00002736
1C25TUV,00002737,1,628704,50296,679000,0,1C25TUV/00002737
1C25TUV,00002738,1,628704,50296,679000,0,1C25TUV/00002738
1C25TUV,00002739,1,628704,50296,679000,0,1C25TUV/00002739
1C25TUV,00002740,1,628704,50296,679000,0,1C25TUV/00002740
1C25TUV,00002741,1,628704,50296,679000,0,1C25TUV/00002741
1C25TUV,00002742,1,962037,76963,1039000,0,1C25TUV/00002742
1C25TUV,00002743,1,221296,17704,239000,0,1C25TUV/00002743
1C25TUV,00002744,1,628703,50296,678999,0,1C25TUV/00002744
1C25TUV,00002745,1,164815,13185,178000,0,1C25TUV/00002745
1C25TUV,00002746,1,1054630,84370,1139000,0,1C25TUV/00002746
1C25TUV,00002747,1,164815,13185,178000,0,1C25TUV/00002747
1C25TUV,00002748,1,675000,54000,729000,0,1C25TUV/00002748
1C25TUV,00002749,1,509258,40741,549999,0,1C25TUV/00002749
1C25TUV,00002750,1,1276852,102148,1379000,0,1C25TUV/00002750
1C25TUV,00002751,1,1276852,102148,1379000,0,1C25TUV/00002751
1C25TUV,00002752,1,499073,39926,538999,0,1C25TUV/00002752
1C25TUV,00002753,1,2295370,183630,2479000,0,1C25TUV/00002753
1C25TUV,00002754,1,628703,50296,678999,0,1C25TUV/00002754
1C25TUV,00002755,1,164815,13185,178000,0,1C25TUV/00002755
1C25TUV,00002756,1,1701852,136148,1838000,0,1C25TUV/00002756
1C25TUV,00002757,1,2553704,204296,2758000,0,1C25TUV/00002757
1C25TUV,00002758,1,1275926,102074,1378000,0,1C25TUV/00002758
1C25TUV,00002759,1,628704,50296,679000,0,1C25TUV/00002759
1C25TUV,00002760,1,2572222,205778,2778000,0,1C25TUV/00002760
1C25TUV,00002761,1,1054630,84370,1139000,0,1C25TUV/00002761
1C25TUV,00002762,1,499074,39926,539000,0,1C25TUV/00002762
1C25TUV,00002763,1,3036111,242889,3279000,0,1C25TUV/00002763
1C25TUV,00002764,1,628704,50296,679000,0,1C25TUV/00002764
1C25TUV,00002765,1,2572221,205778,2777999,0,1C25TUV/00002765
1C25TUV,00002766,1,628704,50296,679000,0,1C25TUV/00002766
1C25TUV,00002767,1,499074,39926,539000,0,1C25TUV/00002767
1C25TUV,00002768,1,164815,13185,178000,0,1C25TUV/00002768
1C25TUV,00002769,1,628704,50296,679000,0,1C25TUV/00002769
1C25TUV,00002770,1,555556,44444,600000,0,1C25TUV/00002770
1C25TUV,00002771,1,628704,50296,679000,0,1C25TUV/00002771
1C25TUV,00002772,1,628704,50296,679000,0,1C25TUV/00002772
1C25TUV,00002773,1,1980556,158444,2139000,0,1C25TUV/00002773
1C25TUV,00002774,1,509259,40741,550000,0,1C25TUV/00002774
1C25TUV,00002775,1,164815,13185,178000,0,1C25TUV/00002775
1C25TUV,00002776,1,221296,17704,239000,0,1C25TUV/00002776
1C25TUV,00002777,1,406481,32518,438999,0,1C25TUV/00002777
1C25TUV,00002778,1,2700000,216000,2916000,0,1C25TUV/00002778
1C25TUV,00002779,1,1054630,84370,1139000,0,1C25TUV/00002779
1C25TUV,00002780,1,1054629,84370,1138999,0,1C25TUV/00002780
1C25TUV,00002781,1,2295370,183630,2479000,0,1C25TUV/00002781
1C25TUV,00002782,1,1276852,102148,1379000,0,1C25TUV/00002782
1C25TUV,00002783,1,2572221,205778,2777999,0,1C25TUV/00002783
1C25TUV,00002784,1,628704,50296,679000,0,1C25TUV/00002784
1C25TUV,00002785,1,1980556,158444,2139000,0,1C25TUV/00002785
1C25TUV,00002786,1,221296,17704,239000,0,1C25TUV/00002786
1C25TUV,00002787,1,499074,39926,539000,0,1C25TUV/00002787
1C25TUV,00002788,1,628704,50296,679000,0,1C25TUV/00002788
1C25TUV,00002789,1,2180602,174448,2355050,0,1C25TUV/00002789
1C25TUV,00002790,1,1881528,150522,2032050,0,1C25TUV/00002790
1C25TUV,00002791,1,1881528,150522,2032050,0,1C25TUV/00002791
1C25TUV,00002792,1,1980556,158444,2139000,0,1C25TUV/00002792
1C25TUV,00002793,1,3962036,316963,4278999,0,1C25TUV/00002793
1C25TUV,00002794,1,5376851,430148,5806999,0,1C25TUV/00002794
1C25TUV,00002795,1,3200924,256074,3456998,0,1C25TUV/00002795
1C25TUV,00002796,1,443519,35482,479001,0,1C25TUV/00002796
1C25TUV,00002797,1,1213008,97041,1310049,0,1C25TUV/00002797
1C25TUV,00002798,1,1276852,102148,1379000,0,1C25TUV/00002798
1C25TUV,00002799,1,1276852,102148,1379000,0,1C25TUV/00002799
1C25TUV,00002800,1,1276852,102148,1379000,0,1C25TUV/00002800
1C25TUV,00002801,1,1276852,102148,1379000,0,1C25TUV/00002801
1C25TUV,00002802,1,628704,50296,679000,0,1C25TUV/00002802
1C25TUV,00002803,1,1980556,158444,2139000,0,1C25TUV/00002803
1C25TUV,00002804,1,1276852,102148,1379000,0,1C25TUV/00002804
1C25TUV,00002805,1,2573148,205852,2779000,0,1C25TUV/00002805
1C25TUV,00002806,1,1276852,102148,1379000,0,1C25TUV/00002806
1C25TUV,00002807,1,499074,39926,539000,0,1C25TUV/00002807
1C25TUV,00002808,1,628704,50296,679000,0,1C25TUV/00002808
1C25TUV,00002809,1,499074,39926,539000,0,1C25TUV/00002809
1C25TUV,00002810,1,1054630,84370,1139000,0,1C25TUV/00002810
1C25TUV,00002811,1,628704,50296,679000,0,1C25TUV/00002811
1C25TUV,00002812,1,499074,39926,539000,0,1C25TUV/00002812
1C25TUV,00002813,1,2573148,205852,2779000,0,1C25TUV/00002813
1C25TUV,00002814,1,499074,39926,539000,0,1C25TUV/00002814
1C25TUV,00002815,1,1276852,102148,1379000,0,1C25TUV/00002815
1C25TUV,00002816,1,499074,39926,539000,0,1C25TUV/00002816
1C25TUV,00002817,1,165741,13259,179000,0,1C25TUV/00002817
1C25TUV,00002818,1,221296,17704,239000,0,1C25TUV/00002818
1C25TUV,00002819,1,1054630,84370,1139000,0,1C25TUV/00002819
1C25TUV,00002820,1,1276852,102148,1379000,0,1C25TUV/00002820
1C25TUV,00002821,1,499074,39926,539000,0,1C25TUV/00002821
1C25TUV,00002822,1,1276852,102148,1379000,0,1C25TUV/00002822
1C25TUV,00002823,1,499074,39926,539000,0,1C25TUV/00002823
1C25TUV,00002824,1,499074,39926,539000,0,1C25TUV/00002824
1C25TUV,00002825,1,499074,39926,539000,0,1C25TUV/00002825
1C25TUV,00002826,1,962037,76963,1039000,0,1C25TUV/00002826
1C25TUV,00002827,1,1276852,102148,1379000,0,1C25TUV/00002827
1C25TUV,00002828,1,499074,39926,539000,0,1C25TUV/00002828
1C25TUV,00002829,1,2295370,183630,2479000,0,1C25TUV/00002829
1C25TUV,00002830,1,2295370,183630,2479000,0,1C25TUV/00002830
1C25TUV,00002831,1,3962037,316963,4279000,0,1C25TUV/00002831
1C25TUV,00002832,1,998148,79852,1078000,0,1C25TUV/00002832
1C25TUV,00002833,1,1276852,102148,1379000,0,1C25TUV/00002833
1C25TUV,00002834,1,499074,39926,539000,0,1C25TUV/00002834
1C25TUV,00002835,1,499074,39926,539000,0,1C25TUV/00002835
1C25TUV,00002836,1,2295370,183630,2479000,0,1C25TUV/00002836
1C25TUV,00002837,1,1276852,102148,1379000,0,1C25TUV/00002837
1C25TUV,00002838,1,2295370,183630,2479000,0,1C25TUV/00002838
1C25TUV,00002839,1,1702778,136222,1839000,0,1C25TUV/00002839
1C25TUV,00002840,1,628704,50296,679000,0,1C25TUV/00002840
1C25TUV,00002841,1,499074,39926,539000,0,1C25TUV/00002841
1C25TUV,00002842,1,499074,39926,539000,0,1C25TUV/00002842
1C25TUV,00002843,1,1276852,102148,1379000,0,1C25TUV/00002843
1C25TUV,00002844,1,499074,39926,539000,0,1C25TUV/00002844
1C25TUV,00002845,1,1980556,158444,2139000,0,1C25TUV/00002845
1C25TUV,00002846,1,499074,39926,539000,0,1C25TUV/00002846
1C25TUV,00002847,1,1276852,102148,1379000,0,1C25TUV/00002847
1C25TUV,00002848,1,1702778,136222,1839000,0,1C25TUV/00002848
1C25TUV,00002849,1,2573148,205852,2779000,0,1C25TUV/00002849
1C25TUV,00002850,1,628704,50296,679000,0,1C25TUV/00002850
1C25TUV,00002851,1,803704,64296,868000,0,1C25TUV/00002851
1C25TUV,00002852,1,2573148,205852,2779000,0,1C25TUV/00002852
1C25TUV,00002853,1,1054630,84370,1139000,0,1C25TUV/00002853
1C25TUV,00002854,1,509259,40741,550000,0,1C25TUV/00002854
1C25TUV,00002855,1,2573148,205852,2779000,0,1C25TUV/00002855
1C25TUV,00002856,1,628704,50296,679000,0,1C25TUV/00002856
1C25TUV,00002857,1,998148,79852,1078000,0,1C25TUV/00002857
1C25TUV,00002858,1,628704,50296,679000,0,1C25TUV/00002858
1C25TUV,00002859,1,499074,39926,539000,0,1C25TUV/00002859
1C25TUV,00002860,1,628704,50296,679000,0,1C25TUV/00002860
1C25TUV,00002861,1,2573148,205852,2779000,0,1C25TUV/00002861
1C25TUV,00002862,1,499074,39926,539000,0,1C25TUV/00002862
1C25TUV,00002863,1,628704,50296,679000,0,1C25TUV/00002863
1C25TUV,00002864,1,499074,39926,539000,0,1C25TUV/00002864
1C25TUV,00002865,1,499074,39926,539000,0,1C25TUV/00002865
1C25TUV,00002866,1,499074,39926,539000,0,1C25TUV/00002866
1C25TUV,00002867,1,499074,39926,539000,0,1C25TUV/00002867
1C25TUV,00002868,1,499074,39926,539000,0,1C25TUV/00002868
1C25TUV,00002869,1,998148,79852,1078000,0,1C25TUV/00002869
1C25TUV,00002870,1,1054630,84370,1139000,0,1C25TUV/00002870
1C25TUV,00002871,1,2573148,205852,2779000,0,1C25TUV/00002871
1C25TUV,00002872,1,591667,47333,639000,0,1C25TUV/00002872
1C25TUV,00002873,1,499074,39926,539000,0,1C25TUV/00002873
1C25TUV,00002874,1,1702778,136222,1839000,0,1C25TUV/00002874
1C25TUV,00002875,1,509259,40741,550000,0,1C25TUV/00002875
1C25TUV,00002876,1,2573148,205852,2779000,0,1C25TUV/00002876
1C25TUV,00002877,1,877778,70222,948000,0,1C25TUV/00002877
1C25TUV,00002878,1,3330555,266444,3596999,0,1C25TUV/00002878
1C25TUV,00002879,1,2757407,220593,2978000,0,1C25TUV/00002879
1C25TUV,00002880,1,2295370,183630,2479000,0,1C25TUV/00002880
1C25TUV,00002881,1,1275926,102074,1378000,0,1C25TUV/00002881
1C25TUV,00002882,1,2572221,205778,2777999,0,1C25TUV/00002882
1C25TUV,00002883,1,1214681,97175,1311856,0,1C25TUV/00002883
1C25TUV,00002884,1,2097044,167763,2264807,0,1C25TUV/00002884
1C25TUV,00002885,1,1276852,102148,1379000,0,1C25TUV/00002885
1C25TUV,00002886,1,1276852,102148,1379000,0,1C25TUV/00002886
1C25TUV,00002887,1,628703,50296,678999,0,1C25TUV/00002887
1C25TUV,00002888,1,1702778,136222,1839000,0,1C25TUV/00002888
1C25TUV,00002889,1,628704,50296,679000,0,1C25TUV/00002889
1C25TUV,00002890,1,452778,36222,489000,0,1C25TUV/00002890
1C25TUV,00002891,1,164815,13185,178000,0,1C25TUV/00002891
1C25TUV,00002892,1,2572221,205778,2777999,0,1C25TUV/00002892
1C25TUV,00002893,1,2572221,205778,2777999,0,1C25TUV/00002893
1C25TUV,00002894,1,675000,54000,729000,0,1C25TUV/00002894
1C25TUV,00002895,1,220370,17630,238000,0,1C25TUV/00002895
1C25TUV,00002896,1,1276852,102148,1379000,0,1C25TUV/00002896
1C25TUV,00002897,1,597269,47781,645050,0,1C25TUV/00002897
1C25TUV,00002898,1,474119,37930,512049,0,1C25TUV/00002898
1C25TUV,00002899,1,2572220,205778,2777998,0,1C25TUV/00002899
1C25TUV,00002900,1,675000,54000,729000,0,1C25TUV/00002900
1C25TUV,00002901,1,499074,39926,539000,0,1C25TUV/00002901
1C25TUV,00002902,1,462963,37037,500000,0,1C25TUV/00002902
1C25TUV,00002903,1,1276852,102148,1379000,0,1C25TUV/00002903
1C25TUV,00002904,1,1276852,102148,1379000,0,1C25TUV/00002904
1C25TUV,00002905,1,628704,50296,679000,0,1C25TUV/00002905
1C25TUV,00002906,1,628704,50296,679000,0,1C25TUV/00002906
1C25TUV,00002907,1,2295370,183630,2479000,0,1C25TUV/00002907
1C25TUV,00002908,1,452778,36222,489000,0,1C25TUV/00002908
1C25TUV,00002909,1,628704,50296,679000,0,1C25TUV/00002909
1C25TUV,00002910,1,499074,39926,539000,0,1C25TUV/00002910
1C25TUV,00002911,1,499074,39926,539000,0,1C25TUV/00002911
1C25TUV,00002912,1,628704,50296,679000,0,1C25TUV/00002912
1C25TUV,00002913,1,1980556,158444,2139000,0,1C25TUV/00002913
1C25TUV,00002914,1,499074,39926,539000,0,1C25TUV/00002914
1C25TUV,00002915,1,452778,36222,489000,0,1C25TUV/00002915
1C25TUV,00002916,1,492593,39407,532000,0,1C25TUV/00002916
1C25TUV,00002917,1,2295370,183630,2479000,0,1C25TUV/00002917
1C25TUV,00002918,1,1890546,151244,2041790,0,1C25TUV/00002918
1C25TUV,00002919,1,1275926,102074,1378000,0,1C25TUV/00002919
1C25TUV,00002920,1,628703,50296,678999,0,1C25TUV/00002920
1C25TUV,00002921,1,628703,50296,678999,0,1C25TUV/00002921
1C25TUV,00002922,1,2443609,195489,2639098,0,1C25TUV/00002922
1C25TUV,00002923,1,2443609,195489,2639098,0,1C25TUV/00002923
1C25TUV,00002924,1,2443609,195489,2639098,0,1C25TUV/00002924
1C25TUV,00002925,1,4850926,388074,5239000,0,1C25TUV/00002925
1C25TUV,00002926,1,11177778,894222,12072000,0,1C25TUV/00002926
1C25TUV,00002927,1,499073,39926,538999,0,1C25TUV/00002927
1C25TUV,00002928,1,628704,50296,679000,0,1C25TUV/00002928
1C25TUV,00002929,1,1276852,102148,1379000,0,1C25TUV/00002929
1C25TUV,00002930,1,184259,14741,199000,0,1C25TUV/00002930
1C25TUV,00002931,1,499073,39926,538999,0,1C25TUV/00002931
1C25TUV,00002932,1,2295369,183630,2478999,0,1C25TUV/00002932
1C25TUV,00002933,1,1276851,102148,1378999,0,1C25TUV/00002933
1C25TUV,00002934,1,628703,50296,678999,0,1C25TUV/00002934
1C25TUV,00002935,1,962037,76963,1039000,0,1C25TUV/00002935
1C25TUV,00002936,1,606069,48486,654555,0,1C25TUV/00002936
1C25TUV,00002937,1,2758332,220667,2978999,0,1C25TUV/00002937
1C25TUV,00002938,1,962037,76963,1039000,0,1C25TUV/00002938
1C25TUV,00002939,1,1276851,102148,1378999,0,1C25TUV/00002939
1C25TUV,00002940,1,220370,17630,238000,0,1C25TUV/00002940
1C25TUV,00002941,1,499073,39926,538999,0,1C25TUV/00002941
1C25TUV,00002942,1,1795370,143630,1939000,0,1C25TUV/00002942
1C25TUV,00002943,1,628704,50296,679000,0,1C25TUV/00002943
1C25TUV,00002944,1,499073,39926,538999,0,1C25TUV/00002944
1C25TUV,00002945,1,628704,50296,679000,0,1C25TUV/00002945
1C25TUV,00002946,1,628704,50296,679000,0,1C25TUV/00002946
1C25TUV,00002947,1,1276852,102148,1379000,0,1C25TUV/00002947
1C25TUV,00002948,1,405556,32444,438000,0,1C25TUV/00002948
1C25TUV,00002949,1,1795370,143630,1939000,0,1C25TUV/00002949
1C25TUV,00002950,1,628704,50296,679000,0,1C25TUV/00002950
1C25TUV,00002951,1,1276852,102148,1379000,0,1C25TUV/00002951
1C25TUV,00002952,1,164815,13185,178000,0,1C25TUV/00002952
1C25TUV,00002953,1,628704,50296,679000,0,1C25TUV/00002953
1C25TUV,00002954,1,462963,37037,500000,0,1C25TUV/00002954
1C25TUV,00002955,1,499073,39926,538999,0,1C25TUV/00002955
1C25TUV,00002956,1,627778,50222,678000,0,1C25TUV/00002956
1C25TUV,00002957,1,628704,50296,679000,0,1C25TUV/00002957
1C25TUV,00002958,1,499073,39926,538999,0,1C25TUV/00002958
1C25TUV,00002959,1,628704,50296,679000,0,1C25TUV/00002959
1C25TUV,00002960,1,628704,50296,679000,0,1C25TUV/00002960
1C25TUV,00002961,1,499073,39926,538999,0,1C25TUV/00002961
1C25TUV,00002962,1,628704,50296,679000,0,1C25TUV/00002962
1C25TUV,00002963,1,628703,50296,678999,0,1C25TUV/00002963
1C25TUV,00002964,1,628704,50296,679000,0,1C25TUV/00002964
1C25TUV,00002965,1,164815,13185,178000,0,1C25TUV/00002965
1C25TUV,00002966,1,1980556,158444,2139000,0,1C25TUV/00002966
1C25TUV,00002967,1,628704,50296,679000,0,1C25TUV/00002967
1C25TUV,00002968,1,220370,17630,238000,0,1C25TUV/00002968
1C25TUV,00002969,1,452778,36222,489000,0,1C25TUV/00002969
1C25TUV,00002970,1,452778,36222,489000,0,1C25TUV/00002970
1C25TUV,00002971,1,452777,36222,488999,0,1C25TUV/00002971
1C25TUV,00002972,1,1980556,158444,2139000,0,1C25TUV/00002972
1C25TUV,00002973,1,581481,46519,628000,0,1C25TUV/00002973
1C25TUV,00002974,1,628704,50296,679000,0,1C25TUV/00002974
1C25TUV,00002975,1,628704,50296,679000,0,1C25TUV/00002975
1C25TUV,00002976,1,628704,50296,679000,0,1C25TUV/00002976
1C25TUV,00002977,1,1276852,102148,1379000,0,1C25TUV/00002977
1C25TUV,00002978,1,628704,50296,679000,0,1C25TUV/00002978
1C25TUV,00002979,1,3961111,316889,4278000,0,1C25TUV/00002979
1C25TUV,00002980,1,164815,13185,178000,0,1C25TUV/00002980
1C25TUV,00002981,1,509258,40741,549999,0,1C25TUV/00002981
1C25TUV,00002982,1,628703,50296,678999,0,1C25TUV/00002982
1C25TUV,00002983,1,2295370,183630,2479000,0,1C25TUV/00002983
1C25TUV,00002984,1,961111,76889,1038000,0,1C25TUV/00002984
1C25TUV,00002985,1,628703,50296,678999,0,1C25TUV/00002985
1C25TUV,00002986,1,628703,50296,678999,0,1C25TUV/00002986
1C25TUV,00002987,1,1979630,158370,2138000,0,1C25TUV/00002987
1C25TUV,00002988,1,628703,50296,678999,0,1C25TUV/00002988
1C25TUV,00002989,1,1276852,102148,1379000,0,1C25TUV/00002989
1C25TUV,00002990,1,492593,39407,532000,0,1C25TUV/00002990
1C25TUV,00002991,1,628704,50296,679000,0,1C25TUV/00002991
1C25TUV,00002992,1,452778,36222,489000,0,1C25TUV/00002992
1C25TUV,00002993,1,499074,39926,539000,0,1C25TUV/00002993
1C25TUV,00002994,1,628704,50296,679000,0,1C25TUV/00002994
1C25TUV,00002995,1,1025099,82008,1107107,0,1C25TUV/00002995
1C25TUV,00002996,1,1276851,102148,1378999,0,1C25TUV/00002996
1C25TUV,00002997,1,628704,50296,679000,0,1C25TUV/00002997
1C25TUV,00002998,1,1276852,102148,1379000,0,1C25TUV/00002998
1C25TUV,00002999,1,628704,50296,679000,0,1C25TUV/00002999
1C25TUV,00003000,1,3036110,242889,3278999,0,1C25TUV/00003000
1C25TUV,00003001,1,499074,39926,539000,0,1C25TUV/00003001
1C25TUV,00003002,1,2443518,195481,2638999,0,1C25TUV/00003002
1C25TUV,00003003,1,628704,50296,679000,0,1C25TUV/00003003
1C25TUV,00003004,1,628704,50296,679000,0,1C25TUV/00003004
1C25TUV,00003005,1,452778,36222,489000,0,1C25TUV/00003005
1C25TUV,00003006,1,628703,50296,678999,0,1C25TUV/00003006
1C25TUV,00003007,1,628703,50296,678999,0,1C25TUV/00003007
1C25TUV,00003008,1,2443609,195489,2639098,0,1C25TUV/00003008
1C25TUV,00003009,1,4332407,346593,4679000,0,1C25TUV/00003009
1C25TUV,00003010,1,597269,47782,645051,0,1C25TUV/00003010
1C25TUV,00003011,1,499074,39926,539000,0,1C25TUV/00003011
1C25TUV,00003012,1,1276852,102148,1379000,0,1C25TUV/00003012
1C25TUV,00003013,1,1276852,102148,1379000,0,1C25TUV/00003013
1C25TUV,00003014,1,628704,50296,679000,0,1C25TUV/00003014
1C25TUV,00003015,1,1276852,102148,1379000,0,1C25TUV/00003015
1C25TUV,00003016,1,1369444,109556,1479000,0,1C25TUV/00003016
1C25TUV,00003017,1,499074,39926,539000,0,1C25TUV/00003017
1C25TUV,00003018,1,499074,39926,539000,0,1C25TUV/00003018
1C25TUV,00003019,1,1276852,102148,1379000,0,1C25TUV/00003019
1C25TUV,00003020,1,2295370,183630,2479000,0,1C25TUV/00003020
1C25TUV,00003021,1,1276852,102148,1379000,0,1C25TUV/00003021
1C25TUV,00003022,1,499074,39926,539000,0,1C25TUV/00003022
1C25TUV,00003023,1,165741,13259,179000,0,1C25TUV/00003023
1C25TUV,00003024,1,1054630,84370,1139000,0,1C25TUV/00003024
1C25TUV,00003025,1,1054630,84370,1139000,0,1C25TUV/00003025
1C25TUV,00003026,1,1054630,84370,1139000,0,1C25TUV/00003026
1C25TUV,00003027,1,1276852,102148,1379000,0,1C25TUV/00003027
1C25TUV,00003028,1,499074,39926,539000,0,1C25TUV/00003028
1C25TUV,00003029,1,499074,39926,539000,0,1C25TUV/00003029
1C25TUV,00003030,1,1702778,136222,1839000,0,1C25TUV/00003030
1C25TUV,00003031,1,499074,39926,539000,0,1C25TUV/00003031
1C25TUV,00003032,1,406481,32519,439000,0,1C25TUV/00003032
1C25TUV,00003033,1,628704,50296,679000,0,1C25TUV/00003033
1C25TUV,00003034,1,452778,36222,489000,0,1C25TUV/00003034
1C25TUV,00003035,1,1257407,100593,1358000,0,1C25TUV/00003035
1C25TUV,00003036,1,628704,50296,679000,0,1C25TUV/00003036
1C25TUV,00003037,1,1702778,136222,1839000,0,1C25TUV/00003037
1C25TUV,00003038,1,1980556,158444,2139000,0,1C25TUV/00003038
1C25TUV,00003039,1,499074,39926,539000,0,1C25TUV/00003039
1C25TUV,00003040,1,221296,17704,239000,0,1C25TUV/00003040
1C25TUV,00003041,1,499074,39926,539000,0,1C25TUV/00003041
1C25TUV,00003042,1,628704,50296,679000,0,1C25TUV/00003042
1C25TUV,00003043,1,628704,50296,679000,0,1C25TUV/00003043
1C25TUV,00003044,1,628704,50296,679000,0,1C25TUV/00003044
1C25TUV,00003045,1,628704,50296,679000,0,1C25TUV/00003045
1C25TUV,00003046,1,499074,39926,539000,0,1C25TUV/00003046
1C25TUV,00003047,1,499074,39926,539000,0,1C25TUV/00003047
1C25TUV,00003048,1,499074,39926,539000,0,1C25TUV/00003048
1C25TUV,00003049,1,628704,50296,679000,0,1C25TUV/00003049
1C25TUV,00003050,1,962037,76963,1039000,0,1C25TUV/00003050
1C25TUV,00003051,1,998148,79852,1078000,0,1C25TUV/00003051
1C25TUV,00003052,1,1054630,84370,1139000,0,1C25TUV/00003052
1C25TUV,00003053,1,499074,39926,539000,0,1C25TUV/00003053
1C25TUV,00003054,1,628704,50296,679000,0,1C25TUV/00003054
1C25TUV,00003055,1,509259,40741,550000,0,1C25TUV/00003055
1C25TUV,00003056,1,628704,50296,679000,0,1C25TUV/00003056
1C25TUV,00003057,1,1054630,84370,1139000,0,1C25TUV/00003057
1C25TUV,00003058,1,499074,39926,539000,0,1C25TUV/00003058
1C25TUV,00003059,1,499074,39926,539000,0,1C25TUV/00003059
1C25TUV,00003060,1,628704,50296,679000,0,1C25TUV/00003060
1C25TUV,00003061,1,499074,39926,539000,0,1C25TUV/00003061
1C25TUV,00003062,1,3118519,249482,3368001,0,1C25TUV/00003062
1C25TUV,00003063,1,7287333,582987,7870320,0,1C25TUV/00003063
1C25TUV,00003064,1,138889,11111,150000,0,1C25TUV/00003064
1C25TUV,00003065,1,628704,50296,679000,0,1C25TUV/00003065
1C25TUV,00003066,1,3942000,315360,4257360,0,1C25TUV/00003066
1C25TUV,00003067,1,1795370,143630,1939000,0,1C25TUV/00003067
1C25TUV,00003068,1,1795370,143630,1939000,0,1C25TUV/00003068
1C25TUV,00003069,1,499073,39926,538999,0,1C25TUV/00003069
1C25TUV,00003070,1,499074,39926,539000,0,1C25TUV/00003070
1C25TUV,00003071,1,1795370,143630,1939000,0,1C25TUV/00003071
1C25TUV,00003072,1,4866665,389333,5255998,0,1C25TUV/00003072
1C25TUV,00003073,1,1517593,121407,1639000,0,1C25TUV/00003073
1C25TUV,00003074,1,962037,76963,1039000,0,1C25TUV/00003074
1C25TUV,00003075,1,1216667,97333,1314000,0,1C25TUV/00003075
1C25TUV,00003076,1,962037,76963,1039000,0,1C25TUV/00003076
1C25TUV,00003077,1,606069,48486,654555,0,1C25TUV/00003077
1C25TUV,00003078,1,164815,13185,178000,0,1C25TUV/00003078
1C25TUV,00003079,1,499073,39926,538999,0,1C25TUV/00003079
1C25TUV,00003080,1,1276851,102148,1378999,0,1C25TUV/00003080
1C25TUV,00003081,1,1891430,151314,2042744,0,1C25TUV/00003081
1C25TUV,00003082,1,165740,13259,178999,0,1C25TUV/00003082
1C25TUV,00003083,1,2572221,205778,2777999,0,1C25TUV/00003083
1C25TUV,00003084,1,1795370,143630,1939000,0,1C25TUV/00003084
1C25TUV,00003085,1,499073,39926,538999,0,1C25TUV/00003085
1C25TUV,00003086,1,2573147,205852,2778999,0,1C25TUV/00003086
1C25TUV,00003087,1,499073,39926,538999,0,1C25TUV/00003087
1C25TUV,00003088,1,1275925,102074,1377999,0,1C25TUV/00003088
1C25TUV,00003089,1,163889,13111,177000,0,1C25TUV/00003089
1C25TUV,00003090,1,1795370,143630,1939000,0,1C25TUV/00003090
1C25TUV,00003091,1,1924074,153926,2078000,0,1C25TUV/00003091
1C25TUV,00003092,1,545370,43630,589000,0,1C25TUV/00003092
1C25TUV,00003093,1,1517593,121407,1639000,0,1C25TUV/00003093
1C25TUV,00003094,1,405556,32444,438000,0,1C25TUV/00003094
1C25TUV,00003095,1,962036,76963,1038999,0,1C25TUV/00003095
1C25TUV,00003096,1,499073,39926,538999,0,1C25TUV/00003096
1C25TUV,00003097,1,998146,79852,1077998,0,1C25TUV/00003097
1C25TUV,00003098,1,462037,36963,499000,0,1C25TUV/00003098
1C25TUV,00003099,1,628704,50296,679000,0,1C25TUV/00003099
1C25TUV,00003100,1,962037,76963,1039000,0,1C25TUV/00003100
1C25TUV,00003101,1,628704,50296,679000,0,1C25TUV/00003101
1C25TUV,00003102,1,628704,50296,679000,0,1C25TUV/00003102
1C25TUV,00003103,1,628704,50296,679000,0,1C25TUV/00003103
1C25TUV,00003104,1,499073,39926,538999,0,1C25TUV/00003104
1C25TUV,00003105,1,1369444,109556,1479000,0,1C25TUV/00003105
1C25TUV,00003106,1,962036,76963,1038999,0,1C25TUV/00003106
1C25TUV,00003107,1,628704,50296,679000,0,1C25TUV/00003107
1C25TUV,00003108,1,962037,76963,1039000,0,1C25TUV/00003108
1C25TUV,00003109,1,628704,50296,679000,0,1C25TUV/00003109
1C25TUV,00003110,1,2572221,205778,2777999,0,1C25TUV/00003110
1C25TUV,00003111,1,220370,17630,238000,0,1C25TUV/00003111
1C25TUV,00003112,1,628703,50296,678999,0,1C25TUV/00003112
1C25TUV,00003113,1,163889,13111,177000,0,1C25TUV/00003113
1C25TUV,00003114,1,164815,13185,178000,0,1C25TUV/00003114
1C25TUV,00003115,1,499074,39926,539000,0,1C25TUV/00003115
1C25TUV,00003116,1,628704,50296,679000,0,1C25TUV/00003116
1C25TUV,00003117,1,628704,50296,679000,0,1C25TUV/00003117
1C25TUV,00003118,1,1517593,121407,1639000,0,1C25TUV/00003118
1C25TUV,00003119,1,628704,50296,679000,0,1C25TUV/00003119
1C25TUV,00003120,1,628704,50296,679000,0,1C25TUV/00003120
1C25TUV,00003121,1,499073,39926,538999,0,1C25TUV/00003121
1C25TUV,00003122,1,628704,50296,679000,0,1C25TUV/00003122
1C25TUV,00003123,1,628704,50296,679000,0,1C25TUV/00003123
1C25TUV,00003124,1,628704,50296,679000,0,1C25TUV/00003124
1C25TUV,00003125,1,1276852,102148,1379000,0,1C25TUV/00003125
1C25TUV,00003126,1,499073,39926,538999,0,1C25TUV/00003126
1C25TUV,00003127,1,1517593,121407,1639000,0,1C25TUV/00003127
1C25TUV,00003128,1,628704,50296,679000,0,1C25TUV/00003128
1C25TUV,00003129,1,452777,36222,488999,0,1C25TUV/00003129
1C25TUV,00003130,1,628704,50296,679000,0,1C25TUV/00003130
1C25TUV,00003131,1,675000,54000,729000,0,1C25TUV/00003131
1C25TUV,00003132,1,1702778,136222,1839000,0,1C25TUV/00003132
1C25TUV,00003133,1,628704,50296,679000,0,1C25TUV/00003133
1C25TUV,00003134,1,1980556,158444,2139000,0,1C25TUV/00003134
1C25TUV,00003135,1,628704,50296,679000,0,1C25TUV/00003135
1C25TUV,00003136,1,509259,40741,550000,0,1C25TUV/00003136
1C25TUV,00003137,1,2480556,198444,2679000,0,1C25TUV/00003137
1C25TUV,00003138,1,1369444,109556,1479000,0,1C25TUV/00003138
1C25TUV,00003139,1,628704,50296,679000,0,1C25TUV/00003139
1C25TUV,00003140,1,1054630,84370,1139000,0,1C25TUV/00003140
1C25TUV,00003141,1,628704,50296,679000,0,1C25TUV/00003141
1C25TUV,00003142,1,499074,39926,539000,0,1C25TUV/00003142
1C25TUV,00003143,1,628704,50296,679000,0,1C25TUV/00003143
1C25TUV,00003144,1,499073,39926,538999,0,1C25TUV/00003144
1C25TUV,00003145,1,2553702,204296,2757998,0,1C25TUV/00003145
1C25TUV,00003146,1,1276851,102148,1378999,0,1C25TUV/00003146
1C25TUV,00003147,1,1054630,84370,1139000,0,1C25TUV/00003147
1C25TUV,00003148,1,628704,50296,679000,0,1C25TUV/00003148
1C25TUV,00003149,1,2572221,205778,2777999,0,1C25TUV/00003149
1C25TUV,00003150,1,628703,50296,678999,0,1C25TUV/00003150
1C25TUV,00003151,1,628703,50296,678999,0,1C25TUV/00003151
1C25TUV,00003152,1,499074,39926,539000,0,1C25TUV/00003152
1C25TUV,00003153,1,1702778,136222,1839000,0,1C25TUV/00003153
1C25TUV,00003154,1,628704,50296,679000,0,1C25TUV/00003154
1C25TUV,00003155,1,452778,36222,489000,0,1C25TUV/00003155
1C25TUV,00003156,1,4850925,388074,5238999,0,1C25TUV/00003156
1C25TUV,00003157,1,2813888,225111,3038999,0,1C25TUV/00003157
1C25TUV,00003158,1,3962037,316963,4279000,0,1C25TUV/00003158
1C25TUV,00003159,1,3962036,316963,4278999,0,1C25TUV/00003159
1C25TUV,00003160,1,2295370,183630,2479000,0,1C25TUV/00003160
1C25TUV,00003161,1,1257407,100593,1358000,0,1C25TUV/00003161
1C25TUV,00003162,1,509259,40741,550000,0,1C25TUV/00003162
1C25TUV,00003163,1,499074,39926,539000,0,1C25TUV/00003163
1C25TUV,00003164,1,998148,79852,1078000,0,1C25TUV/00003164
1C25TUV,00003165,1,1054630,84370,1139000,0,1C25TUV/00003165
1C25TUV,00003166,1,628704,50296,679000,0,1C25TUV/00003166
1C25TUV,00003167,1,628704,50296,679000,0,1C25TUV/00003167
1C25TUV,00003168,1,628704,50296,679000,0,1C25TUV/00003168
1C25TUV,00003169,1,499074,39926,539000,0,1C25TUV/00003169
1C25TUV,00003170,1,1702778,136222,1839000,0,1C25TUV/00003170
1C25TUV,00003171,1,499074,39926,539000,0,1C25TUV/00003171
1C25TUV,00003172,1,2449074,195926,2645000,0,1C25TUV/00003172
1C25TUV,00003173,1,1257407,100593,1358000,0,1C25TUV/00003173
1C25TUV,00003174,1,509259,40741,550000,0,1C25TUV/00003174
1C25TUV,00003175,1,1980556,158444,2139000,0,1C25TUV/00003175
1C25TUV,00003176,1,1702778,136222,1839000,0,1C25TUV/00003176
1C25TUV,00003177,1,1054630,84370,1139000,0,1C25TUV/00003177
1C25TUV,00003178,1,1276852,102148,1379000,0,1C25TUV/00003178
1C25TUV,00003179,1,2461111,196889,2658000,0,1C25TUV/00003179
1C25TUV,00003180,1,499074,39926,539000,0,1C25TUV/00003180
1C25TUV,00003181,1,499074,39926,539000,0,1C25TUV/00003181
1C25TUV,00003182,1,1054630,84370,1139000,0,1C25TUV/00003182
1C25TUV,00003183,1,1276852,102148,1379000,0,1C25TUV/00003183
1C25TUV,00003184,1,1702778,136222,1839000,0,1C25TUV/00003184
1C25TUV,00003185,1,1276852,102148,1379000,0,1C25TUV/00003185
1C25TUV,00003186,1,499074,39926,539000,0,1C25TUV/00003186
1C25TUV,00003187,1,1276852,102148,1379000,0,1C25TUV/00003187
1C25TUV,00003188,1,1980556,158444,2139000,0,1C25TUV/00003188
1C25TUV,00003189,1,499074,39926,539000,0,1C25TUV/00003189
1C25TUV,00003190,1,499074,39926,539000,0,1C25TUV/00003190
1C25TUV,00003191,1,499074,39926,539000,0,1C25TUV/00003191
1C25TUV,00003192,1,2573148,205852,2779000,0,1C25TUV/00003192
1C25TUV,00003193,1,2573148,205852,2779000,0,1C25TUV/00003193
1C25TUV,00003194,1,628704,50296,679000,0,1C25TUV/00003194
1C25TUV,00003195,1,628704,50296,679000,0,1C25TUV/00003195
1C25TUV,00003196,1,509259,40741,550000,0,1C25TUV/00003196
1C25TUV,00003197,1,2573148,205852,2779000,0,1C25TUV/00003197
1C25TUV,00003198,1,628704,50296,679000,0,1C25TUV/00003198
1C25TUV,00003199,1,1276852,102148,1379000,0,1C25TUV/00003199
1C25TUV,00003200,1,499074,39926,539000,0,1C25TUV/00003200
1C25TUV,00003201,1,628704,50296,679000,0,1C25TUV/00003201
1C25TUV,00003202,1,499074,39926,539000,0,1C25TUV/00003202
1C25TUV,00003203,1,499074,39926,539000,0,1C25TUV/00003203
1C25TUV,00003204,1,628704,50296,679000,0,1C25TUV/00003204
1C25TUV,00003205,1,628704,50296,679000,0,1C25TUV/00003205
1C25TUV,00003206,1,1702778,136222,1839000,0,1C25TUV/00003206
1C25TUV,00003207,1,499074,39926,539000,0,1C25TUV/00003207
1C25TUV,00003208,1,1276852,102148,1379000,0,1C25TUV/00003208
1C25TUV,00003209,1,628704,50296,679000,0,1C25TUV/00003209
1C25TUV,00003210,1,499074,39926,539000,0,1C25TUV/00003210
1C25TUV,00003211,1,2295370,183630,2479000,0,1C25TUV/00003211
1C25TUV,00003212,1,628704,50296,679000,0,1C25TUV/00003212
1C25TUV,00003213,1,499074,39926,539000,0,1C25TUV/00003213
1C25TUV,00003214,1,628704,50296,679000,0,1C25TUV/00003214
1C25TUV,00003215,1,1702778,136222,1839000,0,1C25TUV/00003215
1C25TUV,00003216,1,499074,39926,539000,0,1C25TUV/00003216
1C25TUV,00003217,1,1276852,102148,1379000,0,1C25TUV/00003217
1C25TUV,00003218,1,2721297,217704,2939001,0,1C25TUV/00003218
1C25TUV,00003219,1,3962037,316963,4279000,0,1C25TUV/00003219
1C25TUV,00003220,1,495823,39666,535489,0,1C25TUV/00003220
1C25TUV,00003221,1,5443519,435482,5879001,0,1C25TUV/00003221
1C25TUV,00003222,1,165741,13259,179000,0,1C25TUV/00003222
1C25TUV,00003223,1,165741,13259,179000,0,1C25TUV/00003223
1C25TUV,00003224,1,499074,39926,539000,0,1C25TUV/00003224
1C25TUV,00003225,1,499074,39926,539000,0,1C25TUV/00003225
1C25TUV,00003226,1,164815,13185,178000,0,1C25TUV/00003226
1C25TUV,00003227,1,499074,39926,539000,0,1C25TUV/00003227
1C25TUV,00003228,1,962036,76963,1038999,0,1C25TUV/00003228
1C25TUV,00003229,1,628704,50296,679000,0,1C25TUV/00003229
1C25TUV,00003230,1,1497219,119778,1616997,0,1C25TUV/00003230
1C25TUV,00003231,1,164815,13185,178000,0,1C25TUV/00003231
1C25TUV,00003232,1,1516667,121333,1638000,0,1C25TUV/00003232
1C25TUV,00003233,1,628704,50296,679000,0,1C25TUV/00003233
1C25TUV,00003234,1,499073,39926,538999,0,1C25TUV/00003234
1C25TUV,00003235,1,499073,39926,538999,0,1C25TUV/00003235
1C25TUV,00003236,1,962037,76963,1039000,0,1C25TUV/00003236
1C25TUV,00003237,1,1275926,102074,1378000,0,1C25TUV/00003237
1C25TUV,00003238,1,509259,40741,550000,0,1C25TUV/00003238
1C25TUV,00003239,1,499074,39926,539000,0,1C25TUV/00003239
1C25TUV,00003240,1,1794444,143556,1938000,0,1C25TUV/00003240
1C25TUV,00003241,1,962037,76963,1039000,0,1C25TUV/00003241
1C25TUV,00003242,1,1881528,150522,2032050,0,1C25TUV/00003242
1C25TUV,00003243,1,473240,37859,511099,0,1C25TUV/00003243
1C25TUV,00003244,1,1213008,97041,1310049,0,1C25TUV/00003244
1C25TUV,00003245,1,1881528,150522,2032050,0,1C25TUV/00003245
1C25TUV,00003246,1,1054630,84370,1139000,0,1C25TUV/00003246
1C25TUV,00003247,1,499074,39926,539000,0,1C25TUV/00003247
1C25TUV,00003248,1,474119,37930,512049,0,1C25TUV/00003248
1C25TUV,00003249,1,499074,39926,539000,0,1C25TUV/00003249
1C25TUV,00003250,1,1213008,97041,1310049,0,1C25TUV/00003250
1C25TUV,00003251,1,1213008,97041,1310049,0,1C25TUV/00003251
1C25TUV,00003252,1,2180602,174448,2355050,0,1C25TUV/00003252
1C25TUV,00003253,1,2180602,174448,2355050,0,1C25TUV/00003253
1C25TUV,00003254,1,628703,50296,678999,0,1C25TUV/00003254
1C25TUV,00003255,1,606069,48486,654555,0,1C25TUV/00003255
1C25TUV,00003256,1,606069,48486,654555,0,1C25TUV/00003256
1C25TUV,00003257,1,628703,50296,678999,0,1C25TUV/00003257
1C25TUV,00003258,1,606069,48486,654555,0,1C25TUV/00003258
1C25TUV,00003259,1,606069,48486,654555,0,1C25TUV/00003259
1C25TUV,00003260,1,628703,50296,678999,0,1C25TUV/00003260
1C25TUV,00003261,1,628703,50296,678999,0,1C25TUV/00003261
1C25TUV,00003262,1,606069,48486,654555,0,1C25TUV/00003262
1C25TUV,00003263,1,509258,40741,549999,0,1C25TUV/00003263
1C25TUV,00003264,1,628703,50296,678999,0,1C25TUV/00003264
1C25TUV,00003265,1,606069,48486,654555,0,1C25TUV/00003265
1C25TUV,00003266,1,606069,48486,654555,0,1C25TUV/00003266
1C25TUV,00003267,1,628703,50296,678999,0,1C25TUV/00003267
1C25TUV,00003268,1,606069,48486,654555,0,1C25TUV/00003268
1C25TUV,00003269,1,1795370,143630,1939000,0,1C25TUV/00003269
1C25TUV,00003270,1,1517593,121407,1639000,0,1C25TUV/00003270
1C25TUV,00003271,1,628703,50296,678999,0,1C25TUV/00003271
1C25TUV,00003272,1,628703,50296,678999,0,1C25TUV/00003272
1C25TUV,00003273,1,1369444,109556,1479000,0,1C25TUV/00003273
1C25TUV,00003274,1,499074,39926,539000,0,1C25TUV/00003274
1C25TUV,00003275,1,628703,50296,678999,0,1C25TUV/00003275
1C25TUV,00003276,1,606069,48486,654555,0,1C25TUV/00003276
1C25TUV,00003277,1,628703,50296,678999,0,1C25TUV/00003277
1C25TUV,00003278,1,499074,39926,539000,0,1C25TUV/00003278
1C25TUV,00003279,1,499074,39926,539000,0,1C25TUV/00003279
1C25TUV,00003280,1,220370,17630,238000,0,1C25TUV/00003280
1C25TUV,00003281,1,164815,13185,178000,0,1C25TUV/00003281
1C25TUV,00003282,1,163889,13111,177000,0,1C25TUV/00003282
1C25TUV,00003283,1,2572221,205778,2777999,0,1C25TUV/00003283
1C25TUV,00003284,1,628704,50296,679000,0,1C25TUV/00003284
1C25TUV,00003285,1,1303704,104296,1408000,0,1C25TUV/00003285
1C25TUV,00003286,1,628704,50296,679000,0,1C25TUV/00003286
1C25TUV,00003287,1,238889,19111,258000,0,1C25TUV/00003287
1C25TUV,00003288,1,962037,76963,1039000,0,1C25TUV/00003288
1C25TUV,00003289,1,628704,50296,679000,0,1C25TUV/00003289
1C25TUV,00003290,1,499074,39926,539000,0,1C25TUV/00003290
1C25TUV,00003291,1,628704,50296,679000,0,1C25TUV/00003291
1C25TUV,00003292,1,628704,50296,679000,0,1C25TUV/00003292
1C25TUV,00003293,1,628704,50296,679000,0,1C25TUV/00003293
1C25TUV,00003294,1,499074,39926,539000,0,1C25TUV/00003294
1C25TUV,00003295,1,628704,50296,679000,0,1C25TUV/00003295
1C25TUV,00003296,1,628704,50296,679000,0,1C25TUV/00003296
1C25TUV,00003297,1,628704,50296,679000,0,1C25TUV/00003297
1C25TUV,00003298,1,628704,50296,679000,0,1C25TUV/00003298
1C25TUV,00003299,1,628704,50296,679000,0,1C25TUV/00003299
1C25TUV,00003300,1,628704,50296,679000,0,1C25TUV/00003300
1C25TUV,00003301,1,628703,50296,678999,0,1C25TUV/00003301
1C25TUV,00003302,1,628703,50296,678999,0,1C25TUV/00003302
1C25TUV,00003303,1,628704,50296,679000,0,1C25TUV/00003303
1C25TUV,00003304,1,628704,50296,679000,0,1C25TUV/00003304
1C25TUV,00003305,1,499073,39926,538999,0,1C25TUV/00003305
1C25TUV,00003306,1,628704,50296,679000,0,1C25TUV/00003306
1C25TUV,00003307,1,499074,39926,539000,0,1C25TUV/00003307
1C25TUV,00003308,1,628704,50296,679000,0,1C25TUV/00003308
1C25TUV,00003309,1,628704,50296,679000,0,1C25TUV/00003309
1C25TUV,00003310,1,499073,39926,538999,0,1C25TUV/00003310
1C25TUV,00003311,1,628704,50296,679000,0,1C25TUV/00003311
1C25TUV,00003312,1,1276852,102148,1379000,0,1C25TUV/00003312
1C25TUV,00003313,1,628704,50296,679000,0,1C25TUV/00003313
1C25TUV,00003314,1,675000,54000,729000,0,1C25TUV/00003314
1C25TUV,00003315,1,1276852,102148,1379000,0,1C25TUV/00003315
1C25TUV,00003316,1,628704,50296,679000,0,1C25TUV/00003316
1C25TUV,00003317,1,628704,50296,679000,0,1C25TUV/00003317
1C25TUV,00003318,1,164815,13185,178000,0,1C25TUV/00003318
1C25TUV,00003319,1,628704,50296,679000,0,1C25TUV/00003319
1C25TUV,00003320,1,220370,17630,238000,0,1C25TUV/00003320
1C25TUV,00003321,1,628704,50296,679000,0,1C25TUV/00003321
1C25TUV,00003322,1,628704,50296,679000,0,1C25TUV/00003322
1C25TUV,00003323,1,452778,36222,489000,0,1C25TUV/00003323
1C25TUV,00003324,1,628704,50296,679000,0,1C25TUV/00003324
1C25TUV,00003325,1,628704,50296,679000,0,1C25TUV/00003325
1C25TUV,00003326,1,628704,50296,679000,0,1C25TUV/00003326
1C25TUV,00003327,1,628704,50296,679000,0,1C25TUV/00003327
1C25TUV,00003328,1,628704,50296,679000,0,1C25TUV/00003328
1C25TUV,00003329,1,1276852,102148,1379000,0,1C25TUV/00003329
1C25TUV,00003330,1,628704,50296,679000,0,1C25TUV/00003330
1C25TUV,00003331,1,628704,50296,679000,0,1C25TUV/00003331
1C25TUV,00003332,1,962037,76963,1039000,0,1C25TUV/00003332
1C25TUV,00003333,1,2884306,230744,3115050,0,1C25TUV/00003333
1C25TUV,00003334,1,1980556,158444,2139000,0,1C25TUV/00003334
1C25TUV,00003335,1,628704,50296,679000,0,1C25TUV/00003335
1C25TUV,00003336,1,628703,50296,678999,0,1C25TUV/00003336
1C25TUV,00003337,1,1276852,102148,1379000,0,1C25TUV/00003337
1C25TUV,00003338,1,628704,50296,679000,0,1C25TUV/00003338
1C25TUV,00003339,1,499073,39926,538999,0,1C25TUV/00003339
1C25TUV,00003340,1,628704,50296,679000,0,1C25TUV/00003340
1C25TUV,00003341,1,452778,36222,489000,0,1C25TUV/00003341
1C25TUV,00003342,1,452777,36222,488999,0,1C25TUV/00003342
1C25TUV,00003343,1,1702778,136222,1839000,0,1C25TUV/00003343
1C25TUV,00003344,1,3962036,316963,4278999,0,1C25TUV/00003344
1C25TUV,00003345,1,2572221,205778,2777999,0,1C25TUV/00003345
1C25TUV,00003346,1,720370,57630,778000,0,1C25TUV/00003346
1C25TUV,00003347,1,628704,50296,679000,0,1C25TUV/00003347
1C25TUV,00003348,1,1980556,158444,2139000,0,1C25TUV/00003348
1C25TUV,00003349,1,1276852,102148,1379000,0,1C25TUV/00003349
1C25TUV,00003350,1,628704,50296,679000,0,1C25TUV/00003350
1C25TUV,00003351,1,628704,50296,679000,0,1C25TUV/00003351
1C25TUV,00003352,1,628704,50296,679000,0,1C25TUV/00003352
1C25TUV,00003353,1,628704,50296,679000,0,1C25TUV/00003353
1C25TUV,00003354,1,509259,40741,550000,0,1C25TUV/00003354
1C25TUV,00003355,1,2295370,183630,2479000,0,1C25TUV/00003355
1C25TUV,00003356,1,499074,39926,539000,0,1C25TUV/00003356
1C25TUV,00003357,1,499074,39926,539000,0,1C25TUV/00003357
1C25TUV,00003358,1,1276852,102148,1379000,0,1C25TUV/00003358
1C25TUV,00003359,1,1276852,102148,1379000,0,1C25TUV/00003359
1C25TUV,00003360,1,1054630,84370,1139000,0,1C25TUV/00003360
1C25TUV,00003361,1,1054630,84370,1139000,0,1C25TUV/00003361
1C25TUV,00003362,1,509259,40741,550000,0,1C25TUV/00003362
1C25TUV,00003363,1,499074,39926,539000,0,1C25TUV/00003363
1C25TUV,00003364,1,499074,39926,539000,0,1C25TUV/00003364
1C25TUV,00003365,1,499074,39926,539000,0,1C25TUV/00003365
1C25TUV,00003366,1,499074,39926,539000,0,1C25TUV/00003366
1C25TUV,00003367,1,499074,39926,539000,0,1C25TUV/00003367
1C25TUV,00003368,1,1702778,136222,1839000,0,1C25TUV/00003368
1C25TUV,00003369,1,628704,50296,679000,0,1C25TUV/00003369
1C25TUV,00003370,1,1702778,136222,1839000,0,1C25TUV/00003370
1C25TUV,00003371,1,1980556,158444,2139000,0,1C25TUV/00003371
1C25TUV,00003372,1,1054630,84370,1139000,0,1C25TUV/00003372
1C25TUV,00003373,1,1054630,84370,1139000,0,1C25TUV/00003373
1C25TUV,00003374,1,509259,40741,550000,0,1C25TUV/00003374
1C25TUV,00003375,1,499074,39926,539000,0,1C25TUV/00003375
1C25TUV,00003376,1,1980556,158444,2139000,0,1C25TUV/00003376
1C25TUV,00003377,1,499074,39926,539000,0,1C25TUV/00003377
1C25TUV,00003378,1,1276852,102148,1379000,0,1C25TUV/00003378
1C25TUV,00003379,1,628704,50296,679000,0,1C25TUV/00003379
1C25TUV,00003380,1,628704,50296,679000,0,1C25TUV/00003380
1C25TUV,00003381,1,499074,39926,539000,0,1C25TUV/00003381
1C25TUV,00003382,1,628704,50296,679000,0,1C25TUV/00003382
1C25TUV,00003383,1,499074,39926,539000,0,1C25TUV/00003383
1C25TUV,00003384,1,1257407,100593,1358000,0,1C25TUV/00003384
1C25TUV,00003385,1,2295370,183630,2479000,0,1C25TUV/00003385
1C25TUV,00003386,1,628704,50296,679000,0,1C25TUV/00003386
1C25TUV,00003387,1,499074,39926,539000,0,1C25TUV/00003387
1C25TUV,00003388,1,628704,50296,679000,0,1C25TUV/00003388
1C25TUV,00003389,1,2573148,205852,2779000,0,1C25TUV/00003389
1C25TUV,00003390,1,628704,50296,679000,0,1C25TUV/00003390
1C25TUV,00003391,1,499074,39926,539000,0,1C25TUV/00003391
1C25TUV,00003392,1,1980556,158444,2139000,0,1C25TUV/00003392
1C25TUV,00003393,1,628704,50296,679000,0,1C25TUV/00003393
1C25TUV,00003394,1,499074,39926,539000,0,1C25TUV/00003394
1C25TUV,00003395,1,406481,32519,439000,0,1C25TUV/00003395
1C25TUV,00003396,1,628704,50296,679000,0,1C25TUV/00003396
1C25TUV,00003397,1,1980556,158444,2139000,0,1C25TUV/00003397
1C25TUV,00003398,1,683333,54667,738000,0,1C25TUV/00003398
1C25TUV,00003399,1,2573148,205852,2779000,0,1C25TUV/00003399
1C25TUV,00003400,1,2573148,205852,2779000,0,1C25TUV/00003400
1C25TUV,00003401,1,2573148,205852,2779000,0,1C25TUV/00003401
1C25TUV,00003402,1,2573148,205852,2779000,0,1C25TUV/00003402
1C25TUV,00003403,1,2314815,185185,2500000,0,1C25TUV/00003403
1C25TUV,00003404,1,2295370,183630,2479000,0,1C25TUV/00003404
1C25TUV,00003405,1,2185185,174815,2360000,0,1C25TUV/00003405
1C25TUV,00003406,1,1213008,97041,1310049,0,1C25TUV/00003406
1C25TUV,00003407,1,499074,39926,539000,0,1C25TUV/00003407
1C25TUV,00003408,1,1276852,102148,1379000,0,1C25TUV/00003408
1C25TUV,00003409,1,474119,37930,512049,0,1C25TUV/00003409
1C25TUV,00003410,1,932148,74572,1006720,0,1C25TUV/00003410
1C25TUV,00003411,1,474119,37930,512049,0,1C25TUV/00003411
1C25TUV,00003412,1,1617639,129411,1747050,0,1C25TUV/00003412
1C25TUV,00003413,1,1617639,129411,1747050,0,1C25TUV/00003413
1C25TUV,00003414,1,509259,40741,550000,0,1C25TUV/00003414
1C25TUV,00003415,1,1229098,98328,1327426,0,1C25TUV/00003415
1C25TUV,00003416,1,1213008,97041,1310049,0,1C25TUV/00003416
1C25TUV,00003417,1,962036,76963,1038999,0,1C25TUV/00003417
1C25TUV,00003418,1,474119,37930,512049,0,1C25TUV/00003418
1C25TUV,00003419,1,1896478,151718,2048196,0,1C25TUV/00003419
1C25TUV,00003420,1,1230884,98471,1329355,0,1C25TUV/00003420
1C25TUV,00003421,1,1230884,98471,1329355,0,1C25TUV/00003421
1C25TUV,00003422,1,165741,13259,179000,0,1C25TUV/00003422
1C25TUV,00003423,1,1213008,97041,1310049,0,1C25TUV/00003423
1C25TUV,00003424,1,1018519,81481,1100000,0,1C25TUV/00003424
1C25TUV,00003425,1,909259,72741,982000,0,1C25TUV/00003425
1C25TUV,00003426,1,493519,39481,533000,0,1C25TUV/00003426
1C25TUV,00003427,1,499074,39926,539000,0,1C25TUV/00003427
1C25TUV,00003428,1,1419719,113578,1533297,0,1C25TUV/00003428
1C25TUV,00003429,1,1213008,97041,1310049,0,1C25TUV/00003429
1C25TUV,00003430,1,1001898,80152,1082050,0,1C25TUV/00003430
1C25TUV,00003431,1,1617639,129411,1747050,0,1C25TUV/00003431
1C25TUV,00003432,1,508333,40667,549000,0,1C25TUV/00003432
1C25TUV,00003433,1,628704,50296,679000,0,1C25TUV/00003433
1C25TUV,00003434,1,499074,39926,539000,0,1C25TUV/00003434
1C25TUV,00003435,1,499073,39926,538999,0,1C25TUV/00003435
1C25TUV,00003436,1,499074,39926,539000,0,1C25TUV/00003436
1C25TUV,00003437,1,163889,13111,177000,0,1C25TUV/00003437
1C25TUV,00003438,1,499074,39926,539000,0,1C25TUV/00003438
1C25TUV,00003439,1,499073,39926,538999,0,1C25TUV/00003439
1C25TUV,00003440,1,1275926,102074,1378000,0,1C25TUV/00003440
1C25TUV,00003441,1,499074,39926,539000,0,1C25TUV/00003441
1C25TUV,00003442,1,499074,39926,539000,0,1C25TUV/00003442
1C25TUV,00003443,1,499073,39926,538999,0,1C25TUV/00003443
1C25TUV,00003444,1,499073,39926,538999,0,1C25TUV/00003444
1C25TUV,00003445,1,1794444,143556,1938000,0,1C25TUV/00003445
1C25TUV,00003446,1,499074,39926,539000,0,1C25TUV/00003446
1C25TUV,00003447,1,2295370,183630,2479000,0,1C25TUV/00003447
1C25TUV,00003448,1,1795370,143630,1939000,0,1C25TUV/00003448
1C25TUV,00003449,1,962036,76963,1038999,0,1C25TUV/00003449
1C25TUV,00003450,1,1517593,121407,1639000,0,1C25TUV/00003450
1C25TUV,00003451,1,2572221,205778,2777999,0,1C25TUV/00003451
1C25TUV,00003452,1,1980556,158444,2139000,0,1C25TUV/00003452
1C25TUV,00003453,1,508333,40667,549000,0,1C25TUV/00003453
1C25TUV,00003454,1,499073,39926,538999,0,1C25TUV/00003454
1C25TUV,00003455,1,499074,39926,539000,0,1C25TUV/00003455
1C25TUV,00003456,1,499074,39926,539000,0,1C25TUV/00003456
1C25TUV,00003457,1,508333,40667,549000,0,1C25TUV/00003457
1C25TUV,00003458,1,1213008,97041,1310049,0,1C25TUV/00003458
1C25TUV,00003459,1,509259,40741,550000,0,1C25TUV/00003459
1C25TUV,00003460,1,499074,39926,539000,0,1C25TUV/00003460
1C25TUV,00003461,1,1213008,97041,1310049,0,1C25TUV/00003461
1C25TUV,00003462,1,628703,50296,678999,0,1C25TUV/00003462
1C25TUV,00003463,1,628703,50296,678999,0,1C25TUV/00003463
1C25TUV,00003464,1,1702777,136222,1838999,0,1C25TUV/00003464
1C25TUV,00003465,1,545370,43630,589000,0,1C25TUV/00003465
1C25TUV,00003466,1,499074,39926,539000,0,1C25TUV/00003466
1C25TUV,00003467,1,499074,39926,539000,0,1C25TUV/00003467
1C25TUV,00003468,1,499074,39926,539000,0,1C25TUV/00003468
1C25TUV,00003469,1,499074,39926,539000,0,1C25TUV/00003469
1C25TUV,00003470,1,962036,76963,1038999,0,1C25TUV/00003470
1C25TUV,00003471,1,499074,39926,539000,0,1C25TUV/00003471
1C25TUV,00003472,1,628704,50296,679000,0,1C25TUV/00003472
1C25TUV,00003473,1,499074,39926,539000,0,1C25TUV/00003473
1C25TUV,00003474,1,499074,39926,539000,0,1C25TUV/00003474
1C25TUV,00003475,1,499074,39926,539000,0,1C25TUV/00003475
1C25TUV,00003476,1,1276851,102148,1378999,0,1C25TUV/00003476
1C25TUV,00003477,1,1795370,143630,1939000,0,1C25TUV/00003477
1C25TUV,00003478,1,508332,40667,548999,0,1C25TUV/00003478
1C25TUV,00003479,1,628704,50296,679000,0,1C25TUV/00003479
1C25TUV,00003480,1,1276851,102148,1378999,0,1C25TUV/00003480
1C25TUV,00003481,1,499074,39926,539000,0,1C25TUV/00003481
1C25TUV,00003482,1,499074,39926,539000,0,1C25TUV/00003482
1C25TUV,00003483,1,499074,39926,539000,0,1C25TUV/00003483
1C25TUV,00003484,1,1276851,102148,1378999,0,1C25TUV/00003484
1C25TUV,00003485,1,628704,50296,679000,0,1C25TUV/00003485
1C25TUV,00003486,1,163889,13111,177000,0,1C25TUV/00003486
1C25TUV,00003487,1,962037,76963,1039000,0,1C25TUV/00003487
1C25TUV,00003488,1,499074,39926,539000,0,1C25TUV/00003488
1C25TUV,00003489,1,606069,48486,654555,0,1C25TUV/00003489
1C25TUV,00003490,1,499074,39926,539000,0,1C25TUV/00003490
1C25TUV,00003491,1,962037,76963,1039000,0,1C25TUV/00003491
1C25TUV,00003492,1,2572221,205778,2777999,0,1C25TUV/00003492
1C25TUV,00003493,1,628703,50296,678999,0,1C25TUV/00003493
1C25TUV,00003494,1,606069,48486,654555,0,1C25TUV/00003494
1C25TUV,00003495,1,628703,50296,678999,0,1C25TUV/00003495
1C25TUV,00003496,1,606069,48486,654555,0,1C25TUV/00003496
1C25TUV,00003497,1,628703,50296,678999,0,1C25TUV/00003497
1C25TUV,00003498,1,1795370,143630,1939000,0,1C25TUV/00003498
1C25TUV,00003499,1,628703,50296,678999,0,1C25TUV/00003499
1C25TUV,00003500,1,628703,50296,678999,0,1C25TUV/00003500
1C25TUV,00003501,1,628703,50296,678999,0,1C25TUV/00003501
1C25TUV,00003502,1,462962,37037,499999,0,1C25TUV/00003502
1C25TUV,00003503,1,1517593,121407,1639000,0,1C25TUV/00003503
1C25TUV,00003504,1,606069,48486,654555,0,1C25TUV/00003504
1C25TUV,00003505,1,628703,50296,678999,0,1C25TUV/00003505
1C25TUV,00003506,1,675000,54000,729000,0,1C25TUV/00003506
1C25TUV,00003507,1,606069,48486,654555,0,1C25TUV/00003507
1C25TUV,00003508,1,628703,50296,678999,0,1C25TUV/00003508
1C25TUV,00003509,1,628703,50296,678999,0,1C25TUV/00003509
1C25TUV,00003510,1,606069,48486,654555,0,1C25TUV/00003510
1C25TUV,00003511,1,628703,50296,678999,0,1C25TUV/00003511
1C25TUV,00003512,1,499074,39926,539000,0,1C25TUV/00003512
1C25TUV,00003513,1,2572221,205778,2777999,0,1C25TUV/00003513
1C25TUV,00003514,1,628703,50296,678999,0,1C25TUV/00003514
1C25TUV,00003515,1,606069,48486,654555,0,1C25TUV/00003515
1C25TUV,00003516,1,606069,48486,654555,0,1C25TUV/00003516
1C25TUV,00003517,1,1517593,121407,1639000,0,1C25TUV/00003517
1C25TUV,00003518,1,499074,39926,539000,0,1C25TUV/00003518
1C25TUV,00003519,1,628704,50296,679000,0,1C25TUV/00003519
1C25TUV,00003520,1,628704,50296,679000,0,1C25TUV/00003520
1C25TUV,00003521,1,628704,50296,679000,0,1C25TUV/00003521
1C25TUV,00003522,1,628704,50296,679000,0,1C25TUV/00003522
1C25TUV,00003523,1,628704,50296,679000,0,1C25TUV/00003523
1C25TUV,00003524,1,628704,50296,679000,0,1C25TUV/00003524
1C25TUV,00003525,1,628704,50296,679000,0,1C25TUV/00003525
1C25TUV,00003526,1,628704,50296,679000,0,1C25TUV/00003526
1C25TUV,00003527,1,628704,50296,679000,0,1C25TUV/00003527
1C25TUV,00003528,1,628703,50296,678999,0,1C25TUV/00003528
1C25TUV,00003529,1,606069,48486,654555,0,1C25TUV/00003529
1C25TUV,00003530,1,606069,48486,654555,0,1C25TUV/00003530
1C25TUV,00003531,1,628703,50296,678999,0,1C25TUV/00003531
1C25TUV,00003532,1,606069,48486,654555,0,1C25TUV/00003532
1C25TUV,00003533,1,628704,50296,679000,0,1C25TUV/00003533
1C25TUV,00003534,1,628704,50296,679000,0,1C25TUV/00003534
1C25TUV,00003535,1,628704,50296,679000,0,1C25TUV/00003535
1C25TUV,00003536,1,1276852,102148,1379000,0,1C25TUV/00003536
1C25TUV,00003537,1,628704,50296,679000,0,1C25TUV/00003537
1C25TUV,00003538,1,499073,39926,538999,0,1C25TUV/00003538
1C25TUV,00003539,1,628704,50296,679000,0,1C25TUV/00003539
1C25TUV,00003540,1,628704,50296,679000,0,1C25TUV/00003540
1C25TUV,00003541,1,628704,50296,679000,0,1C25TUV/00003541
1C25TUV,00003542,1,499074,39926,539000,0,1C25TUV/00003542
1C25TUV,00003543,1,628704,50296,679000,0,1C25TUV/00003543
1C25TUV,00003544,1,628704,50296,679000,0,1C25TUV/00003544
1C25TUV,00003545,1,2295370,183630,2479000,0,1C25TUV/00003545
1C25TUV,00003546,1,499074,39926,539000,0,1C25TUV/00003546
1C25TUV,00003547,1,1517593,121407,1639000,0,1C25TUV/00003547
1C25TUV,00003548,1,962037,76963,1039000,0,1C25TUV/00003548
1C25TUV,00003549,1,2572222,205778,2778000,0,1C25TUV/00003549
1C25TUV,00003550,1,628704,50296,679000,0,1C25TUV/00003550
1C25TUV,00003551,1,628704,50296,679000,0,1C25TUV/00003551
1C25TUV,00003552,1,628704,50296,679000,0,1C25TUV/00003552
1C25TUV,00003553,1,628704,50296,679000,0,1C25TUV/00003553
1C25TUV,00003554,1,628704,50296,679000,0,1C25TUV/00003554
1C25TUV,00003555,1,628704,50296,679000,0,1C25TUV/00003555
1C25TUV,00003556,1,628704,50296,679000,0,1C25TUV/00003556
1C25TUV,00003557,1,628704,50296,679000,0,1C25TUV/00003557
1C25TUV,00003558,1,1517593,121407,1639000,0,1C25TUV/00003558
1C25TUV,00003559,1,628704,50296,679000,0,1C25TUV/00003559
1C25TUV,00003560,1,499073,39926,538999,0,1C25TUV/00003560
1C25TUV,00003561,1,499074,39926,539000,0,1C25TUV/00003561
1C25TUV,00003562,1,499074,39926,539000,0,1C25TUV/00003562
1C25TUV,00003563,1,628704,50296,679000,0,1C25TUV/00003563
1C25TUV,00003564,1,2721296,217704,2939000,0,1C25TUV/00003564
1C25TUV,00003565,1,628704,50296,679000,0,1C25TUV/00003565
1C25TUV,00003566,1,1054630,84370,1139000,0,1C25TUV/00003566
1C25TUV,00003567,1,2295370,183630,2479000,0,1C25TUV/00003567
1C25TUV,00003568,1,452778,36222,489000,0,1C25TUV/00003568
1C25TUV,00003569,1,1080556,86444,1167000,0,1C25TUV/00003569
1C25TUV,00003570,1,2572221,205778,2777999,0,1C25TUV/00003570
1C25TUV,00003571,1,2572221,205778,2777999,0,1C25TUV/00003571
1C25TUV,00003572,1,2572221,205778,2777999,0,1C25TUV/00003572
1C25TUV,00003573,1,2572221,205778,2777999,0,1C25TUV/00003573
1C25TUV,00003574,1,2572221,205778,2777999,0,1C25TUV/00003574
1C25TUV,00003575,1,3081481,246518,3327999,0,1C25TUV/00003575
1C25TUV,00003576,1,2478730,198298,2677028,0,1C25TUV/00003576
1C25TUV,00003577,1,2850926,228074,3079000,0,1C25TUV/00003577
1C25TUV,00003578,1,2478730,198298,2677028,0,1C25TUV/00003578
1C25TUV,00003579,1,2572221,205778,2777999,0,1C25TUV/00003579
1C25TUV,00003580,1,3962037,316963,4279000,0,1C25TUV/00003580
1C25TUV,00003581,1,499074,39926,539000,0,1C25TUV/00003581
1C25TUV,00003582,1,1054630,84370,1139000,0,1C25TUV/00003582
1C25TUV,00003583,1,628704,50296,679000,0,1C25TUV/00003583
1C25TUV,00003584,1,628704,50296,679000,0,1C25TUV/00003584
1C25TUV,00003585,1,1054630,84370,1139000,0,1C25TUV/00003585
1C25TUV,00003586,1,1980556,158444,2139000,0,1C25TUV/00003586
1C25TUV,00003587,1,499074,39926,539000,0,1C25TUV/00003587
1C25TUV,00003588,1,1054630,84370,1139000,0,1C25TUV/00003588
1C25TUV,00003589,1,1276852,102148,1379000,0,1C25TUV/00003589
1C25TUV,00003590,1,2295370,183630,2479000,0,1C25TUV/00003590
1C25TUV,00003591,1,499074,39926,539000,0,1C25TUV/00003591
1C25TUV,00003592,1,1702778,136222,1839000,0,1C25TUV/00003592
1C25TUV,00003593,1,496230,39698,535928,0,1C25TUV/00003593
1C25TUV,00003594,1,499074,39926,539000,0,1C25TUV/00003594
1C25TUV,00003595,1,2295370,183630,2479000,0,1C25TUV/00003595
1C25TUV,00003596,1,1276852,102148,1379000,0,1C25TUV/00003596
1C25TUV,00003597,1,1276852,102148,1379000,0,1C25TUV/00003597
1C25TUV,00003598,1,406481,32519,439000,0,1C25TUV/00003598
1C25TUV,00003599,1,2295370,183630,2479000,0,1C25TUV/00003599
1C25TUV,00003600,1,1980556,158444,2139000,0,1C25TUV/00003600
1C25TUV,00003601,1,1276852,102148,1379000,0,1C25TUV/00003601
1C25TUV,00003602,1,499074,39926,539000,0,1C25TUV/00003602
1C25TUV,00003603,1,499074,39926,539000,0,1C25TUV/00003603
1C25TUV,00003604,1,1514815,121185,1636000,0,1C25TUV/00003604
1C25TUV,00003605,1,526852,42148,569000,0,1C25TUV/00003605
1C25TUV,00003606,1,509259,40741,550000,0,1C25TUV/00003606
1C25TUV,00003607,1,1054630,84370,1139000,0,1C25TUV/00003607
1C25TUV,00003608,1,499074,39926,539000,0,1C25TUV/00003608
1C25TUV,00003609,1,1980556,158444,2139000,0,1C25TUV/00003609
1C25TUV,00003610,1,406481,32519,439000,0,1C25TUV/00003610
1C25TUV,00003611,1,628704,50296,679000,0,1C25TUV/00003611
1C25TUV,00003612,1,499074,39926,539000,0,1C25TUV/00003612
1C25TUV,00003613,1,499074,39926,539000,0,1C25TUV/00003613
1C25TUV,00003614,1,2295370,183630,2479000,0,1C25TUV/00003614
1C25TUV,00003615,1,1276852,102148,1379000,0,1C25TUV/00003615
1C25TUV,00003616,1,509259,40741,550000,0,1C25TUV/00003616
1C25TUV,00003617,1,1276852,102148,1379000,0,1C25TUV/00003617
1C25TUV,00003618,1,1147222,91778,1239000,0,1C25TUV/00003618
1C25TUV,00003619,1,509259,40741,550000,0,1C25TUV/00003619
1C25TUV,00003620,1,499074,39926,539000,0,1C25TUV/00003620
1C25TUV,00003621,1,509259,40741,550000,0,1C25TUV/00003621
1C25TUV,00003622,1,1702778,136222,1839000,0,1C25TUV/00003622
1C25TUV,00003623,1,462963,37037,500000,0,1C25TUV/00003623
1C25TUV,00003624,1,628704,50296,679000,0,1C25TUV/00003624
1C25TUV,00003625,1,1543519,123481,1667000,0,1C25TUV/00003625
1C25TUV,00003626,1,1980556,158444,2139000,0,1C25TUV/00003626
1C25TUV,00003627,1,1980556,158444,2139000,0,1C25TUV/00003627
1C25TUV,00003628,1,499074,39926,539000,0,1C25TUV/00003628
1C25TUV,00003629,1,1276852,102148,1379000,0,1C25TUV/00003629
1C25TUV,00003630,1,1276852,102148,1379000,0,1C25TUV/00003630
1C25TUV,00003631,1,1054630,84370,1139000,0,1C25TUV/00003631
1C25TUV,00003632,1,499074,39926,539000,0,1C25TUV/00003632
1C25TUV,00003633,1,499074,39926,539000,0,1C25TUV/00003633
1C25TUV,00003634,1,499074,39926,539000,0,1C25TUV/00003634
1C25TUV,00003635,1,962037,76963,1039000,0,1C25TUV/00003635
1C25TUV,00003636,1,998148,79852,1078000,0,1C25TUV/00003636
1C25TUV,00003637,1,509259,40741,550000,0,1C25TUV/00003637
1C25TUV,00003638,1,499074,39926,539000,0,1C25TUV/00003638
1C25TUV,00003639,1,499074,39926,539000,0,1C25TUV/00003639
1C25TUV,00003640,1,499074,39926,539000,0,1C25TUV/00003640
1C25TUV,00003641,1,406481,32519,439000,0,1C25TUV/00003641
1C25TUV,00003642,1,509259,40741,550000,0,1C25TUV/00003642
1C25TUV,00003643,1,628704,50296,679000,0,1C25TUV/00003643
1C25TUV,00003644,1,1054630,84370,1139000,0,1C25TUV/00003644
1C25TUV,00003645,1,628704,50296,679000,0,1C25TUV/00003645
1C25TUV,00003646,1,499074,39926,539000,0,1C25TUV/00003646
1C25TUV,00003647,1,221296,17704,239000,0,1C25TUV/00003647
1C25TUV,00003648,1,499074,39926,539000,0,1C25TUV/00003648
1C25TUV,00003649,1,628704,50296,679000,0,1C25TUV/00003649
1C25TUV,00003650,1,628704,50296,679000,0,1C25TUV/00003650
1C25TUV,00003651,1,499074,39926,539000,0,1C25TUV/00003651
1C25TUV,00003652,1,628704,50296,679000,0,1C25TUV/00003652
1C25TUV,00003653,1,628704,50296,679000,0,1C25TUV/00003653
1C25TUV,00003654,1,628704,50296,679000,0,1C25TUV/00003654
1C25TUV,00003655,1,499074,39926,539000,0,1C25TUV/00003655
1C25TUV,00003656,1,499074,39926,539000,0,1C25TUV/00003656
1C25TUV,00003657,1,628704,50296,679000,0,1C25TUV/00003657
1C25TUV,00003658,1,628704,50296,679000,0,1C25TUV/00003658
1C25TUV,00003659,1,499074,39926,539000,0,1C25TUV/00003659
1C25TUV,00003660,1,628704,50296,679000,0,1C25TUV/00003660
1C25TUV,00003661,1,628704,50296,679000,0,1C25TUV/00003661
1C25TUV,00003662,1,628704,50296,679000,0,1C25TUV/00003662
1C25TUV,00003663,1,628704,50296,679000,0,1C25TUV/00003663
1C25TUV,00003664,1,499074,39926,539000,0,1C25TUV/00003664
1C25TUV,00003665,1,2573148,205852,2779000,0,1C25TUV/00003665
1C25TUV,00003666,1,2573148,205852,2779000,0,1C25TUV/00003666
1C25TUV,00003667,1,2573148,205852,2779000,0,1C25TUV/00003667
1C25TUV,00003668,1,2573148,205852,2779000,0,1C25TUV/00003668
1C25TUV,00003669,1,2573148,205852,2779000,0,1C25TUV/00003669
1C25TUV,00003670,1,2573148,205852,2779000,0,1C25TUV/00003670
1C25TUV,00003671,1,2573148,205852,2779000,0,1C25TUV/00003671
1C25TUV,00003672,1,878704,70296,949000,0,1C25TUV/00003672
1C25TUV,00003673,1,1147222,91778,1239000,0,1C25TUV/00003673
1C25TUV,00003674,1,878704,70296,949000,0,1C25TUV/00003674
1C25TUV,00003675,1,878704,70296,949000,0,1C25TUV/00003675
1C25TUV,00003676,1,1147222,91778,1239000,0,1C25TUV/00003676
1C25TUV,00003677,1,165741,13259,179000,0,1C25TUV/00003677
1C25TUV,00003678,1,1213008,97041,1310049,0,1C25TUV/00003678
1C25TUV,00003679,1,1213008,97041,1310049,0,1C25TUV/00003679
1C25TUV,00003680,1,474119,37930,512049,0,1C25TUV/00003680
1C25TUV,00003681,1,627778,50222,678000,0,1C25TUV/00003681
1C25TUV,00003682,1,878704,70296,949000,0,1C25TUV/00003682
1C25TUV,00003683,1,2180602,174448,2355050,0,1C25TUV/00003683
1C25TUV,00003684,1,878704,70296,949000,0,1C25TUV/00003684
1C25TUV,00003685,1,878704,70296,949000,0,1C25TUV/00003685
1C25TUV,00003686,1,878704,70296,949000,0,1C25TUV/00003686
1C25TUV,00003687,1,1213008,97041,1310049,0,1C25TUV/00003687
1C25TUV,00003688,1,878704,70296,949000,0,1C25TUV/00003688
1C25TUV,00003689,1,1001898,80152,1082050,0,1C25TUV/00003689
1C25TUV,00003690,1,1147222,91778,1239000,0,1C25TUV/00003690
1C25TUV,00003691,1,1147222,91778,1239000,0,1C25TUV/00003691
1C25TUV,00003692,1,878704,70296,949000,0,1C25TUV/00003692
1C25TUV,00003693,1,184259,14741,199000,0,1C25TUV/00003693
1C25TUV,00003694,1,1147222,91778,1239000,0,1C25TUV/00003694
1C25TUV,00003695,1,758333,60667,819000,0,1C25TUV/00003695
1C25TUV,00003696,1,758333,60667,819000,0,1C25TUV/00003696
1C25TUV,00003697,1,1147222,91778,1239000,0,1C25TUV/00003697
1C25TUV,00003698,1,758333,60667,819000,0,1C25TUV/00003698
1C25TUV,00003699,1,758333,60667,819000,0,1C25TUV/00003699
1C25TUV,00003700,1,758333,60667,819000,0,1C25TUV/00003700
1C25TUV,00003701,1,758333,60667,819000,0,1C25TUV/00003701
1C25TUV,00003702,1,758333,60667,819000,0,1C25TUV/00003702
1C25TUV,00003703,1,758333,60667,819000,0,1C25TUV/00003703
1C25TUV,00003704,1,1147222,91778,1239000,0,1C25TUV/00003704
1C25TUV,00003705,1,758333,60667,819000,0,1C25TUV/00003705
1C25TUV,00003706,1,767593,61407,829000,0,1C25TUV/00003706
1C25TUV,00003707,1,1147222,91778,1239000,0,1C25TUV/00003707
1C25TUV,00003708,1,474119,37930,512049,0,1C25TUV/00003708
1C25TUV,00003709,1,165741,13259,179000,0,1C25TUV/00003709
1C25TUV,00003710,1,474119,37930,512049,0,1C25TUV/00003710
1C25TUV,00003711,1,509259,40741,550000,0,1C25TUV/00003711
1C25TUV,00003712,1,1213008,97041,1310049,0,1C25TUV/00003712
1C25TUV,00003713,1,1213008,97041,1310049,0,1C25TUV/00003713
1C25TUV,00003714,1,474119,37930,512049,0,1C25TUV/00003714
1C25TUV,00003715,1,2180602,174448,2355050,0,1C25TUV/00003715
1C25TUV,00003716,1,1213008,97041,1310049,0,1C25TUV/00003716
1C25TUV,00003717,1,1213008,97041,1310049,0,1C25TUV/00003717
1C25TUV,00003718,1,596389,47711,644100,0,1C25TUV/00003718
1C25TUV,00003719,1,2180602,174448,2355050,0,1C25TUV/00003719
1C25TUV,00003720,1,499074,39926,539000,0,1C25TUV/00003720
1C25TUV,00003721,1,509259,40741,550000,0,1C25TUV/00003721
1C25TUV,00003722,1,1213008,97041,1310049,0,1C25TUV/00003722
1C25TUV,00003723,1,2180602,174448,2355050,0,1C25TUV/00003723
1C25TUV,00003724,1,509259,40741,550000,0,1C25TUV/00003724
1C25TUV,00003725,1,1213008,97041,1310049,0,1C25TUV/00003725
1C25TUV,00003726,1,385278,30822,416100,0,1C25TUV/00003726
1C25TUV,00003727,1,165741,13259,179000,0,1C25TUV/00003727
1C25TUV,00003728,1,184259,14741,199000,0,1C25TUV/00003728
1C25TUV,00003729,1,1001898,80152,1082050,0,1C25TUV/00003729
1C25TUV,00003730,1,385278,30822,416100,0,1C25TUV/00003730
1C25TUV,00003731,1,474119,37930,512049,0,1C25TUV/00003731
1C25TUV,00003732,1,2176018,174081,2350099,0,1C25TUV/00003732
1C25TUV,00003733,1,443555,35484,479039,0,1C25TUV/00003733
1C25TUV,00003734,1,1881528,150522,2032050,0,1C25TUV/00003734
1C25TUV,00003735,1,1213008,97041,1310049,0,1C25TUV/00003735
1C25TUV,00003736,1,1980556,158444,2139000,0,1C25TUV/00003736
1C25TUV,00003737,1,1223998,97920,1321918,0,1C25TUV/00003737
1C25TUV,00003738,1,2489015,199121,2688136,0,1C25TUV/00003738
1C25TUV,00003739,1,474119,37930,512049,0,1C25TUV/00003739
1C25TUV,00003740,1,165741,13259,179000,0,1C25TUV/00003740
1C25TUV,00003741,1,474119,37930,512049,0,1C25TUV/00003741
1C25TUV,00003742,1,1001898,80152,1082050,0,1C25TUV/00003742
1C25TUV,00003743,1,1213008,97041,1310049,0,1C25TUV/00003743
1C25TUV,00003744,1,1213008,97041,1310049,0,1C25TUV/00003744
1C25TUV,00003745,1,1213008,97041,1310049,0,1C25TUV/00003745
1C25TUV,00003746,1,1881528,150522,2032050,0,1C25TUV/00003746
1C25TUV,00003747,1,1213008,97041,1310049,0,1C25TUV/00003747
1C25TUV,00003748,1,499074,39926,539000,0,1C25TUV/00003748
1C25TUV,00003749,1,1881528,150522,2032050,0,1C25TUV/00003749
1C25TUV,00003750,1,499074,39926,539000,0,1C25TUV/00003750
1C25TUV,00003751,1,2180602,174448,2355050,0,1C25TUV/00003751
1C25TUV,00003752,1,509259,40741,550000,0,1C25TUV/00003752
1C25TUV,00003753,1,473240,37859,511099,0,1C25TUV/00003753
1C25TUV,00003754,1,165741,13259,179000,0,1C25TUV/00003754
1C25TUV,00003755,1,474119,37930,512049,0,1C25TUV/00003755
1C25TUV,00003756,1,1980556,158444,2139000,0,1C25TUV/00003756
1C25TUV,00003757,1,545370,43630,589000,0,1C25TUV/00003757
1C25TUV,00003758,1,499074,39926,539000,0,1C25TUV/00003758
1C25TUV,00003759,1,499074,39926,539000,0,1C25TUV/00003759
1C25TUV,00003760,1,508333,40667,549000,0,1C25TUV/00003760
1C25TUV,00003761,1,499074,39926,539000,0,1C25TUV/00003761
1C25TUV,00003762,1,1795370,143630,1939000,0,1C25TUV/00003762
1C25TUV,00003763,1,452778,36222,489000,0,1C25TUV/00003763
1C25TUV,00003764,1,499074,39926,539000,0,1C25TUV/00003764
1C25TUV,00003765,1,1044444,83556,1128000,0,1C25TUV/00003765
1C25TUV,00003766,1,499074,39926,539000,0,1C25TUV/00003766
1C25TUV,00003767,1,1610185,128815,1739000,0,1C25TUV/00003767
1C25TUV,00003768,1,499074,39926,539000,0,1C25TUV/00003768
1C25TUV,00003769,1,499074,39926,539000,0,1C25TUV/00003769
1C25TUV,00003770,1,1213008,97041,1310049,0,1C25TUV/00003770
1C25TUV,00003771,1,499074,39926,539000,0,1C25TUV/00003771
1C25TUV,00003772,1,499074,39926,539000,0,1C25TUV/00003772
1C25TUV,00003773,1,499074,39926,539000,0,1C25TUV/00003773
1C25TUV,00003774,1,499074,39926,539000,0,1C25TUV/00003774
1C25TUV,00003775,1,499074,39926,539000,0,1C25TUV/00003775
1C25TUV,00003776,1,499074,39926,539000,0,1C25TUV/00003776
1C25TUV,00003777,1,499074,39926,539000,0,1C25TUV/00003777
1C25TUV,00003778,1,628704,50296,679000,0,1C25TUV/00003778
1C25TUV,00003779,1,163889,13111,177000,0,1C25TUV/00003779
1C25TUV,00003780,1,628704,50296,679000,0,1C25TUV/00003780
1C25TUV,00003781,1,499074,39926,539000,0,1C25TUV/00003781
1C25TUV,00003782,1,499074,39926,539000,0,1C25TUV/00003782
1C25TUV,00003783,1,628704,50296,679000,0,1C25TUV/00003783
1C25TUV,00003784,1,628704,50296,679000,0,1C25TUV/00003784
1C25TUV,00003785,1,499073,39926,538999,0,1C25TUV/00003785
1C25TUV,00003786,1,628703,50296,678999,0,1C25TUV/00003786
1C25TUV,00003787,1,499074,39926,539000,0,1C25TUV/00003787
1C25TUV,00003788,1,628703,50296,678999,0,1C25TUV/00003788
1C25TUV,00003789,1,628703,50296,678999,0,1C25TUV/00003789
1C25TUV,00003790,1,628703,50296,678999,0,1C25TUV/00003790
1C25TUV,00003791,1,499074,39926,539000,0,1C25TUV/00003791
1C25TUV,00003792,1,2295369,183630,2478999,0,1C25TUV/00003792
1C25TUV,00003793,1,499074,39926,539000,0,1C25TUV/00003793
1C25TUV,00003794,1,499074,39926,539000,0,1C25TUV/00003794
1C25TUV,00003795,1,499074,39926,539000,0,1C25TUV/00003795
1C25TUV,00003796,1,499074,39926,539000,0,1C25TUV/00003796
1C25TUV,00003797,1,499074,39926,539000,0,1C25TUV/00003797
1C25TUV,00003798,1,499074,39926,539000,0,1C25TUV/00003798
1C25TUV,00003799,1,628704,50296,679000,0,1C25TUV/00003799
1C25TUV,00003800,1,499073,39926,538999,0,1C25TUV/00003800
1C25TUV,00003801,1,165740,13259,178999,0,1C25TUV/00003801
1C25TUV,00003802,1,2014341,161147,2175488,0,1C25TUV/00003802
1C25TUV,00003803,1,628704,50296,679000,0,1C25TUV/00003803
1C25TUV,00003804,1,452777,36222,488999,0,1C25TUV/00003804
1C25TUV,00003805,1,628704,50296,679000,0,1C25TUV/00003805
1C25TUV,00003806,1,628704,50296,679000,0,1C25TUV/00003806
1C25TUV,00003807,1,628704,50296,679000,0,1C25TUV/00003807
1C25TUV,00003808,1,628704,50296,679000,0,1C25TUV/00003808
1C25TUV,00003809,1,628704,50296,679000,0,1C25TUV/00003809
1C25TUV,00003810,1,628704,50296,679000,0,1C25TUV/00003810
1C25TUV,00003811,1,628704,50296,679000,0,1C25TUV/00003811
1C25TUV,00003812,1,628704,50296,679000,0,1C25TUV/00003812
1C25TUV,00003813,1,675000,54000,729000,0,1C25TUV/00003813
1C25TUV,00003814,1,2295370,183630,2479000,0,1C25TUV/00003814
1C25TUV,00003815,1,1980556,158444,2139000,0,1C25TUV/00003815
1C25TUV,00003816,1,2572221,205778,2777999,0,1C25TUV/00003816
1C25TUV,00003817,1,2572221,205778,2777999,0,1C25TUV/00003817
1C25TUV,00003818,1,2572221,205778,2777999,0,1C25TUV/00003818
1C25TUV,00003819,1,2572221,205778,2777999,0,1C25TUV/00003819
1C25TUV,00003820,1,2572221,205778,2777999,0,1C25TUV/00003820
1C25TUV,00003821,1,2572221,205778,2777999,0,1C25TUV/00003821
1C25TUV,00003822,1,2572221,205778,2777999,0,1C25TUV/00003822
1C25TUV,00003823,1,2572221,205778,2777999,0,1C25TUV/00003823
1C25TUV,00003824,1,2572221,205778,2777999,0,1C25TUV/00003824
1C25TUV,00003825,1,2572221,205778,2777999,0,1C25TUV/00003825
1C25TUV,00003826,1,2572221,205778,2777999,0,1C25TUV/00003826
1C25TUV,00003827,1,2572221,205778,2777999,0,1C25TUV/00003827
1C25TUV,00003828,1,2489015,199121,2688136,0,1C25TUV/00003828
1C25TUV,00003829,1,2478730,198298,2677028,0,1C25TUV/00003829
1C25TUV,00003830,1,2478730,198298,2677028,0,1C25TUV/00003830
1C25TUV,00003831,1,2478704,198296,2677000,0,1C25TUV/00003831
1C25TUV,00003832,1,2478704,198296,2677000,0,1C25TUV/00003832
1C25TUV,00003833,1,499074,39926,539000,0,1C25TUV/00003833
1C25TUV,00003834,1,3961111,316889,4278000,0,1C25TUV/00003834
1C25TUV,00003835,1,499074,39926,539000,0,1C25TUV/00003835
1C25TUV,00003836,1,1276852,102148,1379000,0,1C25TUV/00003836
1C25TUV,00003837,1,1980556,158444,2139000,0,1C25TUV/00003837
1C25TUV,00003838,1,1702778,136222,1839000,0,1C25TUV/00003838
1C25TUV,00003839,1,499074,39926,539000,0,1C25TUV/00003839
1C25TUV,00003840,1,499074,39926,539000,0,1C25TUV/00003840
1C25TUV,00003841,1,499074,39926,539000,0,1C25TUV/00003841
1C25TUV,00003842,1,499074,39926,539000,0,1C25TUV/00003842
1C25TUV,00003843,1,1276852,102148,1379000,0,1C25TUV/00003843
1C25TUV,00003844,1,1276852,102148,1379000,0,1C25TUV/00003844
1C25TUV,00003845,1,1054630,84370,1139000,0,1C25TUV/00003845
1C25TUV,00003846,1,1276852,102148,1379000,0,1C25TUV/00003846
1C25TUV,00003847,1,1276852,102148,1379000,0,1C25TUV/00003847
1C25TUV,00003848,1,1980556,158444,2139000,0,1C25TUV/00003848
1C25TUV,00003849,1,499074,39926,539000,0,1C25TUV/00003849
1C25TUV,00003850,1,499074,39926,539000,0,1C25TUV/00003850
1C25TUV,00003851,1,1702778,136222,1839000,0,1C25TUV/00003851
1C25TUV,00003852,1,2295370,183630,2479000,0,1C25TUV/00003852
1C25TUV,00003853,1,1054630,84370,1139000,0,1C25TUV/00003853
1C25TUV,00003854,1,509259,40741,550000,0,1C25TUV/00003854
1C25TUV,00003855,1,462963,37037,500000,0,1C25TUV/00003855
1C25TUV,00003856,1,1276852,102148,1379000,0,1C25TUV/00003856
1C25TUV,00003857,1,1276852,102148,1379000,0,1C25TUV/00003857
1C25TUV,00003858,1,1980556,158444,2139000,0,1C25TUV/00003858
1C25TUV,00003859,1,499074,39926,539000,0,1C25TUV/00003859
1C25TUV,00003860,1,1054630,84370,1139000,0,1C25TUV/00003860
1C25TUV,00003861,1,499074,39926,539000,0,1C25TUV/00003861
1C25TUV,00003862,1,406481,32519,439000,0,1C25TUV/00003862
1C25TUV,00003863,1,1276852,102148,1379000,0,1C25TUV/00003863
1C25TUV,00003864,1,1980556,158444,2139000,0,1C25TUV/00003864
1C25TUV,00003865,1,499074,39926,539000,0,1C25TUV/00003865
1C25TUV,00003866,1,499074,39926,539000,0,1C25TUV/00003866
1C25TUV,00003867,1,499074,39926,539000,0,1C25TUV/00003867
1C25TUV,00003868,1,628704,50296,679000,0,1C25TUV/00003868
1C25TUV,00003869,1,1054630,84370,1139000,0,1C25TUV/00003869
1C25TUV,00003870,1,499074,39926,539000,0,1C25TUV/00003870
1C25TUV,00003871,1,1054630,84370,1139000,0,1C25TUV/00003871
1C25TUV,00003872,1,1276852,102148,1379000,0,1C25TUV/00003872
1C25TUV,00003873,1,1276852,102148,1379000,0,1C25TUV/00003873
1C25TUV,00003874,1,1054630,84370,1139000,0,1C25TUV/00003874
1C25TUV,00003875,1,499074,39926,539000,0,1C25TUV/00003875
1C25TUV,00003876,1,499074,39926,539000,0,1C25TUV/00003876
1C25TUV,00003877,1,1980556,158444,2139000,0,1C25TUV/00003877
1C25TUV,00003878,1,1054630,84370,1139000,0,1C25TUV/00003878
1C25TUV,00003879,1,1980556,158444,2139000,0,1C25TUV/00003879
1C25TUV,00003880,1,628704,50296,679000,0,1C25TUV/00003880
1C25TUV,00003881,1,2295370,183630,2479000,0,1C25TUV/00003881
1C25TUV,00003882,1,509259,40741,550000,0,1C25TUV/00003882
1C25TUV,00003883,1,499074,39926,539000,0,1C25TUV/00003883
1C25TUV,00003884,1,2295370,183630,2479000,0,1C25TUV/00003884
1C25TUV,00003885,1,509259,40741,550000,0,1C25TUV/00003885
1C25TUV,00003886,1,499074,39926,539000,0,1C25TUV/00003886
1C25TUV,00003887,1,509259,40741,550000,0,1C25TUV/00003887
1C25TUV,00003888,1,1276852,102148,1379000,0,1C25TUV/00003888
1C25TUV,00003889,1,499074,39926,539000,0,1C25TUV/00003889
1C25TUV,00003890,1,628704,50296,679000,0,1C25TUV/00003890
1C25TUV,00003891,1,1839815,147185,1987000,0,1C25TUV/00003891
1C25TUV,00003892,1,628704,50296,679000,0,1C25TUV/00003892
1C25TUV,00003893,1,628704,50296,679000,0,1C25TUV/00003893
1C25TUV,00003894,1,2573148,205852,2779000,0,1C25TUV/00003894
1C25TUV,00003895,1,1276852,102148,1379000,0,1C25TUV/00003895
1C25TUV,00003896,1,1054630,84370,1139000,0,1C25TUV/00003896
1C25TUV,00003897,1,509259,40741,550000,0,1C25TUV/00003897
1C25TUV,00003898,1,1980556,158444,2139000,0,1C25TUV/00003898
1C25TUV,00003899,1,499074,39926,539000,0,1C25TUV/00003899
1C25TUV,00003900,1,509259,40741,550000,0,1C25TUV/00003900
1C25TUV,00003901,1,1276852,102148,1379000,0,1C25TUV/00003901
1C25TUV,00003902,1,1543519,123482,1667001,0,1C25TUV/00003902
1C25TUV,00003903,1,3035185,242815,3278000,0,1C25TUV/00003903
1C25TUV,00003904,1,2573148,205852,2779000,0,1C25TUV/00003904
1C25TUV,00003905,1,2573148,205852,2779000,0,1C25TUV/00003905
1C25TUV,00003906,1,2573148,205852,2779000,0,1C25TUV/00003906
1C25TUV,00003907,1,2573148,205852,2779000,0,1C25TUV/00003907
1C25TUV,00003908,1,2573148,205852,2779000,0,1C25TUV/00003908
1C25TUV,00003909,1,2573148,205852,2779000,0,1C25TUV/00003909
1C25TUV,00003910,1,2573148,205852,2779000,0,1C25TUV/00003910
1C25TUV,00003911,1,2573148,205852,2779000,0,1C25TUV/00003911
1C25TUV,00003912,1,2573148,205852,2779000,0,1C25TUV/00003912
1C25TUV,00003913,1,2573148,205852,2779000,0,1C25TUV/00003913
1C25TUV,00003914,1,2573148,205852,2779000,0,1C25TUV/00003914
1C25TUV,00003915,1,2573148,205852,2779000,0,1C25TUV/00003915
1C25TUV,00003916,1,3962037,316963,4279000,0,1C25TUV/00003916
1C25TUV,00003917,1,561204,44896,606100,0,1C25TUV/00003917
1C25TUV,00003918,1,129630,10370,140000,0,1C25TUV/00003918
1C25TUV,00003919,1,314815,25185,340000,0,1C25TUV/00003919
1C25TUV,00003920,1,509259,40741,550000,0,1C25TUV/00003920
1C25TUV,00003921,1,509259,40741,550000,0,1C25TUV/00003921
1C25TUV,00003922,1,473240,37859,511099,0,1C25TUV/00003922
1C25TUV,00003923,1,2180602,174448,2355050,0,1C25TUV/00003923
1C25TUV,00003924,1,608585,48687,657272,0,1C25TUV/00003924
1C25TUV,00003925,1,606070,48486,654556,0,1C25TUV/00003925
1C25TUV,00003926,1,1001898,80152,1082050,0,1C25TUV/00003926
1C25TUV,00003927,1,1213008,97041,1310049,0,1C25TUV/00003927
1C25TUV,00003928,1,962036,76963,1038999,0,1C25TUV/00003928
1C25TUV,00003929,1,628704,50296,679000,0,1C25TUV/00003929
1C25TUV,00003930,1,606070,48486,654556,0,1C25TUV/00003930
1C25TUV,00003931,1,1213008,97041,1310049,0,1C25TUV/00003931
1C25TUV,00003932,1,878704,70296,949000,0,1C25TUV/00003932
1C25TUV,00003933,1,474119,37930,512049,0,1C25TUV/00003933
1C25TUV,00003934,1,1369444,109556,1479000,0,1C25TUV/00003934
1C25TUV,00003935,1,1213008,97041,1310049,0,1C25TUV/00003935
1C25TUV,00003936,1,606070,48486,654556,0,1C25TUV/00003936
1C25TUV,00003937,1,165741,13259,179000,0,1C25TUV/00003937
1C25TUV,00003938,1,878704,70296,949000,0,1C25TUV/00003938
1C25TUV,00003939,1,158881,12711,171592,0,1C25TUV/00003939
1C25TUV,00003940,1,606070,48486,654556,0,1C25TUV/00003940
1C25TUV,00003941,1,452778,36222,489000,0,1C25TUV/00003941
1C25TUV,00003942,1,452778,36222,489000,0,1C25TUV/00003942
1C25TUV,00003943,1,1147222,91778,1239000,0,1C25TUV/00003943
1C25TUV,00003944,1,497222,39778,537000,0,1C25TUV/00003944
1C25TUV,00003945,1,1213008,97041,1310049,0,1C25TUV/00003945
1C25TUV,00003946,1,878704,70296,949000,0,1C25TUV/00003946
1C25TUV,00003947,1,165741,13259,179000,0,1C25TUV/00003947
1C25TUV,00003948,1,878704,70296,949000,0,1C25TUV/00003948
1C25TUV,00003949,1,1147222,91778,1239000,0,1C25TUV/00003949
1C25TUV,00003950,1,1213008,97041,1310049,0,1C25TUV/00003950
1C25TUV,00003951,1,1213008,97041,1310049,0,1C25TUV/00003951
1C25TUV,00003952,1,1001898,80152,1082050,0,1C25TUV/00003952
1C25TUV,00003953,1,1617639,129411,1747050,0,1C25TUV/00003953
1C25TUV,00003954,1,158881,12711,171592,0,1C25TUV/00003954
1C25TUV,00003955,1,1213008,97041,1310049,0,1C25TUV/00003955
1C25TUV,00003956,1,445403,35632,481035,0,1C25TUV/00003956
1C25TUV,00003957,1,1881528,150522,2032050,0,1C25TUV/00003957
1C25TUV,00003958,1,878704,70296,949000,0,1C25TUV/00003958
1C25TUV,00003959,1,202778,16222,219000,0,1C25TUV/00003959
1C25TUV,00003960,1,2180602,174448,2355050,0,1C25TUV/00003960
1C25TUV,00003961,1,1054630,84370,1139000,0,1C25TUV/00003961
1C25TUV,00003962,1,1213008,97041,1310049,0,1C25TUV/00003962
1C25TUV,00003963,1,1617639,129411,1747050,0,1C25TUV/00003963
1C25TUV,00003964,1,2180602,174448,2355050,0,1C25TUV/00003964
1C25TUV,00003965,1,487963,39037,527000,0,1C25TUV/00003965
1C25TUV,00003966,1,165741,13259,179000,0,1C25TUV/00003966
1C25TUV,00003967,1,509259,40741,550000,0,1C25TUV/00003967
1C25TUV,00003968,1,499074,39926,539000,0,1C25TUV/00003968
1C25TUV,00003969,1,1001898,80152,1082050,0,1C25TUV/00003969
1C25TUV,00003970,1,509259,40741,550000,0,1C25TUV/00003970
1C25TUV,00003971,1,499074,39926,539000,0,1C25TUV/00003971
1C25TUV,00003972,1,2180602,174448,2355050,0,1C25TUV/00003972
1C25TUV,00003973,1,1213008,97041,1310049,0,1C25TUV/00003973
1C25TUV,00003974,1,462963,37037,500000,0,1C25TUV/00003974
1C25TUV,00003975,1,1617639,129411,1747050,0,1C25TUV/00003975
1C25TUV,00003976,1,1980556,158444,2139000,0,1C25TUV/00003976
1C25TUV,00003977,1,491667,39333,531000,0,1C25TUV/00003977
1C25TUV,00003978,1,1213008,97041,1310049,0,1C25TUV/00003978
1C25TUV,00003979,1,1896478,151718,2048196,0,1C25TUV/00003979
1C25TUV,00003980,1,962036,76963,1038999,0,1C25TUV/00003980
1C25TUV,00003981,1,1617639,129411,1747050,0,1C25TUV/00003981
1C25TUV,00003982,1,675000,54000,729000,0,1C25TUV/00003982
1C25TUV,00003983,1,1230884,98471,1329355,0,1C25TUV/00003983
1C25TUV,00003984,1,1980556,158444,2139000,0,1C25TUV/00003984
1C25TUV,00003985,1,1001898,80152,1082050,0,1C25TUV/00003985
1C25TUV,00003986,1,499074,39926,539000,0,1C25TUV/00003986
1C25TUV,00003987,1,499074,39926,539000,0,1C25TUV/00003987
1C25TUV,00003988,1,878704,70296,949000,0,1C25TUV/00003988
1C25TUV,00003989,1,878704,70296,949000,0,1C25TUV/00003989
1C25TUV,00003990,1,878704,70296,949000,0,1C25TUV/00003990
1C25TUV,00003991,1,878704,70296,949000,0,1C25TUV/00003991
1C25TUV,00003992,1,1147222,91778,1239000,0,1C25TUV/00003992
1C25TUV,00003993,1,878704,70296,949000,0,1C25TUV/00003993
1C25TUV,00003994,1,1147222,91778,1239000,0,1C25TUV/00003994
1C25TUV,00003995,1,962036,76963,1038999,0,1C25TUV/00003995
1C25TUV,00003996,1,165741,13259,179000,0,1C25TUV/00003996
1C25TUV,00003997,1,474119,37930,512049,0,1C25TUV/00003997
1C25TUV,00003998,1,2180602,174448,2355050,0,1C25TUV/00003998
1C25TUV,00003999,1,443556,35484,479040,0,1C25TUV/00003999
1C25TUV,00004000,1,758333,60667,819000,0,1C25TUV/00004000
1C25TUV,00004001,1,758333,60667,819000,0,1C25TUV/00004001
1C25TUV,00004002,1,758333,60667,819000,0,1C25TUV/00004002
1C25TUV,00004003,1,758333,60667,819000,0,1C25TUV/00004003
1C25TUV,00004004,1,767593,61407,829000,0,1C25TUV/00004004
1C25TUV,00004005,1,758333,60667,819000,0,1C25TUV/00004005
1C25TUV,00004006,1,758333,60667,819000,0,1C25TUV/00004006
1C25TUV,00004007,1,1147222,91778,1239000,0,1C25TUV/00004007
1C25TUV,00004008,1,767593,61407,829000,0,1C25TUV/00004008
1C25TUV,00004009,1,758333,60667,819000,0,1C25TUV/00004009
1C25TUV,00004010,1,758333,60667,819000,0,1C25TUV/00004010
1C25TUV,00004011,1,758333,60667,819000,0,1C25TUV/00004011
1C25TUV,00004012,1,758333,60667,819000,0,1C25TUV/00004012
1C25TUV,00004013,1,767593,61407,829000,0,1C25TUV/00004013
1C25TUV,00004014,1,767593,61407,829000,0,1C25TUV/00004014
1C25TUV,00004015,1,767593,61407,829000,0,1C25TUV/00004015
1C25TUV,00004016,1,1147222,91778,1239000,0,1C25TUV/00004016
1C25TUV,00004017,1,1147222,91778,1239000,0,1C25TUV/00004017
1C25TUV,00004018,1,878704,70296,949000,0,1C25TUV/00004018
1C25TUV,00004019,1,878704,70296,949000,0,1C25TUV/00004019
1C25TUV,00004020,1,878704,70296,949000,0,1C25TUV/00004020
1C25TUV,00004021,1,1147222,91778,1239000,0,1C25TUV/00004021
1C25TUV,00004022,1,1147222,91778,1239000,0,1C25TUV/00004022
1C25TUV,00004023,1,1276851,102148,1378999,0,1C25TUV/00004023
1C25TUV,00004024,1,499074,39926,539000,0,1C25TUV/00004024
1C25TUV,00004025,1,1276851,102148,1378999,0,1C25TUV/00004025
1C25TUV,00004026,1,499074,39926,539000,0,1C25TUV/00004026
1C25TUV,00004027,1,499074,39926,539000,0,1C25TUV/00004027
1C25TUV,00004028,1,1517593,121407,1639000,0,1C25TUV/00004028
1C25TUV,00004029,1,1044444,83556,1128000,0,1C25TUV/00004029
1C25TUV,00004030,1,961111,76889,1038000,0,1C25TUV/00004030
1C25TUV,00004031,1,499074,39926,539000,0,1C25TUV/00004031
1C25TUV,00004032,1,628704,50296,679000,0,1C25TUV/00004032
1C25TUV,00004033,1,165741,13259,179000,0,1C25TUV/00004033
1C25TUV,00004034,1,499073,39926,538999,0,1C25TUV/00004034
1C25TUV,00004035,1,499074,39926,539000,0,1C25TUV/00004035
1C25TUV,00004036,1,499074,39926,539000,0,1C25TUV/00004036
1C25TUV,00004037,1,1275926,102074,1378000,0,1C25TUV/00004037
1C25TUV,00004038,1,1213008,97041,1310049,0,1C25TUV/00004038
1C25TUV,00004039,1,487963,39037,527000,0,1C25TUV/00004039
1C25TUV,00004040,1,499074,39926,539000,0,1C25TUV/00004040
1C25TUV,00004041,1,499074,39926,539000,0,1C25TUV/00004041
1C25TUV,00004042,1,499074,39926,539000,0,1C25TUV/00004042
1C25TUV,00004043,1,1461111,116889,1578000,0,1C25TUV/00004043
1C25TUV,00004044,1,1213008,97041,1310049,0,1C25TUV/00004044
1C25TUV,00004045,1,1229098,98328,1327426,0,1C25TUV/00004045
1C25TUV,00004046,1,499074,39926,539000,0,1C25TUV/00004046
1C25TUV,00004047,1,499074,39926,539000,0,1C25TUV/00004047
1C25TUV,00004048,1,474119,37930,512049,0,1C25TUV/00004048
1C25TUV,00004049,1,499074,39926,539000,0,1C25TUV/00004049
1C25TUV,00004050,1,499074,39926,539000,0,1C25TUV/00004050
1C25TUV,00004051,1,545370,43630,589000,0,1C25TUV/00004051
1C25TUV,00004052,1,499074,39926,539000,0,1C25TUV/00004052
1C25TUV,00004053,1,499074,39926,539000,0,1C25TUV/00004053
1C25TUV,00004054,1,499074,39926,539000,0,1C25TUV/00004054
1C25TUV,00004055,1,1213008,97041,1310049,0,1C25TUV/00004055
1C25TUV,00004056,1,499074,39926,539000,0,1C25TUV/00004056
1C25TUV,00004057,1,499074,39926,539000,0,1C25TUV/00004057
1C25TUV,00004058,1,499074,39926,539000,0,1C25TUV/00004058
1C25TUV,00004059,1,499074,39926,539000,0,1C25TUV/00004059
1C25TUV,00004060,1,474119,37930,512049,0,1C25TUV/00004060
1C25TUV,00004061,1,499074,39926,539000,0,1C25TUV/00004061
1C25TUV,00004062,1,1213008,97041,1310049,0,1C25TUV/00004062
1C25TUV,00004063,1,158881,12711,171592,0,1C25TUV/00004063
1C25TUV,00004064,1,499074,39926,539000,0,1C25TUV/00004064
1C25TUV,00004065,1,1001898,80152,1082050,0,1C25TUV/00004065
1C25TUV,00004066,1,1702778,136222,1839000,0,1C25TUV/00004066
1C25TUV,00004067,1,1213008,97041,1310049,0,1C25TUV/00004067
1C25TUV,00004068,1,1018519,81481,1100000,0,1C25TUV/00004068
1C25TUV,00004069,1,499074,39926,539000,0,1C25TUV/00004069
1C25TUV,00004070,1,489815,39185,529000,0,1C25TUV/00004070
1C25TUV,00004071,1,499074,39926,539000,0,1C25TUV/00004071
1C25TUV,00004072,1,499074,39926,539000,0,1C25TUV/00004072
1C25TUV,00004073,1,962036,76963,1038999,0,1C25TUV/00004073
1C25TUV,00004074,1,165741,13259,179000,0,1C25TUV/00004074
1C25TUV,00004075,1,474119,37930,512049,0,1C25TUV/00004075
1C25TUV,00004076,1,165741,13259,179000,0,1C25TUV/00004076
1C25TUV,00004077,1,385278,30822,416100,0,1C25TUV/00004077
1C25TUV,00004078,1,509259,40741,550000,0,1C25TUV/00004078
1C25TUV,00004079,1,1001898,80152,1082050,0,1C25TUV/00004079
1C25TUV,00004080,1,165741,13259,179000,0,1C25TUV/00004080
1C25TUV,00004081,1,165741,13259,179000,0,1C25TUV/00004081
1C25TUV,00004082,1,1001898,80152,1082050,0,1C25TUV/00004082
1C25TUV,00004083,1,1980556,158444,2139000,0,1C25TUV/00004083
1C25TUV,00004084,1,2295370,183630,2479000,0,1C25TUV/00004084
1C25TUV,00004085,1,1276852,102148,1379000,0,1C25TUV/00004085
1C25TUV,00004086,1,628704,50296,679000,0,1C25TUV/00004086
1C25TUV,00004087,1,628704,50296,679000,0,1C25TUV/00004087
1C25TUV,00004088,1,628704,50296,679000,0,1C25TUV/00004088
1C25TUV,00004089,1,1276852,102148,1379000,0,1C25TUV/00004089
1C25TUV,00004090,1,2443518,195481,2638999,0,1C25TUV/00004090
1C25TUV,00004091,1,2443518,195481,2638999,0,1C25TUV/00004091
1C25TUV,00004092,1,2443518,195481,2638999,0,1C25TUV/00004092
1C25TUV,00004093,1,1794444,143556,1938000,0,1C25TUV/00004093
1C25TUV,00004094,1,499074,39926,539000,0,1C25TUV/00004094
1C25TUV,00004095,1,2387037,190963,2578000,0,1C25TUV/00004095
1C25TUV,00004096,1,1647222,131778,1779000,0,1C25TUV/00004096
1C25TUV,00004097,1,1647222,131778,1779000,0,1C25TUV/00004097
1C25TUV,00004098,1,1647222,131778,1779000,0,1C25TUV/00004098
1C25TUV,00004099,1,1980556,158444,2139000,0,1C25TUV/00004099
1C25TUV,00004100,1,2572221,205778,2777999,0,1C25TUV/00004100
1C25TUV,00004101,1,2572221,205778,2777999,0,1C25TUV/00004101
1C25TUV,00004102,1,2572221,205778,2777999,0,1C25TUV/00004102
1C25TUV,00004103,1,2572221,205778,2777999,0,1C25TUV/00004103
1C25TUV,00004104,1,2572221,205778,2777999,0,1C25TUV/00004104
1C25TUV,00004105,1,2572221,205778,2777999,0,1C25TUV/00004105
1C25TUV,00004106,1,2572221,205778,2777999,0,1C25TUV/00004106
1C25TUV,00004107,1,2572221,205778,2777999,0,1C25TUV/00004107
1C25TUV,00004108,1,2572221,205778,2777999,0,1C25TUV/00004108
1C25TUV,00004109,1,2478730,198298,2677028,0,1C25TUV/00004109
1C25TUV,00004110,1,2478730,198298,2677028,0,1C25TUV/00004110
1C25TUV,00004111,1,2478730,198298,2677028,0,1C25TUV/00004111
1C25TUV,00004112,1,2478730,198298,2677028,0,1C25TUV/00004112
1C25TUV,00004113,1,2478730,198298,2677028,0,1C25TUV/00004113
1C25TUV,00004114,1,2478730,198298,2677028,0,1C25TUV/00004114
1C25TUV,00004115,1,2478730,198298,2677028,0,1C25TUV/00004115
1C25TUV,00004116,1,2478704,198296,2677000,0,1C25TUV/00004116
1C25TUV,00004117,1,2478704,198296,2677000,0,1C25TUV/00004117
1C25TUV,00004118,1,2571296,205704,2777000,0,1C25TUV/00004118
1C25TUV,00004119,1,499074,39926,539000,0,1C25TUV/00004119
1C25TUV,00004120,1,499074,39926,539000,0,1C25TUV/00004120
1C25TUV,00004121,1,509259,40741,550000,0,1C25TUV/00004121
1C25TUV,00004122,1,509259,40741,550000,0,1C25TUV/00004122
1C25TUV,00004123,1,1980556,158444,2139000,0,1C25TUV/00004123
1C25TUV,00004124,1,2295370,183630,2479000,0,1C25TUV/00004124
1C25TUV,00004125,1,499074,39926,539000,0,1C25TUV/00004125
1C25TUV,00004126,1,499074,39926,539000,0,1C25TUV/00004126
1C25TUV,00004127,1,1054630,84370,1139000,0,1C25TUV/00004127
1C25TUV,00004128,1,1276852,102148,1379000,0,1C25TUV/00004128
1C25TUV,00004129,1,499074,39926,539000,0,1C25TUV/00004129
1C25TUV,00004130,1,1276852,102148,1379000,0,1C25TUV/00004130
1C25TUV,00004131,1,499074,39926,539000,0,1C25TUV/00004131
1C25TUV,00004132,1,499074,39926,539000,0,1C25TUV/00004132
1C25TUV,00004133,1,462963,37037,500000,0,1C25TUV/00004133
1C25TUV,00004134,1,509259,40741,550000,0,1C25TUV/00004134
1C25TUV,00004135,1,1980556,158444,2139000,0,1C25TUV/00004135
1C25TUV,00004136,1,1702778,136222,1839000,0,1C25TUV/00004136
1C25TUV,00004137,1,1276852,102148,1379000,0,1C25TUV/00004137
1C25TUV,00004138,1,1276852,102148,1379000,0,1C25TUV/00004138
1C25TUV,00004139,1,1054630,84370,1139000,0,1C25TUV/00004139
1C25TUV,00004140,1,499074,39926,539000,0,1C25TUV/00004140
1C25TUV,00004141,1,499074,39926,539000,0,1C25TUV/00004141
1C25TUV,00004142,1,1980556,158444,2139000,0,1C25TUV/00004142
1C25TUV,00004143,1,499074,39926,539000,0,1C25TUV/00004143
1C25TUV,00004144,1,1980556,158444,2139000,0,1C25TUV/00004144
1C25TUV,00004145,1,1276852,102148,1379000,0,1C25TUV/00004145
1C25TUV,00004146,1,499074,39926,539000,0,1C25TUV/00004146
1C25TUV,00004147,1,509259,40741,550000,0,1C25TUV/00004147
1C25TUV,00004148,1,499074,39926,539000,0,1C25TUV/00004148
1C25TUV,00004149,1,499074,39926,539000,0,1C25TUV/00004149
1C25TUV,00004150,1,2295370,183630,2479000,0,1C25TUV/00004150
1C25TUV,00004151,1,509259,40741,550000,0,1C25TUV/00004151
1C25TUV,00004152,1,1276852,102148,1379000,0,1C25TUV/00004152
1C25TUV,00004153,1,2295370,183630,2479000,0,1C25TUV/00004153
1C25TUV,00004154,1,1276852,102148,1379000,0,1C25TUV/00004154
1C25TUV,00004155,1,499074,39926,539000,0,1C25TUV/00004155
1C25TUV,00004156,1,499074,39926,539000,0,1C25TUV/00004156
1C25TUV,00004157,1,499074,39926,539000,0,1C25TUV/00004157
1C25TUV,00004158,1,1276852,102148,1379000,0,1C25TUV/00004158
1C25TUV,00004159,1,628704,50296,679000,0,1C25TUV/00004159
1C25TUV,00004160,1,499074,39926,539000,0,1C25TUV/00004160
1C25TUV,00004161,1,998148,79852,1078000,0,1C25TUV/00004161
1C25TUV,00004162,1,998148,79852,1078000,0,1C25TUV/00004162
1C25TUV,00004163,1,555556,44444,600000,0,1C25TUV/00004163
1C25TUV,00004164,1,499074,39926,539000,0,1C25TUV/00004164
1C25TUV,00004165,1,545370,43630,589000,0,1C25TUV/00004165
1C25TUV,00004166,1,1702778,136222,1839000,0,1C25TUV/00004166
1C25TUV,00004167,1,998148,79852,1078000,0,1C25TUV/00004167
1C25TUV,00004168,1,1054630,84370,1139000,0,1C25TUV/00004168
1C25TUV,00004169,1,1054630,84370,1139000,0,1C25TUV/00004169
1C25TUV,00004170,1,165741,13259,179000,0,1C25TUV/00004170
1C25TUV,00004171,1,499074,39926,539000,0,1C25TUV/00004171
1C25TUV,00004172,1,499074,39926,539000,0,1C25TUV/00004172
1C25TUV,00004173,1,406481,32519,439000,0,1C25TUV/00004173
1C25TUV,00004174,1,1276852,102148,1379000,0,1C25TUV/00004174
1C25TUV,00004175,1,406481,32519,439000,0,1C25TUV/00004175
1C25TUV,00004176,1,998148,79852,1078000,0,1C25TUV/00004176
1C25TUV,00004177,1,509259,40741,550000,0,1C25TUV/00004177
1C25TUV,00004178,1,499074,39926,539000,0,1C25TUV/00004178
1C25TUV,00004179,1,675000,54000,729000,0,1C25TUV/00004179
1C25TUV,00004180,1,1054630,84370,1139000,0,1C25TUV/00004180
1C25TUV,00004181,1,2295370,183630,2479000,0,1C25TUV/00004181
1C25TUV,00004182,1,1276852,102148,1379000,0,1C25TUV/00004182
1C25TUV,00004183,1,1054630,84370,1139000,0,1C25TUV/00004183
1C25TUV,00004184,1,499074,39926,539000,0,1C25TUV/00004184
1C25TUV,00004185,1,509259,40741,550000,0,1C25TUV/00004185
1C25TUV,00004186,1,499074,39926,539000,0,1C25TUV/00004186
1C25TUV,00004187,1,499074,39926,539000,0,1C25TUV/00004187
1C25TUV,00004188,1,499074,39926,539000,0,1C25TUV/00004188
1C25TUV,00004189,1,1276852,102148,1379000,0,1C25TUV/00004189
1C25TUV,00004190,1,4239815,339185,4579000,0,1C25TUV/00004190
1C25TUV,00004191,1,2573148,205852,2779000,0,1C25TUV/00004191
1C25TUV,00004192,1,2573148,205852,2779000,0,1C25TUV/00004192
1C25TUV,00004193,1,2573148,205852,2779000,0,1C25TUV/00004193
1C25TUV,00004194,1,2573148,205852,2779000,0,1C25TUV/00004194
1C25TUV,00004195,1,2573148,205852,2779000,0,1C25TUV/00004195
1C25TUV,00004196,1,2573148,205852,2779000,0,1C25TUV/00004196
1C25TUV,00004197,1,2573148,205852,2779000,0,1C25TUV/00004197
1C25TUV,00004198,1,2573148,205852,2779000,0,1C25TUV/00004198
1C25TUV,00004199,1,2573148,205852,2779000,0,1C25TUV/00004199
1C25TUV,00004200,1,2573148,205852,2779000,0,1C25TUV/00004200
1C25TUV,00004201,1,3962037,316963,4279000,0,1C25TUV/00004201
1C25TUV,00004202,1,594954,47596,642550,0,1C25TUV/00004202
1C25TUV,00004205,1,878704,70296,949000,0,1C25TUV/00004205
1C25TUV,00004206,1,1223998,97920,1321918,0,1C25TUV/00004206
1C25TUV,00004207,1,474119,37930,512049,0,1C25TUV/00004207
1C25TUV,00004208,1,1223998,97920,1321918,0,1C25TUV/00004208
1C25TUV,00004209,1,452778,36222,489000,0,1C25TUV/00004209
1C25TUV,00004210,1,1223998,97920,1321918,0,1C25TUV/00004210
1C25TUV,00004211,1,474119,37930,512049,0,1C25TUV/00004211
1C25TUV,00004212,1,1001898,80152,1082050,0,1C25TUV/00004212
1C25TUV,00004213,1,1213008,97041,1310049,0,1C25TUV/00004213
1C25TUV,00004214,1,608585,48687,657272,0,1C25TUV/00004214
1C25TUV,00004215,1,608585,48687,657272,0,1C25TUV/00004215
1C25TUV,00004216,1,608585,48687,657272,0,1C25TUV/00004216
1C25TUV,00004217,1,474119,37930,512049,0,1C25TUV/00004217
1C25TUV,00004218,1,452778,36222,489000,0,1C25TUV/00004218
1C25TUV,00004219,1,385278,30822,416100,0,1C25TUV/00004219
1C25TUV,00004220,1,1213008,97041,1310049,0,1C25TUV/00004220
1C25TUV,00004221,1,1213008,97041,1310049,0,1C25TUV/00004221
1C25TUV,00004222,1,606070,48486,654556,0,1C25TUV/00004222
1C25TUV,00004223,1,606070,48486,654556,0,1C25TUV/00004223
1C25TUV,00004224,1,165741,13259,179000,0,1C25TUV/00004224
1C25TUV,00004225,1,606070,48486,654556,0,1C25TUV/00004225
1C25TUV,00004226,1,1001898,80152,1082050,0,1C25TUV/00004226
1C25TUV,00004227,1,606070,48486,654556,0,1C25TUV/00004227
1C25TUV,00004228,1,767593,61407,829000,0,1C25TUV/00004228
1C25TUV,00004229,1,758333,60667,819000,0,1C25TUV/00004229
1C25TUV,00004230,1,767593,61407,829000,0,1C25TUV/00004230
1C25TUV,00004231,1,767593,61407,829000,0,1C25TUV/00004231
1C25TUV,00004232,1,767593,61407,829000,0,1C25TUV/00004232
1C25TUV,00004233,1,1147222,91778,1239000,0,1C25TUV/00004233
1C25TUV,00004234,1,628704,50296,679000,0,1C25TUV/00004234
1C25TUV,00004235,1,499074,39926,539000,0,1C25TUV/00004235
1C25TUV,00004236,1,878704,70296,949000,0,1C25TUV/00004236
1C25TUV,00004237,1,1881528,150522,2032050,0,1C25TUV/00004237
1C25TUV,00004238,1,165741,13259,179000,0,1C25TUV/00004238
1C25TUV,00004239,1,606070,48486,654556,0,1C25TUV/00004239
1C25TUV,00004240,1,606070,48486,654556,0,1C25TUV/00004240
1C25TUV,00004241,1,1147222,91778,1239000,0,1C25TUV/00004241
1C25TUV,00004242,1,1147222,91778,1239000,0,1C25TUV/00004242
1C25TUV,00004243,1,165741,13259,179000,0,1C25TUV/00004243
1C25TUV,00004244,1,1229098,98328,1327426,0,1C25TUV/00004244
1C25TUV,00004245,1,878704,70296,949000,0,1C25TUV/00004245
1C25TUV,00004246,1,473240,37859,511099,0,1C25TUV/00004246
1C25TUV,00004247,1,606070,48486,654556,0,1C25TUV/00004247
1C25TUV,00004248,1,606070,48486,654556,0,1C25TUV/00004248
1C25TUV,00004249,1,452778,36222,489000,0,1C25TUV/00004249
1C25TUV,00004250,1,474119,37930,512049,0,1C25TUV/00004250
1C25TUV,00004251,1,1213008,97041,1310049,0,1C25TUV/00004251
1C25TUV,00004252,1,474119,37930,512049,0,1C25TUV/00004252
1C25TUV,00004253,1,165741,13259,179000,0,1C25TUV/00004253
1C25TUV,00004254,1,878704,70296,949000,0,1C25TUV/00004254
1C25TUV,00004255,1,878704,70296,949000,0,1C25TUV/00004255
1C25TUV,00004256,1,1147222,91778,1239000,0,1C25TUV/00004256
1C25TUV,00004257,1,545370,43630,589000,0,1C25TUV/00004257
1C25TUV,00004258,1,878704,70296,949000,0,1C25TUV/00004258
1C25TUV,00004259,1,1701852,136148,1838000,0,1C25TUV/00004259
1C25TUV,00004260,1,1553704,124296,1678000,0,1C25TUV/00004260
1C25TUV,00004261,1,758333,60667,819000,0,1C25TUV/00004261
1C25TUV,00004262,1,767593,61407,829000,0,1C25TUV/00004262
1C25TUV,00004263,1,758333,60667,819000,0,1C25TUV/00004263
1C25TUV,00004264,1,758333,60667,819000,0,1C25TUV/00004264
1C25TUV,00004265,1,767593,61407,829000,0,1C25TUV/00004265
1C25TUV,00004266,1,767593,61407,829000,0,1C25TUV/00004266
1C25TUV,00004267,1,758333,60667,819000,0,1C25TUV/00004267
1C25TUV,00004268,1,1147222,91778,1239000,0,1C25TUV/00004268
1C25TUV,00004269,1,1213008,97041,1310049,0,1C25TUV/00004269
1C25TUV,00004270,1,2180602,174448,2355050,0,1C25TUV/00004270
1C25TUV,00004271,1,1881528,150522,2032050,0,1C25TUV/00004271
1C25TUV,00004272,1,1881528,150522,2032050,0,1C25TUV/00004272
1C25TUV,00004273,1,499074,39926,539000,0,1C25TUV/00004273
1C25TUV,00004274,1,474119,37930,512049,0,1C25TUV/00004274
1C25TUV,00004275,1,1001898,80152,1082050,0,1C25TUV/00004275
1C25TUV,00004276,1,385278,30822,416100,0,1C25TUV/00004276
1C25TUV,00004277,1,962036,76963,1038999,0,1C25TUV/00004277
1C25TUV,00004278,1,499074,39926,539000,0,1C25TUV/00004278
1C25TUV,00004279,1,554630,44370,599000,0,1C25TUV/00004279
1C25TUV,00004280,1,1147222,91778,1239000,0,1C25TUV/00004280
1C25TUV,00004281,1,499074,39926,539000,0,1C25TUV/00004281
1C25TUV,00004282,1,878704,70296,949000,0,1C25TUV/00004282
1C25TUV,00004283,1,878704,70296,949000,0,1C25TUV/00004283
1C25TUV,00004284,1,184259,14741,199000,0,1C25TUV/00004284
1C25TUV,00004285,1,165741,13259,179000,0,1C25TUV/00004285
1C25TUV,00004286,1,165741,13259,179000,0,1C25TUV/00004286
1C25TUV,00004287,1,1881528,150522,2032050,0,1C25TUV/00004287
1C25TUV,00004288,1,1213008,97041,1310049,0,1C25TUV/00004288
1C25TUV,00004289,1,499074,39926,539000,0,1C25TUV/00004289
1C25TUV,00004290,1,499074,39926,539000,0,1C25TUV/00004290
1C25TUV,00004291,1,1369444,109556,1479000,0,1C25TUV/00004291
1C25TUV,00004292,1,499074,39926,539000,0,1C25TUV/00004292
1C25TUV,00004293,1,1213008,97041,1310049,0,1C25TUV/00004293
1C25TUV,00004294,1,499074,39926,539000,0,1C25TUV/00004294
1C25TUV,00004295,1,499074,39926,539000,0,1C25TUV/00004295
1C25TUV,00004296,1,165741,13259,179000,0,1C25TUV/00004296
1C25TUV,00004297,1,1702778,136222,1839000,0,1C25TUV/00004297
1C25TUV,00004298,1,1887963,151037,2039000,0,1C25TUV/00004298
1C25TUV,00004299,1,2295370,183630,2479000,0,1C25TUV/00004299
1C25TUV,00004300,1,1001898,80152,1082050,0,1C25TUV/00004300
1C25TUV,00004301,1,555556,44444,600000,0,1C25TUV/00004301
1C25TUV,00004302,1,499074,39926,539000,0,1C25TUV/00004302
1C25TUV,00004303,1,159541,12763,172304,0,1C25TUV/00004303
1C25TUV,00004304,1,499074,39926,539000,0,1C25TUV/00004304
1C25TUV,00004305,1,1276852,102148,1379000,0,1C25TUV/00004305
1C25TUV,00004306,1,1213008,97041,1310049,0,1C25TUV/00004306
1C25TUV,00004307,1,1001898,80152,1082050,0,1C25TUV/00004307
1C25TUV,00004308,1,1881528,150522,2032050,0,1C25TUV/00004308
1C25TUV,00004309,1,1881528,150522,2032050,0,1C25TUV/00004309
1C25TUV,00004310,1,499074,39926,539000,0,1C25TUV/00004310
1C25TUV,00004311,1,1054630,84370,1139000,0,1C25TUV/00004311
1C25TUV,00004312,1,499074,39926,539000,0,1C25TUV/00004312
1C25TUV,00004313,1,2295370,183630,2479000,0,1C25TUV/00004313
1C25TUV,00004314,1,406481,32519,439000,0,1C25TUV/00004314
1C25TUV,00004315,1,406481,32519,439000,0,1C25TUV/00004315
1C25TUV,00004316,1,499074,39926,539000,0,1C25TUV/00004316
1C25TUV,00004317,1,1702778,136222,1839000,0,1C25TUV/00004317
1C25TUV,00004318,1,998148,79852,1078000,0,1C25TUV/00004318
1C25TUV,00004319,1,1276852,102148,1379000,0,1C25TUV/00004319
1C25TUV,00004320,1,1054630,84370,1139000,0,1C25TUV/00004320
1C25TUV,00004321,1,1980556,158444,2139000,0,1C25TUV/00004321
1C25TUV,00004322,1,1018519,81481,1100000,0,1C25TUV/00004322
1C25TUV,00004323,1,1054630,84370,1139000,0,1C25TUV/00004323
1C25TUV,00004324,1,1276852,102148,1379000,0,1C25TUV/00004324
1C25TUV,00004325,1,1980556,158444,2139000,0,1C25TUV/00004325
1C25TUV,00004326,1,509259,40741,550000,0,1C25TUV/00004326
1C25TUV,00004327,1,1054630,84370,1139000,0,1C25TUV/00004327
1C25TUV,00004328,1,1276852,102148,1379000,0,1C25TUV/00004328
1C25TUV,00004329,1,2295370,183630,2479000,0,1C25TUV/00004329
1C25TUV,00004330,1,2295370,183630,2479000,0,1C25TUV/00004330
1C25TUV,00004331,1,499074,39926,539000,0,1C25TUV/00004331
1C25TUV,00004332,1,1147222,91778,1239000,0,1C25TUV/00004332
1C25TUV,00004333,1,509259,40741,550000,0,1C25TUV/00004333
1C25TUV,00004334,1,1054630,84370,1139000,0,1C25TUV/00004334
1C25TUV,00004335,1,1702778,136222,1839000,0,1C25TUV/00004335
1C25TUV,00004336,1,1276852,102148,1379000,0,1C25TUV/00004336
1C25TUV,00004337,1,499074,39926,539000,0,1C25TUV/00004337
1C25TUV,00004338,1,499074,39926,539000,0,1C25TUV/00004338
1C25TUV,00004339,1,1702778,136222,1839000,0,1C25TUV/00004339
1C25TUV,00004340,1,499074,39926,539000,0,1C25TUV/00004340
1C25TUV,00004341,1,499074,39926,539000,0,1C25TUV/00004341
1C25TUV,00004342,1,1276852,102148,1379000,0,1C25TUV/00004342
1C25TUV,00004343,1,1276852,102148,1379000,0,1C25TUV/00004343
1C25TUV,00004344,1,803704,64296,868000,0,1C25TUV/00004344
1C25TUV,00004345,1,2573148,205852,2779000,0,1C25TUV/00004345
1C25TUV,00004346,1,499074,39926,539000,0,1C25TUV/00004346
1C25TUV,00004347,1,1054630,84370,1139000,0,1C25TUV/00004347
1C25TUV,00004348,1,499074,39926,539000,0,1C25TUV/00004348
1C25TUV,00004349,1,1276852,102148,1379000,0,1C25TUV/00004349
1C25TUV,00004350,1,499074,39926,539000,0,1C25TUV/00004350
1C25TUV,00004351,1,1276852,102148,1379000,0,1C25TUV/00004351
1C25TUV,00004352,1,1543519,123481,1667000,0,1C25TUV/00004352
1C25TUV,00004353,1,1276852,102148,1379000,0,1C25TUV/00004353
1C25TUV,00004354,1,499074,39926,539000,0,1C25TUV/00004354
1C25TUV,00004355,1,499074,39926,539000,0,1C25TUV/00004355
1C25TUV,00004356,1,2295370,183630,2479000,0,1C25TUV/00004356
1C25TUV,00004357,1,509259,40741,550000,0,1C25TUV/00004357
1C25TUV,00004358,1,962037,76963,1039000,0,1C25TUV/00004358
1C25TUV,00004359,1,509259,40741,550000,0,1C25TUV/00004359
1C25TUV,00004360,1,2295370,183630,2479000,0,1C25TUV/00004360
1C25TUV,00004361,1,1054630,84370,1139000,0,1C25TUV/00004361
1C25TUV,00004362,1,1702778,136222,1839000,0,1C25TUV/00004362
1C25TUV,00004363,1,406481,32519,439000,0,1C25TUV/00004363
1C25TUV,00004364,1,499074,39926,539000,0,1C25TUV/00004364
1C25TUV,00004365,1,1980556,158444,2139000,0,1C25TUV/00004365
1C25TUV,00004366,1,499074,39926,539000,0,1C25TUV/00004366
1C25TUV,00004367,1,1054630,84370,1139000,0,1C25TUV/00004367
1C25TUV,00004368,1,499074,39926,539000,0,1C25TUV/00004368
1C25TUV,00004369,1,2295370,183630,2479000,0,1C25TUV/00004369
1C25TUV,00004370,1,165741,13259,179000,0,1C25TUV/00004370
1C25TUV,00004371,1,499074,39926,539000,0,1C25TUV/00004371
1C25TUV,00004372,1,2573148,205852,2779000,0,1C25TUV/00004372
1C25TUV,00004373,1,2573148,205852,2779000,0,1C25TUV/00004373
1C25TUV,00004374,1,2573148,205852,2779000,0,1C25TUV/00004374
1C25TUV,00004375,1,2573148,205852,2779000,0,1C25TUV/00004375
1C25TUV,00004376,1,2573148,205852,2779000,0,1C25TUV/00004376
1C25TUV,00004377,1,2573148,205852,2779000,0,1C25TUV/00004377
1C25TUV,00004378,1,2573148,205852,2779000,0,1C25TUV/00004378
1C25TUV,00004379,1,2573148,205852,2779000,0,1C25TUV/00004379
1C25TUV,00004380,1,2573148,205852,2779000,0,1C25TUV/00004380
1C25TUV,00004381,1,3962037,316963,4279000,0,1C25TUV/00004381
1C25TUV,00004382,1,2573148,205852,2779000,0,1C25TUV/00004382
1C25TUV,00004383,1,2573148,205852,2779000,0,1C25TUV/00004383
1C25TUV,00004384,1,2573148,205852,2779000,0,1C25TUV/00004384
1C25TUV,00004385,1,2573148,205852,2779000,0,1C25TUV/00004385
1C25TUV,00004386,1,2573148,205852,2779000,0,1C25TUV/00004386
1C25TUV,00004387,1,3535185,282815,3818000,0,1C25TUV/00004387
1C25TUV,00004388,1,962037,76963,1039000,0,1C25TUV/00004388
1C25TUV,00004389,1,7047333,563787,7611120,0,1C25TUV/00004389
1C25TUV,00004390,1,3461110,276889,3737999,0,1C25TUV/00004390
1C25TUV,00004391,1,3036111,242889,3279000,0,1C25TUV/00004391
1C25TUV,00004392,1,2572221,205778,2777999,0,1C25TUV/00004392
1C25TUV,00004393,1,2572221,205778,2777999,0,1C25TUV/00004393
1C25TUV,00004394,1,2572221,205778,2777999,0,1C25TUV/00004394
1C25TUV,00004395,1,2572221,205778,2777999,0,1C25TUV/00004395
1C25TUV,00004396,1,2850926,228074,3079000,0,1C25TUV/00004396
1C25TUV,00004397,1,2572221,205778,2777999,0,1C25TUV/00004397
1C25TUV,00004398,1,3962037,316963,4279000,0,1C25TUV/00004398
1C25TUV,00004399,1,2478730,198298,2677028,0,1C25TUV/00004399
1C25TUV,00004400,1,2478730,198298,2677028,0,1C25TUV/00004400
1C25TUV,00004401,1,2478730,198298,2677028,0,1C25TUV/00004401
1C25TUV,00004402,1,2478730,198298,2677028,0,1C25TUV/00004402
1C25TUV,00004403,1,2478730,198298,2677028,0,1C25TUV/00004403
1C25TUV,00004404,1,2478730,198298,2677028,0,1C25TUV/00004404
1C25TUV,00004405,1,1489859,119189,1609048,0,1C25TUV/00004405
1C25TUV,00004406,1,2478730,198298,2677028,0,1C25TUV/00004406
1C25TUV,00004407,1,561204,44896,606100,0,1C25TUV/00004407
1C25TUV,00004408,1,561204,44896,606100,0,1C25TUV/00004408
1C25TUV,00004409,1,2478704,198296,2677000,0,1C25TUV/00004409
1C25TUV,00004410,1,2478704,198296,2677000,0,1C25TUV/00004410
1C25TUV,00004411,1,129630,10370,140000,0,1C25TUV/00004411
1C25TUV,00004412,1,120370,9630,130000,0,1C25TUV/00004412
1C25TUV,00004413,1,221296,17704,239000,0,1C25TUV/00004413
1C25TUV,00004414,1,1219392,97551,1316943,0,1C25TUV/00004414
1C25TUV,00004415,1,627778,50222,678000,0,1C25TUV/00004415
1C25TUV,00004416,1,2212737,177019,2389756,0,1C25TUV/00004416
1C25TUV,00004417,1,1369444,109556,1479000,0,1C25TUV/00004417
1C25TUV,00004418,1,1369444,109556,1479000,0,1C25TUV/00004418
1C25TUV,00004419,1,1980556,158444,2139000,0,1C25TUV/00004419
1C25TUV,00004420,1,1054630,84370,1139000,0,1C25TUV/00004420
1C25TUV,00004421,1,499073,39926,538999,0,1C25TUV/00004421
1C25TUV,00004422,1,962036,76963,1038999,0,1C25TUV/00004422
1C25TUV,00004423,1,221296,17704,239000,0,1C25TUV/00004423
1C25TUV,00004424,1,2572222,205778,2778000,0,1C25TUV/00004424
1C25TUV,00004425,1,221296,17704,239000,0,1C25TUV/00004425
1C25TUV,00004426,1,221296,17704,239000,0,1C25TUV/00004426
1C25TUV,00004427,1,1369444,109556,1479000,0,1C25TUV/00004427
1C25TUV,00004428,1,2572221,205778,2777999,0,1C25TUV/00004428
1C25TUV,00004429,1,221296,17704,239000,0,1C25TUV/00004429
1C25TUV,00004430,1,1369444,109556,1479000,0,1C25TUV/00004430
1C25TUV,00004431,1,165741,13259,179000,0,1C25TUV/00004431
1C25TUV,00004432,1,404630,32370,437000,0,1C25TUV/00004432
1C25TUV,00004433,1,1276852,102148,1379000,0,1C25TUV/00004433
1C25TUV,00004434,1,628704,50296,679000,0,1C25TUV/00004434
1C25TUV,00004435,1,1980555,158444,2138999,0,1C25TUV/00004435
1C25TUV,00004436,1,1219392,97551,1316943,0,1C25TUV/00004436
1C25TUV,00004437,1,628704,50296,679000,0,1C25TUV/00004437
1C25TUV,00004438,1,221296,17704,239000,0,1C25TUV/00004438
1C25TUV,00004439,1,1219392,97551,1316943,0,1C25TUV/00004439
1C25TUV,00004440,1,1219392,97551,1316943,0,1C25TUV/00004440
1C25TUV,00004441,1,1702778,136222,1839000,0,1C25TUV/00004441
1C25TUV,00004442,1,628704,50296,679000,0,1C25TUV/00004442
1C25TUV,00004443,1,628704,50296,679000,0,1C25TUV/00004443
1C25TUV,00004444,1,628704,50296,679000,0,1C25TUV/00004444
1C25TUV,00004445,1,1213008,97041,1310049,0,1C25TUV/00004445
1C25TUV,00004446,1,606070,48486,654556,0,1C25TUV/00004446
1C25TUV,00004447,1,1213008,97041,1310049,0,1C25TUV/00004447
1C25TUV,00004448,1,606070,48486,654556,0,1C25TUV/00004448
1C25TUV,00004449,1,606070,48486,654556,0,1C25TUV/00004449
1C25TUV,00004450,1,606070,48486,654556,0,1C25TUV/00004450
1C25TUV,00004451,1,628704,50296,679000,0,1C25TUV/00004451
1C25TUV,00004452,1,606070,48486,654556,0,1C25TUV/00004452
1C25TUV,00004453,1,606070,48486,654556,0,1C25TUV/00004453
1C25TUV,00004454,1,1729844,138388,1868232,0,1C25TUV/00004454
1C25TUV,00004455,1,606070,48486,654556,0,1C25TUV/00004455
1C25TUV,00004456,1,606070,48486,654556,0,1C25TUV/00004456
1C25TUV,00004457,1,474119,37930,512049,0,1C25TUV/00004457
1C25TUV,00004458,1,221296,17704,239000,0,1C25TUV/00004458
1C25TUV,00004459,1,1213008,97041,1310049,0,1C25TUV/00004459
1C25TUV,00004460,1,1213008,97041,1310049,0,1C25TUV/00004460
1C25TUV,00004461,1,165741,13259,179000,0,1C25TUV/00004461
1C25TUV,00004462,1,491667,39333,531000,0,1C25TUV/00004462
1C25TUV,00004463,1,606070,48486,654556,0,1C25TUV/00004463
1C25TUV,00004464,1,606070,48486,654556,0,1C25TUV/00004464
1C25TUV,00004465,1,221296,17704,239000,0,1C25TUV/00004465
1C25TUV,00004466,1,596389,47711,644100,0,1C25TUV/00004466
1C25TUV,00004467,1,445403,35632,481035,0,1C25TUV/00004467
1C25TUV,00004468,1,1213008,97041,1310049,0,1C25TUV/00004468
1C25TUV,00004469,1,165741,13259,179000,0,1C25TUV/00004469
1C25TUV,00004470,1,165741,13259,179000,0,1C25TUV/00004470
1C25TUV,00004471,1,1702778,136222,1839000,0,1C25TUV/00004471
1C25TUV,00004472,1,221296,17704,239000,0,1C25TUV/00004472
1C25TUV,00004473,1,1213008,97041,1310049,0,1C25TUV/00004473
1C25TUV,00004474,1,499073,39926,538999,0,1C25TUV/00004474
1C25TUV,00004475,1,443555,35484,479039,0,1C25TUV/00004475
1C25TUV,00004476,1,878704,70296,949000,0,1C25TUV/00004476
1C25TUV,00004477,1,480556,38444,519000,0,1C25TUV/00004477
1C25TUV,00004478,1,1881528,150522,2032050,0,1C25TUV/00004478
1C25TUV,00004479,1,499074,39926,539000,0,1C25TUV/00004479
1C25TUV,00004480,1,1001898,80152,1082050,0,1C25TUV/00004480
1C25TUV,00004481,1,474119,37930,512049,0,1C25TUV/00004481
1C25TUV,00004482,1,1881528,150522,2032050,0,1C25TUV/00004482
1C25TUV,00004483,1,482407,38593,521000,0,1C25TUV/00004483
1C25TUV,00004484,1,1213008,97041,1310049,0,1C25TUV/00004484
1C25TUV,00004485,1,1001898,80152,1082050,0,1C25TUV/00004485
1C25TUV,00004486,1,452778,36222,489000,0,1C25TUV/00004486
1C25TUV,00004487,1,165741,13259,179000,0,1C25TUV/00004487
1C25TUV,00004488,1,1213008,97041,1310049,0,1C25TUV/00004488
1C25TUV,00004489,1,497222,39778,537000,0,1C25TUV/00004489
1C25TUV,00004490,1,608585,48687,657272,0,1C25TUV/00004490
1C25TUV,00004491,1,608585,48687,657272,0,1C25TUV/00004491
1C25TUV,00004492,1,239815,19185,259000,0,1C25TUV/00004492
1C25TUV,00004493,1,608585,48687,657272,0,1C25TUV/00004493
1C25TUV,00004494,1,608585,48687,657272,0,1C25TUV/00004494
1C25TUV,00004495,1,628704,50296,679000,0,1C25TUV/00004495
1C25TUV,00004496,1,608585,48687,657272,0,1C25TUV/00004496
1C25TUV,00004497,1,606070,48486,654556,0,1C25TUV/00004497
1C25TUV,00004498,1,1213008,97041,1310049,0,1C25TUV/00004498
1C25TUV,00004499,1,603556,48284,651840,0,1C25TUV/00004499
1C25TUV,00004500,1,1213008,97041,1310049,0,1C25TUV/00004500
1C25TUV,00004501,1,603556,48284,651840,0,1C25TUV/00004501
1C25TUV,00004502,1,603556,48284,651840,0,1C25TUV/00004502
1C25TUV,00004503,1,2665741,213259,2879000,0,1C25TUV/00004503
1C25TUV,00004504,1,628704,50296,679000,0,1C25TUV/00004504
1C25TUV,00004505,1,606070,48486,654556,0,1C25TUV/00004505
1C25TUV,00004506,1,878704,70296,949000,0,1C25TUV/00004506
1C25TUV,00004507,1,606070,48486,654556,0,1C25TUV/00004507
1C25TUV,00004508,1,606070,48486,654556,0,1C25TUV/00004508
1C25TUV,00004509,1,606070,48486,654556,0,1C25TUV/00004509
1C25TUV,00004510,1,606070,48486,654556,0,1C25TUV/00004510
1C25TUV,00004511,1,1147222,91778,1239000,0,1C25TUV/00004511
1C25TUV,00004512,1,1147222,91778,1239000,0,1C25TUV/00004512
1C25TUV,00004513,1,452778,36222,489000,0,1C25TUV/00004513
1C25TUV,00004514,1,1147222,91778,1239000,0,1C25TUV/00004514
1C25TUV,00004515,1,445404,35632,481036,0,1C25TUV/00004515
1C25TUV,00004516,1,445404,35632,481036,0,1C25TUV/00004516
1C25TUV,00004517,1,1213008,97041,1310049,0,1C25TUV/00004517
1C25TUV,00004518,1,1147222,91778,1239000,0,1C25TUV/00004518
1C25TUV,00004519,1,606070,48486,654556,0,1C25TUV/00004519
1C25TUV,00004520,1,606070,48486,654556,0,1C25TUV/00004520
1C25TUV,00004521,1,606070,48486,654556,0,1C25TUV/00004521
1C25TUV,00004522,1,606070,48486,654556,0,1C25TUV/00004522
1C25TUV,00004523,1,2180602,174448,2355050,0,1C25TUV/00004523
1C25TUV,00004524,1,499074,39926,539000,0,1C25TUV/00004524
1C25TUV,00004525,1,878704,70296,949000,0,1C25TUV/00004525
1C25TUV,00004526,1,878704,70296,949000,0,1C25TUV/00004526
1C25TUV,00004527,1,758333,60667,819000,0,1C25TUV/00004527
1C25TUV,00004528,1,758333,60667,819000,0,1C25TUV/00004528
1C25TUV,00004529,1,758333,60667,819000,0,1C25TUV/00004529
1C25TUV,00004530,1,767593,61407,829000,0,1C25TUV/00004530
1C25TUV,00004531,1,767593,61407,829000,0,1C25TUV/00004531
1C25TUV,00004532,1,1213008,97041,1310049,0,1C25TUV/00004532
1C25TUV,00004533,1,499074,39926,539000,0,1C25TUV/00004533
1C25TUV,00004534,1,499074,39926,539000,0,1C25TUV/00004534
1C25TUV,00004535,1,165741,13259,179000,0,1C25TUV/00004535
1C25TUV,00004536,1,878704,70296,949000,0,1C25TUV/00004536
1C25TUV,00004537,1,1881528,150522,2032050,0,1C25TUV/00004537
1C25TUV,00004538,1,606070,48486,654556,0,1C25TUV/00004538
1C25TUV,00004539,1,509259,40741,550000,0,1C25TUV/00004539
1C25TUV,00004540,1,499074,39926,539000,0,1C25TUV/00004540
1C25TUV,00004541,1,499074,39926,539000,0,1C25TUV/00004541
1C25TUV,00004542,1,499074,39926,539000,0,1C25TUV/00004542
1C25TUV,00004543,1,452778,36222,489000,0,1C25TUV/00004543
1C25TUV,00004544,1,462037,36963,499000,0,1C25TUV/00004544
1C25TUV,00004545,1,1147222,91778,1239000,0,1C25TUV/00004545
1C25TUV,00004546,1,878704,70296,949000,0,1C25TUV/00004546
1C25TUV,00004547,1,878704,70296,949000,0,1C25TUV/00004547
1C25TUV,00004548,1,878704,70296,949000,0,1C25TUV/00004548
1C25TUV,00004549,1,2180602,174448,2355050,0,1C25TUV/00004549
1C25TUV,00004550,1,962036,76963,1038999,0,1C25TUV/00004550
1C25TUV,00004551,1,499074,39926,539000,0,1C25TUV/00004551
1C25TUV,00004552,1,962036,76963,1038999,0,1C25TUV/00004552
1C25TUV,00004553,1,878704,70296,949000,0,1C25TUV/00004553
1C25TUV,00004554,1,1213008,97041,1310049,0,1C25TUV/00004554
1C25TUV,00004555,1,1881528,150522,2032050,0,1C25TUV/00004555
1C25TUV,00004556,1,1881528,150522,2032050,0,1C25TUV/00004556
1C25TUV,00004557,1,499074,39926,539000,0,1C25TUV/00004557
1C25TUV,00004558,1,474119,37930,512049,0,1C25TUV/00004558
1C25TUV,00004559,1,1229098,98328,1327426,0,1C25TUV/00004559
1C25TUV,00004560,1,2180602,174448,2355050,0,1C25TUV/00004560
1C25TUV,00004561,1,2180602,174448,2355050,0,1C25TUV/00004561
1C25TUV,00004562,1,1018519,81481,1100000,0,1C25TUV/00004562
1C25TUV,00004563,1,1881528,150522,2032050,0,1C25TUV/00004563
1C25TUV,00004564,1,1001898,80152,1082050,0,1C25TUV/00004564
1C25TUV,00004565,1,499074,39926,539000,0,1C25TUV/00004565
1C25TUV,00004566,1,2180602,174448,2355050,0,1C25TUV/00004566
1C25TUV,00004567,1,462963,37037,500000,0,1C25TUV/00004567
1C25TUV,00004568,1,1213008,97041,1310049,0,1C25TUV/00004568
1C25TUV,00004569,1,499074,39926,539000,0,1C25TUV/00004569
1C25TUV,00004570,1,3036111,242889,3279000,0,1C25TUV/00004570
1C25TUV,00004571,1,499074,39926,539000,0,1C25TUV/00004571
1C25TUV,00004572,1,998146,79852,1077998,0,1C25TUV/00004572
1C25TUV,00004573,1,962037,76963,1039000,0,1C25TUV/00004573
1C25TUV,00004574,1,2295370,183630,2479000,0,1C25TUV/00004574
1C25TUV,00004575,1,1369444,109556,1479000,0,1C25TUV/00004575
1C25TUV,00004576,1,1213008,97041,1310049,0,1C25TUV/00004576
1C25TUV,00004577,1,1489859,119189,1609048,0,1C25TUV/00004577
1C25TUV,00004578,1,2295370,183630,2479000,0,1C25TUV/00004578
1C25TUV,00004579,1,2478704,198296,2677000,0,1C25TUV/00004579
1C25TUV,00004580,1,2478704,198296,2677000,0,1C25TUV/00004580
1C25TUV,00004581,1,2478704,198296,2677000,0,1C25TUV/00004581
1C25TUV,00004582,1,2478704,198296,2677000,0,1C25TUV/00004582
1C25TUV,00004583,1,2478730,198298,2677028,0,1C25TUV/00004583
1C25TUV,00004584,1,2478730,198298,2677028,0,1C25TUV/00004584
1C25TUV,00004585,1,2478730,198298,2677028,0,1C25TUV/00004585
1C25TUV,00004586,1,2478730,198298,2677028,0,1C25TUV/00004586
1C25TUV,00004587,1,2478730,198298,2677028,0,1C25TUV/00004587
1C25TUV,00004588,1,2478730,198298,2677028,0,1C25TUV/00004588
1C25TUV,00004589,1,2478730,198298,2677028,0,1C25TUV/00004589
1C25TUV,00004590,1,2478730,198298,2677028,0,1C25TUV/00004590
1C25TUV,00004591,1,2478730,198298,2677028,0,1C25TUV/00004591
1C25TUV,00004592,1,2478730,198298,2677028,0,1C25TUV/00004592
1C25TUV,00004593,1,2478730,198298,2677028,0,1C25TUV/00004593
1C25TUV,00004594,1,2478730,198298,2677028,0,1C25TUV/00004594
1C25TUV,00004595,1,2489015,199121,2688136,0,1C25TUV/00004595
1C25TUV,00004596,1,2572221,205778,2777999,0,1C25TUV/00004596
1C25TUV,00004597,1,2572221,205778,2777999,0,1C25TUV/00004597
1C25TUV,00004598,1,2572221,205778,2777999,0,1C25TUV/00004598
1C25TUV,00004599,1,2572221,205778,2777999,0,1C25TUV/00004599
1C25TUV,00004600,1,3823148,305852,4129000,0,1C25TUV/00004600
1C25TUV,00004601,1,4181507,334521,4516028,0,1C25TUV/00004601
1C25TUV,00004602,1,499074,39926,539000,0,1C25TUV/00004602
1C25TUV,00004603,1,1980556,158444,2139000,0,1C25TUV/00004603
1C25TUV,00004604,1,1276852,102148,1379000,0,1C25TUV/00004604
1C25TUV,00004605,1,499074,39926,539000,0,1C25TUV/00004605
1C25TUV,00004606,1,998148,79852,1078000,0,1C25TUV/00004606
1C25TUV,00004607,1,2295370,183630,2479000,0,1C25TUV/00004607
1C25TUV,00004608,1,406481,32519,439000,0,1C25TUV/00004608
1C25TUV,00004609,1,628704,50296,679000,0,1C25TUV/00004609
1C25TUV,00004610,1,499074,39926,539000,0,1C25TUV/00004610
1C25TUV,00004611,1,499074,39926,539000,0,1C25TUV/00004611
1C25TUV,00004612,1,628704,50296,679000,0,1C25TUV/00004612
1C25TUV,00004613,1,628704,50296,679000,0,1C25TUV/00004613
1C25TUV,00004614,1,499074,39926,539000,0,1C25TUV/00004614
1C25TUV,00004615,1,2573148,205852,2779000,0,1C25TUV/00004615
1C25TUV,00004616,1,1054630,84370,1139000,0,1C25TUV/00004616
1C25TUV,00004617,1,2295370,183630,2479000,0,1C25TUV/00004617
1C25TUV,00004618,1,998148,79852,1078000,0,1C25TUV/00004618
1C25TUV,00004619,1,499074,39926,539000,0,1C25TUV/00004619
1C25TUV,00004620,1,406481,32519,439000,0,1C25TUV/00004620
1C25TUV,00004621,1,509259,40741,550000,0,1C25TUV/00004621
1C25TUV,00004622,1,509259,40741,550000,0,1C25TUV/00004622
1C25TUV,00004623,1,1702778,136222,1839000,0,1C25TUV/00004623
1C25TUV,00004624,1,1276852,102148,1379000,0,1C25TUV/00004624
1C25TUV,00004625,1,1980556,158444,2139000,0,1C25TUV/00004625
1C25TUV,00004626,1,499074,39926,539000,0,1C25TUV/00004626
1C25TUV,00004627,1,2295370,183630,2479000,0,1C25TUV/00004627
1C25TUV,00004628,1,406481,32519,439000,0,1C25TUV/00004628
1C25TUV,00004629,1,499074,39926,539000,0,1C25TUV/00004629
1C25TUV,00004630,1,1276852,102148,1379000,0,1C25TUV/00004630
1C25TUV,00004631,1,2295370,183630,2479000,0,1C25TUV/00004631
1C25TUV,00004632,1,499074,39926,539000,0,1C25TUV/00004632
1C25TUV,00004633,1,499074,39926,539000,0,1C25TUV/00004633
1C25TUV,00004634,1,499074,39926,539000,0,1C25TUV/00004634
1C25TUV,00004635,1,962037,76963,1039000,0,1C25TUV/00004635
1C25TUV,00004636,1,499074,39926,539000,0,1C25TUV/00004636
1C25TUV,00004637,1,1980556,158444,2139000,0,1C25TUV/00004637
1C25TUV,00004638,1,499074,39926,539000,0,1C25TUV/00004638
1C25TUV,00004639,1,1702778,136222,1839000,0,1C25TUV/00004639
1C25TUV,00004640,1,509259,40741,550000,0,1C25TUV/00004640
1C25TUV,00004641,1,1276852,102148,1379000,0,1C25TUV/00004641
1C25TUV,00004642,1,499074,39926,539000,0,1C25TUV/00004642
1C25TUV,00004643,1,509259,40741,550000,0,1C25TUV/00004643
1C25TUV,00004644,1,499074,39926,539000,0,1C25TUV/00004644
1C25TUV,00004645,1,1276852,102148,1379000,0,1C25TUV/00004645
1C25TUV,00004646,1,1702778,136222,1839000,0,1C25TUV/00004646
1C25TUV,00004647,1,499074,39926,539000,0,1C25TUV/00004647
1C25TUV,00004648,1,2295370,183630,2479000,0,1C25TUV/00004648
1C25TUV,00004649,1,499074,39926,539000,0,1C25TUV/00004649
1C25TUV,00004650,1,2295370,183630,2479000,0,1C25TUV/00004650
1C25TUV,00004651,1,2295370,183630,2479000,0,1C25TUV/00004651
1C25TUV,00004652,1,499074,39926,539000,0,1C25TUV/00004652
1C25TUV,00004653,1,1018519,81481,1100000,0,1C25TUV/00004653
1C25TUV,00004654,1,499074,39926,539000,0,1C25TUV/00004654
1C25TUV,00004655,1,509259,40741,550000,0,1C25TUV/00004655
1C25TUV,00004656,1,499074,39926,539000,0,1C25TUV/00004656
1C25TUV,00004657,1,499074,39926,539000,0,1C25TUV/00004657
1C25TUV,00004658,1,1980556,158444,2139000,0,1C25TUV/00004658
1C25TUV,00004659,1,499074,39926,539000,0,1C25TUV/00004659
1C25TUV,00004660,1,1980556,158444,2139000,0,1C25TUV/00004660
1C25TUV,00004661,1,1276852,102148,1379000,0,1C25TUV/00004661
1C25TUV,00004662,1,1980556,158444,2139000,0,1C25TUV/00004662
1C25TUV,00004663,1,499074,39926,539000,0,1C25TUV/00004663
1C25TUV,00004664,1,509259,40741,550000,0,1C25TUV/00004664
1C25TUV,00004665,1,1147222,91778,1239000,0,1C25TUV/00004665
1C25TUV,00004666,1,2573148,205852,2779000,0,1C25TUV/00004666
1C25TUV,00004667,1,2573148,205852,2779000,0,1C25TUV/00004667
1C25TUV,00004668,1,2573148,205852,2779000,0,1C25TUV/00004668
1C25TUV,00004669,1,2573148,205852,2779000,0,1C25TUV/00004669
1C25TUV,00004670,1,2573148,205852,2779000,0,1C25TUV/00004670
1C25TUV,00004671,1,2573148,205852,2779000,0,1C25TUV/00004671
1C25TUV,00004672,1,2573148,205852,2779000,0,1C25TUV/00004672
1C25TUV,00004673,1,3591667,287333,3879000,0,1C25TUV/00004673
1C25TUV,00004711,1,47748148,3819852,51568000,0,1C25TUV/00004711
1C25TUV,00004712,1,9283333,742667,10026000,0,1C25TUV/00004712
1C25TUV,00004713,1,5053704,404296,5458000,0,1C25TUV/00004713
1C25TUV,00004714,1,5982000,478560,6460560,0,1C25TUV/00004714
1C25TUV,00004715,1,1164519,93162,1257681,0,1C25TUV/00004715
1C25TUV,00004716,1,1980555,158444,2138999,0,1C25TUV/00004716
1C25TUV,00004717,1,1219392,97551,1316943,0,1C25TUV/00004717
1C25TUV,00004718,1,2571296,205704,2777000,0,1C25TUV/00004718
1C25TUV,00004719,1,628704,50296,679000,0,1C25TUV/00004719
1C25TUV,00004720,1,1219392,97551,1316943,0,1C25TUV/00004720
1C25TUV,00004721,1,1054629,84370,1138999,0,1C25TUV/00004721
1C25TUV,00004722,1,628704,50296,679000,0,1C25TUV/00004722
1C25TUV,00004723,1,1219392,97551,1316943,0,1C25TUV/00004723
1C25TUV,00004724,1,221296,17704,239000,0,1C25TUV/00004724
1C25TUV,00004725,1,1219392,97551,1316943,0,1C25TUV/00004725
1C25TUV,00004726,1,165740,13259,178999,0,1C25TUV/00004726
1C25TUV,00004727,1,1219392,97551,1316943,0,1C25TUV/00004727
1C25TUV,00004728,1,1626152,130092,1756244,0,1C25TUV/00004728
1C25TUV,00004729,1,442593,35407,478000,0,1C25TUV/00004729
1C25TUV,00004730,1,499073,39926,538999,0,1C25TUV/00004730
1C25TUV,00004731,1,962036,76963,1038999,0,1C25TUV/00004731
1C25TUV,00004732,1,165741,13259,179000,0,1C25TUV/00004732
1C25TUV,00004733,1,221296,17704,239000,0,1C25TUV/00004733
1C25TUV,00004734,1,221296,17704,239000,0,1C25TUV/00004734
1C25TUV,00004735,1,1702778,136222,1839000,0,1C25TUV/00004735
1C25TUV,00004736,1,499073,39926,538999,0,1C25TUV/00004736
1C25TUV,00004737,1,2480556,198444,2679000,0,1C25TUV/00004737
1C25TUV,00004738,1,499073,39926,538999,0,1C25TUV/00004738
1C25TUV,00004739,1,165741,13259,179000,0,1C25TUV/00004739
1C25TUV,00004740,1,165741,13259,179000,0,1C25TUV/00004740
1C25TUV,00004741,1,555556,44444,600000,0,1C25TUV/00004741
1C25TUV,00004742,1,498148,39852,538000,0,1C25TUV/00004742
1C25TUV,00004743,1,555556,44444,600000,0,1C25TUV/00004743
1C25TUV,00004744,1,545370,43630,589000,0,1C25TUV/00004744
1C25TUV,00004745,1,499073,39926,538999,0,1C25TUV/00004745
1C25TUV,00004746,1,2572221,205778,2777999,0,1C25TUV/00004746
1C25TUV,00004747,1,1369444,109556,1479000,0,1C25TUV/00004747
1C25TUV,00004748,1,0,0,0,1,1C25TUV/00004748
1C25TUV,00004749,1,499074,39926,539000,0,1C25TUV/00004749
1C25TUV,00004750,1,1054630,84370,1139000,0,1C25TUV/00004750
1C25TUV,00004751,1,165740,13259,178999,0,1C25TUV/00004751
1C25TUV,00004752,1,221296,17704,239000,0,1C25TUV/00004752
1C25TUV,00004753,1,2295369,183630,2478999,0,1C25TUV/00004753
1C25TUV,00004754,1,165740,13259,178999,0,1C25TUV/00004754
1C25TUV,00004755,1,962036,76963,1038999,0,1C25TUV/00004755
1C25TUV,00004756,1,1980555,158444,2138999,0,1C25TUV/00004756
1C25TUV,00004757,1,464815,37185,502000,0,1C25TUV/00004757
1C25TUV,00004758,1,628704,50296,679000,0,1C25TUV/00004758
1C25TUV,00004759,1,498148,39852,538000,0,1C25TUV/00004759
1C25TUV,00004760,1,606070,48486,654556,0,1C25TUV/00004760
1C25TUV,00004761,1,603556,48284,651840,0,1C25TUV/00004761
1C25TUV,00004762,1,462963,37037,500000,0,1C25TUV/00004762
1C25TUV,00004763,1,603556,48284,651840,0,1C25TUV/00004763
1C25TUV,00004764,1,221296,17704,239000,0,1C25TUV/00004764
1C25TUV,00004765,1,221296,17704,239000,0,1C25TUV/00004765
1C25TUV,00004766,1,474119,37930,512049,0,1C25TUV/00004766
1C25TUV,00004767,1,1213008,97041,1310049,0,1C25TUV/00004767
1C25TUV,00004768,1,1369444,109556,1479000,0,1C25TUV/00004768
1C25TUV,00004769,1,1054630,84370,1139000,0,1C25TUV/00004769
1C25TUV,00004770,1,1230884,98471,1329355,0,1C25TUV/00004770
1C25TUV,00004771,1,1054630,84370,1139000,0,1C25TUV/00004771
1C25TUV,00004772,1,1213008,97041,1310049,0,1C25TUV/00004772
1C25TUV,00004773,1,603556,48284,651840,0,1C25TUV/00004773
1C25TUV,00004774,1,1212141,96971,1309112,0,1C25TUV/00004774
1C25TUV,00004775,1,606070,48486,654556,0,1C25TUV/00004775
1C25TUV,00004776,1,499073,39926,538999,0,1C25TUV/00004776
1C25TUV,00004777,1,606070,48486,654556,0,1C25TUV/00004777
1C25TUV,00004778,1,606070,48486,654556,0,1C25TUV/00004778
1C25TUV,00004779,1,1702778,136222,1839000,0,1C25TUV/00004779
1C25TUV,00004780,1,606070,48486,654556,0,1C25TUV/00004780
1C25TUV,00004781,1,606070,48486,654556,0,1C25TUV/00004781
1C25TUV,00004782,1,606070,48486,654556,0,1C25TUV/00004782
1C25TUV,00004783,1,1213008,97041,1310049,0,1C25TUV/00004783
1C25TUV,00004784,1,1213008,97041,1310049,0,1C25TUV/00004784
1C25TUV,00004785,1,896296,71704,968000,0,1C25TUV/00004785
1C25TUV,00004786,1,509259,40741,550000,0,1C25TUV/00004786
1C25TUV,00004787,1,482407,38593,521000,0,1C25TUV/00004787
1C25TUV,00004788,1,1213008,97041,1310049,0,1C25TUV/00004788
1C25TUV,00004789,1,1213008,97041,1310049,0,1C25TUV/00004789
1C25TUV,00004790,1,2180602,174448,2355050,0,1C25TUV/00004790
1C25TUV,00004791,1,1147222,91778,1239000,0,1C25TUV/00004791
1C25TUV,00004792,1,878704,70296,949000,0,1C25TUV/00004792
1C25TUV,00004793,1,165741,13259,179000,0,1C25TUV/00004793
1C25TUV,00004794,1,1213008,97041,1310049,0,1C25TUV/00004794
1C25TUV,00004795,1,1617639,129411,1747050,0,1C25TUV/00004795
1C25TUV,00004796,1,499074,39926,539000,0,1C25TUV/00004796
1C25TUV,00004797,1,608585,48687,657272,0,1C25TUV/00004797
1C25TUV,00004798,1,628704,50296,679000,0,1C25TUV/00004798
1C25TUV,00004799,1,545370,43630,589000,0,1C25TUV/00004799
1C25TUV,00004800,1,603556,48284,651840,0,1C25TUV/00004800
1C25TUV,00004801,1,628704,50296,679000,0,1C25TUV/00004801
1C25TUV,00004802,1,499074,39926,539000,0,1C25TUV/00004802
1C25TUV,00004803,1,962036,76963,1038999,0,1C25TUV/00004803
1C25TUV,00004804,1,1213008,97041,1310049,0,1C25TUV/00004804
1C25TUV,00004805,1,1881528,150522,2032050,0,1C25TUV/00004805
1C25TUV,00004806,1,1617639,129411,1747050,0,1C25TUV/00004806
1C25TUV,00004807,1,499074,39926,539000,0,1C25TUV/00004807
1C25TUV,00004808,1,1213008,97041,1310049,0,1C25TUV/00004808
1C25TUV,00004809,1,474119,37930,512049,0,1C25TUV/00004809
1C25TUV,00004810,1,1147222,91778,1239000,0,1C25TUV/00004810
1C25TUV,00004811,1,1702778,136222,1839000,0,1C25TUV/00004811
1C25TUV,00004812,1,878704,70296,949000,0,1C25TUV/00004812
1C25TUV,00004813,1,436478,34918,471396,0,1C25TUV/00004813
1C25TUV,00004814,1,606070,48486,654556,0,1C25TUV/00004814
1C25TUV,00004815,1,606070,48486,654556,0,1C25TUV/00004815
1C25TUV,00004816,1,606070,48486,654556,0,1C25TUV/00004816
1C25TUV,00004817,1,628704,50296,679000,0,1C25TUV/00004817
1C25TUV,00004818,1,1219393,97551,1316944,0,1C25TUV/00004818
1C25TUV,00004819,1,2478704,198296,2677000,0,1C25TUV/00004819
1C25TUV,00004820,1,2478730,198298,2677028,0,1C25TUV/00004820
1C25TUV,00004821,1,2478730,198298,2677028,0,1C25TUV/00004821
1C25TUV,00004822,1,2478730,198298,2677028,0,1C25TUV/00004822
1C25TUV,00004823,1,2478730,198298,2677028,0,1C25TUV/00004823
1C25TUV,00004824,1,2571296,205704,2777000,0,1C25TUV/00004824
1C25TUV,00004825,1,2572221,205778,2777999,0,1C25TUV/00004825
1C25TUV,00004826,1,2572221,205778,2777999,0,1C25TUV/00004826
1C25TUV,00004827,1,2572221,205778,2777999,0,1C25TUV/00004827
1C25TUV,00004828,1,2572221,205778,2777999,0,1C25TUV/00004828
1C25TUV,00004829,1,611759,48941,660700,0,1C25TUV/00004829
1C25TUV,00004830,1,561204,44896,606100,0,1C25TUV/00004830
1C25TUV,00004831,1,621104,49688,670792,0,1C25TUV/00004831
1C25TUV,00004832,1,444537,35563,480100,0,1C25TUV/00004832
1C25TUV,00004833,1,1276852,102148,1379000,0,1C25TUV/00004833
1C25TUV,00004834,1,2461111,196889,2658000,0,1C25TUV/00004834
1C25TUV,00004835,1,499074,39926,539000,0,1C25TUV/00004835
1C25TUV,00004836,1,1276852,102148,1379000,0,1C25TUV/00004836
1C25TUV,00004837,1,1276852,102148,1379000,0,1C25TUV/00004837
1C25TUV,00004838,1,499074,39926,539000,0,1C25TUV/00004838
1C25TUV,00004839,1,499074,39926,539000,0,1C25TUV/00004839
1C25TUV,00004840,1,1276852,102148,1379000,0,1C25TUV/00004840
1C25TUV,00004841,1,1054630,84370,1139000,0,1C25TUV/00004841
1C25TUV,00004842,1,1054630,84370,1139000,0,1C25TUV/00004842
1C25TUV,00004843,1,509259,40741,550000,0,1C25TUV/00004843
1C25TUV,00004844,1,499074,39926,539000,0,1C25TUV/00004844
1C25TUV,00004845,1,499074,39926,539000,0,1C25TUV/00004845
1C25TUV,00004846,1,2295370,183630,2479000,0,1C25TUV/00004846
1C25TUV,00004847,1,1054630,84370,1139000,0,1C25TUV/00004847
1C25TUV,00004848,1,1276852,102148,1379000,0,1C25TUV/00004848
1C25TUV,00004849,1,499074,39926,539000,0,1C25TUV/00004849
1C25TUV,00004850,1,499074,39926,539000,0,1C25TUV/00004850
1C25TUV,00004851,1,998148,79852,1078000,0,1C25TUV/00004851
1C25TUV,00004852,1,628704,50296,679000,0,1C25TUV/00004852
1C25TUV,00004853,1,628704,50296,679000,0,1C25TUV/00004853
1C25TUV,00004854,1,628704,50296,679000,0,1C25TUV/00004854
1C25TUV,00004855,1,1276852,102148,1379000,0,1C25TUV/00004855
1C25TUV,00004856,1,1276852,102148,1379000,0,1C25TUV/00004856
1C25TUV,00004857,1,509259,40741,550000,0,1C25TUV/00004857
1C25TUV,00004858,1,499074,39926,539000,0,1C25TUV/00004858
1C25TUV,00004859,1,2573148,205852,2779000,0,1C25TUV/00004859
1C25TUV,00004860,1,499074,39926,539000,0,1C25TUV/00004860
1C25TUV,00004861,1,499074,39926,539000,0,1C25TUV/00004861
1C25TUV,00004862,1,499074,39926,539000,0,1C25TUV/00004862
1C25TUV,00004863,1,2573148,205852,2779000,0,1C25TUV/00004863
1C25TUV,00004864,1,1054630,84370,1139000,0,1C25TUV/00004864
1C25TUV,00004865,1,499074,39926,539000,0,1C25TUV/00004865
1C25TUV,00004866,1,2295370,183630,2479000,0,1C25TUV/00004866
1C25TUV,00004867,1,1276852,102148,1379000,0,1C25TUV/00004867
1C25TUV,00004868,1,1054630,84370,1139000,0,1C25TUV/00004868
1C25TUV,00004869,1,2804630,224370,3029000,0,1C25TUV/00004869
1C25TUV,00004870,1,499074,39926,539000,0,1C25TUV/00004870
1C25TUV,00004871,1,509259,40741,550000,0,1C25TUV/00004871
1C25TUV,00004872,1,1276852,102148,1379000,0,1C25TUV/00004872
1C25TUV,00004873,1,499074,39926,539000,0,1C25TUV/00004873
1C25TUV,00004874,1,499074,39926,539000,0,1C25TUV/00004874
1C25TUV,00004875,1,2295370,183630,2479000,0,1C25TUV/00004875
1C25TUV,00004876,1,499074,39926,539000,0,1C25TUV/00004876
1C25TUV,00004877,1,1276852,102148,1379000,0,1C25TUV/00004877
1C25TUV,00004878,1,1276852,102148,1379000,0,1C25TUV/00004878
1C25TUV,00004879,1,499074,39926,539000,0,1C25TUV/00004879
1C25TUV,00004880,1,1276852,102148,1379000,0,1C25TUV/00004880
1C25TUV,00004881,1,499074,39926,539000,0,1C25TUV/00004881
1C25TUV,00004882,1,1276852,102148,1379000,0,1C25TUV/00004882
1C25TUV,00004883,1,406481,32519,439000,0,1C25TUV/00004883
1C25TUV,00004884,1,1276852,102148,1379000,0,1C25TUV/00004884
1C25TUV,00004885,1,509259,40741,550000,0,1C25TUV/00004885
1C25TUV,00004886,1,1980556,158444,2139000,0,1C25TUV/00004886
1C25TUV,00004887,1,1980556,158444,2139000,0,1C25TUV/00004887
1C25TUV,00004888,1,499074,39926,539000,0,1C25TUV/00004888
1C25TUV,00004889,1,499074,39926,539000,0,1C25TUV/00004889
1C25TUV,00004890,1,2295370,183630,2479000,0,1C25TUV/00004890
1C25TUV,00004891,1,2295370,183630,2479000,0,1C25TUV/00004891
1C25TUV,00004892,1,499074,39926,539000,0,1C25TUV/00004892
1C25TUV,00004893,1,499074,39926,539000,0,1C25TUV/00004893
1C25TUV,00004894,1,499074,39926,539000,0,1C25TUV/00004894
1C25TUV,00004895,1,499074,39926,539000,0,1C25TUV/00004895
1C25TUV,00004896,1,1702778,136222,1839000,0,1C25TUV/00004896
1C25TUV,00004897,1,1276852,102148,1379000,0,1C25TUV/00004897
1C25TUV,00004898,1,509259,40741,550000,0,1C25TUV/00004898
1C25TUV,00004899,1,499074,39926,539000,0,1C25TUV/00004899
1C25TUV,00004900,1,499074,39926,539000,0,1C25TUV/00004900
1C25TUV,00004901,1,1276852,102148,1379000,0,1C25TUV/00004901
1C25TUV,00004902,1,1127778,90222,1218000,0,1C25TUV/00004902
1C25TUV,00004903,1,1127778,90222,1218000,0,1C25TUV/00004903
1C25TUV,00004904,1,2573148,205852,2779000,0,1C25TUV/00004904
1C25TUV,00004905,1,2573148,205852,2779000,0,1C25TUV/00004905
1C25TUV,00004906,1,2573148,205852,2779000,0,1C25TUV/00004906
1C25TUV,00004907,1,2573148,205852,2779000,0,1C25TUV/00004907
1C25TUV,00004908,1,2573148,205852,2779000,0,1C25TUV/00004908
1C25TUV,00004909,1,2573148,205852,2779000,0,1C25TUV/00004909
1C25TUV,00004910,1,2573148,205852,2779000,0,1C25TUV/00004910
1C25TUV,00004911,1,2573148,205852,2779000,0,1C25TUV/00004911
1C25TUV,00004912,1,3962037,316963,4279000,0,1C25TUV/00004912
1C25TUV,00004913,1,12457333,996587,13453920,0,1C25TUV/00004913
1C25TUV,00004914,1,165741,13259,179000,0,1C25TUV/00004914
1C25TUV,00004915,1,452778,36222,489000,0,1C25TUV/00004915
1C25TUV,00004916,1,452778,36222,489000,0,1C25TUV/00004916
1C25TUV,00004917,1,220370,17630,238000,0,1C25TUV/00004917
1C25TUV,00004918,1,1276852,102148,1379000,0,1C25TUV/00004918
1C25TUV,00004919,1,165741,13259,179000,0,1C25TUV/00004919
1C25TUV,00004920,1,1702778,136222,1839000,0,1C25TUV/00004920
1C25TUV,00004921,1,165741,13259,179000,0,1C25TUV/00004921
1C25TUV,00004922,1,165741,13259,179000,0,1C25TUV/00004922
1C25TUV,00004923,1,499073,39926,538999,0,1C25TUV/00004923
1C25TUV,00004924,1,1276852,102148,1379000,0,1C25TUV/00004924
1C25TUV,00004925,1,509258,40741,549999,0,1C25TUV/00004925
1C25TUV,00004926,1,499073,39926,538999,0,1C25TUV/00004926
1C25TUV,00004927,1,165741,13259,179000,0,1C25TUV/00004927
1C25TUV,00004928,1,2198965,175917,2374882,0,1C25TUV/00004928
1C25TUV,00004929,1,962036,76963,1038999,0,1C25TUV/00004929
1C25TUV,00004930,1,499074,39926,539000,0,1C25TUV/00004930
1C25TUV,00004931,1,1897372,151790,2049162,0,1C25TUV/00004931
1C25TUV,00004932,1,2463302,197064,2660366,0,1C25TUV/00004932
1C25TUV,00004933,1,606070,48486,654556,0,1C25TUV/00004933
1C25TUV,00004934,1,165741,13259,179000,0,1C25TUV/00004934
1C25TUV,00004935,1,165741,13259,179000,0,1C25TUV/00004935
1C25TUV,00004936,1,508333,40667,549000,0,1C25TUV/00004936
1C25TUV,00004937,1,499073,39926,538999,0,1C25TUV/00004937
1C25TUV,00004938,1,221296,17704,239000,0,1C25TUV/00004938
1C25TUV,00004939,1,499073,39926,538999,0,1C25TUV/00004939
1C25TUV,00004940,1,499073,39926,538999,0,1C25TUV/00004940
1C25TUV,00004941,1,1219392,97551,1316943,0,1C25TUV/00004941
1C25TUV,00004942,1,462963,37037,500000,0,1C25TUV/00004942
1C25TUV,00004943,1,1980556,158444,2139000,0,1C25TUV/00004943
1C25TUV,00004944,1,1276852,102148,1379000,0,1C25TUV/00004944
1C25TUV,00004945,1,499073,39926,538999,0,1C25TUV/00004945
1C25TUV,00004946,1,628704,50296,679000,0,1C25TUV/00004946
1C25TUV,00004947,1,509259,40741,550000,0,1C25TUV/00004947
1C25TUV,00004948,1,2572221,205778,2777999,0,1C25TUV/00004948
1C25TUV,00004949,1,2572221,205778,2777999,0,1C25TUV/00004949
1C25TUV,00004950,1,2572221,205778,2777999,0,1C25TUV/00004950
1C25TUV,00004951,1,1980555,158444,2138999,0,1C25TUV/00004951
1C25TUV,00004952,1,628704,50296,679000,0,1C25TUV/00004952
1C25TUV,00004953,1,2295369,183630,2478999,0,1C25TUV/00004953
1C25TUV,00004954,1,628704,50296,679000,0,1C25TUV/00004954
1C25TUV,00004955,1,628704,50296,679000,0,1C25TUV/00004955
1C25TUV,00004956,1,1219392,97551,1316943,0,1C25TUV/00004956
1C25TUV,00004957,1,452778,36222,489000,0,1C25TUV/00004957
1C25TUV,00004958,1,628704,50296,679000,0,1C25TUV/00004958
1C25TUV,00004959,1,606070,48486,654556,0,1C25TUV/00004959
1C25TUV,00004960,1,606070,48486,654556,0,1C25TUV/00004960
1C25TUV,00004961,1,628704,50296,679000,0,1C25TUV/00004961
1C25TUV,00004962,1,628704,50296,679000,0,1C25TUV/00004962
1C25TUV,00004963,1,628704,50296,679000,0,1C25TUV/00004963
1C25TUV,00004964,1,628704,50296,679000,0,1C25TUV/00004964
1C25TUV,00004965,1,628704,50296,679000,0,1C25TUV/00004965
1C25TUV,00004966,1,499073,39926,538999,0,1C25TUV/00004966
1C25TUV,00004967,1,1276852,102148,1379000,0,1C25TUV/00004967
1C25TUV,00004968,1,499073,39926,538999,0,1C25TUV/00004968
1C25TUV,00004969,1,221296,17704,239000,0,1C25TUV/00004969
1C25TUV,00004970,1,545370,43630,589000,0,1C25TUV/00004970
1C25TUV,00004971,1,628704,50296,679000,0,1C25TUV/00004971
1C25TUV,00004972,1,545370,43630,589000,0,1C25TUV/00004972
1C25TUV,00004973,1,675000,54000,729000,0,1C25TUV/00004973
1C25TUV,00004974,1,499073,39926,538999,0,1C25TUV/00004974
1C25TUV,00004975,1,2495366,199629,2694995,0,1C25TUV/00004975
1C25TUV,00004976,1,1219392,97551,1316943,0,1C25TUV/00004976
1C25TUV,00004977,1,2295369,183630,2478999,0,1C25TUV/00004977
1C25TUV,00004978,1,499073,39926,538999,0,1C25TUV/00004978
1C25TUV,00004979,1,499073,39926,538999,0,1C25TUV/00004979
1C25TUV,00004980,1,499073,39926,538999,0,1C25TUV/00004980
1C25TUV,00004981,1,606070,48486,654556,0,1C25TUV/00004981
1C25TUV,00004982,1,606070,48486,654556,0,1C25TUV/00004982
1C25TUV,00004983,1,606070,48486,654556,0,1C25TUV/00004983
1C25TUV,00004984,1,1213008,97041,1310049,0,1C25TUV/00004984
1C25TUV,00004985,1,165741,13259,179000,0,1C25TUV/00004985
1C25TUV,00004986,1,221296,17704,239000,0,1C25TUV/00004986
1C25TUV,00004987,1,221296,17704,239000,0,1C25TUV/00004987
1C25TUV,00004988,1,462036,36963,498999,0,1C25TUV/00004988
1C25TUV,00004989,1,499073,39926,538999,0,1C25TUV/00004989
1C25TUV,00004990,1,1276852,102148,1379000,0,1C25TUV/00004990
1C25TUV,00004991,1,962036,76963,1038999,0,1C25TUV/00004991
1C25TUV,00004992,1,675000,54000,729000,0,1C25TUV/00004992
1C25TUV,00004993,1,499073,39926,538999,0,1C25TUV/00004993
1C25TUV,00004994,1,1276852,102148,1379000,0,1C25TUV/00004994
1C25TUV,00004995,1,545370,43630,589000,0,1C25TUV/00004995
1C25TUV,00004996,1,628704,50296,679000,0,1C25TUV/00004996
1C25TUV,00004997,1,1881528,150522,2032050,0,1C25TUV/00004997
1C25TUV,00004998,1,606070,48486,654556,0,1C25TUV/00004998
1C25TUV,00004999,1,606070,48486,654556,0,1C25TUV/00004999
1C25TUV,00005000,1,606070,48486,654556,0,1C25TUV/00005000
1C25TUV,00005001,1,606070,48486,654556,0,1C25TUV/00005001
1C25TUV,00005002,1,606070,48486,654556,0,1C25TUV/00005002
1C25TUV,00005003,1,474119,37930,512049,0,1C25TUV/00005003
1C25TUV,00005004,1,239815,19185,259000,0,1C25TUV/00005004
1C25TUV,00005005,1,606070,48486,654556,0,1C25TUV/00005005
1C25TUV,00005006,1,603556,48284,651840,0,1C25TUV/00005006
1C25TUV,00005007,1,603556,48284,651840,0,1C25TUV/00005007
1C25TUV,00005008,1,603556,48284,651840,0,1C25TUV/00005008
1C25TUV,00005009,1,603556,48284,651840,0,1C25TUV/00005009
1C25TUV,00005010,1,606070,48486,654556,0,1C25TUV/00005010
1C25TUV,00005011,1,898148,71852,970000,0,1C25TUV/00005011
1C25TUV,00005012,1,1147222,91778,1239000,0,1C25TUV/00005012
1C25TUV,00005013,1,878704,70296,949000,0,1C25TUV/00005013
1C25TUV,00005014,1,1147222,91778,1239000,0,1C25TUV/00005014
1C25TUV,00005015,1,628704,50296,679000,0,1C25TUV/00005015
1C25TUV,00005016,1,878704,70296,949000,0,1C25TUV/00005016
1C25TUV,00005017,1,1229098,98328,1327426,0,1C25TUV/00005017
1C25TUV,00005018,1,606070,48486,654556,0,1C25TUV/00005018
1C25TUV,00005019,1,1213008,97041,1310049,0,1C25TUV/00005019
1C25TUV,00005020,1,1001898,80152,1082050,0,1C25TUV/00005020
1C25TUV,00005021,1,1213008,97041,1310049,0,1C25TUV/00005021
1C25TUV,00005022,1,606070,48486,654556,0,1C25TUV/00005022
1C25TUV,00005023,1,675000,54000,729000,0,1C25TUV/00005023
1C25TUV,00005024,1,606070,48486,654556,0,1C25TUV/00005024
1C25TUV,00005025,1,606070,48486,654556,0,1C25TUV/00005025
1C25TUV,00005026,1,606070,48486,654556,0,1C25TUV/00005026
1C25TUV,00005027,1,509258,40741,549999,0,1C25TUV/00005027
1C25TUV,00005028,1,2180602,174448,2355050,0,1C25TUV/00005028
1C25TUV,00005029,1,1617639,129411,1747050,0,1C25TUV/00005029
1C25TUV,00005030,1,1702778,136222,1839000,0,1C25TUV/00005030
1C25TUV,00005031,1,1881528,150522,2032050,0,1C25TUV/00005031
1C25TUV,00005032,1,4850000,388000,5238000,0,1C25TUV/00005032
1C25TUV,00005033,1,2572221,205778,2777999,0,1C25TUV/00005033
1C25TUV,00005034,1,2478730,198298,2677028,0,1C25TUV/00005034
1C25TUV,00005035,1,2478730,198298,2677028,0,1C25TUV/00005035
1C25TUV,00005036,1,2478730,198298,2677028,0,1C25TUV/00005036
1C25TUV,00005037,1,2478730,198298,2677028,0,1C25TUV/00005037
1C25TUV,00005038,1,3127777,250222,3377999,0,1C25TUV/00005038
1C25TUV,00005039,1,561204,44896,606100,0,1C25TUV/00005039
1C25TUV,00005040,1,1185339,94827,1280166,0,1C25TUV/00005040
1C25TUV,00005041,1,628704,50296,679000,0,1C25TUV/00005041
1C25TUV,00005042,1,628704,50296,679000,0,1C25TUV/00005042
1C25TUV,00005043,1,628704,50296,679000,0,1C25TUV/00005043
1C25TUV,00005044,1,628704,50296,679000,0,1C25TUV/00005044
1C25TUV,00005045,1,675000,54000,729000,0,1C25TUV/00005045
1C25TUV,00005046,1,628704,50296,679000,0,1C25TUV/00005046
1C25TUV,00005047,1,628704,50296,679000,0,1C25TUV/00005047
1C25TUV,00005048,1,1543519,123481,1667000,0,1C25TUV/00005048
1C25TUV,00005049,1,628704,50296,679000,0,1C25TUV/00005049
1C25TUV,00005050,1,628704,50296,679000,0,1C25TUV/00005050
1C25TUV,00005051,1,628704,50296,679000,0,1C25TUV/00005051
1C25TUV,00005052,1,628704,50296,679000,0,1C25TUV/00005052
1C25TUV,00005053,1,628704,50296,679000,0,1C25TUV/00005053
1C25TUV,00005054,1,628704,50296,679000,0,1C25TUV/00005054
1C25TUV,00005055,1,628704,50296,679000,0,1C25TUV/00005055
1C25TUV,00005056,1,628704,50296,679000,0,1C25TUV/00005056
1C25TUV,00005057,1,628704,50296,679000,0,1C25TUV/00005057
1C25TUV,00005058,1,628704,50296,679000,0,1C25TUV/00005058
1C25TUV,00005059,1,628704,50296,679000,0,1C25TUV/00005059
1C25TUV,00005060,1,628704,50296,679000,0,1C25TUV/00005060
1C25TUV,00005061,1,628704,50296,679000,0,1C25TUV/00005061
1C25TUV,00005062,1,2295370,183630,2479000,0,1C25TUV/00005062
1C25TUV,00005063,1,499074,39926,539000,0,1C25TUV/00005063
1C25TUV,00005064,1,962037,76963,1039000,0,1C25TUV/00005064
1C25TUV,00005065,1,499074,39926,539000,0,1C25TUV/00005065
1C25TUV,00005066,1,628704,50296,679000,0,1C25TUV/00005066
1C25TUV,00005067,1,1257407,100593,1358000,0,1C25TUV/00005067
1C25TUV,00005068,1,509259,40741,550000,0,1C25TUV/00005068
1C25TUV,00005069,1,628704,50296,679000,0,1C25TUV/00005069
1C25TUV,00005070,1,628704,50296,679000,0,1C25TUV/00005070
1C25TUV,00005071,1,628704,50296,679000,0,1C25TUV/00005071
1C25TUV,00005072,1,628704,50296,679000,0,1C25TUV/00005072
1C25TUV,00005073,1,628704,50296,679000,0,1C25TUV/00005073
1C25TUV,00005074,1,499074,39926,539000,0,1C25TUV/00005074
1C25TUV,00005075,1,2573148,205852,2779000,0,1C25TUV/00005075
1C25TUV,00005076,1,499074,39926,539000,0,1C25TUV/00005076
1C25TUV,00005077,1,628704,50296,679000,0,1C25TUV/00005077
1C25TUV,00005078,1,545370,43630,589000,0,1C25TUV/00005078
1C25TUV,00005079,1,1980556,158444,2139000,0,1C25TUV/00005079
1C25TUV,00005080,1,221296,17704,239000,0,1C25TUV/00005080
1C25TUV,00005081,1,1276852,102148,1379000,0,1C25TUV/00005081
1C25TUV,00005082,1,499074,39926,539000,0,1C25TUV/00005082
1C25TUV,00005083,1,509259,40741,550000,0,1C25TUV/00005083
1C25TUV,00005084,1,509259,40741,550000,0,1C25TUV/00005084
1C25TUV,00005085,1,1276852,102148,1379000,0,1C25TUV/00005085
1C25TUV,00005086,1,628704,50296,679000,0,1C25TUV/00005086
1C25TUV,00005087,1,1276852,102148,1379000,0,1C25TUV/00005087
1C25TUV,00005088,1,499074,39926,539000,0,1C25TUV/00005088
1C25TUV,00005089,1,628704,50296,679000,0,1C25TUV/00005089
1C25TUV,00005090,1,998148,79852,1078000,0,1C25TUV/00005090
1C25TUV,00005091,1,2573148,205852,2779000,0,1C25TUV/00005091
1C25TUV,00005092,1,2109259,168741,2278000,0,1C25TUV/00005092
1C25TUV,00005093,1,628704,50296,679000,0,1C25TUV/00005093
1C25TUV,00005094,1,628704,50296,679000,0,1C25TUV/00005094
1C25TUV,00005095,1,499074,39926,539000,0,1C25TUV/00005095
1C25TUV,00005096,1,499074,39926,539000,0,1C25TUV/00005096
1C25TUV,00005097,1,628704,50296,679000,0,1C25TUV/00005097
1C25TUV,00005098,1,628704,50296,679000,0,1C25TUV/00005098
1C25TUV,00005099,1,499074,39926,539000,0,1C25TUV/00005099
1C25TUV,00005100,1,499074,39926,539000,0,1C25TUV/00005100
1C25TUV,00005101,1,499074,39926,539000,0,1C25TUV/00005101
1C25TUV,00005102,1,2295370,183630,2479000,0,1C25TUV/00005102
1C25TUV,00005103,1,628704,50296,679000,0,1C25TUV/00005103
1C25TUV,00005104,1,499074,39926,539000,0,1C25TUV/00005104
1C25TUV,00005105,1,1054630,84370,1139000,0,1C25TUV/00005105
1C25TUV,00005106,1,1276852,102148,1379000,0,1C25TUV/00005106
1C25TUV,00005107,1,462963,37037,500000,0,1C25TUV/00005107
1C25TUV,00005108,1,1054630,84370,1139000,0,1C25TUV/00005108
1C25TUV,00005109,1,499074,39926,539000,0,1C25TUV/00005109
1C25TUV,00005110,1,803704,64296,868000,0,1C25TUV/00005110
1C25TUV,00005111,1,509259,40741,550000,0,1C25TUV/00005111
1C25TUV,00005112,1,499074,39926,539000,0,1C25TUV/00005112
1C25TUV,00005113,1,1276852,102148,1379000,0,1C25TUV/00005113
1C25TUV,00005114,1,499074,39926,539000,0,1C25TUV/00005114
1C25TUV,00005115,1,628704,50296,679000,0,1C25TUV/00005115
1C25TUV,00005116,1,2295370,183630,2479000,0,1C25TUV/00005116
1C25TUV,00005117,1,499074,39926,539000,0,1C25TUV/00005117
1C25TUV,00005118,1,1257407,100593,1358000,0,1C25TUV/00005118
1C25TUV,00005119,1,499074,39926,539000,0,1C25TUV/00005119
1C25TUV,00005120,1,1980556,158444,2139000,0,1C25TUV/00005120
1C25TUV,00005121,1,1276852,102148,1379000,0,1C25TUV/00005121
1C25TUV,00005122,1,499074,39926,539000,0,1C25TUV/00005122
1C25TUV,00005123,1,628704,50296,679000,0,1C25TUV/00005123
1C25TUV,00005124,1,499074,39926,539000,0,1C25TUV/00005124
1C25TUV,00005125,1,509259,40741,550000,0,1C25TUV/00005125
1C25TUV,00005126,1,1276852,102148,1379000,0,1C25TUV/00005126
1C25TUV,00005127,1,1980556,158444,2139000,0,1C25TUV/00005127
1C25TUV,00005128,1,1276852,102148,1379000,0,1C25TUV/00005128
1C25TUV,00005129,1,2573148,205852,2779000,0,1C25TUV/00005129
1C25TUV,00005130,1,499074,39926,539000,0,1C25TUV/00005130
1C25TUV,00005131,1,1702778,136222,1839000,0,1C25TUV/00005131
1C25TUV,00005132,1,1054630,84370,1139000,0,1C25TUV/00005132
1C25TUV,00005133,1,1276852,102148,1379000,0,1C25TUV/00005133
1C25TUV,00005134,1,545370,43630,589000,0,1C25TUV/00005134
1C25TUV,00005135,1,499074,39926,539000,0,1C25TUV/00005135
1C25TUV,00005136,1,221296,17704,239000,0,1C25TUV/00005136
1C25TUV,00005137,1,499074,39926,539000,0,1C25TUV/00005137
1C25TUV,00005138,1,628704,50296,679000,0,1C25TUV/00005138
1C25TUV,00005139,1,1610185,128815,1739000,0,1C25TUV/00005139
1C25TUV,00005140,1,1795370,143630,1939000,0,1C25TUV/00005140
1C25TUV,00005141,1,1795370,143630,1939000,0,1C25TUV/00005141
1C25TUV,00005142,1,1795370,143630,1939000,0,1C25TUV/00005142
1C25TUV,00005143,1,2573148,205852,2779000,0,1C25TUV/00005143
1C25TUV,00005144,1,2573148,205852,2779000,0,1C25TUV/00005144
1C25TUV,00005145,1,2573148,205852,2779000,0,1C25TUV/00005145
1C25TUV,00005146,1,5146296,411704,5558000,0,1C25TUV/00005146
1C25TUV,00005147,1,3962037,316963,4279000,0,1C25TUV/00005147
1C25TUV,00005148,1,3962037,316963,4279000,0,1C25TUV/00005148
1C25TUV,00005149,1,129630,10370,140000,0,1C25TUV/00005149
1C25TUV,00005150,1,129630,10370,140000,0,1C25TUV/00005150
1C25TUV,00005151,1,129630,10370,140000,0,1C25TUV/00005151
1C25TUV,00005152,1,30429333,2434347,32863680,0,1C25TUV/00005152
1C25TUV,00005153,1,405556,32444,438000,0,1C25TUV/00005153
1C25TUV,00005154,1,221296,17704,239000,0,1C25TUV/00005154
1C25TUV,00005155,1,331481,26519,358000,0,1C25TUV/00005155
1C25TUV,00005156,1,606070,48486,654556,0,1C25TUV/00005156
1C25TUV,00005157,1,165741,13259,179000,0,1C25TUV/00005157
1C25TUV,00005158,1,221296,17704,239000,0,1C25TUV/00005158
1C25TUV,00005159,1,1897372,151790,2049162,0,1C25TUV/00005159
1C25TUV,00005160,1,220370,17630,238000,0,1C25TUV/00005160
1C25TUV,00005161,1,165741,13259,179000,0,1C25TUV/00005161
1C25TUV,00005162,1,1702778,136222,1839000,0,1C25TUV/00005162
1C25TUV,00005163,1,1274998,102000,1376998,0,1C25TUV/00005163
1C25TUV,00005164,1,165741,13259,179000,0,1C25TUV/00005164
1C25TUV,00005165,1,628704,50296,679000,0,1C25TUV/00005165
1C25TUV,00005166,1,499073,39926,538999,0,1C25TUV/00005166
1C25TUV,00005167,1,628704,50296,679000,0,1C25TUV/00005167
1C25TUV,00005168,1,675000,54000,729000,0,1C25TUV/00005168
1C25TUV,00005169,1,675000,54000,729000,0,1C25TUV/00005169
1C25TUV,00005170,1,1054630,84370,1139000,0,1C25TUV/00005170
1C25TUV,00005171,1,1980556,158444,2139000,0,1C25TUV/00005171
1C25TUV,00005172,1,220370,17630,238000,0,1C25TUV/00005172
1C25TUV,00005173,1,221296,17704,239000,0,1C25TUV/00005173
1C25TUV,00005174,1,628704,50296,679000,0,1C25TUV/00005174
1C25TUV,00005175,1,1276852,102148,1379000,0,1C25TUV/00005175
1C25TUV,00005176,1,221296,17704,239000,0,1C25TUV/00005176
1C25TUV,00005177,1,628704,50296,679000,0,1C25TUV/00005177
1C25TUV,00005178,1,628704,50296,679000,0,1C25TUV/00005178
1C25TUV,00005179,1,165741,13259,179000,0,1C25TUV/00005179
1C25TUV,00005180,1,628704,50296,679000,0,1C25TUV/00005180
1C25TUV,00005181,1,165740,13259,178999,0,1C25TUV/00005181
1C25TUV,00005182,1,221296,17704,239000,0,1C25TUV/00005182
1C25TUV,00005183,1,221296,17704,239000,0,1C25TUV/00005183
1C25TUV,00005184,1,221296,17704,239000,0,1C25TUV/00005184
1C25TUV,00005185,1,462963,37037,500000,0,1C25TUV/00005185
1C25TUV,00005186,1,509258,40741,549999,0,1C25TUV/00005186
1C25TUV,00005187,1,165741,13259,179000,0,1C25TUV/00005187
1C25TUV,00005188,1,165741,13259,179000,0,1C25TUV/00005188
1C25TUV,00005189,1,2571296,205704,2777000,0,1C25TUV/00005189
1C25TUV,00005190,1,499073,39926,538999,0,1C25TUV/00005190
1C25TUV,00005191,1,606070,48486,654556,0,1C25TUV/00005191
1C25TUV,00005192,1,492593,39407,532000,0,1C25TUV/00005192
1C25TUV,00005193,1,675000,54000,729000,0,1C25TUV/00005193
1C25TUV,00005194,1,165741,13259,179000,0,1C25TUV/00005194
1C25TUV,00005195,1,1276852,102148,1379000,0,1C25TUV/00005195
1C25TUV,00005196,1,628704,50296,679000,0,1C25TUV/00005196
1C25TUV,00005197,1,405556,32444,438000,0,1C25TUV/00005197
1C25TUV,00005198,1,220370,17630,238000,0,1C25TUV/00005198
1C25TUV,00005199,1,628704,50296,679000,0,1C25TUV/00005199
1C25TUV,00005200,1,606070,48486,654556,0,1C25TUV/00005200
1C25TUV,00005201,1,606070,48486,654556,0,1C25TUV/00005201
1C25TUV,00005202,1,221296,17704,239000,0,1C25TUV/00005202
1C25TUV,00005203,1,628704,50296,679000,0,1C25TUV/00005203
1C25TUV,00005204,1,221296,17704,239000,0,1C25TUV/00005204
1C25TUV,00005205,1,628704,50296,679000,0,1C25TUV/00005205
1C25TUV,00005206,1,2443519,195481,2639000,0,1C25TUV/00005206
1C25TUV,00005207,1,508333,40667,549000,0,1C25TUV/00005207
1C25TUV,00005208,1,628704,50296,679000,0,1C25TUV/00005208
1C25TUV,00005209,1,628704,50296,679000,0,1C25TUV/00005209
1C25TUV,00005210,1,628704,50296,679000,0,1C25TUV/00005210
1C25TUV,00005211,1,628704,50296,679000,0,1C25TUV/00005211
1C25TUV,00005212,1,1369444,109556,1479000,0,1C25TUV/00005212
1C25TUV,00005213,1,627778,50222,678000,0,1C25TUV/00005213
1C25TUV,00005214,1,221296,17704,239000,0,1C25TUV/00005214
1C25TUV,00005215,1,627778,50222,678000,0,1C25TUV/00005215
1C25TUV,00005216,1,628704,50296,679000,0,1C25TUV/00005216
1C25TUV,00005217,1,628704,50296,679000,0,1C25TUV/00005217
1C25TUV,00005218,1,628704,50296,679000,0,1C25TUV/00005218
1C25TUV,00005219,1,628704,50296,679000,0,1C25TUV/00005219
1C25TUV,00005220,1,221296,17704,239000,0,1C25TUV/00005220
1C25TUV,00005221,1,1276852,102148,1379000,0,1C25TUV/00005221
1C25TUV,00005222,1,628704,50296,679000,0,1C25TUV/00005222
1C25TUV,00005223,1,628704,50296,679000,0,1C25TUV/00005223
1C25TUV,00005224,1,1219392,97551,1316943,0,1C25TUV/00005224
1C25TUV,00005225,1,462037,36963,499000,0,1C25TUV/00005225
1C25TUV,00005226,1,1980555,158444,2138999,0,1C25TUV/00005226
1C25TUV,00005227,1,461111,36889,498000,0,1C25TUV/00005227
1C25TUV,00005228,1,2571296,205704,2777000,0,1C25TUV/00005228
1C25TUV,00005229,1,1980555,158444,2138999,0,1C25TUV/00005229
1C25TUV,00005230,1,492593,39407,532000,0,1C25TUV/00005230
1C25TUV,00005231,1,1369444,109556,1479000,0,1C25TUV/00005231
1C25TUV,00005232,1,165740,13259,178999,0,1C25TUV/00005232
1C25TUV,00005233,1,165741,13259,179000,0,1C25TUV/00005233
1C25TUV,00005234,1,499073,39926,538999,0,1C25TUV/00005234
1C25TUV,00005235,1,545370,43630,589000,0,1C25TUV/00005235
1C25TUV,00005236,1,1044444,83556,1128000,0,1C25TUV/00005236
1C25TUV,00005237,1,998146,79852,1077998,0,1C25TUV/00005237
1C25TUV,00005238,1,1369444,109556,1479000,0,1C25TUV/00005238
1C25TUV,00005239,1,1369444,109556,1479000,0,1C25TUV/00005239
1C25TUV,00005240,1,1636111,130889,1767000,0,1C25TUV/00005240
1C25TUV,00005241,1,545370,43630,589000,0,1C25TUV/00005241
1C25TUV,00005242,1,1795370,143630,1939000,0,1C25TUV/00005242
1C25TUV,00005243,1,1702778,136222,1839000,0,1C25TUV/00005243
1C25TUV,00005244,1,2480556,198444,2679000,0,1C25TUV/00005244
1C25TUV,00005245,1,452778,36222,489000,0,1C25TUV/00005245
1C25TUV,00005246,1,628704,50296,679000,0,1C25TUV/00005246
1C25TUV,00005247,1,509259,40741,550000,0,1C25TUV/00005247
1C25TUV,00005248,1,499073,39926,538999,0,1C25TUV/00005248
1C25TUV,00005249,1,628704,50296,679000,0,1C25TUV/00005249
1C25TUV,00005250,1,1219392,97551,1316943,0,1C25TUV/00005250
1C25TUV,00005251,1,628704,50296,679000,0,1C25TUV/00005251
1C25TUV,00005252,1,606070,48486,654556,0,1C25TUV/00005252
1C25TUV,00005253,1,2180602,174448,2355050,0,1C25TUV/00005253
1C25TUV,00005254,1,1001898,80152,1082050,0,1C25TUV/00005254
1C25TUV,00005255,1,606070,48486,654556,0,1C25TUV/00005255
1C25TUV,00005256,1,603556,48284,651840,0,1C25TUV/00005256
1C25TUV,00005257,1,480556,38444,519000,0,1C25TUV/00005257
1C25TUV,00005258,1,482407,38593,521000,0,1C25TUV/00005258
1C25TUV,00005259,1,1213008,97041,1310049,0,1C25TUV/00005259
1C25TUV,00005260,1,1422358,113789,1536147,0,1C25TUV/00005260
1C25TUV,00005261,1,606070,48486,654556,0,1C25TUV/00005261
1C25TUV,00005262,1,1213008,97041,1310049,0,1C25TUV/00005262
1C25TUV,00005263,1,628704,50296,679000,0,1C25TUV/00005263
1C25TUV,00005264,1,606070,48486,654556,0,1C25TUV/00005264
1C25TUV,00005265,1,2212737,177019,2389756,0,1C25TUV/00005265
1C25TUV,00005266,1,499073,39926,538999,0,1C25TUV/00005266
1C25TUV,00005267,1,1276852,102148,1379000,0,1C25TUV/00005267
1C25TUV,00005268,1,499074,39926,539000,0,1C25TUV/00005268
1C25TUV,00005269,1,1213008,97041,1310049,0,1C25TUV/00005269
1C25TUV,00005270,1,1213008,97041,1310049,0,1C25TUV/00005270
1C25TUV,00005271,1,1147222,91778,1239000,0,1C25TUV/00005271
1C25TUV,00005272,1,1369444,109556,1479000,0,1C25TUV/00005272
1C25TUV,00005273,1,628704,50296,679000,0,1C25TUV/00005273
1C25TUV,00005274,1,1213008,97041,1310049,0,1C25TUV/00005274
1C25TUV,00005275,1,606070,48486,654556,0,1C25TUV/00005275
1C25TUV,00005276,1,1213008,97041,1310049,0,1C25TUV/00005276
1C25TUV,00005277,1,2572221,205778,2777999,0,1C25TUV/00005277
1C25TUV,00005278,1,2478730,198298,2677028,0,1C25TUV/00005278
1C25TUV,00005279,1,2478730,198298,2677028,0,1C25TUV/00005279
1C25TUV,00005280,1,2850926,228074,3079000,0,1C25TUV/00005280
1C25TUV,00005281,1,849074,67926,917000,0,1C25TUV/00005281
1C25TUV,00005282,1,499074,39926,539000,0,1C25TUV/00005282
1C25TUV,00005283,1,499074,39926,539000,0,1C25TUV/00005283
1C25TUV,00005284,1,1276852,102148,1379000,0,1C25TUV/00005284
1C25TUV,00005285,1,499074,39926,539000,0,1C25TUV/00005285
1C25TUV,00005286,1,628704,50296,679000,0,1C25TUV/00005286
1C25TUV,00005287,1,499074,39926,539000,0,1C25TUV/00005287
1C25TUV,00005288,1,1702778,136222,1839000,0,1C25TUV/00005288
1C25TUV,00005289,1,1980556,158444,2139000,0,1C25TUV/00005289
1C25TUV,00005290,1,1980556,158444,2139000,0,1C25TUV/00005290
1C25TUV,00005291,1,499074,39926,539000,0,1C25TUV/00005291
1C25TUV,00005292,1,406481,32519,439000,0,1C25TUV/00005292
1C25TUV,00005293,1,998148,79852,1078000,0,1C25TUV/00005293
1C25TUV,00005294,1,555500,44440,599940,0,1C25TUV/00005294
1C25TUV,00005295,1,221296,17704,239000,0,1C25TUV/00005295
1C25TUV,00005296,1,499074,39926,539000,0,1C25TUV/00005296
1C25TUV,00005297,1,499074,39926,539000,0,1C25TUV/00005297
1C25TUV,00005298,1,2573148,205852,2779000,0,1C25TUV/00005298
1C25TUV,00005299,1,499074,39926,539000,0,1C25TUV/00005299
1C25TUV,00005300,1,628704,50296,679000,0,1C25TUV/00005300
1C25TUV,00005301,1,499074,39926,539000,0,1C25TUV/00005301
1C25TUV,00005302,1,1054630,84370,1139000,0,1C25TUV/00005302
1C25TUV,00005303,1,499074,39926,539000,0,1C25TUV/00005303
1C25TUV,00005304,1,628704,50296,679000,0,1C25TUV/00005304
1C25TUV,00005305,1,499074,39926,539000,0,1C25TUV/00005305
1C25TUV,00005306,1,1054630,84370,1139000,0,1C25TUV/00005306
1C25TUV,00005307,1,628704,50296,679000,0,1C25TUV/00005307
1C25TUV,00005308,1,499074,39926,539000,0,1C25TUV/00005308
1C25TUV,00005309,1,1054630,84370,1139000,0,1C25TUV/00005309
1C25TUV,00005310,1,509259,40741,550000,0,1C25TUV/00005310
1C25TUV,00005311,1,1054630,84370,1139000,0,1C25TUV/00005311
1C25TUV,00005312,1,1276852,102148,1379000,0,1C25TUV/00005312
1C25TUV,00005313,1,1702778,136222,1839000,0,1C25TUV/00005313
1C25TUV,00005314,1,499074,39926,539000,0,1C25TUV/00005314
1C25TUV,00005315,1,2573148,205852,2779000,0,1C25TUV/00005315
1C25TUV,00005316,1,628704,50296,679000,0,1C25TUV/00005316
1C25TUV,00005317,1,499074,39926,539000,0,1C25TUV/00005317
1C25TUV,00005318,1,499074,39926,539000,0,1C25TUV/00005318
1C25TUV,00005319,1,2573148,205852,2779000,0,1C25TUV/00005319
1C25TUV,00005320,1,2573148,205852,2779000,0,1C25TUV/00005320
1C25TUV,00005321,1,499074,39926,539000,0,1C25TUV/00005321
1C25TUV,00005322,1,221296,17704,239000,0,1C25TUV/00005322
1C25TUV,00005323,1,499074,39926,539000,0,1C25TUV/00005323
1C25TUV,00005324,1,509259,40741,550000,0,1C25TUV/00005324
1C25TUV,00005325,1,499074,39926,539000,0,1C25TUV/00005325
1C25TUV,00005326,1,1276852,102148,1379000,0,1C25TUV/00005326
1C25TUV,00005327,1,2573148,205852,2779000,0,1C25TUV/00005327
1C25TUV,00005328,1,1702778,136222,1839000,0,1C25TUV/00005328
1C25TUV,00005329,1,499074,39926,539000,0,1C25TUV/00005329
1C25TUV,00005330,1,221296,17704,239000,0,1C25TUV/00005330
1C25TUV,00005331,1,628704,50296,679000,0,1C25TUV/00005331
1C25TUV,00005332,1,628704,50296,679000,0,1C25TUV/00005332
1C25TUV,00005333,1,628704,50296,679000,0,1C25TUV/00005333
1C25TUV,00005334,1,628704,50296,679000,0,1C25TUV/00005334
1C25TUV,00005335,1,628704,50296,679000,0,1C25TUV/00005335
1C25TUV,00005336,1,628704,50296,679000,0,1C25TUV/00005336
1C25TUV,00005337,1,628704,50296,679000,0,1C25TUV/00005337
1C25TUV,00005338,1,628704,50296,679000,0,1C25TUV/00005338
1C25TUV,00005339,1,628704,50296,679000,0,1C25TUV/00005339
1C25TUV,00005340,1,628704,50296,679000,0,1C25TUV/00005340
1C25TUV,00005341,1,628704,50296,679000,0,1C25TUV/00005341
1C25TUV,00005342,1,628704,50296,679000,0,1C25TUV/00005342
1C25TUV,00005343,1,628704,50296,679000,0,1C25TUV/00005343
1C25TUV,00005344,1,628704,50296,679000,0,1C25TUV/00005344
1C25TUV,00005345,1,628704,50296,679000,0,1C25TUV/00005345
1C25TUV,00005346,1,628704,50296,679000,0,1C25TUV/00005346
1C25TUV,00005347,1,1054630,84370,1139000,0,1C25TUV/00005347
1C25TUV,00005348,1,2573148,205852,2779000,0,1C25TUV/00005348
1C25TUV,00005349,1,628704,50296,679000,0,1C25TUV/00005349
1C25TUV,00005350,1,499074,39926,539000,0,1C25TUV/00005350
1C25TUV,00005351,1,1276852,102148,1379000,0,1C25TUV/00005351
1C25TUV,00005352,1,509259,40741,550000,0,1C25TUV/00005352
1C25TUV,00005353,1,2573148,205852,2779000,0,1C25TUV/00005353
1C25TUV,00005354,1,509259,40741,550000,0,1C25TUV/00005354
1C25TUV,00005355,1,3479630,278370,3758000,0,1C25TUV/00005355
1C25TUV,00005356,1,2443519,195482,2639001,0,1C25TUV/00005356
1C25TUV,00005357,1,3155556,252444,3408000,0,1C25TUV/00005357
1C25TUV,00005358,1,3036111,242889,3279000,0,1C25TUV/00005358
1C25TUV,00005359,1,3962037,316963,4279000,0,1C25TUV/00005359
1C25TUV,00005360,1,129630,10370,140000,0,1C25TUV/00005360
1C25TUV,00005361,1,129630,10370,140000,0,1C25TUV/00005361
1C25TUV,00005362,1,509259,40741,550000,0,1C25TUV/00005362
1C25TUV,00005363,2,0,0,0,0,1C25TUV/00005363; 1C25TUV/00005661
1C25TUV,00005364,1,138889,11111,150000,0,1C25TUV/00005364
1C25TUV,00005365,1,3155556,252444,3408000,0,1C25TUV/00005365
1C25TUV,00005366,1,1237963,99037,1337000,0,1C25TUV/00005366
1C25TUV,00005367,1,1859259,148741,2008000,0,1C25TUV/00005367
1C25TUV,00005368,1,2424074,193926,2618000,0,1C25TUV/00005368
1C25TUV,00005369,1,2877778,230222,3108000,0,1C25TUV/00005369
1C25TUV,00005370,1,3036111,242889,3279000,0,1C25TUV/00005370
1C25TUV,00005371,1,3488889,279111,3768000,0,1C25TUV/00005371
1C25TUV,00005372,1,3036111,242889,3279000,0,1C25TUV/00005372
1C25TUV,00005373,1,628704,50296,679000,0,1C25TUV/00005373
1C25TUV,00005374,1,2573148,205852,2779000,0,1C25TUV/00005374
1C25TUV,00005375,1,628704,50296,679000,0,1C25TUV/00005375
1C25TUV,00005376,1,628704,50296,679000,0,1C25TUV/00005376
1C25TUV,00005377,1,628704,50296,679000,0,1C25TUV/00005377
1C25TUV,00005378,1,628704,50296,679000,0,1C25TUV/00005378
1C25TUV,00005379,1,628704,50296,679000,0,1C25TUV/00005379
1C25TUV,00005380,1,628704,50296,679000,0,1C25TUV/00005380
1C25TUV,00005381,1,628704,50296,679000,0,1C25TUV/00005381
1C25TUV,00005382,1,628704,50296,679000,0,1C25TUV/00005382
1C25TUV,00005383,1,628704,50296,679000,0,1C25TUV/00005383
1C25TUV,00005384,1,628704,50296,679000,0,1C25TUV/00005384
1C25TUV,00005385,1,628704,50296,679000,0,1C25TUV/00005385
1C25TUV,00005386,1,628704,50296,679000,0,1C25TUV/00005386
1C25TUV,00005387,1,628704,50296,679000,0,1C25TUV/00005387
1C25TUV,00005388,1,628704,50296,679000,0,1C25TUV/00005388
1C25TUV,00005389,1,628704,50296,679000,0,1C25TUV/00005389
1C25TUV,00005390,1,628704,50296,679000,0,1C25TUV/00005390
1C25TUV,00005391,1,628704,50296,679000,0,1C25TUV/00005391
1C25TUV,00005392,1,628704,50296,679000,0,1C25TUV/00005392
1C25TUV,00005393,1,628704,50296,679000,0,1C25TUV/00005393
1C25TUV,00005394,1,628704,50296,679000,0,1C25TUV/00005394
1C25TUV,00005395,1,628704,50296,679000,0,1C25TUV/00005395
1C25TUV,00005396,1,628704,50296,679000,0,1C25TUV/00005396
1C25TUV,00005397,1,628704,50296,679000,0,1C25TUV/00005397
1C25TUV,00005398,1,628704,50296,679000,0,1C25TUV/00005398
1C25TUV,00005399,1,628704,50296,679000,0,1C25TUV/00005399
1C25TUV,00005400,1,628704,50296,679000,0,1C25TUV/00005400
1C25TUV,00005401,1,628704,50296,679000,0,1C25TUV/00005401
1C25TUV,00005402,1,628704,50296,679000,0,1C25TUV/00005402
1C25TUV,00005403,1,628704,50296,679000,0,1C25TUV/00005403
1C25TUV,00005404,1,628704,50296,679000,0,1C25TUV/00005404
1C25TUV,00005405,1,628704,50296,679000,0,1C25TUV/00005405
1C25TUV,00005406,1,628704,50296,679000,0,1C25TUV/00005406
1C25TUV,00005407,1,628704,50296,679000,0,1C25TUV/00005407
1C25TUV,00005408,1,628704,50296,679000,0,1C25TUV/00005408
1C25TUV,00005409,1,628704,50296,679000,0,1C25TUV/00005409
1C25TUV,00005410,1,628704,50296,679000,0,1C25TUV/00005410
1C25TUV,00005411,1,628704,50296,679000,0,1C25TUV/00005411
1C25TUV,00005412,1,628704,50296,679000,0,1C25TUV/00005412
1C25TUV,00005413,1,628704,50296,679000,0,1C25TUV/00005413
1C25TUV,00005414,1,628704,50296,679000,0,1C25TUV/00005414
1C25TUV,00005415,1,628704,50296,679000,0,1C25TUV/00005415
1C25TUV,00005416,1,628704,50296,679000,0,1C25TUV/00005416
1C25TUV,00005417,1,628704,50296,679000,0,1C25TUV/00005417
1C25TUV,00005418,1,628704,50296,679000,0,1C25TUV/00005418
1C25TUV,00005419,1,221296,17704,239000,0,1C25TUV/00005419
1C25TUV,00005420,1,628704,50296,679000,0,1C25TUV/00005420
1C25TUV,00005421,1,628704,50296,679000,0,1C25TUV/00005421
1C25TUV,00005422,1,628704,50296,679000,0,1C25TUV/00005422
1C25TUV,00005423,1,628704,50296,679000,0,1C25TUV/00005423
1C25TUV,00005424,1,628704,50296,679000,0,1C25TUV/00005424
1C25TUV,00005425,1,628704,50296,679000,0,1C25TUV/00005425
1C25TUV,00005426,1,628704,50296,679000,0,1C25TUV/00005426
1C25TUV,00005427,1,628704,50296,679000,0,1C25TUV/00005427
1C25TUV,00005428,1,628704,50296,679000,0,1C25TUV/00005428
1C25TUV,00005429,1,628704,50296,679000,0,1C25TUV/00005429
1C25TUV,00005430,1,628704,50296,679000,0,1C25TUV/00005430
1C25TUV,00005431,1,628704,50296,679000,0,1C25TUV/00005431
1C25TUV,00005432,1,628704,50296,679000,0,1C25TUV/00005432
1C25TUV,00005433,1,628704,50296,679000,0,1C25TUV/00005433
1C25TUV,00005434,1,675000,54000,729000,0,1C25TUV/00005434
1C25TUV,00005435,1,628704,50296,679000,0,1C25TUV/00005435
1C25TUV,00005436,1,628704,50296,679000,0,1C25TUV/00005436
1C25TUV,00005437,1,628704,50296,679000,0,1C25TUV/00005437
1C25TUV,00005438,1,628704,50296,679000,0,1C25TUV/00005438
1C25TUV,00005439,1,628704,50296,679000,0,1C25TUV/00005439
1C25TUV,00005440,1,628704,50296,679000,0,1C25TUV/00005440
1C25TUV,00005441,1,628704,50296,679000,0,1C25TUV/00005441
1C25TUV,00005442,1,628704,50296,679000,0,1C25TUV/00005442
1C25TUV,00005443,1,628704,50296,679000,0,1C25TUV/00005443
1C25TUV,00005444,1,628704,50296,679000,0,1C25TUV/00005444
1C25TUV,00005445,1,628704,50296,679000,0,1C25TUV/00005445
1C25TUV,00005446,1,628704,50296,679000,0,1C25TUV/00005446
1C25TUV,00005447,1,628704,50296,679000,0,1C25TUV/00005447
1C25TUV,00005448,1,628704,50296,679000,0,1C25TUV/00005448
1C25TUV,00005449,1,628704,50296,679000,0,1C25TUV/00005449
1C25TUV,00005450,1,628704,50296,679000,0,1C25TUV/00005450
1C25TUV,00005451,1,628704,50296,679000,0,1C25TUV/00005451
1C25TUV,00005452,1,628704,50296,679000,0,1C25TUV/00005452
1C25TUV,00005453,1,628704,50296,679000,0,1C25TUV/00005453
1C25TUV,00005454,1,628704,50296,679000,0,1C25TUV/00005454
1C25TUV,00005455,1,628704,50296,679000,0,1C25TUV/00005455
1C25TUV,00005456,1,628704,50296,679000,0,1C25TUV/00005456
1C25TUV,00005457,1,628704,50296,679000,0,1C25TUV/00005457
1C25TUV,00005458,1,628704,50296,679000,0,1C25TUV/00005458
1C25TUV,00005459,1,628704,50296,679000,0,1C25TUV/00005459
1C25TUV,00005460,1,628704,50296,679000,0,1C25TUV/00005460
1C25TUV,00005461,1,628704,50296,679000,0,1C25TUV/00005461
1C25TUV,00005462,1,628704,50296,679000,0,1C25TUV/00005462
1C25TUV,00005463,1,628704,50296,679000,0,1C25TUV/00005463
1C25TUV,00005464,1,628704,50296,679000,0,1C25TUV/00005464
1C25TUV,00005465,1,628704,50296,679000,0,1C25TUV/00005465
1C25TUV,00005466,1,221296,17704,239000,0,1C25TUV/00005466
1C25TUV,00005467,1,628704,50296,679000,0,1C25TUV/00005467
1C25TUV,00005468,1,628704,50296,679000,0,1C25TUV/00005468
1C25TUV,00005469,1,803704,64296,868000,0,1C25TUV/00005469
1C25TUV,00005470,1,628704,50296,679000,0,1C25TUV/00005470
1C25TUV,00005471,1,499074,39926,539000,0,1C25TUV/00005471
1C25TUV,00005472,1,628704,50296,679000,0,1C25TUV/00005472
1C25TUV,00005473,1,1276852,102148,1379000,0,1C25TUV/00005473
1C25TUV,00005474,1,509259,40741,550000,0,1C25TUV/00005474
1C25TUV,00005475,1,628704,50296,679000,0,1C25TUV/00005475
1C25TUV,00005476,1,628704,50296,679000,0,1C25TUV/00005476
1C25TUV,00005477,1,628704,50296,679000,0,1C25TUV/00005477
1C25TUV,00005478,1,1980556,158444,2139000,0,1C25TUV/00005478
1C25TUV,00005479,1,406481,32519,439000,0,1C25TUV/00005479
1C25TUV,00005480,1,628704,50296,679000,0,1C25TUV/00005480
1C25TUV,00005481,1,499074,39926,539000,0,1C25TUV/00005481
1C25TUV,00005482,1,499074,39926,539000,0,1C25TUV/00005482
1C25TUV,00005483,1,499074,39926,539000,0,1C25TUV/00005483
1C25TUV,00005484,1,499074,39926,539000,0,1C25TUV/00005484
1C25TUV,00005485,1,1276852,102148,1379000,0,1C25TUV/00005485
1C25TUV,00005486,1,499074,39926,539000,0,1C25TUV/00005486
1C25TUV,00005487,1,2573148,205852,2779000,0,1C25TUV/00005487
1C25TUV,00005488,1,2573148,205852,2779000,0,1C25TUV/00005488
1C25TUV,00005489,1,499074,39926,539000,0,1C25TUV/00005489
1C25TUV,00005490,1,675000,54000,729000,0,1C25TUV/00005490
1C25TUV,00005491,1,2295370,183630,2479000,0,1C25TUV/00005491
1C25TUV,00005492,1,499074,39926,539000,0,1C25TUV/00005492
1C25TUV,00005493,1,509259,40741,550000,0,1C25TUV/00005493
1C25TUV,00005494,1,628704,50296,679000,0,1C25TUV/00005494
1C25TUV,00005495,1,499074,39926,539000,0,1C25TUV/00005495
1C25TUV,00005496,1,1702778,136222,1839000,0,1C25TUV/00005496
1C25TUV,00005497,1,1276852,102148,1379000,0,1C25TUV/00005497
1C25TUV,00005498,1,499074,39926,539000,0,1C25TUV/00005498
1C25TUV,00005499,1,499074,39926,539000,0,1C25TUV/00005499
1C25TUV,00005500,1,509259,40741,550000,0,1C25TUV/00005500
1C25TUV,00005501,1,499074,39926,539000,0,1C25TUV/00005501
1C25TUV,00005502,1,499074,39926,539000,0,1C25TUV/00005502
1C25TUV,00005503,1,1276852,102148,1379000,0,1C25TUV/00005503
1C25TUV,00005504,1,165741,13259,179000,0,1C25TUV/00005504
1C25TUV,00005505,1,1257407,100593,1358000,0,1C25TUV/00005505
1C25TUV,00005506,1,499074,39926,539000,0,1C25TUV/00005506
1C25TUV,00005507,1,1276852,102148,1379000,0,1C25TUV/00005507
1C25TUV,00005508,1,1276852,102148,1379000,0,1C25TUV/00005508
1C25TUV,00005509,1,628704,50296,679000,0,1C25TUV/00005509
1C25TUV,00005510,1,628704,50296,679000,0,1C25TUV/00005510
1C25TUV,00005511,1,1980556,158444,2139000,0,1C25TUV/00005511
1C25TUV,00005512,1,628704,50296,679000,0,1C25TUV/00005512
1C25TUV,00005513,1,221296,17704,239000,0,1C25TUV/00005513
1C25TUV,00005514,1,499074,39926,539000,0,1C25TUV/00005514
1C25TUV,00005515,1,555556,44444,600000,0,1C25TUV/00005515
1C25TUV,00005516,1,1276852,102148,1379000,0,1C25TUV/00005516
1C25TUV,00005517,1,1276852,102148,1379000,0,1C25TUV/00005517
1C25TUV,00005518,1,1702778,136222,1839000,0,1C25TUV/00005518
1C25TUV,00005519,1,1276852,102148,1379000,0,1C25TUV/00005519
1C25TUV,00005520,1,499074,39926,539000,0,1C25TUV/00005520
1C25TUV,00005521,1,499074,39926,539000,0,1C25TUV/00005521
1C25TUV,00005522,1,499074,39926,539000,0,1C25TUV/00005522
1C25TUV,00005523,1,1702778,136222,1839000,0,1C25TUV/00005523
1C25TUV,00005524,1,499074,39926,539000,0,1C25TUV/00005524
1C25TUV,00005525,1,499074,39926,539000,0,1C25TUV/00005525
1C25TUV,00005526,1,2295370,183630,2479000,0,1C25TUV/00005526
1C25TUV,00005527,1,1369444,109556,1479000,0,1C25TUV/00005527
1C25TUV,00005528,1,499074,39926,539000,0,1C25TUV/00005528
1C25TUV,00005529,1,499074,39926,539000,0,1C25TUV/00005529
1C25TUV,00005530,1,628704,50296,679000,0,1C25TUV/00005530
1C25TUV,00005531,1,1276852,102148,1379000,0,1C25TUV/00005531
1C25TUV,00005532,1,499074,39926,539000,0,1C25TUV/00005532
1C25TUV,00005533,1,2573148,205852,2779000,0,1C25TUV/00005533
1C25TUV,00005534,1,1276852,102148,1379000,0,1C25TUV/00005534
1C25TUV,00005535,1,221296,17704,239000,0,1C25TUV/00005535
1C25TUV,00005536,1,555500,44440,599940,0,1C25TUV/00005536
1C25TUV,00005537,1,628704,50296,679000,0,1C25TUV/00005537
1C25TUV,00005538,1,628704,50296,679000,0,1C25TUV/00005538
1C25TUV,00005539,1,1185339,94827,1280166,0,1C25TUV/00005539
1C25TUV,00005540,1,2478730,198298,2677028,0,1C25TUV/00005540
1C25TUV,00005541,1,2478730,198298,2677028,0,1C25TUV/00005541
1C25TUV,00005542,1,4147222,331778,4479000,0,1C25TUV/00005542
1C25TUV,00005543,1,720370,57630,778000,0,1C25TUV/00005543
1C25TUV,00005544,1,499074,39926,539000,0,1C25TUV/00005544
1C25TUV,00005545,1,1001898,80152,1082050,0,1C25TUV/00005545
1C25TUV,00005546,1,606070,48486,654556,0,1C25TUV/00005546
1C25TUV,00005547,1,482407,38593,521000,0,1C25TUV/00005547
1C25TUV,00005548,1,2758333,220667,2979000,0,1C25TUV/00005548
1C25TUV,00005549,1,2572221,205778,2777999,0,1C25TUV/00005549
1C25TUV,00005550,1,2572221,205778,2777999,0,1C25TUV/00005550
1C25TUV,00005551,1,452778,36222,489000,0,1C25TUV/00005551
1C25TUV,00005552,1,499073,39926,538999,0,1C25TUV/00005552
1C25TUV,00005553,1,1369444,109556,1479000,0,1C25TUV/00005553
1C25TUV,00005554,1,1219392,97551,1316943,0,1C25TUV/00005554
1C25TUV,00005555,1,165740,13259,178999,0,1C25TUV/00005555
1C25TUV,00005556,1,499073,39926,538999,0,1C25TUV/00005556
1C25TUV,00005557,1,499073,39926,538999,0,1C25TUV/00005557
1C25TUV,00005558,1,7716664,617333,8333997,0,1C25TUV/00005558
1C25TUV,00005559,1,1702778,136222,1839000,0,1C25TUV/00005559
1C25TUV,00005560,1,628704,50296,679000,0,1C25TUV/00005560
1C25TUV,00005561,1,628704,50296,679000,0,1C25TUV/00005561
1C25TUV,00005562,1,628704,50296,679000,0,1C25TUV/00005562
1C25TUV,00005563,1,628704,50296,679000,0,1C25TUV/00005563
1C25TUV,00005564,1,499074,39926,539000,0,1C25TUV/00005564
1C25TUV,00005565,1,221296,17704,239000,0,1C25TUV/00005565
1C25TUV,00005566,1,628704,50296,679000,0,1C25TUV/00005566
1C25TUV,00005567,1,628704,50296,679000,0,1C25TUV/00005567
1C25TUV,00005568,1,165741,13259,179000,0,1C25TUV/00005568
1C25TUV,00005569,1,628704,50296,679000,0,1C25TUV/00005569
1C25TUV,00005570,1,1369444,109556,1479000,0,1C25TUV/00005570
1C25TUV,00005571,1,165741,13259,179000,0,1C25TUV/00005571
1C25TUV,00005572,1,1702778,136222,1839000,0,1C25TUV/00005572
1C25TUV,00005573,1,452778,36222,489000,0,1C25TUV/00005573
1C25TUV,00005574,1,1702777,136222,1838999,0,1C25TUV/00005574
1C25TUV,00005575,1,499073,39926,538999,0,1C25TUV/00005575
1C25TUV,00005576,1,1054630,84370,1139000,0,1C25TUV/00005576
1C25TUV,00005577,1,1276852,102148,1379000,0,1C25TUV/00005577
1C25TUV,00005578,1,628704,50296,679000,0,1C25TUV/00005578
1C25TUV,00005579,1,628704,50296,679000,0,1C25TUV/00005579
1C25TUV,00005580,1,628704,50296,679000,0,1C25TUV/00005580
1C25TUV,00005581,1,675000,54000,729000,0,1C25TUV/00005581
1C25TUV,00005582,1,628704,50296,679000,0,1C25TUV/00005582
1C25TUV,00005583,1,606070,48486,654556,0,1C25TUV/00005583
1C25TUV,00005584,1,499074,39926,539000,0,1C25TUV/00005584
1C25TUV,00005585,1,606070,48486,654556,0,1C25TUV/00005585
1C25TUV,00005586,1,606070,48486,654556,0,1C25TUV/00005586
1C25TUV,00005587,1,606070,48486,654556,0,1C25TUV/00005587
1C25TUV,00005588,1,499074,39926,539000,0,1C25TUV/00005588
1C25TUV,00005589,1,2571296,205704,2777000,0,1C25TUV/00005589
1C25TUV,00005590,1,1702778,136222,1839000,0,1C25TUV/00005590
1C25TUV,00005591,1,606070,48486,654556,0,1C25TUV/00005591
1C25TUV,00005592,1,628704,50296,679000,0,1C25TUV/00005592
1C25TUV,00005593,1,628704,50296,679000,0,1C25TUV/00005593
1C25TUV,00005594,1,606070,48486,654556,0,1C25TUV/00005594
1C25TUV,00005595,1,2443519,195481,2639000,0,1C25TUV/00005595
1C25TUV,00005596,1,462036,36963,498999,0,1C25TUV/00005596
1C25TUV,00005597,1,499074,39926,539000,0,1C25TUV/00005597
1C25TUV,00005598,1,1795370,143630,1939000,0,1C25TUV/00005598
1C25TUV,00005599,1,165741,13259,179000,0,1C25TUV/00005599
1C25TUV,00005600,1,214657,17173,231830,0,1C25TUV/00005600
1C25TUV,00005601,1,221296,17704,239000,0,1C25TUV/00005601
1C25TUV,00005602,1,628704,50296,679000,0,1C25TUV/00005602
1C25TUV,00005603,1,628704,50296,679000,0,1C25TUV/00005603
1C25TUV,00005604,1,628704,50296,679000,0,1C25TUV/00005604
1C25TUV,00005605,1,165741,13259,179000,0,1C25TUV/00005605
1C25TUV,00005606,1,628704,50296,679000,0,1C25TUV/00005606
1C25TUV,00005607,1,221296,17704,239000,0,1C25TUV/00005607
1C25TUV,00005608,1,628704,50296,679000,0,1C25TUV/00005608
1C25TUV,00005609,1,628704,50296,679000,0,1C25TUV/00005609
1C25TUV,00005610,1,628704,50296,679000,0,1C25TUV/00005610
1C25TUV,00005611,1,1276852,102148,1379000,0,1C25TUV/00005611
1C25TUV,00005612,1,1257407,100593,1358000,0,1C25TUV/00005612
1C25TUV,00005613,1,628704,50296,679000,0,1C25TUV/00005613
1C25TUV,00005614,1,499073,39926,538999,0,1C25TUV/00005614
1C25TUV,00005615,1,675000,54000,729000,0,1C25TUV/00005615
1C25TUV,00005616,1,962036,76963,1038999,0,1C25TUV/00005616
1C25TUV,00005617,1,1369444,109556,1479000,0,1C25TUV/00005617
1C25TUV,00005618,1,147222,11778,159000,0,1C25TUV/00005618
1C25TUV,00005619,1,499073,39926,538999,0,1C25TUV/00005619
1C25TUV,00005620,1,628704,50296,679000,0,1C25TUV/00005620
1C25TUV,00005621,1,499073,39926,538999,0,1C25TUV/00005621
1C25TUV,00005622,1,165741,13259,179000,0,1C25TUV/00005622
1C25TUV,00005623,1,220370,17630,238000,0,1C25TUV/00005623
1C25TUV,00005624,1,221296,17704,239000,0,1C25TUV/00005624
1C25TUV,00005625,1,2368519,189481,2558000,0,1C25TUV/00005625
1C25TUV,00005626,1,628704,50296,679000,0,1C25TUV/00005626
1C25TUV,00005627,1,165741,13259,179000,0,1C25TUV/00005627
1C25TUV,00005628,1,164815,13185,178000,0,1C25TUV/00005628
1C25TUV,00005629,1,998146,79852,1077998,0,1C25TUV/00005629
1C25TUV,00005630,1,221296,17704,239000,0,1C25TUV/00005630
1C25TUV,00005631,1,164815,13185,178000,0,1C25TUV/00005631
1C25TUV,00005632,1,220370,17630,238000,0,1C25TUV/00005632
1C25TUV,00005633,1,499073,39926,538999,0,1C25TUV/00005633
1C25TUV,00005634,1,1054630,84370,1139000,0,1C25TUV/00005634
1C25TUV,00005635,1,1276852,102148,1379000,0,1C25TUV/00005635
1C25TUV,00005636,1,627778,50222,678000,0,1C25TUV/00005636
1C25TUV,00005637,1,961111,76889,1038000,0,1C25TUV/00005637
1C25TUV,00005638,1,628704,50296,679000,0,1C25TUV/00005638
1C25TUV,00005639,1,1980556,158444,2139000,0,1C25TUV/00005639
1C25TUV,00005640,1,1302778,104222,1407000,0,1C25TUV/00005640
1C25TUV,00005641,1,1702778,136222,1839000,0,1C25TUV/00005641
1C25TUV,00005642,1,221296,17704,239000,0,1C25TUV/00005642
1C25TUV,00005643,1,628704,50296,679000,0,1C25TUV/00005643
1C25TUV,00005644,1,405556,32444,438000,0,1C25TUV/00005644
1C25TUV,00005645,1,508333,40667,549000,0,1C25TUV/00005645
1C25TUV,00005646,1,221296,17704,239000,0,1C25TUV/00005646
1C25TUV,00005647,1,1276852,102148,1379000,0,1C25TUV/00005647
1C25TUV,00005648,1,1276852,102148,1379000,0,1C25TUV/00005648
1C25TUV,00005649,1,627778,50222,678000,0,1C25TUV/00005649
1C25TUV,00005650,1,499073,39926,538999,0,1C25TUV/00005650
1C25TUV,00005651,1,2572221,205778,2777999,0,1C25TUV/00005651
1C25TUV,00005652,1,5144443,411555,5555998,0,1C25TUV/00005652
1C25TUV,00005653,1,627778,50222,678000,0,1C25TUV/00005653
1C25TUV,00005654,1,628704,50296,679000,0,1C25TUV/00005654
1C25TUV,00005655,1,1276852,102148,1379000,0,1C25TUV/00005655
1C25TUV,00005656,1,221296,17704,239000,0,1C25TUV/00005656
1C25TUV,00005657,1,2443519,195481,2639000,0,1C25TUV/00005657
1C25TUV,00005658,1,628704,50296,679000,0,1C25TUV/00005658
1C25TUV,00005659,1,3328667,266293,3594960,0,1C25TUV/00005659
1C25TUV,00005660,1,1224000,97920,1321920,0,1C25TUV/00005660
1C25TUV,00005662,1,998148,79852,1078000,0,1C25TUV/00005662
1C25TUV,00005663,1,1795370,143630,1939000,0,1C25TUV/00005663
1C25TUV,00005664,1,2758333,220667,2979000,0,1C25TUV/00005664
1C25TUV,00005665,1,3700000,296000,3996000,0,1C25TUV/00005665
1C25TUV,00005666,1,221296,17704,239000,0,1C25TUV/00005666
1C25TUV,00005667,1,628704,50296,679000,0,1C25TUV/00005667
1C25TUV,00005668,1,628704,50296,679000,0,1C25TUV/00005668
1C25TUV,00005669,1,628704,50296,679000,0,1C25TUV/00005669
1C25TUV,00005670,1,628704,50296,679000,0,1C25TUV/00005670
1C25TUV,00005671,1,628704,50296,679000,0,1C25TUV/00005671
1C25TUV,00005672,1,628704,50296,679000,0,1C25TUV/00005672
1C25TUV,00005673,1,628704,50296,679000,0,1C25TUV/00005673
1C25TUV,00005674,1,628704,50296,679000,0,1C25TUV/00005674
1C25TUV,00005675,1,628704,50296,679000,0,1C25TUV/00005675
1C25TUV,00005676,1,628704,50296,679000,0,1C25TUV/00005676
1C25TUV,00005677,1,628704,50296,679000,0,1C25TUV/00005677
1C25TUV,00005678,1,628704,50296,679000,0,1C25TUV/00005678
1C25TUV,00005679,1,628704,50296,679000,0,1C25TUV/00005679
1C25TUV,00005680,1,628704,50296,679000,0,1C25TUV/00005680
1C25TUV,00005681,1,1980556,158444,2139000,0,1C25TUV/00005681
1C25TUV,00005682,1,628704,50296,679000,0,1C25TUV/00005682
1C25TUV,00005683,1,628704,50296,679000,0,1C25TUV/00005683
1C25TUV,00005684,1,628704,50296,679000,0,1C25TUV/00005684
1C25TUV,00005685,1,628704,50296,679000,0,1C25TUV/00005685
1C25TUV,00005686,1,628704,50296,679000,0,1C25TUV/00005686
1C25TUV,00005687,1,628704,50296,679000,0,1C25TUV/00005687
1C25TUV,00005688,1,628704,50296,679000,0,1C25TUV/00005688
1C25TUV,00005689,1,221296,17704,239000,0,1C25TUV/00005689
1C25TUV,00005690,1,628704,50296,679000,0,1C25TUV/00005690
1C25TUV,00005691,1,628704,50296,679000,0,1C25TUV/00005691
1C25TUV,00005692,1,628704,50296,679000,0,1C25TUV/00005692
1C25TUV,00005693,1,628704,50296,679000,0,1C25TUV/00005693
1C25TUV,00005694,1,628704,50296,679000,0,1C25TUV/00005694
1C25TUV,00005695,1,628704,50296,679000,0,1C25TUV/00005695
1C25TUV,00005696,1,628704,50296,679000,0,1C25TUV/00005696
1C25TUV,00005697,1,628704,50296,679000,0,1C25TUV/00005697
1C25TUV,00005698,1,628704,50296,679000,0,1C25TUV/00005698
1C25TUV,00005699,1,628704,50296,679000,0,1C25TUV/00005699
1C25TUV,00005700,1,628704,50296,679000,0,1C25TUV/00005700
1C25TUV,00005701,1,628704,50296,679000,0,1C25TUV/00005701
1C25TUV,00005702,1,628704,50296,679000,0,1C25TUV/00005702
1C25TUV,00005703,1,628704,50296,679000,0,1C25TUV/00005703
1C25TUV,00005704,1,628704,50296,679000,0,1C25TUV/00005704
1C25TUV,00005705,1,628704,50296,679000,0,1C25TUV/00005705
1C25TUV,00005706,1,628704,50296,679000,0,1C25TUV/00005706
1C25TUV,00005707,1,628704,50296,679000,0,1C25TUV/00005707
1C25TUV,00005708,1,628704,50296,679000,0,1C25TUV/00005708
1C25TUV,00005709,1,628704,50296,679000,0,1C25TUV/00005709
1C25TUV,00005710,1,628704,50296,679000,0,1C25TUV/00005710
1C25TUV,00005711,1,675000,54000,729000,0,1C25TUV/00005711
1C25TUV,00005712,1,628704,50296,679000,0,1C25TUV/00005712
1C25TUV,00005713,1,628704,50296,679000,0,1C25TUV/00005713
1C25TUV,00005714,1,221296,17704,239000,0,1C25TUV/00005714
1C25TUV,00005715,1,1980556,158444,2139000,0,1C25TUV/00005715
1C25TUV,00005716,1,628704,50296,679000,0,1C25TUV/00005716
1C25TUV,00005717,1,998148,79852,1078000,0,1C25TUV/00005717
1C25TUV,00005718,1,628704,50296,679000,0,1C25TUV/00005718
1C25TUV,00005719,1,628704,50296,679000,0,1C25TUV/00005719
1C25TUV,00005720,1,628704,50296,679000,0,1C25TUV/00005720
1C25TUV,00005721,1,628704,50296,679000,0,1C25TUV/00005721
1C25TUV,00005722,1,1276852,102148,1379000,0,1C25TUV/00005722
1C25TUV,00005723,1,2295370,183630,2479000,0,1C25TUV/00005723
1C25TUV,00005724,1,628704,50296,679000,0,1C25TUV/00005724
1C25TUV,00005725,1,628704,50296,679000,0,1C25TUV/00005725
1C25TUV,00005726,1,1276852,102148,1379000,0,1C25TUV/00005726
1C25TUV,00005727,1,499074,39926,539000,0,1C25TUV/00005727
1C25TUV,00005728,1,1257407,100593,1358000,0,1C25TUV/00005728
1C25TUV,00005729,1,509259,40741,550000,0,1C25TUV/00005729
1C25TUV,00005730,1,2295370,183630,2479000,0,1C25TUV/00005730
1C25TUV,00005731,1,1276852,102148,1379000,0,1C25TUV/00005731
1C25TUV,00005732,1,1054630,84370,1139000,0,1C25TUV/00005732
1C25TUV,00005733,1,1980556,158444,2139000,0,1C25TUV/00005733
1C25TUV,00005734,1,628704,50296,679000,0,1C25TUV/00005734
1C25TUV,00005735,1,628704,50296,679000,0,1C25TUV/00005735
1C25TUV,00005736,1,628704,50296,679000,0,1C25TUV/00005736
1C25TUV,00005737,1,628704,50296,679000,0,1C25TUV/00005737
1C25TUV,00005738,1,2573148,205852,2779000,0,1C25TUV/00005738
1C25TUV,00005739,1,628704,50296,679000,0,1C25TUV/00005739
1C25TUV,00005740,1,628704,50296,679000,0,1C25TUV/00005740
1C25TUV,00005741,1,628704,50296,679000,0,1C25TUV/00005741
1C25TUV,00005742,1,2295370,183630,2479000,0,1C25TUV/00005742
1C25TUV,00005743,1,499074,39926,539000,0,1C25TUV/00005743
1C25TUV,00005744,1,509259,40741,550000,0,1C25TUV/00005744
1C25TUV,00005745,1,499074,39926,539000,0,1C25TUV/00005745
1C25TUV,00005746,1,499074,39926,539000,0,1C25TUV/00005746
1C25TUV,00005747,1,499074,39926,539000,0,1C25TUV/00005747
1C25TUV,00005748,1,628704,50296,679000,0,1C25TUV/00005748
1C25TUV,00005749,1,221296,17704,239000,0,1C25TUV/00005749
1C25TUV,00005750,1,628704,50296,679000,0,1C25TUV/00005750
1C25TUV,00005751,1,499074,39926,539000,0,1C25TUV/00005751
1C25TUV,00005752,1,1980556,158444,2139000,0,1C25TUV/00005752
1C25TUV,00005753,1,1018407,81473,1099880,0,1C25TUV/00005753
1C25TUV,00005754,1,2573148,205852,2779000,0,1C25TUV/00005754
1C25TUV,00005755,1,628704,50296,679000,0,1C25TUV/00005755
1C25TUV,00005756,1,499074,39926,539000,0,1C25TUV/00005756
1C25TUV,00005757,1,628704,50296,679000,0,1C25TUV/00005757
1C25TUV,00005758,1,499074,39926,539000,0,1C25TUV/00005758
1C25TUV,00005759,1,165741,13259,179000,0,1C25TUV/00005759
1C25TUV,00005760,1,1276852,102148,1379000,0,1C25TUV/00005760
1C25TUV,00005761,1,1369444,109556,1479000,0,1C25TUV/00005761
1C25TUV,00005762,1,509259,40741,550000,0,1C25TUV/00005762
1C25TUV,00005763,1,1276852,102148,1379000,0,1C25TUV/00005763
1C25TUV,00005764,1,499074,39926,539000,0,1C25TUV/00005764
1C25TUV,00005765,1,499074,39926,539000,0,1C25TUV/00005765
1C25TUV,00005766,1,628704,50296,679000,0,1C25TUV/00005766
1C25TUV,00005767,1,165741,13259,179000,0,1C25TUV/00005767
1C25TUV,00005768,1,499074,39926,539000,0,1C25TUV/00005768
1C25TUV,00005769,1,628704,50296,679000,0,1C25TUV/00005769
1C25TUV,00005770,1,628704,50296,679000,0,1C25TUV/00005770
1C25TUV,00005771,1,628704,50296,679000,0,1C25TUV/00005771
1C25TUV,00005772,1,628704,50296,679000,0,1C25TUV/00005772
1C25TUV,00005773,1,1276852,102148,1379000,0,1C25TUV/00005773
1C25TUV,00005774,1,499074,39926,539000,0,1C25TUV/00005774
1C25TUV,00005775,1,499074,39926,539000,0,1C25TUV/00005775
1C25TUV,00005776,1,1257407,100593,1358000,0,1C25TUV/00005776
1C25TUV,00005777,1,1702778,136222,1839000,0,1C25TUV/00005777
1C25TUV,00005778,1,2989815,239185,3229000,0,1C25TUV/00005778
1C25TUV,00005779,1,3554630,284370,3839000,0,1C25TUV/00005779
1C25TUV,00005780,1,4461110,356889,4817999,0,1C25TUV/00005780
1C25TUV,00005781,1,627778,50222,678000,0,1C25TUV/00005781
1C25TUV,00005782,1,1702778,136222,1839000,0,1C25TUV/00005782
1C25TUV,00005783,1,165741,13259,179000,0,1C25TUV/00005783
1C25TUV,00005784,1,452778,36222,489000,0,1C25TUV/00005784
1C25TUV,00005785,1,498148,39852,538000,0,1C25TUV/00005785
1C25TUV,00005786,1,499073,39926,538999,0,1C25TUV/00005786
1C25TUV,00005787,1,1276852,102148,1379000,0,1C25TUV/00005787
1C25TUV,00005788,1,1276852,102148,1379000,0,1C25TUV/00005788
1C25TUV,00005789,1,628704,50296,679000,0,1C25TUV/00005789
1C25TUV,00005790,1,2443519,195481,2639000,0,1C25TUV/00005790
1C25TUV,00005791,1,628704,50296,679000,0,1C25TUV/00005791
1C25TUV,00005792,1,499074,39926,539000,0,1C25TUV/00005792
1C25TUV,00005793,1,606070,48486,654556,0,1C25TUV/00005793
1C25TUV,00005794,1,606070,48486,654556,0,1C25TUV/00005794
1C25TUV,00005795,1,1223224,97858,1321082,0,1C25TUV/00005795
1C25TUV,00005796,1,1223224,97858,1321082,0,1C25TUV/00005796
1C25TUV,00005797,1,606070,48486,654556,0,1C25TUV/00005797
1C25TUV,00005798,1,628704,50296,679000,0,1C25TUV/00005798
1C25TUV,00005799,1,628704,50296,679000,0,1C25TUV/00005799
1C25TUV,00005800,1,499074,39926,539000,0,1C25TUV/00005800
1C25TUV,00005801,1,628704,50296,679000,0,1C25TUV/00005801
1C25TUV,00005802,1,606070,48486,654556,0,1C25TUV/00005802
1C25TUV,00005803,1,628704,50296,679000,0,1C25TUV/00005803
1C25TUV,00005804,1,606070,48486,654556,0,1C25TUV/00005804
1C25TUV,00005805,1,628704,50296,679000,0,1C25TUV/00005805
1C25TUV,00005806,1,628704,50296,679000,0,1C25TUV/00005806
1C25TUV,00005807,1,628704,50296,679000,0,1C25TUV/00005807
1C25TUV,00005808,1,628704,50296,679000,0,1C25TUV/00005808
1C25TUV,00005809,1,628704,50296,679000,0,1C25TUV/00005809
1C25TUV,00005810,1,628704,50296,679000,0,1C25TUV/00005810
1C25TUV,00005811,1,606070,48486,654556,0,1C25TUV/00005811
1C25TUV,00005812,1,508333,40667,549000,0,1C25TUV/00005812
1C25TUV,00005813,1,606070,48486,654556,0,1C25TUV/00005813
1C25TUV,00005814,1,606070,48486,654556,0,1C25TUV/00005814
1C25TUV,00005815,1,606070,48486,654556,0,1C25TUV/00005815
1C25TUV,00005816,1,628704,50296,679000,0,1C25TUV/00005816
1C25TUV,00005817,1,628704,50296,679000,0,1C25TUV/00005817
1C25TUV,00005818,1,628704,50296,679000,0,1C25TUV/00005818
1C25TUV,00005819,1,628704,50296,679000,0,1C25TUV/00005819
1C25TUV,00005820,1,628704,50296,679000,0,1C25TUV/00005820
1C25TUV,00005821,1,499073,39926,538999,0,1C25TUV/00005821
1C25TUV,00005822,1,628704,50296,679000,0,1C25TUV/00005822
1C25TUV,00005823,1,675000,54000,729000,0,1C25TUV/00005823
1C25TUV,00005824,1,1276852,102148,1379000,0,1C25TUV/00005824
1C25TUV,00005825,1,239815,19185,259000,0,1C25TUV/00005825
1C25TUV,00005826,1,675000,54000,729000,0,1C25TUV/00005826
1C25TUV,00005827,1,675000,54000,729000,0,1C25TUV/00005827
1C25TUV,00005828,1,628704,50296,679000,0,1C25TUV/00005828
1C25TUV,00005829,1,509259,40741,550000,0,1C25TUV/00005829
1C25TUV,00005830,1,499074,39926,539000,0,1C25TUV/00005830
1C25TUV,00005831,1,1276852,102148,1379000,0,1C25TUV/00005831
1C25TUV,00005832,1,499073,39926,538999,0,1C25TUV/00005832
1C25TUV,00005833,1,628704,50296,679000,0,1C25TUV/00005833
1C25TUV,00005834,1,628704,50296,679000,0,1C25TUV/00005834
1C25TUV,00005835,1,1276852,102148,1379000,0,1C25TUV/00005835
1C25TUV,00005836,1,1980556,158444,2139000,0,1C25TUV/00005836
1C25TUV,00005837,1,628704,50296,679000,0,1C25TUV/00005837
1C25TUV,00005838,1,1276852,102148,1379000,0,1C25TUV/00005838
1C25TUV,00005839,1,628704,50296,679000,0,1C25TUV/00005839
1C25TUV,00005840,1,1276852,102148,1379000,0,1C25TUV/00005840
1C25TUV,00005841,1,164815,13185,178000,0,1C25TUV/00005841
1C25TUV,00005842,1,452778,36222,489000,0,1C25TUV/00005842
1C25TUV,00005843,1,628704,50296,679000,0,1C25TUV/00005843
1C25TUV,00005844,1,509259,40741,550000,0,1C25TUV/00005844
1C25TUV,00005845,1,2572221,205778,2777999,0,1C25TUV/00005845
1C25TUV,00005846,1,350000,28000,378000,0,1C25TUV/00005846
1C25TUV,00005847,1,627778,50222,678000,0,1C25TUV/00005847
1C25TUV,00005848,1,499073,39926,538999,0,1C25TUV/00005848
1C25TUV,00005849,1,165741,13259,179000,0,1C25TUV/00005849
1C25TUV,00005850,1,164815,13185,178000,0,1C25TUV/00005850
1C25TUV,00005851,1,1054630,84370,1139000,0,1C25TUV/00005851
1C25TUV,00005852,1,499073,39926,538999,0,1C25TUV/00005852
1C25TUV,00005853,1,2572221,205778,2777999,0,1C25TUV/00005853
1C25TUV,00005854,1,165741,13259,179000,0,1C25TUV/00005854
1C25TUV,00005855,1,499073,39926,538999,0,1C25TUV/00005855
1C25TUV,00005856,1,221296,17704,239000,0,1C25TUV/00005856
1C25TUV,00005857,1,499073,39926,538999,0,1C25TUV/00005857
1C25TUV,00005858,1,627778,50222,678000,0,1C25TUV/00005858
1C25TUV,00005859,1,165741,13259,179000,0,1C25TUV/00005859
1C25TUV,00005860,1,499073,39926,538999,0,1C25TUV/00005860
1C25TUV,00005861,1,165741,13259,179000,0,1C25TUV/00005861
1C25TUV,00005862,1,474119,37930,512049,0,1C25TUV/00005862
1C25TUV,00005863,1,1702778,136222,1839000,0,1C25TUV/00005863
1C25TUV,00005864,1,597269,47781,645050,0,1C25TUV/00005864
1C25TUV,00005865,1,597269,47781,645050,0,1C25TUV/00005865
1C25TUV,00005866,1,462037,36963,499000,0,1C25TUV/00005866
1C25TUV,00005867,1,597269,47781,645050,0,1C25TUV/00005867
1C25TUV,00005868,1,165741,13259,179000,0,1C25TUV/00005868
1C25TUV,00005869,1,220370,17630,238000,0,1C25TUV/00005869
1C25TUV,00005870,1,215100,17208,232308,0,1C25TUV/00005870
1C25TUV,00005871,1,2443609,195489,2639098,0,1C25TUV/00005871
1C25TUV,00005872,1,1213009,97041,1310050,0,1C25TUV/00005872
1C25TUV,00005873,1,462037,36963,499000,0,1C25TUV/00005873
1C25TUV,00005874,1,215100,17208,232308,0,1C25TUV/00005874
1C25TUV,00005875,1,597269,47781,645050,0,1C25TUV/00005875
1C25TUV,00005876,1,1213009,97041,1310050,0,1C25TUV/00005876
1C25TUV,00005877,1,165741,13259,179000,0,1C25TUV/00005877
1C25TUV,00005878,1,597269,47781,645050,0,1C25TUV/00005878
1C25TUV,00005879,1,597269,47781,645050,0,1C25TUV/00005879
1C25TUV,00005880,1,2341435,187315,2528750,0,1C25TUV/00005880
1C25TUV,00005881,1,1127778,90222,1218000,0,1C25TUV/00005881
1C25TUV,00005882,1,758333,60667,819000,0,1C25TUV/00005882
1C25TUV,00005883,1,1001898,80152,1082050,0,1C25TUV/00005883
1C25TUV,00005884,1,1001898,80152,1082050,0,1C25TUV/00005884
1C25TUV,00005885,1,1369444,109556,1479000,0,1C25TUV/00005885
1C25TUV,00005886,1,628704,50296,679000,0,1C25TUV/00005886
1C25TUV,00005887,1,2572221,205778,2777999,0,1C25TUV/00005887
1C25TUV,00005888,1,2295370,183630,2479000,0,1C25TUV/00005888
1C25TUV,00005889,1,628704,50296,679000,0,1C25TUV/00005889
1C25TUV,00005890,1,628704,50296,679000,0,1C25TUV/00005890
1C25TUV,00005891,1,628704,50296,679000,0,1C25TUV/00005891
1C25TUV,00005892,1,3036111,242889,3279000,0,1C25TUV/00005892
1C25TUV,00005893,1,165741,13259,179000,0,1C25TUV/00005893
1C25TUV,00005894,1,606070,48486,654556,0,1C25TUV/00005894
1C25TUV,00005895,1,628704,50296,679000,0,1C25TUV/00005895
1C25TUV,00005896,1,628704,50296,679000,0,1C25TUV/00005896
1C25TUV,00005897,1,628704,50296,679000,0,1C25TUV/00005897
1C25TUV,00005898,1,628704,50296,679000,0,1C25TUV/00005898
1C25TUV,00005899,1,675000,54000,729000,0,1C25TUV/00005899
1C25TUV,00005900,1,1223224,97858,1321082,0,1C25TUV/00005900
1C25TUV,00005901,1,628704,50296,679000,0,1C25TUV/00005901
1C25TUV,00005902,1,628704,50296,679000,0,1C25TUV/00005902
1C25TUV,00005903,1,628704,50296,679000,0,1C25TUV/00005903
1C25TUV,00005904,1,1054630,84370,1139000,0,1C25TUV/00005904
1C25TUV,00005905,1,509259,40741,550000,0,1C25TUV/00005905
1C25TUV,00005906,1,675000,54000,729000,0,1C25TUV/00005906
1C25TUV,00005907,1,675000,54000,729000,0,1C25TUV/00005907
1C25TUV,00005908,1,1276852,102148,1379000,0,1C25TUV/00005908
1C25TUV,00005909,1,628704,50296,679000,0,1C25TUV/00005909
1C25TUV,00005910,1,627778,50222,678000,0,1C25TUV/00005910
1C25TUV,00005911,1,628704,50296,679000,0,1C25TUV/00005911
1C25TUV,00005912,1,452778,36222,489000,0,1C25TUV/00005912
1C25TUV,00005913,1,628704,50296,679000,0,1C25TUV/00005913
1C25TUV,00005914,1,627778,50222,678000,0,1C25TUV/00005914
1C25TUV,00005915,1,2572221,205778,2777999,0,1C25TUV/00005915
1C25TUV,00005916,1,628704,50296,679000,0,1C25TUV/00005916
1C25TUV,00005917,1,499074,39926,539000,0,1C25TUV/00005917
1C25TUV,00005918,1,165741,13259,179000,0,1C25TUV/00005918
1C25TUV,00005919,1,628704,50296,679000,0,1C25TUV/00005919
1C25TUV,00005920,1,499073,39926,538999,0,1C25TUV/00005920
1C25TUV,00005921,1,1702778,136222,1839000,0,1C25TUV/00005921
1C25TUV,00005922,1,220370,17630,238000,0,1C25TUV/00005922
1C25TUV,00005923,1,165741,13259,179000,0,1C25TUV/00005923
1C25TUV,00005924,1,628704,50296,679000,0,1C25TUV/00005924
1C25TUV,00005925,1,405556,32444,438000,0,1C25TUV/00005925
1C25TUV,00005926,1,1276852,102148,1379000,0,1C25TUV/00005926
1C25TUV,00005927,1,628704,50296,679000,0,1C25TUV/00005927
1C25TUV,00005928,1,452778,36222,489000,0,1C25TUV/00005928
1C25TUV,00005929,1,452778,36222,489000,0,1C25TUV/00005929
1C25TUV,00005930,1,627778,50222,678000,0,1C25TUV/00005930
1C25TUV,00005931,1,1276852,102148,1379000,0,1C25TUV/00005931
1C25TUV,00005932,1,627778,50222,678000,0,1C25TUV/00005932
1C25TUV,00005933,1,627778,50222,678000,0,1C25TUV/00005933
1C25TUV,00005934,1,628704,50296,679000,0,1C25TUV/00005934
1C25TUV,00005935,1,628704,50296,679000,0,1C25TUV/00005935
1C25TUV,00005936,1,628704,50296,679000,0,1C25TUV/00005936
1C25TUV,00005937,1,628704,50296,679000,0,1C25TUV/00005937
1C25TUV,00005938,1,628704,50296,679000,0,1C25TUV/00005938
1C25TUV,00005939,1,1276852,102148,1379000,0,1C25TUV/00005939
1C25TUV,00005940,1,499074,39926,539000,0,1C25TUV/00005940
1C25TUV,00005941,1,628704,50296,679000,0,1C25TUV/00005941
1C25TUV,00005942,1,509259,40741,550000,0,1C25TUV/00005942
1C25TUV,00005943,1,545370,43630,589000,0,1C25TUV/00005943
1C25TUV,00005944,1,1276852,102148,1379000,0,1C25TUV/00005944
1C25TUV,00005945,1,628704,50296,679000,0,1C25TUV/00005945
1C25TUV,00005946,1,628704,50296,679000,0,1C25TUV/00005946
1C25TUV,00005947,1,509259,40741,550000,0,1C25TUV/00005947
1C25TUV,00005948,1,499073,39926,538999,0,1C25TUV/00005948
1C25TUV,00005949,1,2572221,205778,2777999,0,1C25TUV/00005949
1C25TUV,00005950,1,627778,50222,678000,0,1C25TUV/00005950
1C25TUV,00005951,1,165741,13259,179000,0,1C25TUV/00005951
1C25TUV,00005952,1,498148,39852,538000,0,1C25TUV/00005952
1C25TUV,00005953,1,627778,50222,678000,0,1C25TUV/00005953
1C25TUV,00005954,1,452778,36222,489000,0,1C25TUV/00005954
1C25TUV,00005955,1,627778,50222,678000,0,1C25TUV/00005955
1C25TUV,00005956,1,628704,50296,679000,0,1C25TUV/00005956
1C25TUV,00005957,1,628704,50296,679000,0,1C25TUV/00005957
1C25TUV,00005958,1,1276852,102148,1379000,0,1C25TUV/00005958
1C25TUV,00005959,1,221296,17704,239000,0,1C25TUV/00005959
1C25TUV,00005960,1,627778,50222,678000,0,1C25TUV/00005960
1C25TUV,00005961,1,1980556,158444,2139000,0,1C25TUV/00005961
1C25TUV,00005962,1,220370,17630,238000,0,1C25TUV/00005962
1C25TUV,00005963,1,627778,50222,678000,0,1C25TUV/00005963
1C25TUV,00005964,1,220370,17630,238000,0,1C25TUV/00005964
1C25TUV,00005965,1,165741,13259,179000,0,1C25TUV/00005965
1C25TUV,00005966,1,499073,39926,538999,0,1C25TUV/00005966
1C25TUV,00005967,1,2572221,205778,2777999,0,1C25TUV/00005967
1C25TUV,00005968,1,221296,17704,239000,0,1C25TUV/00005968
1C25TUV,00005969,1,405556,32444,438000,0,1C25TUV/00005969
1C25TUV,00005970,1,1054629,84370,1138999,0,1C25TUV/00005970
1C25TUV,00005971,1,499073,39926,538999,0,1C25TUV/00005971
1C25TUV,00005972,1,628704,50296,679000,0,1C25TUV/00005972
1C25TUV,00005973,1,1702778,136222,1839000,0,1C25TUV/00005973
1C25TUV,00005974,1,1276852,102148,1379000,0,1C25TUV/00005974
1C25TUV,00005975,1,1213009,97041,1310050,0,1C25TUV/00005975
1C25TUV,00005976,1,597269,47781,645050,0,1C25TUV/00005976
1C25TUV,00005977,1,597269,47781,645050,0,1C25TUV/00005977
1C25TUV,00005978,1,165741,13259,179000,0,1C25TUV/00005978
1C25TUV,00005979,1,221296,17704,239000,0,1C25TUV/00005979
1C25TUV,00005980,1,597269,47781,645050,0,1C25TUV/00005980
1C25TUV,00005981,1,1213009,97041,1310050,0,1C25TUV/00005981
1C25TUV,00005982,1,597269,47781,645050,0,1C25TUV/00005982
1C25TUV,00005983,1,164815,13185,178000,0,1C25TUV/00005983
1C25TUV,00005984,1,474119,37930,512049,0,1C25TUV/00005984
1C25TUV,00005985,1,1213009,97041,1310050,0,1C25TUV/00005985
1C25TUV,00005986,1,2180602,174448,2355050,0,1C25TUV/00005986
1C25TUV,00005987,1,2443609,195489,2639098,0,1C25TUV/00005987
1C25TUV,00005988,1,213319,17065,230384,0,1C25TUV/00005988
1C25TUV,00005989,1,597269,47781,645050,0,1C25TUV/00005989
1C25TUV,00005990,1,474119,37930,512049,0,1C25TUV/00005990
1C25TUV,00005991,1,220370,17630,238000,0,1C25TUV/00005991
1C25TUV,00005992,1,597269,47781,645050,0,1C25TUV/00005992
1C25TUV,00005993,1,611100,48888,659988,0,1C25TUV/00005993
1C25TUV,00005994,1,161100,12888,173988,0,1C25TUV/00005994
1C25TUV,00005995,1,1647393,131791,1779184,0,1C25TUV/00005995
1C25TUV,00005996,1,474119,37930,512049,0,1C25TUV/00005996
1C25TUV,00005997,1,1213009,97041,1310050,0,1C25TUV/00005997
1C25TUV,00005998,1,597269,47781,645050,0,1C25TUV/00005998
1C25TUV,00005999,1,597269,47781,645050,0,1C25TUV/00005999
1C25TUV,00006000,1,164815,13185,178000,0,1C25TUV/00006000
1C25TUV,00006001,1,1276852,102148,1379000,0,1C25TUV/00006001
1C25TUV,00006002,1,628704,50296,679000,0,1C25TUV/00006002
1C25TUV,00006003,1,628704,50296,679000,0,1C25TUV/00006003
1C25TUV,00006004,1,628704,50296,679000,0,1C25TUV/00006004
1C25TUV,00006005,1,628704,50296,679000,0,1C25TUV/00006005
1C25TUV,00006006,1,628704,50296,679000,0,1C25TUV/00006006
1C25TUV,00006007,1,628704,50296,679000,0,1C25TUV/00006007
1C25TUV,00006008,1,628704,50296,679000,0,1C25TUV/00006008
1C25TUV,00006009,1,628704,50296,679000,0,1C25TUV/00006009
1C25TUV,00006010,1,628704,50296,679000,0,1C25TUV/00006010
1C25TUV,00006011,1,1276852,102148,1379000,0,1C25TUV/00006011
1C25TUV,00006012,1,462963,37037,500000,0,1C25TUV/00006012
1C25TUV,00006013,1,1980556,158444,2139000,0,1C25TUV/00006013
1C25TUV,00006014,1,628704,50296,679000,0,1C25TUV/00006014
1C25TUV,00006015,1,509259,40741,550000,0,1C25TUV/00006015
1C25TUV,00006016,1,628704,50296,679000,0,1C25TUV/00006016
1C25TUV,00006017,1,628704,50296,679000,0,1C25TUV/00006017
1C25TUV,00006018,1,1276852,102148,1379000,0,1C25TUV/00006018
1C25TUV,00006019,1,1276852,102148,1379000,0,1C25TUV/00006019
1C25TUV,00006020,1,628704,50296,679000,0,1C25TUV/00006020
1C25TUV,00006021,1,628704,50296,679000,0,1C25TUV/00006021
1C25TUV,00006022,1,499074,39926,539000,0,1C25TUV/00006022
1C25TUV,00006023,1,628704,50296,679000,0,1C25TUV/00006023
1C25TUV,00006024,1,165741,13259,179000,0,1C25TUV/00006024
1C25TUV,00006025,1,628704,50296,679000,0,1C25TUV/00006025
1C25TUV,00006026,1,628704,50296,679000,0,1C25TUV/00006026
1C25TUV,00006027,1,628704,50296,679000,0,1C25TUV/00006027
1C25TUV,00006028,1,628704,50296,679000,0,1C25TUV/00006028
1C25TUV,00006029,1,628704,50296,679000,0,1C25TUV/00006029
1C25TUV,00006030,1,499074,39926,539000,0,1C25TUV/00006030
1C25TUV,00006031,1,1276852,102148,1379000,0,1C25TUV/00006031
1C25TUV,00006032,1,628704,50296,679000,0,1C25TUV/00006032
1C25TUV,00006033,1,628704,50296,679000,0,1C25TUV/00006033
1C25TUV,00006034,1,545370,43630,589000,0,1C25TUV/00006034
1C25TUV,00006035,1,628704,50296,679000,0,1C25TUV/00006035
1C25TUV,00006036,1,628704,50296,679000,0,1C25TUV/00006036
1C25TUV,00006037,1,628704,50296,679000,0,1C25TUV/00006037
1C25TUV,00006038,1,1702778,136222,1839000,0,1C25TUV/00006038
1C25TUV,00006039,1,509204,40736,549940,0,1C25TUV/00006039
1C25TUV,00006040,1,628704,50296,679000,0,1C25TUV/00006040
1C25TUV,00006041,1,628704,50296,679000,0,1C25TUV/00006041
1C25TUV,00006042,1,499074,39926,539000,0,1C25TUV/00006042
1C25TUV,00006043,1,628704,50296,679000,0,1C25TUV/00006043
1C25TUV,00006044,1,1702778,136222,1839000,0,1C25TUV/00006044
1C25TUV,00006045,1,628704,50296,679000,0,1C25TUV/00006045
1C25TUV,00006046,1,499074,39926,539000,0,1C25TUV/00006046
1C25TUV,00006047,1,499074,39926,539000,0,1C25TUV/00006047
1C25TUV,00006048,1,628704,50296,679000,0,1C25TUV/00006048
1C25TUV,00006049,1,499074,39926,539000,0,1C25TUV/00006049
1C25TUV,00006050,1,499074,39926,539000,0,1C25TUV/00006050
1C25TUV,00006051,1,499074,39926,539000,0,1C25TUV/00006051
1C25TUV,00006052,1,499074,39926,539000,0,1C25TUV/00006052
1C25TUV,00006053,1,1702778,136222,1839000,0,1C25TUV/00006053
1C25TUV,00006054,1,406481,32519,439000,0,1C25TUV/00006054
1C25TUV,00006055,1,221296,17704,239000,0,1C25TUV/00006055
1C25TUV,00006056,1,555500,44440,599940,0,1C25TUV/00006056
1C25TUV,00006057,1,499074,39926,539000,0,1C25TUV/00006057
1C25TUV,00006058,1,628704,50296,679000,0,1C25TUV/00006058
1C25TUV,00006059,1,628704,50296,679000,0,1C25TUV/00006059
1C25TUV,00006060,1,509259,40741,550000,0,1C25TUV/00006060
1C25TUV,00006061,1,499074,39926,539000,0,1C25TUV/00006061
1C25TUV,00006062,1,499074,39926,539000,0,1C25TUV/00006062
1C25TUV,00006063,1,628704,50296,679000,0,1C25TUV/00006063
1C25TUV,00006064,1,628704,50296,679000,0,1C25TUV/00006064
1C25TUV,00006065,1,499074,39926,539000,0,1C25TUV/00006065
1C25TUV,00006066,1,499074,39926,539000,0,1C25TUV/00006066
1C25TUV,00006067,1,499074,39926,539000,0,1C25TUV/00006067
1C25TUV,00006068,1,499074,39926,539000,0,1C25TUV/00006068
1C25TUV,00006069,1,1147222,91778,1239000,0,1C25TUV/00006069
1C25TUV,00006070,1,803704,64296,868000,0,1C25TUV/00006070
1C25TUV,00006071,1,499074,39926,539000,0,1C25TUV/00006071
1C25TUV,00006072,1,2461111,196889,2658000,0,1C25TUV/00006072
1C25TUV,00006073,1,1369444,109556,1479000,0,1C25TUV/00006073
1C25TUV,00006074,1,998148,79852,1078000,0,1C25TUV/00006074
1C25TUV,00006075,1,998148,79852,1078000,0,1C25TUV/00006075
1C25TUV,00006076,1,499074,39926,539000,0,1C25TUV/00006076
1C25TUV,00006077,1,499074,39926,539000,0,1C25TUV/00006077
1C25TUV,00006078,1,1276852,102148,1379000,0,1C25TUV/00006078
1C25TUV,00006079,1,499074,39926,539000,0,1C25TUV/00006079
1C25TUV,00006080,1,499074,39926,539000,0,1C25TUV/00006080
1C25TUV,00006081,1,628704,50296,679000,0,1C25TUV/00006081
1C25TUV,00006082,1,1276852,102148,1379000,0,1C25TUV/00006082
1C25TUV,00006083,1,499074,39926,539000,0,1C25TUV/00006083
1C25TUV,00006084,1,499074,39926,539000,0,1C25TUV/00006084
1C25TUV,00006085,1,406481,32519,439000,0,1C25TUV/00006085
1C25TUV,00006086,1,628704,50296,679000,0,1C25TUV/00006086
1C25TUV,00006087,1,628704,50296,679000,0,1C25TUV/00006087
1C25TUV,00006088,1,1702778,136222,1839000,0,1C25TUV/00006088
1C25TUV,00006089,1,2295370,183630,2479000,0,1C25TUV/00006089
1C25TUV,00006090,1,2295370,183630,2479000,0,1C25TUV/00006090
1C25TUV,00006091,1,2758333,220667,2979000,0,1C25TUV/00006091
1C25TUV,00006092,1,1980556,158444,2139000,0,1C25TUV/00006092
1C25TUV,00006093,1,1980556,158444,2139000,0,1C25TUV/00006093
1C25TUV,00006094,1,1980556,158444,2139000,0,1C25TUV/00006094
1C25TUV,00006095,1,1980556,158444,2139000,0,1C25TUV/00006095
1C25TUV,00006096,1,1980556,158444,2139000,0,1C25TUV/00006096
1C25TUV,00006097,1,1980556,158444,2139000,0,1C25TUV/00006097
1C25TUV,00006098,1,2573148,205852,2779000,0,1C25TUV/00006098
1C25TUV,00006099,1,2573148,205852,2779000,0,1C25TUV/00006099
1C25TUV,00006100,1,2573148,205852,2779000,0,1C25TUV/00006100
1C25TUV,00006101,1,2573148,205852,2779000,0,1C25TUV/00006101
1C25TUV,00006102,1,2573148,205852,2779000,0,1C25TUV/00006102
1C25TUV,00006103,1,4147222,331778,4479000,0,1C25TUV/00006103
1C25TUV,00006104,1,8109259,648741,8758000,0,1C25TUV/00006104
1C25TUV,00006105,1,1054630,84370,1139000,0,1C25TUV/00006105
1C25TUV,00006106,1,738889,59111,798000,0,1C25TUV/00006106
1C25TUV,00006107,1,555556,44444,600000,0,1C25TUV/00006107
1C25TUV,00006109,1,2994444,239556,3234000,0,1C25TUV/00006109
1C25TUV,00006110,1,7100667,568053,7668720,0,1C25TUV/00006110
1C25TUV,00006111,1,18415333,1473227,19888560,0,1C25TUV/00006111
1C25TUV,00006112,1,1580555,126444,1706999,0,1C25TUV/00006112
1C25TUV,00006113,1,1127777,90222,1217999,0,1C25TUV/00006113
1C25TUV,00006114,1,1795371,143630,1939001,0,1C25TUV/00006114
1C25TUV,00006115,1,1702778,136222,1839000,0,1C25TUV/00006115
1C25TUV,00006116,1,1702778,136222,1839000,0,1C25TUV/00006116
1C25TUV,00006117,1,2295370,183630,2479000,0,1C25TUV/00006117
1C25TUV,00006118,1,2295370,183630,2479000,0,1C25TUV/00006118
1C25TUV,00006119,1,2295370,183630,2479000,0,1C25TUV/00006119
1C25TUV,00006120,1,2295370,183630,2479000,0,1C25TUV/00006120
1C25TUV,00006121,1,1980556,158444,2139000,0,1C25TUV/00006121
1C25TUV,00006122,1,1980556,158444,2139000,0,1C25TUV/00006122
1C25TUV,00006123,1,1980556,158444,2139000,0,1C25TUV/00006123
1C25TUV,00006124,1,5146296,411704,5558000,0,1C25TUV/00006124
1C25TUV,00006125,1,2573148,205852,2779000,0,1C25TUV/00006125
1C25TUV,00006126,1,2573148,205852,2779000,0,1C25TUV/00006126
1C25TUV,00006127,1,2573148,205852,2779000,0,1C25TUV/00006127
1C25TUV,00006128,1,2573148,205852,2779000,0,1C25TUV/00006128
1C25TUV,00006129,1,998148,79852,1078000,0,1C25TUV/00006129
1C25TUV,00006130,1,628704,50296,679000,0,1C25TUV/00006130
1C25TUV,00006131,1,2295370,183630,2479000,0,1C25TUV/00006131
1C25TUV,00006132,1,628704,50296,679000,0,1C25TUV/00006132
1C25TUV,00006133,1,628704,50296,679000,0,1C25TUV/00006133
1C25TUV,00006134,1,1276852,102148,1379000,0,1C25TUV/00006134
1C25TUV,00006135,1,628704,50296,679000,0,1C25TUV/00006135
1C25TUV,00006136,1,628704,50296,679000,0,1C25TUV/00006136
1C25TUV,00006137,1,1276852,102148,1379000,0,1C25TUV/00006137
1C25TUV,00006138,1,628704,50296,679000,0,1C25TUV/00006138
1C25TUV,00006139,1,1276852,102148,1379000,0,1C25TUV/00006139
1C25TUV,00006140,1,628704,50296,679000,0,1C25TUV/00006140
1C25TUV,00006141,1,499074,39926,539000,0,1C25TUV/00006141
1C25TUV,00006142,1,675000,54000,729000,0,1C25TUV/00006142
1C25TUV,00006143,1,628704,50296,679000,0,1C25TUV/00006143
1C25TUV,00006144,1,628704,50296,679000,0,1C25TUV/00006144
1C25TUV,00006145,1,998148,79852,1078000,0,1C25TUV/00006145
1C25TUV,00006146,1,628704,50296,679000,0,1C25TUV/00006146
1C25TUV,00006147,1,628704,50296,679000,0,1C25TUV/00006147
1C25TUV,00006148,1,628704,50296,679000,0,1C25TUV/00006148
1C25TUV,00006149,1,499074,39926,539000,0,1C25TUV/00006149
1C25TUV,00006150,1,499074,39926,539000,0,1C25TUV/00006150
1C25TUV,00006151,1,628704,50296,679000,0,1C25TUV/00006151
1C25TUV,00006152,1,628704,50296,679000,0,1C25TUV/00006152
1C25TUV,00006153,1,628704,50296,679000,0,1C25TUV/00006153
1C25TUV,00006154,1,628704,50296,679000,0,1C25TUV/00006154
1C25TUV,00006155,1,1702778,136222,1839000,0,1C25TUV/00006155
1C25TUV,00006156,1,1276852,102148,1379000,0,1C25TUV/00006156
1C25TUV,00006157,1,499074,39926,539000,0,1C25TUV/00006157
1C25TUV,00006158,1,628704,50296,679000,0,1C25TUV/00006158
1C25TUV,00006159,1,1980556,158444,2139000,0,1C25TUV/00006159
1C25TUV,00006160,1,1276852,102148,1379000,0,1C25TUV/00006160
1C25TUV,00006161,1,499074,39926,539000,0,1C25TUV/00006161
1C25TUV,00006162,1,499074,39926,539000,0,1C25TUV/00006162
1C25TUV,00006163,1,499074,39926,539000,0,1C25TUV/00006163
1C25TUV,00006164,1,1054630,84370,1139000,0,1C25TUV/00006164
1C25TUV,00006165,1,1369444,109556,1479000,0,1C25TUV/00006165
1C25TUV,00006166,1,499074,39926,539000,0,1C25TUV/00006166
1C25TUV,00006167,1,1276852,102148,1379000,0,1C25TUV/00006167
1C25TUV,00006168,1,1369444,109556,1479000,0,1C25TUV/00006168
1C25TUV,00006169,1,1276852,102148,1379000,0,1C25TUV/00006169
1C25TUV,00006170,1,499074,39926,539000,0,1C25TUV/00006170
1C25TUV,00006171,1,628704,50296,679000,0,1C25TUV/00006171
1C25TUV,00006172,1,1276852,102148,1379000,0,1C25TUV/00006172
1C25TUV,00006173,1,499074,39926,539000,0,1C25TUV/00006173
1C25TUV,00006174,1,499074,39926,539000,0,1C25TUV/00006174
1C25TUV,00006175,1,499074,39926,539000,0,1C25TUV/00006175
1C25TUV,00006176,1,499074,39926,539000,0,1C25TUV/00006176
1C25TUV,00006177,1,1018519,81481,1100000,0,1C25TUV/00006177
1C25TUV,00006178,1,1369444,109556,1479000,0,1C25TUV/00006178
1C25TUV,00006179,1,509208,40737,549945,0,1C25TUV/00006179
1C25TUV,00006180,1,499074,39926,539000,0,1C25TUV/00006180
1C25TUV,00006181,1,499074,39926,539000,0,1C25TUV/00006181
1C25TUV,00006182,1,499074,39926,539000,0,1C25TUV/00006182
1C25TUV,00006183,1,499074,39926,539000,0,1C25TUV/00006183
1C25TUV,00006184,1,499074,39926,539000,0,1C25TUV/00006184
1C25TUV,00006185,1,221296,17704,239000,0,1C25TUV/00006185
1C25TUV,00006186,1,628704,50296,679000,0,1C25TUV/00006186
1C25TUV,00006187,1,499074,39926,539000,0,1C25TUV/00006187
1C25TUV,00006188,1,499074,39926,539000,0,1C25TUV/00006188
1C25TUV,00006189,1,499074,39926,539000,0,1C25TUV/00006189
1C25TUV,00006190,1,499074,39926,539000,0,1C25TUV/00006190
1C25TUV,00006191,1,499074,39926,539000,0,1C25TUV/00006191
1C25TUV,00006192,1,499074,39926,539000,0,1C25TUV/00006192
1C25TUV,00006193,1,499074,39926,539000,0,1C25TUV/00006193
1C25TUV,00006194,1,628704,50296,679000,0,1C25TUV/00006194
1C25TUV,00006195,1,509204,40736,549940,0,1C25TUV/00006195
1C25TUV,00006196,1,628704,50296,679000,0,1C25TUV/00006196
1C25TUV,00006197,1,628704,50296,679000,0,1C25TUV/00006197
1C25TUV,00006198,1,499074,39926,539000,0,1C25TUV/00006198
1C25TUV,00006199,1,499074,39926,539000,0,1C25TUV/00006199
1C25TUV,00006200,1,499074,39926,539000,0,1C25TUV/00006200
1C25TUV,00006201,1,1369444,109556,1479000,0,1C25TUV/00006201
1C25TUV,00006202,1,628704,50296,679000,0,1C25TUV/00006202
1C25TUV,00006203,1,1276852,102148,1379000,0,1C25TUV/00006203
1C25TUV,00006204,1,1054630,84370,1139000,0,1C25TUV/00006204
1C25TUV,00006205,1,499074,39926,539000,0,1C25TUV/00006205
1C25TUV,00006206,1,221296,17704,239000,0,1C25TUV/00006206
1C25TUV,00006207,1,2295370,183630,2479000,0,1C25TUV/00006207
1C25TUV,00006208,1,499074,39926,539000,0,1C25TUV/00006208
1C25TUV,00006209,1,628704,50296,679000,0,1C25TUV/00006209
1C25TUV,00006210,1,406481,32519,439000,0,1C25TUV/00006210
1C25TUV,00006211,1,499074,39926,539000,0,1C25TUV/00006211
1C25TUV,00006212,1,499074,39926,539000,0,1C25TUV/00006212
1C25TUV,00006213,1,1257407,100593,1358000,0,1C25TUV/00006213
1C25TUV,00006214,1,499074,39926,539000,0,1C25TUV/00006214
1C25TUV,00006215,1,628704,50296,679000,0,1C25TUV/00006215
1C25TUV,00006216,1,1276852,102148,1379000,0,1C25TUV/00006216
1C25TUV,00006217,1,221296,17704,239000,0,1C25TUV/00006217
1C25TUV,00006218,1,499074,39926,539000,0,1C25TUV/00006218
1C25TUV,00006219,1,499074,39926,539000,0,1C25TUV/00006219
1C25TUV,00006220,1,628704,50296,679000,0,1C25TUV/00006220
1C25TUV,00006221,1,628704,50296,679000,0,1C25TUV/00006221
1C25TUV,00006222,1,998148,79852,1078000,0,1C25TUV/00006222
1C25TUV,00006223,1,628704,50296,679000,0,1C25TUV/00006223
1C25TUV,00006224,1,406481,32519,439000,0,1C25TUV/00006224
1C25TUV,00006225,1,406481,32519,439000,0,1C25TUV/00006225
1C25TUV,00006226,1,499074,39926,539000,0,1C25TUV/00006226
1C25TUV,00006227,1,462963,37037,500000,0,1C25TUV/00006227
1C25TUV,00006228,1,1600926,128074,1729000,0,1C25TUV/00006228
1C25TUV,00006229,1,2180602,174448,2355050,0,1C25TUV/00006229
1C25TUV,00006230,1,1881528,150522,2032050,0,1C25TUV/00006230
1C25TUV,00006231,1,1881528,150522,2032050,0,1C25TUV/00006231
1C25TUV,00006232,1,2478704,198296,2677000,0,1C25TUV/00006232
1C25TUV,00006233,1,2443609,195489,2639098,0,1C25TUV/00006233
1C25TUV,00006234,1,2443609,195489,2639098,0,1C25TUV/00006234
1C25TUV,00006235,1,1881528,150522,2032050,0,1C25TUV/00006235
1C25TUV,00006236,1,509258,40741,549999,0,1C25TUV/00006236
1C25TUV,00006237,1,1631261,130501,1761762,0,1C25TUV/00006237
1C25TUV,00006238,1,509259,40741,550000,0,1C25TUV/00006238
1C25TUV,00006239,1,628704,50296,679000,0,1C25TUV/00006239
1C25TUV,00006240,1,628704,50296,679000,0,1C25TUV/00006240
1C25TUV,00006241,1,499074,39926,539000,0,1C25TUV/00006241
1C25TUV,00006242,1,499074,39926,539000,0,1C25TUV/00006242
1C25TUV,00006243,1,1276852,102148,1379000,0,1C25TUV/00006243
1C25TUV,00006244,1,675000,54000,729000,0,1C25TUV/00006244
1C25TUV,00006245,1,628704,50296,679000,0,1C25TUV/00006245
1C25TUV,00006246,1,628704,50296,679000,0,1C25TUV/00006246
1C25TUV,00006247,1,1702778,136222,1839000,0,1C25TUV/00006247
1C25TUV,00006248,1,1276852,102148,1379000,0,1C25TUV/00006248
1C25TUV,00006249,1,499074,39926,539000,0,1C25TUV/00006249
1C25TUV,00006250,1,628704,50296,679000,0,1C25TUV/00006250
1C25TUV,00006251,1,628704,50296,679000,0,1C25TUV/00006251
1C25TUV,00006252,1,1276852,102148,1379000,0,1C25TUV/00006252
1C25TUV,00006253,1,627778,50222,678000,0,1C25TUV/00006253
1C25TUV,00006254,1,628704,50296,679000,0,1C25TUV/00006254
1C25TUV,00006255,1,1276852,102148,1379000,0,1C25TUV/00006255
1C25TUV,00006256,1,1054630,84370,1139000,0,1C25TUV/00006256
1C25TUV,00006257,1,627778,50222,678000,0,1C25TUV/00006257
1C25TUV,00006258,1,628704,50296,679000,0,1C25TUV/00006258
1C25TUV,00006259,1,628704,50296,679000,0,1C25TUV/00006259
1C25TUV,00006260,1,628704,50296,679000,0,1C25TUV/00006260
1C25TUV,00006261,1,628704,50296,679000,0,1C25TUV/00006261
1C25TUV,00006262,1,628704,50296,679000,0,1C25TUV/00006262
1C25TUV,00006263,1,627778,50222,678000,0,1C25TUV/00006263
1C25TUV,00006264,1,628704,50296,679000,0,1C25TUV/00006264
1C25TUV,00006265,1,499074,39926,539000,0,1C25TUV/00006265
1C25TUV,00006266,1,628704,50296,679000,0,1C25TUV/00006266
1C25TUV,00006267,1,628704,50296,679000,0,1C25TUV/00006267
1C25TUV,00006268,1,499074,39926,539000,0,1C25TUV/00006268
1C25TUV,00006269,1,628704,50296,679000,0,1C25TUV/00006269
1C25TUV,00006270,1,628704,50296,679000,0,1C25TUV/00006270
1C25TUV,00006271,1,628704,50296,679000,0,1C25TUV/00006271
1C25TUV,00006272,1,628704,50296,679000,0,1C25TUV/00006272
1C25TUV,00006273,1,627778,50222,678000,0,1C25TUV/00006273
1C25TUV,00006274,1,627778,50222,678000,0,1C25TUV/00006274
1C25TUV,00006275,1,499073,39926,538999,0,1C25TUV/00006275
1C25TUV,00006276,1,628704,50296,679000,0,1C25TUV/00006276
1C25TUV,00006277,1,1980556,158444,2139000,0,1C25TUV/00006277
1C25TUV,00006278,1,628704,50296,679000,0,1C25TUV/00006278
1C25TUV,00006279,1,628704,50296,679000,0,1C25TUV/00006279
1C25TUV,00006280,1,628704,50296,679000,0,1C25TUV/00006280
1C25TUV,00006281,1,1980556,158444,2139000,0,1C25TUV/00006281
1C25TUV,00006282,1,628704,50296,679000,0,1C25TUV/00006282
1C25TUV,00006283,1,628704,50296,679000,0,1C25TUV/00006283
1C25TUV,00006284,1,627778,50222,678000,0,1C25TUV/00006284
1C25TUV,00006285,1,499074,39926,539000,0,1C25TUV/00006285
1C25TUV,00006286,1,628704,50296,679000,0,1C25TUV/00006286
1C25TUV,00006287,1,499074,39926,539000,0,1C25TUV/00006287
1C25TUV,00006288,1,499073,39926,538999,0,1C25TUV/00006288
1C25TUV,00006289,1,221296,17704,239000,0,1C25TUV/00006289
1C25TUV,00006290,1,597269,47781,645050,0,1C25TUV/00006290
1C25TUV,00006291,1,611100,48888,659988,0,1C25TUV/00006291
1C25TUV,00006292,1,161100,12888,173988,0,1C25TUV/00006292
1C25TUV,00006293,1,597269,47781,645050,0,1C25TUV/00006293
1C25TUV,00006294,1,1213009,97041,1310050,0,1C25TUV/00006294
1C25TUV,00006295,1,597269,47781,645050,0,1C25TUV/00006295
1C25TUV,00006296,1,597269,47781,645050,0,1C25TUV/00006296
1C25TUV,00006297,1,597269,47781,645050,0,1C25TUV/00006297
1C25TUV,00006298,1,597269,47781,645050,0,1C25TUV/00006298
1C25TUV,00006299,1,474119,37930,512049,0,1C25TUV/00006299
1C25TUV,00006300,1,1881528,150522,2032050,0,1C25TUV/00006300
1C25TUV,00006301,1,597269,47781,645050,0,1C25TUV/00006301
1C25TUV,00006302,1,1239298,99144,1338442,0,1C25TUV/00006302
1C25TUV,00006303,1,597269,47781,645050,0,1C25TUV/00006303
1C25TUV,00006304,1,2231100,178488,2409588,0,1C25TUV/00006304
1C25TUV,00006305,1,220370,17630,238000,0,1C25TUV/00006305
1C25TUV,00006306,1,597269,47781,645050,0,1C25TUV/00006306
1C25TUV,00006307,1,597269,47781,645050,0,1C25TUV/00006307
1C25TUV,00006308,1,221296,17704,239000,0,1C25TUV/00006308
1C25TUV,00006309,1,474119,37930,512049,0,1C25TUV/00006309
1C25TUV,00006310,1,1194537,95563,1290100,0,1C25TUV/00006310
1C25TUV,00006311,1,597269,47781,645050,0,1C25TUV/00006311
1C25TUV,00006312,1,597269,47781,645050,0,1C25TUV/00006312
1C25TUV,00006313,1,509258,40741,549999,0,1C25TUV/00006313
1C25TUV,00006314,1,597269,47781,645050,0,1C25TUV/00006314
1C25TUV,00006315,1,597269,47781,645050,0,1C25TUV/00006315
1C25TUV,00006316,1,597269,47781,645050,0,1C25TUV/00006316
1C25TUV,00006317,1,494444,39555,533999,0,1C25TUV/00006317
1C25TUV,00006318,1,597269,47781,645050,0,1C25TUV/00006318
1C25TUV,00006319,1,160200,12816,173016,0,1C25TUV/00006319
1C25TUV,00006320,1,1213009,97041,1310050,0,1C25TUV/00006320
1C25TUV,00006321,1,597269,47781,645050,0,1C25TUV/00006321
1C25TUV,00006322,1,597269,47781,645050,0,1C25TUV/00006322
1C25TUV,00006323,1,597269,47781,645050,0,1C25TUV/00006323
1C25TUV,00006324,1,163333,13067,176400,0,1C25TUV/00006324
1C25TUV,00006325,1,962036,76963,1038999,0,1C25TUV/00006325
1C25TUV,00006326,1,597269,47781,645050,0,1C25TUV/00006326
1C25TUV,00006327,1,509259,40741,550000,0,1C25TUV/00006327
1C25TUV,00006328,1,165741,13259,179000,0,1C25TUV/00006328
1C25TUV,00006329,1,474119,37930,512049,0,1C25TUV/00006329
1C25TUV,00006330,1,474119,37930,512049,0,1C25TUV/00006330
1C25TUV,00006331,1,1462037,116963,1579000,0,1C25TUV/00006331
1C25TUV,00006332,1,597269,47781,645050,0,1C25TUV/00006332
1C25TUV,00006333,1,474119,37930,512049,0,1C25TUV/00006333
1C25TUV,00006334,1,385278,30822,416100,0,1C25TUV/00006334
1C25TUV,00006335,1,597269,47781,645050,0,1C25TUV/00006335
1C25TUV,00006336,1,597269,47781,645050,0,1C25TUV/00006336
1C25TUV,00006337,1,597269,47781,645050,0,1C25TUV/00006337
1C25TUV,00006338,1,221296,17704,239000,0,1C25TUV/00006338
1C25TUV,00006339,1,962036,76963,1038999,0,1C25TUV/00006339
1C25TUV,00006340,1,474119,37930,512049,0,1C25TUV/00006340
1C25TUV,00006341,1,509258,40741,549999,0,1C25TUV/00006341
1C25TUV,00006342,1,474119,37930,512049,0,1C25TUV/00006342
1C25TUV,00006343,1,626852,50148,677000,0,1C25TUV/00006343
1C25TUV,00006344,1,626852,50148,677000,0,1C25TUV/00006344
1C25TUV,00006345,1,221296,17704,239000,0,1C25TUV/00006345
1C25TUV,00006346,1,597269,47781,645050,0,1C25TUV/00006346
1C25TUV,00006347,1,462962,37037,499999,0,1C25TUV/00006347
1C25TUV,00006348,1,597269,47781,645050,0,1C25TUV/00006348
1C25TUV,00006349,1,597269,47781,645050,0,1C25TUV/00006349
1C25TUV,00006350,1,452778,36222,489000,0,1C25TUV/00006350
1C25TUV,00006351,1,597269,47781,645050,0,1C25TUV/00006351
1C25TUV,00006352,1,474119,37930,512049,0,1C25TUV/00006352
1C25TUV,00006353,1,597269,47781,645050,0,1C25TUV/00006353
1C25TUV,00006354,1,597269,47781,645050,0,1C25TUV/00006354
1C25TUV,00006355,1,1213009,97041,1310050,0,1C25TUV/00006355
1C25TUV,00006356,1,597269,47781,645050,0,1C25TUV/00006356
1C25TUV,00006357,1,474119,37930,512049,0,1C25TUV/00006357
1C25TUV,00006358,1,474119,37930,512049,0,1C25TUV/00006358
1C25TUV,00006359,1,474119,37930,512049,0,1C25TUV/00006359
1C25TUV,00006360,1,215100,17208,232308,0,1C25TUV/00006360
1C25TUV,00006361,1,1213009,97041,1310050,0,1C25TUV/00006361
1C25TUV,00006362,1,597269,47781,645050,0,1C25TUV/00006362
1C25TUV,00006363,1,215100,17208,232308,0,1C25TUV/00006363
1C25TUV,00006364,1,474119,37930,512049,0,1C25TUV/00006364
1C25TUV,00006365,1,474119,37930,512049,0,1C25TUV/00006365
1C25TUV,00006366,1,597269,47781,645050,0,1C25TUV/00006366
1C25TUV,00006367,1,597269,47781,645050,0,1C25TUV/00006367
1C25TUV,00006368,1,628704,50296,679000,0,1C25TUV/00006368
1C25TUV,00006369,1,611100,48888,659988,0,1C25TUV/00006369
1C25TUV,00006370,1,2295370,183630,2479000,0,1C25TUV/00006370
1C25TUV,00006371,1,221296,17704,239000,0,1C25TUV/00006371
1C25TUV,00006372,1,628704,50296,679000,0,1C25TUV/00006372
1C25TUV,00006373,1,499073,39926,538999,0,1C25TUV/00006373
1C25TUV,00006374,1,627778,50222,678000,0,1C25TUV/00006374
1C25TUV,00006375,1,1276852,102148,1379000,0,1C25TUV/00006375
1C25TUV,00006376,1,627778,50222,678000,0,1C25TUV/00006376
1C25TUV,00006377,1,2295370,183630,2479000,0,1C25TUV/00006377
1C25TUV,00006378,1,554630,44370,599000,0,1C25TUV/00006378
1C25TUV,00006379,1,627414,50193,677607,0,1C25TUV/00006379
1C25TUV,00006380,1,628704,50296,679000,0,1C25TUV/00006380
1C25TUV,00006381,1,628704,50296,679000,0,1C25TUV/00006381
1C25TUV,00006382,1,628704,50296,679000,0,1C25TUV/00006382
1C25TUV,00006383,1,628704,50296,679000,0,1C25TUV/00006383
1C25TUV,00006384,1,628704,50296,679000,0,1C25TUV/00006384
1C25TUV,00006385,1,2295370,183630,2479000,0,1C25TUV/00006385
1C25TUV,00006386,1,2994444,239556,3234000,0,1C25TUV/00006386
1C25TUV,00006387,1,555500,44440,599940,0,1C25TUV/00006387
1C25TUV,00006388,1,499074,39926,539000,0,1C25TUV/00006388
1C25TUV,00006389,1,499074,39926,539000,0,1C25TUV/00006389
1C25TUV,00006390,1,628704,50296,679000,0,1C25TUV/00006390
1C25TUV,00006391,1,628704,50296,679000,0,1C25TUV/00006391
1C25TUV,00006392,1,1369444,109556,1479000,0,1C25TUV/00006392
1C25TUV,00006393,1,628704,50296,679000,0,1C25TUV/00006393
1C25TUV,00006394,1,1276852,102148,1379000,0,1C25TUV/00006394
1C25TUV,00006395,1,1702778,136222,1839000,0,1C25TUV/00006395
1C25TUV,00006396,1,628704,50296,679000,0,1C25TUV/00006396
1C25TUV,00006397,1,628704,50296,679000,0,1C25TUV/00006397
1C25TUV,00006398,1,1839815,147185,1987000,0,1C25TUV/00006398
1C25TUV,00006399,1,628704,50296,679000,0,1C25TUV/00006399
1C25TUV,00006400,1,628704,50296,679000,0,1C25TUV/00006400
1C25TUV,00006401,1,1054630,84370,1139000,0,1C25TUV/00006401
1C25TUV,00006402,1,499074,39926,539000,0,1C25TUV/00006402
1C25TUV,00006403,1,165741,13259,179000,0,1C25TUV/00006403
1C25TUV,00006404,1,998148,79852,1078000,0,1C25TUV/00006404
1C25TUV,00006405,1,2295370,183630,2479000,0,1C25TUV/00006405
1C25TUV,00006406,1,499074,39926,539000,0,1C25TUV/00006406
1C25TUV,00006407,1,406481,32519,439000,0,1C25TUV/00006407
1C25TUV,00006408,1,628704,50296,679000,0,1C25TUV/00006408
1C25TUV,00006409,1,509259,40741,550000,0,1C25TUV/00006409
1C25TUV,00006410,1,628704,50296,679000,0,1C25TUV/00006410
1C25TUV,00006411,1,628704,50296,679000,0,1C25TUV/00006411
1C25TUV,00006412,1,221296,17704,239000,0,1C25TUV/00006412
1C25TUV,00006413,1,499074,39926,539000,0,1C25TUV/00006413
1C25TUV,00006414,1,499074,39926,539000,0,1C25TUV/00006414
1C25TUV,00006415,1,628704,50296,679000,0,1C25TUV/00006415
1C25TUV,00006416,1,1276852,102148,1379000,0,1C25TUV/00006416
1C25TUV,00006417,1,499074,39926,539000,0,1C25TUV/00006417
1C25TUV,00006418,1,1276852,102148,1379000,0,1C25TUV/00006418
1C25TUV,00006419,1,628704,50296,679000,0,1C25TUV/00006419
1C25TUV,00006420,1,1276852,102148,1379000,0,1C25TUV/00006420
1C25TUV,00006421,1,499074,39926,539000,0,1C25TUV/00006421
1C25TUV,00006422,1,499074,39926,539000,0,1C25TUV/00006422
1C25TUV,00006423,1,1147222,91778,1239000,0,1C25TUV/00006423
1C25TUV,00006424,1,221296,17704,239000,0,1C25TUV/00006424
1C25TUV,00006425,1,509259,40741,550000,0,1C25TUV/00006425
1C25TUV,00006426,1,499074,39926,539000,0,1C25TUV/00006426
1C25TUV,00006427,1,499074,39926,539000,0,1C25TUV/00006427
1C25TUV,00006428,1,221296,17704,239000,0,1C25TUV/00006428
1C25TUV,00006429,1,1276852,102148,1379000,0,1C25TUV/00006429
1C25TUV,00006430,1,499074,39926,539000,0,1C25TUV/00006430
1C25TUV,00006431,1,499074,39926,539000,0,1C25TUV/00006431
1C25TUV,00006432,1,628704,50296,679000,0,1C25TUV/00006432
1C25TUV,00006433,1,499074,39926,539000,0,1C25TUV/00006433
1C25TUV,00006434,1,555500,44440,599940,0,1C25TUV/00006434
1C25TUV,00006435,1,499074,39926,539000,0,1C25TUV/00006435
1C25TUV,00006436,1,406481,32519,439000,0,1C25TUV/00006436
1C25TUV,00006437,1,221296,17704,239000,0,1C25TUV/00006437
1C25TUV,00006438,1,499074,39926,539000,0,1C25TUV/00006438
1C25TUV,00006439,1,555500,44440,599940,0,1C25TUV/00006439
1C25TUV,00006440,1,1054630,84370,1139000,0,1C25TUV/00006440
1C25TUV,00006441,1,406481,32519,439000,0,1C25TUV/00006441
1C25TUV,00006442,1,509204,40736,549940,0,1C25TUV/00006442
1C25TUV,00006443,1,628704,50296,679000,0,1C25TUV/00006443
1C25TUV,00006444,1,406481,32519,439000,0,1C25TUV/00006444
1C25TUV,00006445,1,628704,50296,679000,0,1C25TUV/00006445
1C25TUV,00006446,1,499074,39926,539000,0,1C25TUV/00006446
1C25TUV,00006447,1,1276852,102148,1379000,0,1C25TUV/00006447
1C25TUV,00006448,1,1182407,94593,1277000,0,1C25TUV/00006448
1C25TUV,00006449,1,221296,17704,239000,0,1C25TUV/00006449
1C25TUV,00006450,1,499074,39926,539000,0,1C25TUV/00006450
1C25TUV,00006451,1,1276852,102148,1379000,0,1C25TUV/00006451
1C25TUV,00006452,1,499074,39926,539000,0,1C25TUV/00006452
1C25TUV,00006453,1,499074,39926,539000,0,1C25TUV/00006453
1C25TUV,00006454,1,628704,50296,679000,0,1C25TUV/00006454
1C25TUV,00006455,1,628704,50296,679000,0,1C25TUV/00006455
1C25TUV,00006456,1,555556,44444,600000,0,1C25TUV/00006456
1C25TUV,00006457,1,406481,32519,439000,0,1C25TUV/00006457
1C25TUV,00006458,1,499074,39926,539000,0,1C25TUV/00006458
1C25TUV,00006459,1,1276852,102148,1379000,0,1C25TUV/00006459
1C25TUV,00006460,1,1276852,102148,1379000,0,1C25TUV/00006460
1C25TUV,00006461,1,499074,39926,539000,0,1C25TUV/00006461
1C25TUV,00006462,1,1369444,109556,1479000,0,1C25TUV/00006462
1C25TUV,00006463,1,628704,50296,679000,0,1C25TUV/00006463
1C25TUV,00006464,1,628704,50296,679000,0,1C25TUV/00006464
1C25TUV,00006465,1,628704,50296,679000,0,1C25TUV/00006465
1C25TUV,00006466,1,1054630,84370,1139000,0,1C25TUV/00006466
1C25TUV,00006467,1,499074,39926,539000,0,1C25TUV/00006467
1C25TUV,00006468,1,499074,39926,539000,0,1C25TUV/00006468
1C25TUV,00006469,1,406481,32519,439000,0,1C25TUV/00006469
1C25TUV,00006470,1,628704,50296,679000,0,1C25TUV/00006470
1C25TUV,00006471,1,628704,50296,679000,0,1C25TUV/00006471
1C25TUV,00006472,1,221296,17704,239000,0,1C25TUV/00006472
1C25TUV,00006473,1,2295370,183630,2479000,0,1C25TUV/00006473
1C25TUV,00006474,1,2295370,183630,2479000,0,1C25TUV/00006474
1C25TUV,00006475,1,499074,39926,539000,0,1C25TUV/00006475
1C25TUV,00006476,1,221296,17704,239000,0,1C25TUV/00006476
1C25TUV,00006477,1,1257407,100593,1358000,0,1C25TUV/00006477
1C25TUV,00006478,1,1276852,102148,1379000,0,1C25TUV/00006478
1C25TUV,00006479,1,2295370,183630,2479000,0,1C25TUV/00006479
1C25TUV,00006480,1,628704,50296,679000,0,1C25TUV/00006480
1C25TUV,00006481,1,1332407,106593,1439000,0,1C25TUV/00006481
1C25TUV,00006482,1,1276852,102148,1379000,0,1C25TUV/00006482
1C25TUV,00006483,1,628704,50296,679000,0,1C25TUV/00006483
1C25TUV,00006484,1,499074,39926,539000,0,1C25TUV/00006484
1C25TUV,00006485,1,628704,50296,679000,0,1C25TUV/00006485
1C25TUV,00006486,1,1980556,158444,2139000,0,1C25TUV/00006486
1C25TUV,00006487,1,1276852,102148,1379000,0,1C25TUV/00006487
1C25TUV,00006488,1,499074,39926,539000,0,1C25TUV/00006488
1C25TUV,00006489,1,1276852,102148,1379000,0,1C25TUV/00006489
1C25TUV,00006490,1,221296,17704,239000,0,1C25TUV/00006490
1C25TUV,00006491,1,628704,50296,679000,0,1C25TUV/00006491
1C25TUV,00006492,1,499074,39926,539000,0,1C25TUV/00006492
1C25TUV,00006493,1,1980556,158444,2139000,0,1C25TUV/00006493
1C25TUV,00006494,1,2295370,183630,2479000,0,1C25TUV/00006494
1C25TUV,00006495,1,526852,42148,569000,0,1C25TUV/00006495
1C25TUV,00006496,1,1276852,102148,1379000,0,1C25TUV/00006496
1C25TUV,00006497,1,526852,42148,569000,0,1C25TUV/00006497
1C25TUV,00006498,1,1980556,158444,2139000,0,1C25TUV/00006498
1C25TUV,00006499,1,2295370,183630,2479000,0,1C25TUV/00006499
1C25TUV,00006500,1,1795371,143630,1939001,0,1C25TUV/00006500
1C25TUV,00006501,1,1702778,136222,1839000,0,1C25TUV/00006501
1C25TUV,00006502,1,2295370,183630,2479000,0,1C25TUV/00006502
1C25TUV,00006503,1,2295370,183630,2479000,0,1C25TUV/00006503
1C25TUV,00006504,1,2295370,183630,2479000,0,1C25TUV/00006504
1C25TUV,00006505,1,1980556,158444,2139000,0,1C25TUV/00006505
1C25TUV,00006506,1,1980556,158444,2139000,0,1C25TUV/00006506
1C25TUV,00006507,1,3155556,252444,3408000,0,1C25TUV/00006507
1C25TUV,00006508,1,2573148,205852,2779000,0,1C25TUV/00006508
1C25TUV,00006509,1,2573148,205852,2779000,0,1C25TUV/00006509
1C25TUV,00006510,1,4850926,388074,5239000,0,1C25TUV/00006510
1C25TUV,00006511,1,3962037,316963,4279000,0,1C25TUV/00006511
1C25TUV,00006512,1,3962037,316963,4279000,0,1C25TUV/00006512
1C25TUV,00006513,1,1054630,84370,1139000,0,1C25TUV/00006513
1C25TUV,00006514,1,1544445,123556,1668001,0,1C25TUV/00006514
1C25TUV,00006515,1,645370,51630,697000,0,1C25TUV/00006515
1C25TUV,00006516,1,2850926,228074,3079000,0,1C25TUV/00006516
1C25TUV,00006517,1,1617639,129411,1747050,0,1C25TUV/00006517
1C25TUV,00006518,1,1617639,129411,1747050,0,1C25TUV/00006518
1C25TUV,00006519,1,1881528,150522,2032050,0,1C25TUV/00006519
1C25TUV,00006520,1,1881528,150522,2032050,0,1C25TUV/00006520
1C25TUV,00006521,1,1924200,153936,2078136,0,1C25TUV/00006521
1C25TUV,00006522,1,1881528,150522,2032050,0,1C25TUV/00006522
1C25TUV,00006523,1,2443609,195489,2639098,0,1C25TUV/00006523
1C25TUV,00006524,1,2443609,195489,2639098,0,1C25TUV/00006524
1C25TUV,00006525,1,2443609,195489,2639098,0,1C25TUV/00006525
1C25TUV,00006526,1,2443609,195489,2639098,0,1C25TUV/00006526
1C25TUV,00006527,1,2443609,195489,2639098,0,1C25TUV/00006527
1C25TUV,00006528,1,2443609,195489,2639098,0,1C25TUV/00006528
1C25TUV,00006529,1,1184259,94741,1279000,0,1C25TUV/00006529
1C25TUV,00006530,1,2892639,231411,3124050,0,1C25TUV/00006530
1C25TUV,00006531,1,2180602,174448,2355050,0,1C25TUV/00006531
1C25TUV,00006532,1,606070,48486,654556,0,1C25TUV/00006532
1C25TUV,00006533,1,606070,48486,654556,0,1C25TUV/00006533
1C25TUV,00006534,1,628704,50296,679000,0,1C25TUV/00006534
1C25TUV,00006535,1,628704,50296,679000,0,1C25TUV/00006535
1C25TUV,00006536,1,1276852,102148,1379000,0,1C25TUV/00006536
1C25TUV,00006537,1,1276852,102148,1379000,0,1C25TUV/00006537
1C25TUV,00006538,1,628704,50296,679000,0,1C25TUV/00006538
1C25TUV,00006539,1,628704,50296,679000,0,1C25TUV/00006539
1C25TUV,00006540,1,1980556,158444,2139000,0,1C25TUV/00006540
1C25TUV,00006541,1,1702778,136222,1839000,0,1C25TUV/00006541
1C25TUV,00006542,1,628704,50296,679000,0,1C25TUV/00006542
1C25TUV,00006543,1,499074,39926,539000,0,1C25TUV/00006543
1C25TUV,00006544,1,2572221,205778,2777999,0,1C25TUV/00006544
1C25TUV,00006545,1,220370,17630,238000,0,1C25TUV/00006545
1C25TUV,00006546,1,628704,50296,679000,0,1C25TUV/00006546
1C25TUV,00006547,1,628704,50296,679000,0,1C25TUV/00006547
1C25TUV,00006548,1,1054630,84370,1139000,0,1C25TUV/00006548
1C25TUV,00006549,1,628704,50296,679000,0,1C25TUV/00006549
1C25TUV,00006550,1,509259,40741,550000,0,1C25TUV/00006550
1C25TUV,00006551,1,221296,17704,239000,0,1C25TUV/00006551
1C25TUV,00006552,1,628704,50296,679000,0,1C25TUV/00006552
1C25TUV,00006553,1,1213009,97041,1310050,0,1C25TUV/00006553
1C25TUV,00006554,1,597269,47781,645050,0,1C25TUV/00006554
1C25TUV,00006555,1,597269,47781,645050,0,1C25TUV/00006555
1C25TUV,00006556,1,1194537,95563,1290100,0,1C25TUV/00006556
1C25TUV,00006557,1,597269,47781,645050,0,1C25TUV/00006557
1C25TUV,00006558,1,2180602,174448,2355050,0,1C25TUV/00006558
1C25TUV,00006559,1,1213009,97041,1310050,0,1C25TUV/00006559
1C25TUV,00006560,1,1194537,95563,1290100,0,1C25TUV/00006560
1C25TUV,00006561,1,597269,47781,645050,0,1C25TUV/00006561
1C25TUV,00006562,1,597269,47781,645050,0,1C25TUV/00006562
1C25TUV,00006563,1,597269,47781,645050,0,1C25TUV/00006563
1C25TUV,00006564,1,2758333,220667,2979000,0,1C25TUV/00006564
1C25TUV,00006565,1,597269,47781,645050,0,1C25TUV/00006565
1C25TUV,00006566,1,597269,47781,645050,0,1C25TUV/00006566
1C25TUV,00006567,1,597269,47781,645050,0,1C25TUV/00006567
1C25TUV,00006568,1,597269,47781,645050,0,1C25TUV/00006568
1C25TUV,00006569,1,484259,38741,523000,0,1C25TUV/00006569
1C25TUV,00006570,1,474119,37930,512049,0,1C25TUV/00006570
1C25TUV,00006571,1,597269,47781,645050,0,1C25TUV/00006571
1C25TUV,00006572,1,597269,47781,645050,0,1C25TUV/00006572
1C25TUV,00006573,1,449100,35928,485028,0,1C25TUV/00006573
1C25TUV,00006574,1,1213009,97041,1310050,0,1C25TUV/00006574
1C25TUV,00006575,1,597269,47781,645050,0,1C25TUV/00006575
1C25TUV,00006576,1,597269,47781,645050,0,1C25TUV/00006576
1C25TUV,00006577,1,597269,47781,645050,0,1C25TUV/00006577
1C25TUV,00006578,1,597269,47781,645050,0,1C25TUV/00006578
1C25TUV,00006579,1,1213009,97041,1310050,0,1C25TUV/00006579
1C25TUV,00006580,1,597269,47781,645050,0,1C25TUV/00006580
1C25TUV,00006581,1,1001897,80152,1082049,0,1C25TUV/00006581
1C25TUV,00006582,1,1001897,80152,1082049,0,1C25TUV/00006582
1C25TUV,00006583,1,597269,47781,645050,0,1C25TUV/00006583
1C25TUV,00006584,1,163333,13067,176400,0,1C25TUV/00006584
1C25TUV,00006585,1,1213009,97041,1310050,0,1C25TUV/00006585
1C25TUV,00006586,1,1213009,97041,1310050,0,1C25TUV/00006586
1C25TUV,00006587,1,462963,37037,500000,0,1C25TUV/00006587
1C25TUV,00006588,1,474119,37930,512049,0,1C25TUV/00006588
1C25TUV,00006589,1,1881528,150522,2032050,0,1C25TUV/00006589
1C25TUV,00006590,1,597269,47781,645050,0,1C25TUV/00006590
1C25TUV,00006591,1,597269,47781,645050,0,1C25TUV/00006591
1C25TUV,00006592,1,221296,17704,239000,0,1C25TUV/00006592
1C25TUV,00006593,1,597269,47781,645050,0,1C25TUV/00006593
1C25TUV,00006594,1,597269,47781,645050,0,1C25TUV/00006594
1C25TUV,00006595,1,597269,47781,645050,0,1C25TUV/00006595
1C25TUV,00006596,1,597269,47781,645050,0,1C25TUV/00006596
1C25TUV,00006597,1,962036,76963,1038999,0,1C25TUV/00006597
1C25TUV,00006598,1,597269,47781,645050,0,1C25TUV/00006598
1C25TUV,00006599,1,474119,37930,512049,0,1C25TUV/00006599
1C25TUV,00006600,1,597269,47781,645050,0,1C25TUV/00006600
1C25TUV,00006601,1,597269,47781,645050,0,1C25TUV/00006601
1C25TUV,00006602,1,597269,47781,645050,0,1C25TUV/00006602
1C25TUV,00006603,1,597269,47781,645050,0,1C25TUV/00006603
1C25TUV,00006604,1,597269,47781,645050,0,1C25TUV/00006604
1C25TUV,00006605,1,597269,47781,645050,0,1C25TUV/00006605
1C25TUV,00006606,1,474119,37930,512049,0,1C25TUV/00006606
1C25TUV,00006607,1,597269,47781,645050,0,1C25TUV/00006607
1C25TUV,00006608,1,597269,47781,645050,0,1C25TUV/00006608
1C25TUV,00006609,1,597269,47781,645050,0,1C25TUV/00006609
1C25TUV,00006610,1,597269,47781,645050,0,1C25TUV/00006610
1C25TUV,00006611,1,597269,47781,645050,0,1C25TUV/00006611
1C25TUV,00006612,1,474119,37930,512049,0,1C25TUV/00006612
1C25TUV,00006613,1,597269,47781,645050,0,1C25TUV/00006613
1C25TUV,00006614,1,597269,47781,645050,0,1C25TUV/00006614
1C25TUV,00006615,1,499074,39926,539000,0,1C25TUV/00006615
1C25TUV,00006616,1,474119,37930,512049,0,1C25TUV/00006616
1C25TUV,00006617,1,597269,47781,645050,0,1C25TUV/00006617
1C25TUV,00006618,1,597269,47781,645050,0,1C25TUV/00006618
1C25TUV,00006619,1,474119,37930,512049,0,1C25TUV/00006619
1C25TUV,00006620,1,597269,47781,645050,0,1C25TUV/00006620
1C25TUV,00006621,1,215100,17208,232308,0,1C25TUV/00006621
1C25TUV,00006622,1,597269,47781,645050,0,1C25TUV/00006622
1C25TUV,00006623,1,597269,47781,645050,0,1C25TUV/00006623
1C25TUV,00006624,1,499074,39926,539000,0,1C25TUV/00006624
1C25TUV,00006625,1,1001897,80152,1082049,0,1C25TUV/00006625
1C25TUV,00006626,1,597269,47781,645050,0,1C25TUV/00006626
1C25TUV,00006627,1,597269,47781,645050,0,1C25TUV/00006627
1C25TUV,00006628,1,474119,37930,512049,0,1C25TUV/00006628
1C25TUV,00006629,1,597269,47781,645050,0,1C25TUV/00006629
1C25TUV,00006630,1,474119,37930,512049,0,1C25TUV/00006630
1C25TUV,00006631,1,597269,47781,645050,0,1C25TUV/00006631
1C25TUV,00006632,1,474119,37930,512049,0,1C25TUV/00006632
1C25TUV,00006633,1,474119,37930,512049,0,1C25TUV/00006633
1C25TUV,00006634,1,499074,39926,539000,0,1C25TUV/00006634
1C25TUV,00006635,1,597269,47781,645050,0,1C25TUV/00006635
1C25TUV,00006636,1,597269,47781,645050,0,1C25TUV/00006636
1C25TUV,00006637,1,1422358,113789,1536147,0,1C25TUV/00006637
1C25TUV,00006638,1,597269,47781,645050,0,1C25TUV/00006638
1C25TUV,00006639,1,473241,37859,511100,0,1C25TUV/00006639
1C25TUV,00006640,1,1001897,80152,1082049,0,1C25TUV/00006640
1C25TUV,00006641,1,509259,40741,550000,0,1C25TUV/00006641
1C25TUV,00006642,1,474119,37930,512049,0,1C25TUV/00006642
1C25TUV,00006643,1,485185,38815,524000,0,1C25TUV/00006643
1C25TUV,00006644,1,1452600,116208,1568808,0,1C25TUV/00006644
1C25TUV,00006645,1,611100,48888,659988,0,1C25TUV/00006645
1C25TUV,00006646,1,499073,39926,538999,0,1C25TUV/00006646
1C25TUV,00006647,1,1276852,102148,1379000,0,1C25TUV/00006647
1C25TUV,00006648,1,675000,54000,729000,0,1C25TUV/00006648
1C25TUV,00006649,1,239815,19185,259000,0,1C25TUV/00006649
1C25TUV,00006650,1,1980556,158444,2139000,0,1C25TUV/00006650
1C25TUV,00006651,1,1276852,102148,1379000,0,1C25TUV/00006651
1C25TUV,00006652,1,545370,43630,589000,0,1C25TUV/00006652
1C25TUV,00006653,1,239815,19185,259000,0,1C25TUV/00006653
1C25TUV,00006654,1,627778,50222,678000,0,1C25TUV/00006654
1C25TUV,00006655,1,499073,39926,538999,0,1C25TUV/00006655
1C25TUV,00006656,1,628704,50296,679000,0,1C25TUV/00006656
1C25TUV,00006657,1,498148,39852,538000,0,1C25TUV/00006657
1C25TUV,00006658,1,499073,39926,538999,0,1C25TUV/00006658
1C25TUV,00006659,1,220370,17630,238000,0,1C25TUV/00006659
1C25TUV,00006660,1,628704,50296,679000,0,1C25TUV/00006660
1C25TUV,00006661,1,221296,17704,239000,0,1C25TUV/00006661
1C25TUV,00006662,1,628704,50296,679000,0,1C25TUV/00006662
1C25TUV,00006663,1,1702778,136222,1839000,0,1C25TUV/00006663
1C25TUV,00006664,1,499073,39926,538999,0,1C25TUV/00006664
1C25TUV,00006665,1,2572221,205778,2777999,0,1C25TUV/00006665
1C25TUV,00006666,1,221296,17704,239000,0,1C25TUV/00006666
1C25TUV,00006667,1,499073,39926,538999,0,1C25TUV/00006667
1C25TUV,00006668,1,962036,76963,1038999,0,1C25TUV/00006668
1C25TUV,00006669,1,220370,17630,238000,0,1C25TUV/00006669
1C25TUV,00006670,1,221296,17704,239000,0,1C25TUV/00006670
1C25TUV,00006671,1,628704,50296,679000,0,1C25TUV/00006671
1C25TUV,00006672,1,1054630,84370,1139000,0,1C25TUV/00006672
1C25TUV,00006673,1,1980556,158444,2139000,0,1C25TUV/00006673
1C25TUV,00006674,1,628704,50296,679000,0,1C25TUV/00006674
1C25TUV,00006675,1,462963,37037,500000,0,1C25TUV/00006675
1C25TUV,00006676,1,2295370,183630,2479000,0,1C25TUV/00006676
1C25TUV,00006677,1,2295370,183630,2479000,0,1C25TUV/00006677
1C25TUV,00006678,1,628704,50296,679000,0,1C25TUV/00006678
1C25TUV,00006679,1,628704,50296,679000,0,1C25TUV/00006679
1C25TUV,00006680,1,1276852,102148,1379000,0,1C25TUV/00006680
1C25TUV,00006681,1,628704,50296,679000,0,1C25TUV/00006681
1C25TUV,00006682,1,627778,50222,678000,0,1C25TUV/00006682
1C25TUV,00006683,1,628704,50296,679000,0,1C25TUV/00006683
1C25TUV,00006684,1,1276852,102148,1379000,0,1C25TUV/00006684
1C25TUV,00006685,1,1054630,84370,1139000,0,1C25TUV/00006685
1C25TUV,00006686,1,1276852,102148,1379000,0,1C25TUV/00006686
1C25TUV,00006687,1,1924074,153926,2078000,0,1C25TUV/00006687
1C25TUV,00006688,1,1054630,84370,1139000,0,1C25TUV/00006688
1C25TUV,00006689,1,498148,39852,538000,0,1C25TUV/00006689
1C25TUV,00006690,1,2572221,205778,2777999,0,1C25TUV/00006690
1C25TUV,00006691,1,1276852,102148,1379000,0,1C25TUV/00006691
1C25TUV,00006692,1,1276852,102148,1379000,0,1C25TUV/00006692
1C25TUV,00006693,1,628704,50296,679000,0,1C25TUV/00006693
1C25TUV,00006694,1,499073,39926,538999,0,1C25TUV/00006694
1C25TUV,00006695,1,499073,39926,538999,0,1C25TUV/00006695
1C25TUV,00006696,1,628704,50296,679000,0,1C25TUV/00006696
1C25TUV,00006697,1,628704,50296,679000,0,1C25TUV/00006697
1C25TUV,00006698,1,1276852,102148,1379000,0,1C25TUV/00006698
1C25TUV,00006699,1,1276852,102148,1379000,0,1C25TUV/00006699
1C25TUV,00006700,1,221296,17704,239000,0,1C25TUV/00006700
1C25TUV,00006701,1,627778,50222,678000,0,1C25TUV/00006701
1C25TUV,00006702,1,628704,50296,679000,0,1C25TUV/00006702
1C25TUV,00006703,1,499073,39926,538999,0,1C25TUV/00006703
1C25TUV,00006704,1,1702778,136222,1839000,0,1C25TUV/00006704
1C25TUV,00006705,1,628704,50296,679000,0,1C25TUV/00006705
1C25TUV,00006706,1,499073,39926,538999,0,1C25TUV/00006706
1C25TUV,00006707,1,239815,19185,259000,0,1C25TUV/00006707
1C25TUV,00006708,1,1276852,102148,1379000,0,1C25TUV/00006708
1C25TUV,00006709,1,509259,40741,550000,0,1C25TUV/00006709
1C25TUV,00006710,1,628704,50296,679000,0,1C25TUV/00006710
1C25TUV,00006711,1,2314815,185185,2500000,0,1C25TUV/00006711
1C25TUV,00006712,1,1054630,84370,1139000,0,1C25TUV/00006712
1C25TUV,00006713,1,2573148,205852,2779000,0,1C25TUV/00006713
1C25TUV,00006714,1,2573148,205852,2779000,0,1C25TUV/00006714
1C25TUV,00006715,1,2573148,205852,2779000,0,1C25TUV/00006715
1C25TUV,00006716,1,2573148,205852,2779000,0,1C25TUV/00006716
1C25TUV,00006717,1,2573148,205852,2779000,0,1C25TUV/00006717
1C25TUV,00006718,1,2573148,205852,2779000,0,1C25TUV/00006718
1C25TUV,00006719,1,2573148,205852,2779000,0,1C25TUV/00006719
1C25TUV,00006720,1,2573148,205852,2779000,0,1C25TUV/00006720
1C25TUV,00006721,1,3962037,316963,4279000,0,1C25TUV/00006721
1C25TUV,00006722,1,1980556,158444,2139000,0,1C25TUV/00006722
1C25TUV,00006723,1,2562963,205037,2768000,0,1C25TUV/00006723
1C25TUV,00006724,1,2758333,220667,2979000,0,1C25TUV/00006724
1C25TUV,00006725,1,2295370,183630,2479000,0,1C25TUV/00006725
1C25TUV,00006726,1,2295370,183630,2479000,0,1C25TUV/00006726
1C25TUV,00006727,1,1702778,136222,1839000,0,1C25TUV/00006727
1C25TUV,00006728,1,1702778,136222,1839000,0,1C25TUV/00006728
1C25TUV,00006729,1,1702778,136222,1839000,0,1C25TUV/00006729
1C25TUV,00006730,1,1702778,136222,1839000,0,1C25TUV/00006730
1C25TUV,00006731,1,1702778,136222,1839000,0,1C25TUV/00006731
1C25TUV,00006732,1,1795371,143630,1939001,0,1C25TUV/00006732
1C25TUV,00006733,1,1795371,143630,1939001,0,1C25TUV/00006733
1C25TUV,00006734,1,1693468,135477,1828945,0,1C25TUV/00006734
1C25TUV,00006735,1,1710185,136815,1847000,0,1C25TUV/00006735
1C25TUV,00006736,1,1276852,102148,1379000,0,1C25TUV/00006736
1C25TUV,00006737,1,499074,39926,539000,0,1C25TUV/00006737
1C25TUV,00006738,1,628704,50296,679000,0,1C25TUV/00006738
1C25TUV,00006739,1,628704,50296,679000,0,1C25TUV/00006739
1C25TUV,00006740,1,1276852,102148,1379000,0,1C25TUV/00006740
1C25TUV,00006741,1,2295370,183630,2479000,0,1C25TUV/00006741
1C25TUV,00006742,1,406481,32519,439000,0,1C25TUV/00006742
1C25TUV,00006743,1,545370,43630,589000,0,1C25TUV/00006743
1C25TUV,00006744,1,499074,39926,539000,0,1C25TUV/00006744
1C25TUV,00006745,1,628704,50296,679000,0,1C25TUV/00006745
1C25TUV,00006746,1,499074,39926,539000,0,1C25TUV/00006746
1C25TUV,00006747,1,628704,50296,679000,0,1C25TUV/00006747
1C25TUV,00006748,1,1276852,102148,1379000,0,1C25TUV/00006748
1C25TUV,00006749,1,628704,50296,679000,0,1C25TUV/00006749
1C25TUV,00006750,1,509259,40741,550000,0,1C25TUV/00006750
1C25TUV,00006751,1,1054630,84370,1139000,0,1C25TUV/00006751
1C25TUV,00006752,1,499074,39926,539000,0,1C25TUV/00006752
1C25TUV,00006753,1,628704,50296,679000,0,1C25TUV/00006753
1C25TUV,00006754,1,545370,43630,589000,0,1C25TUV/00006754
1C25TUV,00006755,1,499074,39926,539000,0,1C25TUV/00006755
1C25TUV,00006756,1,555500,44440,599940,0,1C25TUV/00006756
1C25TUV,00006757,1,545370,43630,589000,0,1C25TUV/00006757
1C25TUV,00006758,1,499074,39926,539000,0,1C25TUV/00006758
1C25TUV,00006759,1,1147222,91778,1239000,0,1C25TUV/00006759
1C25TUV,00006760,1,1239815,99185,1339000,0,1C25TUV/00006760
1C25TUV,00006761,1,628704,50296,679000,0,1C25TUV/00006761
1C25TUV,00006762,1,628704,50296,679000,0,1C25TUV/00006762
1C25TUV,00006763,1,499074,39926,539000,0,1C25TUV/00006763
1C25TUV,00006764,1,499074,39926,539000,0,1C25TUV/00006764
1C25TUV,00006765,1,499074,39926,539000,0,1C25TUV/00006765
1C25TUV,00006766,1,628704,50296,679000,0,1C25TUV/00006766
1C25TUV,00006767,1,499074,39926,539000,0,1C25TUV/00006767
1C25TUV,00006768,1,406481,32519,439000,0,1C25TUV/00006768
1C25TUV,00006769,1,628704,50296,679000,0,1C25TUV/00006769
1C25TUV,00006770,1,499074,39926,539000,0,1C25TUV/00006770
1C25TUV,00006771,1,499074,39926,539000,0,1C25TUV/00006771
1C25TUV,00006772,1,628704,50296,679000,0,1C25TUV/00006772
1C25TUV,00006773,1,499074,39926,539000,0,1C25TUV/00006773
1C25TUV,00006774,1,628704,50296,679000,0,1C25TUV/00006774
1C25TUV,00006775,1,628704,50296,679000,0,1C25TUV/00006775
1C25TUV,00006776,1,628704,50296,679000,0,1C25TUV/00006776
1C25TUV,00006777,1,499074,39926,539000,0,1C25TUV/00006777
1C25TUV,00006778,1,499074,39926,539000,0,1C25TUV/00006778
1C25TUV,00006779,1,628704,50296,679000,0,1C25TUV/00006779
1C25TUV,00006780,1,499074,39926,539000,0,1C25TUV/00006780
1C25TUV,00006781,1,1276852,102148,1379000,0,1C25TUV/00006781
1C25TUV,00006782,1,628704,50296,679000,0,1C25TUV/00006782
1C25TUV,00006783,1,628704,50296,679000,0,1C25TUV/00006783
1C25TUV,00006784,1,499074,39926,539000,0,1C25TUV/00006784
1C25TUV,00006785,1,499074,39926,539000,0,1C25TUV/00006785
1C25TUV,00006786,1,499074,39926,539000,0,1C25TUV/00006786
1C25TUV,00006787,1,628704,50296,679000,0,1C25TUV/00006787
1C25TUV,00006788,1,499074,39926,539000,0,1C25TUV/00006788
1C25TUV,00006789,1,1369444,109556,1479000,0,1C25TUV/00006789
1C25TUV,00006790,1,628704,50296,679000,0,1C25TUV/00006790
1C25TUV,00006791,1,628704,50296,679000,0,1C25TUV/00006791
1C25TUV,00006792,1,628704,50296,679000,0,1C25TUV/00006792
1C25TUV,00006793,1,628704,50296,679000,0,1C25TUV/00006793
1C25TUV,00006794,1,509259,40741,550000,0,1C25TUV/00006794
1C25TUV,00006795,1,1147222,91778,1239000,0,1C25TUV/00006795
1C25TUV,00006796,1,499074,39926,539000,0,1C25TUV/00006796
1C25TUV,00006797,1,628704,50296,679000,0,1C25TUV/00006797
1C25TUV,00006798,1,509204,40736,549940,0,1C25TUV/00006798
1C25TUV,00006799,1,1276852,102148,1379000,0,1C25TUV/00006799
1C25TUV,00006800,1,499074,39926,539000,0,1C25TUV/00006800
1C25TUV,00006801,1,1702778,136222,1839000,0,1C25TUV/00006801
1C25TUV,00006802,1,2295370,183630,2479000,0,1C25TUV/00006802
1C25TUV,00006803,1,499074,39926,539000,0,1C25TUV/00006803
1C25TUV,00006804,1,628704,50296,679000,0,1C25TUV/00006804
1C25TUV,00006805,1,628704,50296,679000,0,1C25TUV/00006805
1C25TUV,00006806,1,499074,39926,539000,0,1C25TUV/00006806
1C25TUV,00006807,1,1702778,136222,1839000,0,1C25TUV/00006807
1C25TUV,00006808,1,628704,50296,679000,0,1C25TUV/00006808
1C25TUV,00006809,1,628704,50296,679000,0,1C25TUV/00006809
1C25TUV,00006810,1,628704,50296,679000,0,1C25TUV/00006810
1C25TUV,00006811,1,221296,17704,239000,0,1C25TUV/00006811
1C25TUV,00006812,1,499074,39926,539000,0,1C25TUV/00006812
1C25TUV,00006813,1,499074,39926,539000,0,1C25TUV/00006813
1C25TUV,00006814,1,628704,50296,679000,0,1C25TUV/00006814
1C25TUV,00006815,1,1980556,158444,2139000,0,1C25TUV/00006815
1C25TUV,00006816,1,1276852,102148,1379000,0,1C25TUV/00006816
1C25TUV,00006817,1,1276852,102148,1379000,0,1C25TUV/00006817
1C25TUV,00006818,1,628704,50296,679000,0,1C25TUV/00006818
1C25TUV,00006819,1,628704,50296,679000,0,1C25TUV/00006819
1C25TUV,00006820,1,499074,39926,539000,0,1C25TUV/00006820
1C25TUV,00006821,1,221296,17704,239000,0,1C25TUV/00006821
1C25TUV,00006822,1,1054630,84370,1139000,0,1C25TUV/00006822
1C25TUV,00006823,1,499074,39926,539000,0,1C25TUV/00006823
1C25TUV,00006824,1,499074,39926,539000,0,1C25TUV/00006824
1C25TUV,00006825,1,499074,39926,539000,0,1C25TUV/00006825
1C25TUV,00006826,1,499074,39926,539000,0,1C25TUV/00006826
1C25TUV,00006827,1,1980556,158444,2139000,0,1C25TUV/00006827
1C25TUV,00006828,1,499074,39926,539000,0,1C25TUV/00006828
1C25TUV,00006829,1,628704,50296,679000,0,1C25TUV/00006829
1C25TUV,00006830,1,499074,39926,539000,0,1C25TUV/00006830
1C25TUV,00006831,1,499074,39926,539000,0,1C25TUV/00006831
1C25TUV,00006832,1,998148,79852,1078000,0,1C25TUV/00006832
1C25TUV,00006833,1,1276852,102148,1379000,0,1C25TUV/00006833
1C25TUV,00006834,1,2295370,183630,2479000,0,1C25TUV/00006834
1C25TUV,00006835,1,499074,39926,539000,0,1C25TUV/00006835
1C25TUV,00006836,1,1980556,158444,2139000,0,1C25TUV/00006836
1C25TUV,00006837,1,628704,50296,679000,0,1C25TUV/00006837
1C25TUV,00006838,1,656481,52519,709000,0,1C25TUV/00006838
1C25TUV,00006839,1,526852,42148,569000,0,1C25TUV/00006839
1C25TUV,00006840,1,656481,52519,709000,0,1C25TUV/00006840
1C25TUV,00006841,1,499074,39926,539000,0,1C25TUV/00006841
1C25TUV,00006842,1,406481,32519,439000,0,1C25TUV/00006842
1C25TUV,00006843,1,656481,52519,709000,0,1C25TUV/00006843
1C25TUV,00006844,1,656481,52519,709000,0,1C25TUV/00006844
1C25TUV,00006845,1,2738889,219111,2958000,0,1C25TUV/00006845
1C25TUV,00006846,1,499074,39926,539000,0,1C25TUV/00006846
1C25TUV,00006847,1,998148,79852,1078000,0,1C25TUV/00006847
1C25TUV,00006848,1,656481,52519,709000,0,1C25TUV/00006848
1C25TUV,00006849,1,1980556,158444,2139000,0,1C25TUV/00006849
1C25TUV,00006850,1,1980556,158444,2139000,0,1C25TUV/00006850
1C25TUV,00006851,1,462963,37037,500000,0,1C25TUV/00006851
1C25TUV,00006852,1,499074,39926,539000,0,1C25TUV/00006852
1C25TUV,00006853,1,1276852,102148,1379000,0,1C25TUV/00006853
1C25TUV,00006854,1,526852,42148,569000,0,1C25TUV/00006854
1C25TUV,00006855,1,526852,42148,569000,0,1C25TUV/00006855
1C25TUV,00006856,1,1276852,102148,1379000,0,1C25TUV/00006856
1C25TUV,00006857,1,656481,52519,709000,0,1C25TUV/00006857
1C25TUV,00006858,1,221296,17704,239000,0,1C25TUV/00006858
1C25TUV,00006859,1,4147221,331778,4478999,0,1C25TUV/00006859
1C25TUV,00006860,1,1617639,129411,1747050,0,1C25TUV/00006860
1C25TUV,00006861,1,2180602,174448,2355050,0,1C25TUV/00006861
1C25TUV,00006862,1,1881528,150522,2032050,0,1C25TUV/00006862
1C25TUV,00006863,1,1881528,150522,2032050,0,1C25TUV/00006863
1C25TUV,00006864,1,2443609,195489,2639098,0,1C25TUV/00006864
1C25TUV,00006865,1,2443609,195489,2639098,0,1C25TUV/00006865
1C25TUV,00006866,1,2571296,205704,2777000,0,1C25TUV/00006866
1C25TUV,00006867,1,1810278,144822,1955100,0,1C25TUV/00006867
1C25TUV,00006868,1,628704,50296,679000,0,1C25TUV/00006868
1C25TUV,00006869,1,628704,50296,679000,0,1C25TUV/00006869
1C25TUV,00006870,1,627778,50222,678000,0,1C25TUV/00006870
1C25TUV,00006871,1,1794444,143556,1938000,0,1C25TUV/00006871
1C25TUV,00006872,1,499074,39926,539000,0,1C25TUV/00006872
1C25TUV,00006873,1,597269,47781,645050,0,1C25TUV/00006873
1C25TUV,00006874,1,597269,47781,645050,0,1C25TUV/00006874
1C25TUV,00006875,1,1881528,150522,2032050,0,1C25TUV/00006875
1C25TUV,00006876,1,2443609,195489,2639098,0,1C25TUV/00006876
1C25TUV,00006877,1,1461111,116889,1578000,0,1C25TUV/00006877
1C25TUV,00006878,1,597269,47781,645050,0,1C25TUV/00006878
1C25TUV,00006879,1,597269,47781,645050,0,1C25TUV/00006879
1C25TUV,00006880,1,1213009,97041,1310050,0,1C25TUV/00006880
1C25TUV,00006881,1,1213009,97041,1310050,0,1C25TUV/00006881
1C25TUV,00006882,1,675000,54000,729000,0,1C25TUV/00006882
1C25TUV,00006883,1,597269,47781,645050,0,1C25TUV/00006883
1C25TUV,00006884,1,597269,47781,645050,0,1C25TUV/00006884
1C25TUV,00006885,1,474119,37930,512049,0,1C25TUV/00006885
1C25TUV,00006886,1,597269,47781,645050,0,1C25TUV/00006886
1C25TUV,00006887,1,597269,47781,645050,0,1C25TUV/00006887
1C25TUV,00006888,1,597269,47781,645050,0,1C25TUV/00006888
1C25TUV,00006889,1,597269,47781,645050,0,1C25TUV/00006889
1C25TUV,00006890,1,1881528,150522,2032050,0,1C25TUV/00006890
1C25TUV,00006891,1,597269,47781,645050,0,1C25TUV/00006891
1C25TUV,00006892,1,597269,47781,645050,0,1C25TUV/00006892
1C25TUV,00006893,1,597269,47781,645050,0,1C25TUV/00006893
1C25TUV,00006894,1,597269,47781,645050,0,1C25TUV/00006894
1C25TUV,00006895,1,597269,47781,645050,0,1C25TUV/00006895
1C25TUV,00006896,1,597269,47781,645050,0,1C25TUV/00006896
1C25TUV,00006897,1,597269,47781,645050,0,1C25TUV/00006897
1C25TUV,00006898,1,597269,47781,645050,0,1C25TUV/00006898
1C25TUV,00006899,1,597269,47781,645050,0,1C25TUV/00006899
1C25TUV,00006900,1,597269,47781,645050,0,1C25TUV/00006900
1C25TUV,00006901,1,385278,30822,416100,0,1C25TUV/00006901
1C25TUV,00006902,1,597269,47781,645050,0,1C25TUV/00006902
1C25TUV,00006903,1,597269,47781,645050,0,1C25TUV/00006903
1C25TUV,00006904,1,628704,50296,679000,0,1C25TUV/00006904
1C25TUV,00006905,1,597269,47781,645050,0,1C25TUV/00006905
1C25TUV,00006906,1,597269,47781,645050,0,1C25TUV/00006906
1C25TUV,00006907,1,597269,47781,645050,0,1C25TUV/00006907
1C25TUV,00006908,1,597269,47781,645050,0,1C25TUV/00006908
1C25TUV,00006909,1,499074,39926,539000,0,1C25TUV/00006909
1C25TUV,00006910,1,597269,47781,645050,0,1C25TUV/00006910
1C25TUV,00006911,1,597269,47781,645050,0,1C25TUV/00006911
1C25TUV,00006912,1,597269,47781,645050,0,1C25TUV/00006912
1C25TUV,00006913,1,597269,47781,645050,0,1C25TUV/00006913
1C25TUV,00006914,1,597269,47781,645050,0,1C25TUV/00006914
1C25TUV,00006915,1,597269,47781,645050,0,1C25TUV/00006915
1C25TUV,00006916,1,597269,47781,645050,0,1C25TUV/00006916
1C25TUV,00006917,1,597269,47781,645050,0,1C25TUV/00006917
1C25TUV,00006918,1,597269,47781,645050,0,1C25TUV/00006918
1C25TUV,00006919,1,597269,47781,645050,0,1C25TUV/00006919
1C25TUV,00006920,1,597269,47781,645050,0,1C25TUV/00006920
1C25TUV,00006921,1,597269,47781,645050,0,1C25TUV/00006921
1C25TUV,00006922,1,597269,47781,645050,0,1C25TUV/00006922
1C25TUV,00006923,1,499074,39926,539000,0,1C25TUV/00006923
1C25TUV,00006924,1,597269,47781,645050,0,1C25TUV/00006924
1C25TUV,00006925,1,597269,47781,645050,0,1C25TUV/00006925
1C25TUV,00006926,1,509259,40741,550000,0,1C25TUV/00006926
1C25TUV,00006927,1,1213009,97041,1310050,0,1C25TUV/00006927
1C25TUV,00006928,1,628704,50296,679000,0,1C25TUV/00006928
1C25TUV,00006929,1,597269,47781,645050,0,1C25TUV/00006929
1C25TUV,00006930,1,474119,37930,512049,0,1C25TUV/00006930
1C25TUV,00006931,1,597269,47781,645050,0,1C25TUV/00006931
1C25TUV,00006932,1,597269,47781,645050,0,1C25TUV/00006932
1C25TUV,00006933,1,597269,47781,645050,0,1C25TUV/00006933
1C25TUV,00006934,1,597269,47781,645050,0,1C25TUV/00006934
1C25TUV,00006935,1,1194537,95563,1290100,0,1C25TUV/00006935
1C25TUV,00006936,1,597269,47781,645050,0,1C25TUV/00006936
1C25TUV,00006937,1,597269,47781,645050,0,1C25TUV/00006937
1C25TUV,00006938,1,597269,47781,645050,0,1C25TUV/00006938
1C25TUV,00006939,1,597269,47781,645050,0,1C25TUV/00006939
1C25TUV,00006940,1,597269,47781,645050,0,1C25TUV/00006940
1C25TUV,00006941,1,597269,47781,645050,0,1C25TUV/00006941
1C25TUV,00006942,1,597269,47781,645050,0,1C25TUV/00006942
1C25TUV,00006943,1,597269,47781,645050,0,1C25TUV/00006943
1C25TUV,00006944,1,597269,47781,645050,0,1C25TUV/00006944
1C25TUV,00006945,1,597269,47781,645050,0,1C25TUV/00006945
1C25TUV,00006946,1,597269,47781,645050,0,1C25TUV/00006946
1C25TUV,00006947,1,597269,47781,645050,0,1C25TUV/00006947
1C25TUV,00006948,1,597269,47781,645050,0,1C25TUV/00006948
1C25TUV,00006949,1,597269,47781,645050,0,1C25TUV/00006949
1C25TUV,00006950,1,597269,47781,645050,0,1C25TUV/00006950
1C25TUV,00006951,1,597269,47781,645050,0,1C25TUV/00006951
1C25TUV,00006952,1,214200,17136,231336,0,1C25TUV/00006952
1C25TUV,00006953,1,499074,39926,539000,0,1C25TUV/00006953
1C25TUV,00006954,1,597269,47781,645050,0,1C25TUV/00006954
1C25TUV,00006955,1,215100,17208,232308,0,1C25TUV/00006955
1C25TUV,00006956,1,597269,47781,645050,0,1C25TUV/00006956
1C25TUV,00006957,1,474119,37930,512049,0,1C25TUV/00006957
1C25TUV,00006958,1,597269,47781,645050,0,1C25TUV/00006958
1C25TUV,00006959,1,499074,39926,539000,0,1C25TUV/00006959
1C25TUV,00006960,1,215100,17208,232308,0,1C25TUV/00006960
1C25TUV,00006961,1,2894400,231552,3125952,0,1C25TUV/00006961
1C25TUV,00006962,1,2499300,199944,2699244,0,1C25TUV/00006962
1C25TUV,00006963,1,675000,54000,729000,0,1C25TUV/00006963
1C25TUV,00006964,1,675000,54000,729000,0,1C25TUV/00006964
1C25TUV,00006965,1,675000,54000,729000,0,1C25TUV/00006965
1C25TUV,00006966,1,675000,54000,729000,0,1C25TUV/00006966
1C25TUV,00006967,1,2109259,168741,2278000,0,1C25TUV/00006967
1C25TUV,00006968,1,499073,39926,538999,0,1C25TUV/00006968
1C25TUV,00006969,1,675000,54000,729000,0,1C25TUV/00006969
1C25TUV,00006970,1,627778,50222,678000,0,1C25TUV/00006970
1C25TUV,00006971,1,1980556,158444,2139000,0,1C25TUV/00006971
1C25TUV,00006972,1,627778,50222,678000,0,1C25TUV/00006972
1C25TUV,00006973,1,499074,39926,539000,0,1C25TUV/00006973
1C25TUV,00006974,1,499073,39926,538999,0,1C25TUV/00006974
1C25TUV,00006975,1,628704,50296,679000,0,1C25TUV/00006975
1C25TUV,00006976,1,220370,17630,238000,0,1C25TUV/00006976
1C25TUV,00006977,1,499073,39926,538999,0,1C25TUV/00006977
1C25TUV,00006978,1,221296,17704,239000,0,1C25TUV/00006978
1C25TUV,00006979,1,1054630,84370,1139000,0,1C25TUV/00006979
1C25TUV,00006980,1,220370,17630,238000,0,1C25TUV/00006980
1C25TUV,00006981,1,1276852,102148,1379000,0,1C25TUV/00006981
1C25TUV,00006982,1,628704,50296,679000,0,1C25TUV/00006982
1C25TUV,00006983,1,221296,17704,239000,0,1C25TUV/00006983
1C25TUV,00006984,1,221296,17704,239000,0,1C25TUV/00006984
1C25TUV,00006985,1,499073,39926,538999,0,1C25TUV/00006985
1C25TUV,00006986,1,221296,17704,239000,0,1C25TUV/00006986
1C25TUV,00006987,1,628704,50296,679000,0,1C25TUV/00006987
1C25TUV,00006988,1,1276852,102148,1379000,0,1C25TUV/00006988
1C25TUV,00006989,1,221296,17704,239000,0,1C25TUV/00006989
1C25TUV,00006990,1,1276852,102148,1379000,0,1C25TUV/00006990
1C25TUV,00006991,1,962036,76963,1038999,0,1C25TUV/00006991
1C25TUV,00006992,1,628704,50296,679000,0,1C25TUV/00006992
1C25TUV,00006993,1,220370,17630,238000,0,1C25TUV/00006993
1C25TUV,00006994,1,1054630,84370,1139000,0,1C25TUV/00006994
1C25TUV,00006995,1,1276852,102148,1379000,0,1C25TUV/00006995
1C25TUV,00006996,1,221296,17704,239000,0,1C25TUV/00006996
1C25TUV,00006997,1,628704,50296,679000,0,1C25TUV/00006997
1C25TUV,00006998,1,628704,50296,679000,0,1C25TUV/00006998
1C25TUV,00006999,1,628704,50296,679000,0,1C25TUV/00006999
1C25TUV,00007000,1,499073,39926,538999,0,1C25TUV/00007000
1C25TUV,00007001,1,628704,50296,679000,0,1C25TUV/00007001
1C25TUV,00007002,1,1054630,84370,1139000,0,1C25TUV/00007002
1C25TUV,00007003,1,1276852,102148,1379000,0,1C25TUV/00007003
1C25TUV,00007004,1,1980556,158444,2139000,0,1C25TUV/00007004
1C25TUV,00007005,1,1702778,136222,1839000,0,1C25TUV/00007005
1C25TUV,00007006,1,221296,17704,239000,0,1C25TUV/00007006
1C25TUV,00007007,1,628704,50296,679000,0,1C25TUV/00007007
1C25TUV,00007008,1,628704,50296,679000,0,1C25TUV/00007008
1C25TUV,00007009,1,2572221,205778,2777999,0,1C25TUV/00007009
1C25TUV,00007010,1,221296,17704,239000,0,1C25TUV/00007010
1C25TUV,00007011,1,1276852,102148,1379000,0,1C25TUV/00007011
1C25TUV,00007012,1,962036,76963,1038999,0,1C25TUV/00007012
1C25TUV,00007013,1,628704,50296,679000,0,1C25TUV/00007013
1C25TUV,00007014,1,1276852,102148,1379000,0,1C25TUV/00007014
1C25TUV,00007015,1,1276852,102148,1379000,0,1C25TUV/00007015
1C25TUV,00007016,1,2198965,175917,2374882,0,1C25TUV/00007016
1C25TUV,00007017,1,221296,17704,239000,0,1C25TUV/00007017
1C25TUV,00007018,1,508333,40667,549000,0,1C25TUV/00007018
1C25TUV,00007019,1,1054630,84370,1139000,0,1C25TUV/00007019
1C25TUV,00007020,1,1274998,102000,1376998,0,1C25TUV/00007020
1C25TUV,00007021,1,881343,70507,951850,0,1C25TUV/00007021
1C25TUV,00007022,1,126204,10096,136300,0,1C25TUV/00007022
1C25TUV,00007023,1,129630,10370,140000,0,1C25TUV/00007023
1C25TUV,00007024,1,46296,3704,50000,0,1C25TUV/00007024
1C25TUV,00007025,1,92593,7407,100000,0,1C25TUV/00007025
1C25TUV,00007026,1,509259,40741,550000,0,1C25TUV/00007026
1C25TUV,00007027,1,471806,37744,509550,0,1C25TUV/00007027
1C25TUV,00007028,1,766667,61333,828000,0,1C25TUV/00007028
1C25TUV,00007029,1,1980454,158436,2138890,0,1C25TUV/00007029
1C25TUV,00007030,1,1702778,136222,1839000,0,1C25TUV/00007030
1C25TUV,00007031,1,1702778,136222,1839000,0,1C25TUV/00007031
1C25TUV,00007032,1,2295370,183630,2479000,0,1C25TUV/00007032
1C25TUV,00007033,1,2295370,183630,2479000,0,1C25TUV/00007033
1C25TUV,00007034,1,2758333,220667,2979000,0,1C25TUV/00007034
1C25TUV,00007035,1,1980556,158444,2139000,0,1C25TUV/00007035
1C25TUV,00007036,1,2573148,205852,2779000,0,1C25TUV/00007036
1C25TUV,00007037,1,628704,50296,679000,0,1C25TUV/00007037
1C25TUV,00007038,1,526852,42148,569000,0,1C25TUV/00007038
1C25TUV,00007039,1,1543519,123482,1667001,0,1C25TUV/00007039
1C25TUV,00007040,1,628704,50296,679000,0,1C25TUV/00007040
1C25TUV,00007041,1,628704,50296,679000,0,1C25TUV/00007041
1C25TUV,00007042,1,628704,50296,679000,0,1C25TUV/00007042
1C25TUV,00007043,1,628704,50296,679000,0,1C25TUV/00007043
1C25TUV,00007044,1,628704,50296,679000,0,1C25TUV/00007044
1C25TUV,00007045,1,628704,50296,679000,0,1C25TUV/00007045
1C25TUV,00007046,1,628704,50296,679000,0,1C25TUV/00007046
1C25TUV,00007047,1,628704,50296,679000,0,1C25TUV/00007047
1C25TUV,00007048,1,628704,50296,679000,0,1C25TUV/00007048
1C25TUV,00007049,1,628704,50296,679000,0,1C25TUV/00007049
1C25TUV,00007050,1,499074,39926,539000,0,1C25TUV/00007050
1C25TUV,00007051,1,628704,50296,679000,0,1C25TUV/00007051
1C25TUV,00007052,1,628704,50296,679000,0,1C25TUV/00007052
1C25TUV,00007053,1,628704,50296,679000,0,1C25TUV/00007053
1C25TUV,00007054,1,628704,50296,679000,0,1C25TUV/00007054
1C25TUV,00007055,1,628704,50296,679000,0,1C25TUV/00007055
1C25TUV,00007056,1,675000,54000,729000,0,1C25TUV/00007056
1C25TUV,00007057,1,628704,50296,679000,0,1C25TUV/00007057
1C25TUV,00007058,1,499074,39926,539000,0,1C25TUV/00007058
1C25TUV,00007059,1,628704,50296,679000,0,1C25TUV/00007059
1C25TUV,00007060,1,628704,50296,679000,0,1C25TUV/00007060
1C25TUV,00007061,1,545370,43630,589000,0,1C25TUV/00007061
1C25TUV,00007062,1,628704,50296,679000,0,1C25TUV/00007062
1C25TUV,00007063,1,628704,50296,679000,0,1C25TUV/00007063
1C25TUV,00007064,1,499074,39926,539000,0,1C25TUV/00007064
1C25TUV,00007065,1,628704,50296,679000,0,1C25TUV/00007065
1C25TUV,00007066,1,628704,50296,679000,0,1C25TUV/00007066
1C25TUV,00007067,1,628704,50296,679000,0,1C25TUV/00007067
1C25TUV,00007068,1,499074,39926,539000,0,1C25TUV/00007068
1C25TUV,00007069,1,499074,39926,539000,0,1C25TUV/00007069
1C25TUV,00007070,1,628704,50296,679000,0,1C25TUV/00007070
1C25TUV,00007071,1,499074,39926,539000,0,1C25TUV/00007071
1C25TUV,00007072,1,499074,39926,539000,0,1C25TUV/00007072
1C25TUV,00007073,1,499074,39926,539000,0,1C25TUV/00007073
1C25TUV,00007074,1,499074,39926,539000,0,1C25TUV/00007074
1C25TUV,00007075,1,499074,39926,539000,0,1C25TUV/00007075
1C25TUV,00007076,1,628704,50296,679000,0,1C25TUV/00007076
1C25TUV,00007077,1,499074,39926,539000,0,1C25TUV/00007077
1C25TUV,00007078,1,628704,50296,679000,0,1C25TUV/00007078
1C25TUV,00007079,1,628704,50296,679000,0,1C25TUV/00007079
1C25TUV,00007080,1,628704,50296,679000,0,1C25TUV/00007080
1C25TUV,00007081,1,628704,50296,679000,0,1C25TUV/00007081
1C25TUV,00007082,1,628704,50296,679000,0,1C25TUV/00007082
1C25TUV,00007083,1,628704,50296,679000,0,1C25TUV/00007083
1C25TUV,00007084,1,628704,50296,679000,0,1C25TUV/00007084
1C25TUV,00007085,1,628704,50296,679000,0,1C25TUV/00007085
1C25TUV,00007086,1,628704,50296,679000,0,1C25TUV/00007086
1C25TUV,00007087,1,628704,50296,679000,0,1C25TUV/00007087
1C25TUV,00007088,1,628704,50296,679000,0,1C25TUV/00007088
1C25TUV,00007089,1,628704,50296,679000,0,1C25TUV/00007089
1C25TUV,00007090,1,499074,39926,539000,0,1C25TUV/00007090
1C25TUV,00007091,1,628704,50296,679000,0,1C25TUV/00007091
1C25TUV,00007092,1,1054630,84370,1139000,0,1C25TUV/00007092
1C25TUV,00007093,1,628704,50296,679000,0,1C25TUV/00007093
1C25TUV,00007094,1,628704,50296,679000,0,1C25TUV/00007094
1C25TUV,00007095,1,2573148,205852,2779000,0,1C25TUV/00007095
1C25TUV,00007096,1,628704,50296,679000,0,1C25TUV/00007096
1C25TUV,00007097,1,628704,50296,679000,0,1C25TUV/00007097
1C25TUV,00007098,1,628704,50296,679000,0,1C25TUV/00007098
1C25TUV,00007099,1,1276852,102148,1379000,0,1C25TUV/00007099
1C25TUV,00007100,1,998148,79852,1078000,0,1C25TUV/00007100
1C25TUV,00007101,1,628704,50296,679000,0,1C25TUV/00007101
1C25TUV,00007102,1,1257407,100593,1358000,0,1C25TUV/00007102
1C25TUV,00007103,1,1276852,102148,1379000,0,1C25TUV/00007103
1C25TUV,00007104,1,628704,50296,679000,0,1C25TUV/00007104
1C25TUV,00007105,1,628704,50296,679000,0,1C25TUV/00007105
1C25TUV,00007106,1,1054630,84370,1139000,0,1C25TUV/00007106
1C25TUV,00007107,1,998148,79852,1078000,0,1C25TUV/00007107
1C25TUV,00007108,1,628704,50296,679000,0,1C25TUV/00007108
1C25TUV,00007109,1,628704,50296,679000,0,1C25TUV/00007109
1C25TUV,00007110,1,1276852,102148,1379000,0,1C25TUV/00007110
1C25TUV,00007111,1,221296,17704,239000,0,1C25TUV/00007111
1C25TUV,00007112,1,1369444,109556,1479000,0,1C25TUV/00007112
1C25TUV,00007113,1,499074,39926,539000,0,1C25TUV/00007113
1C25TUV,00007114,1,1702778,136222,1839000,0,1C25TUV/00007114
1C25TUV,00007115,1,537037,42963,580000,0,1C25TUV/00007115
1C25TUV,00007116,1,656481,52519,709000,0,1C25TUV/00007116
1C25TUV,00007117,1,499074,39926,539000,0,1C25TUV/00007117
1C25TUV,00007118,1,2295370,183630,2479000,0,1C25TUV/00007118
1C25TUV,00007119,1,628704,50296,679000,0,1C25TUV/00007119
1C25TUV,00007120,1,2573148,205852,2779000,0,1C25TUV/00007120
1C25TUV,00007121,1,1369444,109556,1479000,0,1C25TUV/00007121
1C25TUV,00007122,1,656481,52519,709000,0,1C25TUV/00007122
1C25TUV,00007123,1,526852,42148,569000,0,1C25TUV/00007123
1C25TUV,00007124,1,537037,42963,580000,0,1C25TUV/00007124
1C25TUV,00007125,1,1276852,102148,1379000,0,1C25TUV/00007125
1C25TUV,00007126,1,526852,42148,569000,0,1C25TUV/00007126
1C25TUV,00007127,1,2573148,205852,2779000,0,1C25TUV/00007127
1C25TUV,00007128,1,526852,42148,569000,0,1C25TUV/00007128
1C25TUV,00007129,1,2573148,205852,2779000,0,1C25TUV/00007129
1C25TUV,00007130,1,526852,42148,569000,0,1C25TUV/00007130
1C25TUV,00007131,1,526852,42148,569000,0,1C25TUV/00007131
1C25TUV,00007132,1,998148,79852,1078000,0,1C25TUV/00007132
1C25TUV,00007133,1,545370,43630,589000,0,1C25TUV/00007133
1C25TUV,00007134,1,526852,42148,569000,0,1C25TUV/00007134
1C25TUV,00007135,1,1054630,84370,1139000,0,1C25TUV/00007135
1C25TUV,00007136,1,1054630,84370,1139000,0,1C25TUV/00007136
1C25TUV,00007137,1,1018519,81481,1100000,0,1C25TUV/00007137
1C25TUV,00007138,1,998148,79852,1078000,0,1C25TUV/00007138
1C25TUV,00007139,1,1054630,84370,1139000,0,1C25TUV/00007139
1C25TUV,00007140,1,1054630,84370,1139000,0,1C25TUV/00007140
1C25TUV,00007141,1,526852,42148,569000,0,1C25TUV/00007141
1C25TUV,00007142,1,1054630,84370,1139000,0,1C25TUV/00007142
1C25TUV,00007143,1,499074,39926,539000,0,1C25TUV/00007143
1C25TUV,00007144,1,509204,40736,549940,0,1C25TUV/00007144
1C25TUV,00007145,1,555556,44444,600000,0,1C25TUV/00007145
1C25TUV,00007146,1,536981,42959,579940,0,1C25TUV/00007146
1C25TUV,00007147,1,656481,52519,709000,0,1C25TUV/00007147
1C25TUV,00007148,1,656481,52519,709000,0,1C25TUV/00007148
1C25TUV,00007149,1,656481,52519,709000,0,1C25TUV/00007149
1C25TUV,00007150,1,1980556,158444,2139000,0,1C25TUV/00007150
1C25TUV,00007151,1,2573148,205852,2779000,0,1C25TUV/00007151
1C25TUV,00007152,1,1276852,102148,1379000,0,1C25TUV/00007152
1C25TUV,00007153,1,2573148,205852,2779000,0,1C25TUV/00007153
1C25TUV,00007154,1,628704,50296,679000,0,1C25TUV/00007154
1C25TUV,00007155,1,1537082,122967,1660049,0,1C25TUV/00007155
1C25TUV,00007156,1,1600926,128074,1729000,0,1C25TUV/00007156
1C25TUV,00007157,1,2180602,174448,2355050,0,1C25TUV/00007157
1C25TUV,00007158,1,2571296,205704,2777000,0,1C25TUV/00007158
1C25TUV,00007159,1,2443609,195489,2639098,0,1C25TUV/00007159
1C25TUV,00007160,1,3961110,316889,4277999,0,1C25TUV/00007160
1C25TUV,00007161,1,606070,48486,654556,0,1C25TUV/00007161
1C25TUV,00007162,1,597269,47781,645050,0,1C25TUV/00007162
1C25TUV,00007163,1,597269,47781,645050,0,1C25TUV/00007163
1C25TUV,00007164,1,474119,37930,512049,0,1C25TUV/00007164
1C25TUV,00007165,1,597269,47781,645050,0,1C25TUV/00007165
1C25TUV,00007166,1,474119,37930,512049,0,1C25TUV/00007166
1C25TUV,00007167,1,1001897,80152,1082049,0,1C25TUV/00007167
1C25TUV,00007168,1,597269,47781,645050,0,1C25TUV/00007168
1C25TUV,00007169,1,597269,47781,645050,0,1C25TUV/00007169
1C25TUV,00007170,1,597269,47781,645050,0,1C25TUV/00007170
1C25TUV,00007171,1,597269,47781,645050,0,1C25TUV/00007171
1C25TUV,00007172,1,597269,47781,645050,0,1C25TUV/00007172
1C25TUV,00007173,1,597269,47781,645050,0,1C25TUV/00007173
1C25TUV,00007174,1,597269,47781,645050,0,1C25TUV/00007174
1C25TUV,00007175,1,626296,50104,676400,0,1C25TUV/00007175
1C25TUV,00007176,1,1213009,97041,1310050,0,1C25TUV/00007176
1C25TUV,00007177,1,597269,47781,645050,0,1C25TUV/00007177
1C25TUV,00007178,1,499074,39926,539000,0,1C25TUV/00007178
1C25TUV,00007179,1,597269,47781,645050,0,1C25TUV/00007179
1C25TUV,00007180,1,597269,47781,645050,0,1C25TUV/00007180
1C25TUV,00007181,1,597269,47781,645050,0,1C25TUV/00007181
1C25TUV,00007182,1,597269,47781,645050,0,1C25TUV/00007182
1C25TUV,00007183,1,597269,47781,645050,0,1C25TUV/00007183
1C25TUV,00007184,1,597269,47781,645050,0,1C25TUV/00007184
1C25TUV,00007185,1,597269,47781,645050,0,1C25TUV/00007185
1C25TUV,00007186,1,1194537,95563,1290100,0,1C25TUV/00007186
1C25TUV,00007187,1,597269,47781,645050,0,1C25TUV/00007187
1C25TUV,00007188,1,597269,47781,645050,0,1C25TUV/00007188
1C25TUV,00007189,1,499074,39926,539000,0,1C25TUV/00007189
1C25TUV,00007190,1,597269,47781,645050,0,1C25TUV/00007190
1C25TUV,00007191,1,597269,47781,645050,0,1C25TUV/00007191
1C25TUV,00007192,1,1213009,97041,1310050,0,1C25TUV/00007192
1C25TUV,00007193,1,597269,47781,645050,0,1C25TUV/00007193
1C25TUV,00007194,1,628704,50296,679000,0,1C25TUV/00007194
1C25TUV,00007195,1,597269,47781,645050,0,1C25TUV/00007195
1C25TUV,00007196,1,597269,47781,645050,0,1C25TUV/00007196
1C25TUV,00007197,1,597269,47781,645050,0,1C25TUV/00007197
1C25TUV,00007198,1,597269,47781,645050,0,1C25TUV/00007198
1C25TUV,00007199,1,499074,39926,539000,0,1C25TUV/00007199
1C25TUV,00007200,1,597269,47781,645050,0,1C25TUV/00007200
1C25TUV,00007201,1,597269,47781,645050,0,1C25TUV/00007201
1C25TUV,00007202,1,597269,47781,645050,0,1C25TUV/00007202
1C25TUV,00007203,1,597269,47781,645050,0,1C25TUV/00007203
1C25TUV,00007204,1,597269,47781,645050,0,1C25TUV/00007204
1C25TUV,00007205,1,597269,47781,645050,0,1C25TUV/00007205
1C25TUV,00007206,1,597269,47781,645050,0,1C25TUV/00007206
1C25TUV,00007207,1,499074,39926,539000,0,1C25TUV/00007207
1C25TUV,00007208,1,597269,47781,645050,0,1C25TUV/00007208
1C25TUV,00007209,1,597269,47781,645050,0,1C25TUV/00007209
1C25TUV,00007210,1,597269,47781,645050,0,1C25TUV/00007210
1C25TUV,00007211,1,597269,47781,645050,0,1C25TUV/00007211
1C25TUV,00007212,1,597269,47781,645050,0,1C25TUV/00007212
1C25TUV,00007213,1,597269,47781,645050,0,1C25TUV/00007213
1C25TUV,00007214,1,597269,47781,645050,0,1C25TUV/00007214
1C25TUV,00007215,1,597269,47781,645050,0,1C25TUV/00007215
1C25TUV,00007216,1,597269,47781,645050,0,1C25TUV/00007216
1C25TUV,00007217,1,1192778,95422,1288200,0,1C25TUV/00007217
1C25TUV,00007218,1,597269,47781,645050,0,1C25TUV/00007218
1C25TUV,00007219,1,597269,47781,645050,0,1C25TUV/00007219
1C25TUV,00007220,1,2499300,199944,2699244,0,1C25TUV/00007220
1C25TUV,00007221,1,611100,48888,659988,0,1C25TUV/00007221
1C25TUV,00007222,1,611100,48888,659988,0,1C25TUV/00007222
1C25TUV,00007223,1,611100,48888,659988,0,1C25TUV/00007223
1C25TUV,00007224,1,628704,50296,679000,0,1C25TUV/00007224
1C25TUV,00007225,1,508333,40667,549000,0,1C25TUV/00007225
1C25TUV,00007226,1,628704,50296,679000,0,1C25TUV/00007226
1C25TUV,00007227,1,499074,39926,539000,0,1C25TUV/00007227
1C25TUV,00007228,1,628704,50296,679000,0,1C25TUV/00007228
1C25TUV,00007229,1,628704,50296,679000,0,1C25TUV/00007229
1C25TUV,00007230,1,628704,50296,679000,0,1C25TUV/00007230
1C25TUV,00007231,1,628704,50296,679000,0,1C25TUV/00007231
1C25TUV,00007232,1,628704,50296,679000,0,1C25TUV/00007232
1C25TUV,00007233,1,628704,50296,679000,0,1C25TUV/00007233
1C25TUV,00007234,1,628704,50296,679000,0,1C25TUV/00007234
1C25TUV,00007235,1,627778,50222,678000,0,1C25TUV/00007235
1C25TUV,00007236,1,628704,50296,679000,0,1C25TUV/00007236
1C25TUV,00007237,1,1276852,102148,1379000,0,1C25TUV/00007237
1C25TUV,00007238,1,628704,50296,679000,0,1C25TUV/00007238
1C25TUV,00007239,1,627778,50222,678000,0,1C25TUV/00007239
1C25TUV,00007240,1,1054630,84370,1139000,0,1C25TUV/00007240
1C25TUV,00007241,1,627778,50222,678000,0,1C25TUV/00007241
1C25TUV,00007242,1,628704,50296,679000,0,1C25TUV/00007242
1C25TUV,00007243,1,628704,50296,679000,0,1C25TUV/00007243
1C25TUV,00007244,1,627778,50222,678000,0,1C25TUV/00007244
1C25TUV,00007245,1,498148,39852,538000,0,1C25TUV/00007245
1C25TUV,00007246,1,628704,50296,679000,0,1C25TUV/00007246
1C25TUV,00007247,1,1303704,104296,1408000,0,1C25TUV/00007247
1C25TUV,00007248,1,1054630,84370,1139000,0,1C25TUV/00007248
1C25TUV,00007249,1,1054630,84370,1139000,0,1C25TUV/00007249
1C25TUV,00007250,1,499074,39926,539000,0,1C25TUV/00007250
1C25TUV,00007251,1,627778,50222,678000,0,1C25TUV/00007251
1C25TUV,00007252,1,628704,50296,679000,0,1C25TUV/00007252
1C25TUV,00007253,1,628704,50296,679000,0,1C25TUV/00007253
1C25TUV,00007254,1,628704,50296,679000,0,1C25TUV/00007254
1C25TUV,00007255,1,628704,50296,679000,0,1C25TUV/00007255
1C25TUV,00007256,1,628704,50296,679000,0,1C25TUV/00007256
1C25TUV,00007257,1,498148,39852,538000,0,1C25TUV/00007257
1C25TUV,00007258,1,627778,50222,678000,0,1C25TUV/00007258
1C25TUV,00007259,1,220370,17630,238000,0,1C25TUV/00007259
1C25TUV,00007260,1,628704,50296,679000,0,1C25TUV/00007260
1C25TUV,00007261,1,627778,50222,678000,0,1C25TUV/00007261
1C25TUV,00007262,1,220370,17630,238000,0,1C25TUV/00007262
1C25TUV,00007263,1,221296,17704,239000,0,1C25TUV/00007263
1C25TUV,00007264,1,628704,50296,679000,0,1C25TUV/00007264
1C25TUV,00007265,1,627778,50222,678000,0,1C25TUV/00007265
1C25TUV,00007266,1,628704,50296,679000,0,1C25TUV/00007266
1C25TUV,00007267,1,628704,50296,679000,0,1C25TUV/00007267
1C25TUV,00007268,1,628704,50296,679000,0,1C25TUV/00007268
1C25TUV,00007269,1,1276852,102148,1379000,0,1C25TUV/00007269
1C25TUV,00007270,1,499074,39926,539000,0,1C25TUV/00007270
1C25TUV,00007271,1,1276852,102148,1379000,0,1C25TUV/00007271
1C25TUV,00007272,1,628704,50296,679000,0,1C25TUV/00007272
1C25TUV,00007273,1,627778,50222,678000,0,1C25TUV/00007273
1C25TUV,00007274,1,628704,50296,679000,0,1C25TUV/00007274
1C25TUV,00007275,1,221296,17704,239000,0,1C25TUV/00007275
1C25TUV,00007276,1,2572221,205778,2777999,0,1C25TUV/00007276
1C25TUV,00007277,1,2572221,205778,2777999,0,1C25TUV/00007277
1C25TUV,00007278,1,1054630,84370,1139000,0,1C25TUV/00007278
1C25TUV,00007279,1,499074,39926,539000,0,1C25TUV/00007279
1C25TUV,00007280,1,462037,36963,499000,0,1C25TUV/00007280
1C25TUV,00007281,1,499073,39926,538999,0,1C25TUV/00007281
1C25TUV,00007282,1,221296,17704,239000,0,1C25TUV/00007282
1C25TUV,00007283,1,1980556,158444,2139000,0,1C25TUV/00007283
1C25TUV,00007284,1,628704,50296,679000,0,1C25TUV/00007284
1C25TUV,00007285,1,1276852,102148,1379000,0,1C25TUV/00007285
1C25TUV,00007286,1,499073,39926,538999,0,1C25TUV/00007286
1C25TUV,00007287,1,499074,39926,539000,0,1C25TUV/00007287
1C25TUV,00007288,1,628704,50296,679000,0,1C25TUV/00007288
1C25TUV,00007289,1,499073,39926,538999,0,1C25TUV/00007289
1C25TUV,00007290,1,2295370,183630,2479000,0,1C25TUV/00007290
1C25TUV,00007291,1,1276852,102148,1379000,0,1C25TUV/00007291
1C25TUV,00007292,1,628704,50296,679000,0,1C25TUV/00007292
1C25TUV,00007293,1,1276852,102148,1379000,0,1C25TUV/00007293
1C25TUV,00007294,1,628704,50296,679000,0,1C25TUV/00007294
1C25TUV,00007295,1,1276852,102148,1379000,0,1C25TUV/00007295
1C25TUV,00007296,1,499073,39926,538999,0,1C25TUV/00007296
1C25TUV,00007297,1,1702778,136222,1839000,0,1C25TUV/00007297
1C25TUV,00007298,1,1631261,130501,1761762,0,1C25TUV/00007298
1C25TUV,00007299,1,1276852,102148,1379000,0,1C25TUV/00007299
1C25TUV,00007300,1,1276852,102148,1379000,0,1C25TUV/00007300
1C25TUV,00007301,1,628704,50296,679000,0,1C25TUV/00007301
1C25TUV,00007302,1,1980556,158444,2139000,0,1C25TUV/00007302
1C25TUV,00007303,1,1276852,102148,1379000,0,1C25TUV/00007303
1C25TUV,00007304,1,1276852,102148,1379000,0,1C25TUV/00007304
1C25TUV,00007305,1,1276852,102148,1379000,0,1C25TUV/00007305
1C25TUV,00007306,1,628704,50296,679000,0,1C25TUV/00007306
1C25TUV,00007307,1,214657,17173,231830,0,1C25TUV/00007307
1C25TUV,00007308,1,606070,48486,654556,0,1C25TUV/00007308
1C25TUV,00007309,1,1276852,102148,1379000,0,1C25TUV/00007309
1C25TUV,00007310,1,628704,50296,679000,0,1C25TUV/00007310
1C25TUV,00007311,1,221296,17704,239000,0,1C25TUV/00007311
1C25TUV,00007312,1,221296,17704,239000,0,1C25TUV/00007312
1C25TUV,00007313,1,1276852,102148,1379000,0,1C25TUV/00007313
1C25TUV,00007314,1,1054630,84370,1139000,0,1C25TUV/00007314
1C25TUV,00007315,1,1276852,102148,1379000,0,1C25TUV/00007315
1C25TUV,00007316,1,499073,39926,538999,0,1C25TUV/00007316
1C25TUV,00007317,1,221296,17704,239000,0,1C25TUV/00007317
1C25TUV,00007318,1,628704,50296,679000,0,1C25TUV/00007318
1C25TUV,00007319,1,628704,50296,679000,0,1C25TUV/00007319
1C25TUV,00007320,1,628704,50296,679000,0,1C25TUV/00007320
1C25TUV,00007321,1,1702778,136222,1839000,0,1C25TUV/00007321
1C25TUV,00007322,1,499073,39926,538999,0,1C25TUV/00007322
1C25TUV,00007323,1,628704,50296,679000,0,1C25TUV/00007323
1C25TUV,00007324,1,2571296,205704,2777000,0,1C25TUV/00007324
1C25TUV,00007325,1,2295370,183630,2479000,0,1C25TUV/00007325
1C25TUV,00007326,1,499073,39926,538999,0,1C25TUV/00007326
1C25TUV,00007327,1,221296,17704,239000,0,1C25TUV/00007327
1C25TUV,00007328,1,628704,50296,679000,0,1C25TUV/00007328
1C25TUV,00007329,1,1980556,158444,2139000,0,1C25TUV/00007329
1C25TUV,00007330,1,499074,39926,539000,0,1C25TUV/00007330
1C25TUV,00007331,1,2571296,205704,2777000,0,1C25TUV/00007331
1C25TUV,00007332,1,622417,49793,672210,0,1C25TUV/00007332
1C25TUV,00007333,1,622417,49793,672210,0,1C25TUV/00007333
1C25TUV,00007334,1,2272417,181793,2454210,0,1C25TUV/00007334
1C25TUV,00007335,1,2272417,181793,2454210,0,1C25TUV/00007335
1C25TUV,00007336,1,221296,17704,239000,0,1C25TUV/00007336
1C25TUV,00007337,1,606070,48486,654556,0,1C25TUV/00007337
1C25TUV,00007338,1,1264083,101127,1365210,0,1C25TUV/00007338
1C25TUV,00007339,1,1264083,101127,1365210,0,1C25TUV/00007339
1C25TUV,00007340,1,537037,42963,580000,0,1C25TUV/00007340
1C25TUV,00007341,1,877777,70222,947999,0,1C25TUV/00007341
1C25TUV,00007342,1,2295370,183630,2479000,0,1C25TUV/00007342
1C25TUV,00007343,1,2877777,230222,3107999,0,1C25TUV/00007343
1C25TUV,00007344,1,1054630,84370,1139000,0,1C25TUV/00007344
1C25TUV,00007345,1,628704,50296,679000,0,1C25TUV/00007345
1C25TUV,00007346,1,499074,39926,539000,0,1C25TUV/00007346
1C25TUV,00007347,1,628704,50296,679000,0,1C25TUV/00007347
1C25TUV,00007348,1,628704,50296,679000,0,1C25TUV/00007348
1C25TUV,00007349,1,628704,50296,679000,0,1C25TUV/00007349
1C25TUV,00007350,1,628704,50296,679000,0,1C25TUV/00007350
1C25TUV,00007351,1,628704,50296,679000,0,1C25TUV/00007351
1C25TUV,00007352,1,628704,50296,679000,0,1C25TUV/00007352
1C25TUV,00007353,1,628704,50296,679000,0,1C25TUV/00007353
1C25TUV,00007354,1,628704,50296,679000,0,1C25TUV/00007354
1C25TUV,00007355,1,628704,50296,679000,0,1C25TUV/00007355
1C25TUV,00007356,1,628704,50296,679000,0,1C25TUV/00007356
1C25TUV,00007357,1,628704,50296,679000,0,1C25TUV/00007357
1C25TUV,00007358,1,628704,50296,679000,0,1C25TUV/00007358
1C25TUV,00007359,1,499074,39926,539000,0,1C25TUV/00007359
1C25TUV,00007360,1,628704,50296,679000,0,1C25TUV/00007360
1C25TUV,00007361,1,628704,50296,679000,0,1C25TUV/00007361
1C25TUV,00007362,1,628704,50296,679000,0,1C25TUV/00007362
1C25TUV,00007363,1,628704,50296,679000,0,1C25TUV/00007363
1C25TUV,00007364,1,221296,17704,239000,0,1C25TUV/00007364
1C25TUV,00007365,1,499074,39926,539000,0,1C25TUV/00007365
1C25TUV,00007366,1,628704,50296,679000,0,1C25TUV/00007366
1C25TUV,00007367,1,628704,50296,679000,0,1C25TUV/00007367
1C25TUV,00007368,1,628704,50296,679000,0,1C25TUV/00007368
1C25TUV,00007369,1,628704,50296,679000,0,1C25TUV/00007369
1C25TUV,00007370,1,628704,50296,679000,0,1C25TUV/00007370
1C25TUV,00007371,1,499074,39926,539000,0,1C25TUV/00007371
1C25TUV,00007372,1,628704,50296,679000,0,1C25TUV/00007372
1C25TUV,00007373,1,499074,39926,539000,0,1C25TUV/00007373
1C25TUV,00007374,1,406481,32519,439000,0,1C25TUV/00007374
1C25TUV,00007375,1,628704,50296,679000,0,1C25TUV/00007375
1C25TUV,00007376,1,499074,39926,539000,0,1C25TUV/00007376
1C25TUV,00007377,1,499074,39926,539000,0,1C25TUV/00007377
1C25TUV,00007378,1,628704,50296,679000,0,1C25TUV/00007378
1C25TUV,00007379,1,628704,50296,679000,0,1C25TUV/00007379
1C25TUV,00007380,1,499074,39926,539000,0,1C25TUV/00007380
1C25TUV,00007381,1,499074,39926,539000,0,1C25TUV/00007381
1C25TUV,00007382,1,1276852,102148,1379000,0,1C25TUV/00007382
1C25TUV,00007383,1,628704,50296,679000,0,1C25TUV/00007383
1C25TUV,00007384,1,628704,50296,679000,0,1C25TUV/00007384
1C25TUV,00007385,1,656481,52519,709000,0,1C25TUV/00007385
1C25TUV,00007386,1,1054630,84370,1139000,0,1C25TUV/00007386
1C25TUV,00007387,1,526852,42148,569000,0,1C25TUV/00007387
1C25TUV,00007388,1,998148,79852,1078000,0,1C25TUV/00007388
1C25TUV,00007389,1,499074,39926,539000,0,1C25TUV/00007389
1C25TUV,00007390,1,1276852,102148,1379000,0,1C25TUV/00007390
1C25TUV,00007391,1,998148,79852,1078000,0,1C25TUV/00007391
1C25TUV,00007392,1,526852,42148,569000,0,1C25TUV/00007392
1C25TUV,00007393,1,1369444,109556,1479000,0,1C25TUV/00007393
1C25TUV,00007394,1,499074,39926,539000,0,1C25TUV/00007394
1C25TUV,00007395,1,1276852,102148,1379000,0,1C25TUV/00007395
1C25TUV,00007396,1,537037,42963,580000,0,1C25TUV/00007396
1C25TUV,00007397,1,1276852,102148,1379000,0,1C25TUV/00007397
1C25TUV,00007398,1,526852,42148,569000,0,1C25TUV/00007398
1C25TUV,00007399,1,656481,52519,709000,0,1C25TUV/00007399
1C25TUV,00007400,1,656481,52519,709000,0,1C25TUV/00007400
1C25TUV,00007401,1,221296,17704,239000,0,1C25TUV/00007401
1C25TUV,00007402,1,221296,17704,239000,0,1C25TUV/00007402
1C25TUV,00007403,1,2295370,183630,2479000,0,1C25TUV/00007403
1C25TUV,00007404,1,537037,42963,580000,0,1C25TUV/00007404
1C25TUV,00007405,1,998148,79852,1078000,0,1C25TUV/00007405
1C25TUV,00007406,1,1276852,102148,1379000,0,1C25TUV/00007406
1C25TUV,00007407,1,526852,42148,569000,0,1C25TUV/00007407
1C25TUV,00007408,1,221296,17704,239000,0,1C25TUV/00007408
1C25TUV,00007409,1,221296,17704,239000,0,1C25TUV/00007409
1C25TUV,00007410,1,2573148,205852,2779000,0,1C25TUV/00007410
1C25TUV,00007411,1,526852,42148,569000,0,1C25TUV/00007411
1C25TUV,00007412,1,526852,42148,569000,0,1C25TUV/00007412
1C25TUV,00007413,1,1276852,102148,1379000,0,1C25TUV/00007413
1C25TUV,00007414,1,1276852,102148,1379000,0,1C25TUV/00007414
1C25TUV,00007415,1,1276852,102148,1379000,0,1C25TUV/00007415
1C25TUV,00007416,1,1702778,136222,1839000,0,1C25TUV/00007416
1C25TUV,00007417,1,555500,44440,599940,0,1C25TUV/00007417
1C25TUV,00007418,1,1702778,136222,1839000,0,1C25TUV/00007418
1C25TUV,00007419,1,526852,42148,569000,0,1C25TUV/00007419
1C25TUV,00007420,1,526852,42148,569000,0,1C25TUV/00007420
1C25TUV,00007421,1,2295370,183630,2479000,0,1C25TUV/00007421
1C25TUV,00007422,1,526852,42148,569000,0,1C25TUV/00007422
1C25TUV,00007423,1,1980556,158444,2139000,0,1C25TUV/00007423
1C25TUV,00007424,1,656481,52519,709000,0,1C25TUV/00007424
1C25TUV,00007425,1,1276852,102148,1379000,0,1C25TUV/00007425
1C25TUV,00007426,1,221296,17704,239000,0,1C25TUV/00007426
1C25TUV,00007427,1,526852,42148,569000,0,1C25TUV/00007427
1C25TUV,00007428,1,2295370,183630,2479000,0,1C25TUV/00007428
1C25TUV,00007429,1,2180602,174448,2355050,0,1C25TUV/00007429
1C25TUV,00007430,1,2443609,195489,2639098,0,1C25TUV/00007430
1C25TUV,00007431,1,3962036,316963,4278999,0,1C25TUV/00007431
1C25TUV,00007432,1,628704,50296,679000,0,1C25TUV/00007432
1C25TUV,00007433,1,1980556,158444,2139000,0,1C25TUV/00007433
1C25TUV,00007434,1,1276852,102148,1379000,0,1C25TUV/00007434
1C25TUV,00007435,1,597269,47781,645050,0,1C25TUV/00007435
1C25TUV,00007436,1,499074,39926,539000,0,1C25TUV/00007436
1C25TUV,00007437,1,626296,50104,676400,0,1C25TUV/00007437
1C25TUV,00007438,1,597269,47781,645050,0,1C25TUV/00007438
1C25TUV,00007439,1,597269,47781,645050,0,1C25TUV/00007439
1C25TUV,00007440,1,2202778,176222,2379000,0,1C25TUV/00007440
1C25TUV,00007441,1,597269,47781,645050,0,1C25TUV/00007441
1C25TUV,00007442,1,2884306,230744,3115050,0,1C25TUV/00007442
1C25TUV,00007443,1,597269,47781,645050,0,1C25TUV/00007443
1C25TUV,00007444,1,597269,47781,645050,0,1C25TUV/00007444
1C25TUV,00007445,1,597269,47781,645050,0,1C25TUV/00007445
1C25TUV,00007446,1,597269,47781,645050,0,1C25TUV/00007446
1C25TUV,00007447,1,611100,48888,659988,0,1C25TUV/00007447
1C25TUV,00007448,1,2499300,199944,2699244,0,1C25TUV/00007448
1C25TUV,00007449,1,675000,54000,729000,0,1C25TUV/00007449
1C25TUV,00007450,1,962037,76963,1039000,0,1C25TUV/00007450
1C25TUV,00007451,1,628704,50296,679000,0,1C25TUV/00007451
1C25TUV,00007452,1,628704,50296,679000,0,1C25TUV/00007452
1C25TUV,00007453,1,628704,50296,679000,0,1C25TUV/00007453
1C25TUV,00007454,1,1276852,102148,1379000,0,1C25TUV/00007454
1C25TUV,00007455,1,499073,39926,538999,0,1C25TUV/00007455
1C25TUV,00007456,1,499074,39926,539000,0,1C25TUV/00007456
1C25TUV,00007457,1,627778,50222,678000,0,1C25TUV/00007457
1C25TUV,00007458,1,628704,50296,679000,0,1C25TUV/00007458
1C25TUV,00007459,1,499073,39926,538999,0,1C25TUV/00007459
1C25TUV,00007460,1,628704,50296,679000,0,1C25TUV/00007460
1C25TUV,00007461,1,1276852,102148,1379000,0,1C25TUV/00007461
1C25TUV,00007462,1,1276852,102148,1379000,0,1C25TUV/00007462
1C25TUV,00007463,1,628704,50296,679000,0,1C25TUV/00007463
1C25TUV,00007464,1,628704,50296,679000,0,1C25TUV/00007464
1C25TUV,00007465,1,628704,50296,679000,0,1C25TUV/00007465
1C25TUV,00007466,1,1276852,102148,1379000,0,1C25TUV/00007466
1C25TUV,00007467,1,628704,50296,679000,0,1C25TUV/00007467
1C25TUV,00007468,1,221296,17704,239000,0,1C25TUV/00007468
1C25TUV,00007469,1,628704,50296,679000,0,1C25TUV/00007469
1C25TUV,00007470,1,628704,50296,679000,0,1C25TUV/00007470
1C25TUV,00007471,1,498148,39852,538000,0,1C25TUV/00007471
1C25TUV,00007472,1,627778,50222,678000,0,1C25TUV/00007472
1C25TUV,00007473,1,627778,50222,678000,0,1C25TUV/00007473
1C25TUV,00007474,1,627778,50222,678000,0,1C25TUV/00007474
1C25TUV,00007475,1,627778,50222,678000,0,1C25TUV/00007475
1C25TUV,00007476,1,499074,39926,539000,0,1C25TUV/00007476
1C25TUV,00007477,1,2572221,205778,2777999,0,1C25TUV/00007477
1C25TUV,00007478,1,628704,50296,679000,0,1C25TUV/00007478
1C25TUV,00007479,1,628704,50296,679000,0,1C25TUV/00007479
1C25TUV,00007480,1,627778,50222,678000,0,1C25TUV/00007480
1C25TUV,00007481,1,628704,50296,679000,0,1C25TUV/00007481
1C25TUV,00007482,1,627778,50222,678000,0,1C25TUV/00007482
1C25TUV,00007483,1,628704,50296,679000,0,1C25TUV/00007483
1C25TUV,00007484,1,628704,50296,679000,0,1C25TUV/00007484
1C25TUV,00007485,1,628704,50296,679000,0,1C25TUV/00007485
1C25TUV,00007486,1,2295370,183630,2479000,0,1C25TUV/00007486
1C25TUV,00007487,1,1980556,158444,2139000,0,1C25TUV/00007487
1C25TUV,00007488,1,627778,50222,678000,0,1C25TUV/00007488
1C25TUV,00007489,1,628704,50296,679000,0,1C25TUV/00007489
1C25TUV,00007490,1,627778,50222,678000,0,1C25TUV/00007490
1C25TUV,00007491,1,499073,39926,538999,0,1C25TUV/00007491
1C25TUV,00007492,1,628704,50296,679000,0,1C25TUV/00007492
1C25TUV,00007493,1,1054630,84370,1139000,0,1C25TUV/00007493
1C25TUV,00007494,1,627778,50222,678000,0,1C25TUV/00007494
1C25TUV,00007495,1,1276852,102148,1379000,0,1C25TUV/00007495
1C25TUV,00007496,1,1054630,84370,1139000,0,1C25TUV/00007496
1C25TUV,00007497,1,628704,50296,679000,0,1C25TUV/00007497
1C25TUV,00007498,1,627778,50222,678000,0,1C25TUV/00007498
1C25TUV,00007499,1,628704,50296,679000,0,1C25TUV/00007499
1C25TUV,00007500,1,220370,17630,238000,0,1C25TUV/00007500
1C25TUV,00007501,1,499073,39926,538999,0,1C25TUV/00007501
1C25TUV,00007502,1,221296,17704,239000,0,1C25TUV/00007502
1C25TUV,00007503,1,628704,50296,679000,0,1C25TUV/00007503
1C25TUV,00007504,1,1276852,102148,1379000,0,1C25TUV/00007504
1C25TUV,00007505,1,1054630,84370,1139000,0,1C25TUV/00007505
1C25TUV,00007506,1,628704,50296,679000,0,1C25TUV/00007506
1C25TUV,00007507,1,628704,50296,679000,0,1C25TUV/00007507
1C25TUV,00007508,1,1054630,84370,1139000,0,1C25TUV/00007508
1C25TUV,00007509,1,628704,50296,679000,0,1C25TUV/00007509
1C25TUV,00007510,1,628704,50296,679000,0,1C25TUV/00007510
1C25TUV,00007511,1,628704,50296,679000,0,1C25TUV/00007511
1C25TUV,00007512,1,628704,50296,679000,0,1C25TUV/00007512
1C25TUV,00007513,1,628704,50296,679000,0,1C25TUV/00007513
1C25TUV,00007514,1,628704,50296,679000,0,1C25TUV/00007514
1C25TUV,00007515,1,1257407,100593,1358000,0,1C25TUV/00007515
1C25TUV,00007516,1,628704,50296,679000,0,1C25TUV/00007516
1C25TUV,00007517,1,1980556,158444,2139000,0,1C25TUV/00007517
1C25TUV,00007518,1,2295370,183630,2479000,0,1C25TUV/00007518
1C25TUV,00007519,1,628704,50296,679000,0,1C25TUV/00007519
1C25TUV,00007520,1,3036111,242889,3279000,0,1C25TUV/00007520
1C25TUV,00007521,1,628704,50296,679000,0,1C25TUV/00007521
1C25TUV,00007522,1,1276852,102148,1379000,0,1C25TUV/00007522
1C25TUV,00007523,1,628704,50296,679000,0,1C25TUV/00007523
1C25TUV,00007524,1,508333,40667,549000,0,1C25TUV/00007524
1C25TUV,00007525,1,628704,50296,679000,0,1C25TUV/00007525
1C25TUV,00007526,1,1276852,102148,1379000,0,1C25TUV/00007526
1C25TUV,00007527,1,221296,17704,239000,0,1C25TUV/00007527
1C25TUV,00007528,1,1223224,97858,1321082,0,1C25TUV/00007528
1C25TUV,00007529,1,628704,50296,679000,0,1C25TUV/00007529
1C25TUV,00007530,1,1276852,102148,1379000,0,1C25TUV/00007530
1C25TUV,00007531,1,1276852,102148,1379000,0,1C25TUV/00007531
1C25TUV,00007532,1,405556,32444,438000,0,1C25TUV/00007532
1C25TUV,00007533,1,1702778,136222,1839000,0,1C25TUV/00007533
1C25TUV,00007534,1,1054630,84370,1139000,0,1C25TUV/00007534
1C25TUV,00007535,1,1276852,102148,1379000,0,1C25TUV/00007535
1C25TUV,00007536,1,1276852,102148,1379000,0,1C25TUV/00007536
1C25TUV,00007537,1,962036,76963,1038999,0,1C25TUV/00007537
1C25TUV,00007538,1,1276852,102148,1379000,0,1C25TUV/00007538
1C25TUV,00007539,1,606070,48486,654556,0,1C25TUV/00007539
1C25TUV,00007540,1,1243000,99440,1342440,0,1C25TUV/00007540
1C25TUV,00007541,1,622417,49793,672210,0,1C25TUV/00007541
1C25TUV,00007542,1,1264083,101127,1365210,0,1C25TUV/00007542
1C25TUV,00007543,1,622417,49793,672210,0,1C25TUV/00007543
1C25TUV,00007544,1,499073,39926,538999,0,1C25TUV/00007544
1C25TUV,00007545,1,622417,49793,672210,0,1C25TUV/00007545
1C25TUV,00007546,1,221296,17704,239000,0,1C25TUV/00007546
1C25TUV,00007547,1,221296,17704,239000,0,1C25TUV/00007547
1C25TUV,00007548,1,499073,39926,538999,0,1C25TUV/00007548
1C25TUV,00007549,1,1264083,101127,1365210,0,1C25TUV/00007549
1C25TUV,00007550,1,499073,39926,538999,0,1C25TUV/00007550
1C25TUV,00007551,1,998146,79852,1077998,0,1C25TUV/00007551
1C25TUV,00007552,1,628704,50296,679000,0,1C25TUV/00007552
1C25TUV,00007553,1,2480556,198444,2679000,0,1C25TUV/00007553
1C25TUV,00007554,1,499073,39926,538999,0,1C25TUV/00007554
1C25TUV,00007555,1,2571296,205704,2777000,0,1C25TUV/00007555
1C25TUV,00007556,1,442593,35407,478000,0,1C25TUV/00007556
1C25TUV,00007557,1,221296,17704,239000,0,1C25TUV/00007557
1C25TUV,00007558,1,1274998,102000,1376998,0,1C25TUV/00007558
1C25TUV,00007559,1,1264083,101127,1365210,0,1C25TUV/00007559
1C25TUV,00007560,1,499073,39926,538999,0,1C25TUV/00007560
1C25TUV,00007561,1,509259,40741,550000,0,1C25TUV/00007561
1C25TUV,00007562,1,1054630,84370,1139000,0,1C25TUV/00007562
1C25TUV,00007563,1,622417,49793,672210,0,1C25TUV/00007563
1C25TUV,00007564,1,622417,49793,672210,0,1C25TUV/00007564
1C25TUV,00007565,1,622417,49793,672210,0,1C25TUV/00007565
1C25TUV,00007566,1,1044083,83527,1127610,0,1C25TUV/00007566
1C25TUV,00007567,1,509259,40741,550000,0,1C25TUV/00007567
1C25TUV,00007568,1,1274998,102000,1376998,0,1C25TUV/00007568
1C25TUV,00007569,1,2571296,205704,2777000,0,1C25TUV/00007569
1C25TUV,00007570,1,2088167,167053,2255220,0,1C25TUV/00007570
1C25TUV,00007571,1,221296,17704,239000,0,1C25TUV/00007571
1C25TUV,00007572,1,1054630,84370,1139000,0,1C25TUV/00007572
1C25TUV,00007573,1,1249074,99926,1349000,0,1C25TUV/00007573
1C25TUV,00007574,1,628704,50296,679000,0,1C25TUV/00007574
1C25TUV,00007575,1,499073,39926,538999,0,1C25TUV/00007575
1C25TUV,00007576,1,628704,50296,679000,0,1C25TUV/00007576
1C25TUV,00007577,1,1702778,136222,1839000,0,1C25TUV/00007577
1C25TUV,00007578,1,221296,17704,239000,0,1C25TUV/00007578
1C25TUV,00007579,1,509259,40741,550000,0,1C25TUV/00007579
1C25TUV,00007580,1,499073,39926,538999,0,1C25TUV/00007580
1C25TUV,00007581,1,628704,50296,679000,0,1C25TUV/00007581
1C25TUV,00007582,1,1702778,136222,1839000,0,1C25TUV/00007582
1C25TUV,00007583,1,2571296,205704,2777000,0,1C25TUV/00007583
1C25TUV,00007584,1,221296,17704,239000,0,1C25TUV/00007584
1C25TUV,00007585,1,1044083,83527,1127610,0,1C25TUV/00007585
1C25TUV,00007586,1,628704,50296,679000,0,1C25TUV/00007586
1C25TUV,00007587,1,628704,50296,679000,0,1C25TUV/00007587
1C25TUV,00007588,1,1264083,101127,1365210,0,1C25TUV/00007588
1C25TUV,00007589,1,499074,39926,539000,0,1C25TUV/00007589
1C25TUV,00007590,1,1264083,101127,1365210,0,1C25TUV/00007590
1C25TUV,00007591,1,1044083,83527,1127610,0,1C25TUV/00007591
1C25TUV,00007592,1,499073,39926,538999,0,1C25TUV/00007592
1C25TUV,00007593,1,628704,50296,679000,0,1C25TUV/00007593
1C25TUV,00007594,1,1264083,101127,1365210,0,1C25TUV/00007594
1C25TUV,00007595,1,499073,39926,538999,0,1C25TUV/00007595
1C25TUV,00007596,1,628704,50296,679000,0,1C25TUV/00007596
1C25TUV,00007597,1,499073,39926,538999,0,1C25TUV/00007597
1C25TUV,00007598,1,215741,17259,233000,0,1C25TUV/00007598
1C25TUV,00007599,1,628704,50296,679000,0,1C25TUV/00007599
1C25TUV,00007600,1,2258333,180667,2439000,0,1C25TUV/00007600
1C25TUV,00007601,1,1046944,83756,1130700,0,1C25TUV/00007601
1C25TUV,00007602,1,526852,42148,569000,0,1C25TUV/00007602
1C25TUV,00007603,1,998148,79852,1078000,0,1C25TUV/00007603
1C25TUV,00007604,1,628704,50296,679000,0,1C25TUV/00007604
1C25TUV,00007605,1,628704,50296,679000,0,1C25TUV/00007605
1C25TUV,00007606,1,499074,39926,539000,0,1C25TUV/00007606
1C25TUV,00007607,1,628704,50296,679000,0,1C25TUV/00007607
1C25TUV,00007608,1,628704,50296,679000,0,1C25TUV/00007608
1C25TUV,00007609,1,628704,50296,679000,0,1C25TUV/00007609
1C25TUV,00007610,1,499074,39926,539000,0,1C25TUV/00007610
1C25TUV,00007611,1,628704,50296,679000,0,1C25TUV/00007611
1C25TUV,00007612,1,675000,54000,729000,0,1C25TUV/00007612
1C25TUV,00007613,1,1276852,102148,1379000,0,1C25TUV/00007613
1C25TUV,00007614,1,628704,50296,679000,0,1C25TUV/00007614
1C25TUV,00007615,1,555556,44444,600000,0,1C25TUV/00007615
1C25TUV,00007616,1,1276852,102148,1379000,0,1C25TUV/00007616
1C25TUV,00007617,1,656481,52519,709000,0,1C25TUV/00007617
1C25TUV,00007618,1,628704,50296,679000,0,1C25TUV/00007618
1C25TUV,00007619,1,2295370,183630,2479000,0,1C25TUV/00007619
1C25TUV,00007620,1,537037,42963,580000,0,1C25TUV/00007620
1C25TUV,00007621,1,2573148,205852,2779000,0,1C25TUV/00007621
1C25TUV,00007622,1,628704,50296,679000,0,1C25TUV/00007622
1C25TUV,00007623,1,1054630,84370,1139000,0,1C25TUV/00007623
1C25TUV,00007624,1,656481,52519,709000,0,1C25TUV/00007624
1C25TUV,00007625,1,656481,52519,709000,0,1C25TUV/00007625
1C25TUV,00007626,1,656481,52519,709000,0,1C25TUV/00007626
1C25TUV,00007627,1,537037,42963,580000,0,1C25TUV/00007627
1C25TUV,00007628,1,499074,39926,539000,0,1C25TUV/00007628
1C25TUV,00007629,1,628704,50296,679000,0,1C25TUV/00007629
1C25TUV,00007630,1,537037,42963,580000,0,1C25TUV/00007630
1C25TUV,00007631,1,1276852,102148,1379000,0,1C25TUV/00007631
1C25TUV,00007632,1,656481,52519,709000,0,1C25TUV/00007632
1C25TUV,00007633,1,656481,52519,709000,0,1C25TUV/00007633
1C25TUV,00007634,1,2295370,183630,2479000,0,1C25TUV/00007634
1C25TUV,00007635,1,499074,39926,539000,0,1C25TUV/00007635
1C25TUV,00007636,1,526852,42148,569000,0,1C25TUV/00007636
1C25TUV,00007637,1,656481,52519,709000,0,1C25TUV/00007637
1C25TUV,00007638,1,1980556,158444,2139000,0,1C25TUV/00007638
1C25TUV,00007639,1,2573148,205852,2779000,0,1C25TUV/00007639
1C25TUV,00007640,1,2573148,205852,2779000,0,1C25TUV/00007640
1C25TUV,00007641,1,656481,52519,709000,0,1C25TUV/00007641
1C25TUV,00007642,1,656481,52519,709000,0,1C25TUV/00007642
1C25TUV,00007643,1,1018519,81481,1100000,0,1C25TUV/00007643
1C25TUV,00007644,1,656481,52519,709000,0,1C25TUV/00007644
1C25TUV,00007645,1,656481,52519,709000,0,1C25TUV/00007645
1C25TUV,00007646,1,656481,52519,709000,0,1C25TUV/00007646
1C25TUV,00007647,1,656481,52519,709000,0,1C25TUV/00007647
1C25TUV,00007648,1,656481,52519,709000,0,1C25TUV/00007648
1C25TUV,00007649,1,536981,42959,579940,0,1C25TUV/00007649
1C25TUV,00007650,1,2295370,183630,2479000,0,1C25TUV/00007650
1C25TUV,00007651,1,656481,52519,709000,0,1C25TUV/00007651
1C25TUV,00007652,1,526852,42148,569000,0,1C25TUV/00007652
1C25TUV,00007653,1,1276852,102148,1379000,0,1C25TUV/00007653
1C25TUV,00007654,1,537037,42963,580000,0,1C25TUV/00007654
1C25TUV,00007655,1,2573148,205852,2779000,0,1C25TUV/00007655
1C25TUV,00007656,1,526852,42148,569000,0,1C25TUV/00007656
1C25TUV,00007657,1,1147222,91778,1239000,0,1C25TUV/00007657
1C25TUV,00007658,1,2295370,183630,2479000,0,1C25TUV/00007658
1C25TUV,00007659,1,1054630,84370,1139000,0,1C25TUV/00007659
1C25TUV,00007660,1,526852,42148,569000,0,1C25TUV/00007660
1C25TUV,00007661,1,526852,42148,569000,0,1C25TUV/00007661
1C25TUV,00007662,1,509259,40741,550000,0,1C25TUV/00007662
1C25TUV,00007663,1,1276852,102148,1379000,0,1C25TUV/00007663
1C25TUV,00007664,1,1276852,102148,1379000,0,1C25TUV/00007664
1C25TUV,00007665,1,656481,52519,709000,0,1C25TUV/00007665
1C25TUV,00007666,1,1054630,84370,1139000,0,1C25TUV/00007666
1C25TUV,00007667,1,526852,42148,569000,0,1C25TUV/00007667
1C25TUV,00007668,1,2573148,205852,2779000,0,1C25TUV/00007668
1C25TUV,00007669,1,656481,52519,709000,0,1C25TUV/00007669
1C25TUV,00007670,1,1276852,102148,1379000,0,1C25TUV/00007670
1C25TUV,00007671,1,998148,79852,1078000,0,1C25TUV/00007671
1C25TUV,00007672,1,656481,52519,709000,0,1C25TUV/00007672
1C25TUV,00007673,1,2295370,183630,2479000,0,1C25TUV/00007673
1C25TUV,00007674,1,537037,42963,580000,0,1C25TUV/00007674
1C25TUV,00007675,1,526852,42148,569000,0,1C25TUV/00007675
1C25TUV,00007676,1,526852,42148,569000,0,1C25TUV/00007676
1C25TUV,00007677,1,1276852,102148,1379000,0,1C25TUV/00007677
1C25TUV,00007678,1,1054630,84370,1139000,0,1C25TUV/00007678
1C25TUV,00007679,1,526852,42148,569000,0,1C25TUV/00007679
1C25TUV,00007680,1,526852,42148,569000,0,1C25TUV/00007680
1C25TUV,00007681,1,526852,42148,569000,0,1C25TUV/00007681
1C25TUV,00007682,1,1276852,102148,1379000,0,1C25TUV/00007682
1C25TUV,00007683,1,2573148,205852,2779000,0,1C25TUV/00007683
1C25TUV,00007684,1,3962037,316963,4279000,0,1C25TUV/00007684
1C25TUV,00007685,1,2758333,220667,2979000,0,1C25TUV/00007685
1C25TUV,00007686,1,3962037,316963,4279000,0,1C25TUV/00007686
1C25TUV,00007687,1,1462037,116963,1579000,0,1C25TUV/00007687
1C25TUV,00007688,1,1128703,90296,1218999,0,1C25TUV/00007688
1C25TUV,00007689,1,904629,72370,976999,0,1C25TUV/00007689
1C25TUV,00007690,1,509258,40741,549999,0,1C25TUV/00007690
1C25TUV,00007691,1,597269,47781,645050,0,1C25TUV/00007691
1C25TUV,00007692,1,597269,47781,645050,0,1C25TUV/00007692
1C25TUV,00007693,1,597269,47781,645050,0,1C25TUV/00007693
1C25TUV,00007694,1,628704,50296,679000,0,1C25TUV/00007694
1C25TUV,00007695,1,2295370,183630,2479000,0,1C25TUV/00007695
1C25TUV,00007696,1,1044444,83556,1128000,0,1C25TUV/00007696
1C25TUV,00007697,1,628704,50296,679000,0,1C25TUV/00007697
1C25TUV,00007698,1,628704,50296,679000,0,1C25TUV/00007698
1C25TUV,00007699,1,628704,50296,679000,0,1C25TUV/00007699
1C25TUV,00007700,1,627778,50222,678000,0,1C25TUV/00007700
1C25TUV,00007701,1,628704,50296,679000,0,1C25TUV/00007701
1C25TUV,00007702,1,628704,50296,679000,0,1C25TUV/00007702
1C25TUV,00007703,1,628704,50296,679000,0,1C25TUV/00007703
1C25TUV,00007704,1,1980556,158444,2139000,0,1C25TUV/00007704
1C25TUV,00007705,1,628704,50296,679000,0,1C25TUV/00007705
1C25TUV,00007706,1,405556,32444,438000,0,1C25TUV/00007706
1C25TUV,00007707,1,628704,50296,679000,0,1C25TUV/00007707
1C25TUV,00007708,1,498148,39852,538000,0,1C25TUV/00007708
1C25TUV,00007709,1,1276852,102148,1379000,0,1C25TUV/00007709
1C25TUV,00007710,1,628704,50296,679000,0,1C25TUV/00007710
1C25TUV,00007711,1,3036111,242889,3279000,0,1C25TUV/00007711
1C25TUV,00007712,1,1980556,158444,2139000,0,1C25TUV/00007712
1C25TUV,00007713,1,628704,50296,679000,0,1C25TUV/00007713
1C25TUV,00007714,1,1054630,84370,1139000,0,1C25TUV/00007714
1C25TUV,00007715,1,628704,50296,679000,0,1C25TUV/00007715
1C25TUV,00007716,1,962036,76963,1038999,0,1C25TUV/00007716
1C25TUV,00007717,1,628704,50296,679000,0,1C25TUV/00007717
1C25TUV,00007718,1,628704,50296,679000,0,1C25TUV/00007718
1C25TUV,00007719,1,1257407,100593,1358000,0,1C25TUV/00007719
1C25TUV,00007720,1,628704,50296,679000,0,1C25TUV/00007720
1C25TUV,00007721,1,628704,50296,679000,0,1C25TUV/00007721
1C25TUV,00007722,1,628704,50296,679000,0,1C25TUV/00007722
1C25TUV,00007723,1,628704,50296,679000,0,1C25TUV/00007723
1C25TUV,00007724,1,628704,50296,679000,0,1C25TUV/00007724
1C25TUV,00007725,1,628704,50296,679000,0,1C25TUV/00007725
1C25TUV,00007726,1,628704,50296,679000,0,1C25TUV/00007726
1C25TUV,00007727,1,606070,48486,654556,0,1C25TUV/00007727
1C25TUV,00007728,1,1980556,158444,2139000,0,1C25TUV/00007728
1C25TUV,00007729,1,2295370,183630,2479000,0,1C25TUV/00007729
1C25TUV,00007730,1,628704,50296,679000,0,1C25TUV/00007730
1C25TUV,00007731,1,1054630,84370,1139000,0,1C25TUV/00007731
1C25TUV,00007732,1,221296,17704,239000,0,1C25TUV/00007732
1C25TUV,00007733,1,1276852,102148,1379000,0,1C25TUV/00007733
1C25TUV,00007734,1,1276852,102148,1379000,0,1C25TUV/00007734
1C25TUV,00007735,1,499073,39926,538999,0,1C25TUV/00007735
1C25TUV,00007736,1,628704,50296,679000,0,1C25TUV/00007736
1C25TUV,00007737,1,628704,50296,679000,0,1C25TUV/00007737
1C25TUV,00007738,1,628704,50296,679000,0,1C25TUV/00007738
1C25TUV,00007739,1,499073,39926,538999,0,1C25TUV/00007739
1C25TUV,00007740,1,1276852,102148,1379000,0,1C25TUV/00007740
1C25TUV,00007741,1,2571296,205704,2777000,0,1C25TUV/00007741
1C25TUV,00007742,1,1980556,158444,2139000,0,1C25TUV/00007742
1C25TUV,00007743,1,2295370,183630,2479000,0,1C25TUV/00007743
1C25TUV,00007744,1,628704,50296,679000,0,1C25TUV/00007744
1C25TUV,00007745,1,499074,39926,539000,0,1C25TUV/00007745
1C25TUV,00007746,1,628704,50296,679000,0,1C25TUV/00007746
1C25TUV,00007747,1,2295370,183630,2479000,0,1C25TUV/00007747
1C25TUV,00007748,1,486110,38889,524999,0,1C25TUV/00007748
1C25TUV,00007749,1,1264083,101127,1365210,0,1C25TUV/00007749
1C25TUV,00007750,1,2571296,205704,2777000,0,1C25TUV/00007750
1C25TUV,00007751,1,622417,49793,672210,0,1C25TUV/00007751
1C25TUV,00007752,1,622417,49793,672210,0,1C25TUV/00007752
1C25TUV,00007753,1,622417,49793,672210,0,1C25TUV/00007753
1C25TUV,00007754,1,452778,36222,489000,0,1C25TUV/00007754
1C25TUV,00007755,1,1702777,136222,1838999,0,1C25TUV/00007755
1C25TUV,00007756,1,1264083,101127,1365210,0,1C25TUV/00007756
1C25TUV,00007757,1,622417,49793,672210,0,1C25TUV/00007757
1C25TUV,00007758,1,622417,49793,672210,0,1C25TUV/00007758
1C25TUV,00007759,1,622417,49793,672210,0,1C25TUV/00007759
1C25TUV,00007760,1,1264083,101127,1365210,0,1C25TUV/00007760
1C25TUV,00007761,1,622417,49793,672210,0,1C25TUV/00007761
1C25TUV,00007762,1,622417,49793,672210,0,1C25TUV/00007762
1C25TUV,00007763,1,622417,49793,672210,0,1C25TUV/00007763
1C25TUV,00007764,1,1044083,83527,1127610,0,1C25TUV/00007764
1C25TUV,00007765,1,486110,38889,524999,0,1C25TUV/00007765
1C25TUV,00007766,1,486110,38889,524999,0,1C25TUV/00007766
1C25TUV,00007767,1,622417,49793,672210,0,1C25TUV/00007767
1C25TUV,00007768,1,1264083,101127,1365210,0,1C25TUV/00007768
1C25TUV,00007769,1,221296,17704,239000,0,1C25TUV/00007769
1C25TUV,00007770,1,2571296,205704,2777000,0,1C25TUV/00007770
1C25TUV,00007771,1,221296,17704,239000,0,1C25TUV/00007771
1C25TUV,00007772,1,951852,76148,1028000,0,1C25TUV/00007772
1C25TUV,00007773,1,493167,39453,532620,0,1C25TUV/00007773
1C25TUV,00007774,1,499073,39926,538999,0,1C25TUV/00007774
1C25TUV,00007775,1,621500,49720,671220,0,1C25TUV/00007775
1C25TUV,00007776,1,622417,49793,672210,0,1C25TUV/00007776
1C25TUV,00007777,1,499073,39926,538999,0,1C25TUV/00007777
1C25TUV,00007778,1,509259,40741,550000,0,1C25TUV/00007778
1C25TUV,00007779,1,221296,17704,239000,0,1C25TUV/00007779
1C25TUV,00007780,1,2571296,205704,2777000,0,1C25TUV/00007780
1C25TUV,00007781,1,1054630,84370,1139000,0,1C25TUV/00007781
1C25TUV,00007782,1,1276852,102148,1379000,0,1C25TUV/00007782
1C25TUV,00007783,1,606070,48486,654556,0,1C25TUV/00007783
1C25TUV,00007784,1,606070,48486,654556,0,1C25TUV/00007784
1C25TUV,00007785,1,1276852,102148,1379000,0,1C25TUV/00007785
1C25TUV,00007786,1,606070,48486,654556,0,1C25TUV/00007786
1C25TUV,00007787,1,622417,49793,672210,0,1C25TUV/00007787
1C25TUV,00007788,1,628704,50296,679000,0,1C25TUV/00007788
1C25TUV,00007789,1,628704,50296,679000,0,1C25TUV/00007789
1C25TUV,00007790,1,1264083,101127,1365210,0,1C25TUV/00007790
1C25TUV,00007791,1,1264083,101127,1365210,0,1C25TUV/00007791
1C25TUV,00007792,1,628704,50296,679000,0,1C25TUV/00007792
1C25TUV,00007793,2,499278,39942,539220,0,1C25TUV/00007793; 1C25TUV/00008065
1C25TUV,00007794,1,499073,39926,538999,0,1C25TUV/00007794
1C25TUV,00007795,1,221296,17704,239000,0,1C25TUV/00007795
1C25TUV,00007796,1,1264083,101127,1365210,0,1C25TUV/00007796
1C25TUV,00007797,1,1044083,83527,1127610,0,1C25TUV/00007797
1C25TUV,00007798,1,1264083,101127,1365210,0,1C25TUV/00007798
1C25TUV,00007799,1,1960750,156860,2117610,0,1C25TUV/00007799
1C25TUV,00007800,1,492593,39407,532000,0,1C25TUV/00007800
1C25TUV,00007801,1,628704,50296,679000,0,1C25TUV/00007801
1C25TUV,00007802,1,628704,50296,679000,0,1C25TUV/00007802
1C25TUV,00007803,1,499073,39926,538999,0,1C25TUV/00007803
1C25TUV,00007804,1,1264083,101127,1365210,0,1C25TUV/00007804
1C25TUV,00007805,1,499073,39926,538999,0,1C25TUV/00007805
1C25TUV,00007806,1,2571296,205704,2777000,0,1C25TUV/00007806
1C25TUV,00007807,1,628704,50296,679000,0,1C25TUV/00007807
1C25TUV,00007808,1,628704,50296,679000,0,1C25TUV/00007808
1C25TUV,00007809,1,221296,17704,239000,0,1C25TUV/00007809
1C25TUV,00007810,1,962036,76963,1038999,0,1C25TUV/00007810
1C25TUV,00007811,1,2571296,205704,2777000,0,1C25TUV/00007811
1C25TUV,00007812,1,1276852,102148,1379000,0,1C25TUV/00007812
1C25TUV,00007813,1,1276852,102148,1379000,0,1C25TUV/00007813
1C25TUV,00007814,1,2571296,205704,2777000,0,1C25TUV/00007814
1C25TUV,00007815,1,499073,39926,538999,0,1C25TUV/00007815
1C25TUV,00007816,1,1264083,101127,1365210,0,1C25TUV/00007816
1C25TUV,00007817,1,499073,39926,538999,0,1C25TUV/00007817
1C25TUV,00007818,1,499073,39926,538999,0,1C25TUV/00007818
1C25TUV,00007819,1,628704,50296,679000,0,1C25TUV/00007819
1C25TUV,00007875,1,6231333,498507,6729840,0,1C25TUV/00007875
1C25TUV,00007876,1,465880,37270,503150,0,1C25TUV/00007876
1C25TUV,00007877,1,2894833,231587,3126420,0,1C25TUV/00007877
1C25TUV,00007878,1,2792593,223407,3016000,0,1C25TUV/00007878
1C25TUV,00007879,1,2884306,230744,3115050,0,1C25TUV/00007879
1C25TUV,00007880,1,611100,48888,659988,0,1C25TUV/00007880
1C25TUV,00007881,1,3036111,242889,3279000,0,1C25TUV/00007881
1C25TUV,00007882,1,628704,50296,679000,0,1C25TUV/00007882
1C25TUV,00007883,1,1276852,102148,1379000,0,1C25TUV/00007883
1C25TUV,00007884,1,628704,50296,679000,0,1C25TUV/00007884
1C25TUV,00007885,1,627778,50222,678000,0,1C25TUV/00007885
1C25TUV,00007886,1,1054630,84370,1139000,0,1C25TUV/00007886
1C25TUV,00007887,1,962036,76963,1038999,0,1C25TUV/00007887
1C25TUV,00007888,1,1702778,136222,1839000,0,1C25TUV/00007888
1C25TUV,00007889,1,1276852,102148,1379000,0,1C25TUV/00007889
1C25TUV,00007890,1,628704,50296,679000,0,1C25TUV/00007890
1C25TUV,00007891,1,1276852,102148,1379000,0,1C25TUV/00007891
1C25TUV,00007892,1,628704,50296,679000,0,1C25TUV/00007892
1C25TUV,00007893,1,628704,50296,679000,0,1C25TUV/00007893
1C25TUV,00007894,1,628704,50296,679000,0,1C25TUV/00007894
1C25TUV,00007895,1,628704,50296,679000,0,1C25TUV/00007895
1C25TUV,00007896,1,998146,79852,1077998,0,1C25TUV/00007896
1C25TUV,00007897,1,1276852,102148,1379000,0,1C25TUV/00007897
1C25TUV,00007898,1,628704,50296,679000,0,1C25TUV/00007898
1C25TUV,00007899,1,628704,50296,679000,0,1C25TUV/00007899
1C25TUV,00007900,1,628704,50296,679000,0,1C25TUV/00007900
1C25TUV,00007901,1,628704,50296,679000,0,1C25TUV/00007901
1C25TUV,00007902,1,628704,50296,679000,0,1C25TUV/00007902
1C25TUV,00007903,1,628704,50296,679000,0,1C25TUV/00007903
1C25TUV,00007904,1,628704,50296,679000,0,1C25TUV/00007904
1C25TUV,00007905,1,628704,50296,679000,0,1C25TUV/00007905
1C25TUV,00007906,1,1276852,102148,1379000,0,1C25TUV/00007906
1C25TUV,00007907,1,628704,50296,679000,0,1C25TUV/00007907
1C25TUV,00007908,1,628704,50296,679000,0,1C25TUV/00007908
1C25TUV,00007909,1,622417,49793,672210,0,1C25TUV/00007909
1C25TUV,00007910,1,622417,49793,672210,0,1C25TUV/00007910
1C25TUV,00007911,1,622417,49793,672210,0,1C25TUV/00007911
1C25TUV,00007912,1,1264083,101127,1365210,0,1C25TUV/00007912
1C25TUV,00007913,1,622417,49793,672210,0,1C25TUV/00007913
1C25TUV,00007914,1,622417,49793,672210,0,1C25TUV/00007914
1C25TUV,00007915,1,622417,49793,672210,0,1C25TUV/00007915
1C25TUV,00007916,1,622417,49793,672210,0,1C25TUV/00007916
1C25TUV,00007917,1,2571296,205704,2777000,0,1C25TUV/00007917
1C25TUV,00007918,1,622417,49793,672210,0,1C25TUV/00007918
1C25TUV,00007919,1,622417,49793,672210,0,1C25TUV/00007919
1C25TUV,00007920,1,622417,49793,672210,0,1C25TUV/00007920
1C25TUV,00007921,1,622417,49793,672210,0,1C25TUV/00007921
1C25TUV,00007922,1,622417,49793,672210,0,1C25TUV/00007922
1C25TUV,00007923,1,622417,49793,672210,0,1C25TUV/00007923
1C25TUV,00007924,1,486110,38889,524999,0,1C25TUV/00007924
1C25TUV,00007925,1,622417,49793,672210,0,1C25TUV/00007925
1C25TUV,00007926,1,606070,48486,654556,0,1C25TUV/00007926
1C25TUV,00007927,1,499073,39926,538999,0,1C25TUV/00007927
1C25TUV,00007928,1,628704,50296,679000,0,1C25TUV/00007928
1C25TUV,00007929,1,622417,49793,672210,0,1C25TUV/00007929
1C25TUV,00007930,1,1960750,156860,2117610,0,1C25TUV/00007930
1C25TUV,00007931,1,221296,17704,239000,0,1C25TUV/00007931
1C25TUV,00007932,1,622417,49793,672210,0,1C25TUV/00007932
1C25TUV,00007933,1,2272417,181793,2454210,0,1C25TUV/00007933
1C25TUV,00007934,1,622417,49793,672210,0,1C25TUV/00007934
1C25TUV,00007935,1,622417,49793,672210,0,1C25TUV/00007935
1C25TUV,00007936,1,622417,49793,672210,0,1C25TUV/00007936
1C25TUV,00007937,1,622417,49793,672210,0,1C25TUV/00007937
1C25TUV,00007938,1,622417,49793,672210,0,1C25TUV/00007938
1C25TUV,00007939,1,622417,49793,672210,0,1C25TUV/00007939
1C25TUV,00007940,1,622417,49793,672210,0,1C25TUV/00007940
1C25TUV,00007941,1,1702778,136222,1839000,0,1C25TUV/00007941
1C25TUV,00007942,1,628704,50296,679000,0,1C25TUV/00007942
1C25TUV,00007943,1,606070,48486,654556,0,1C25TUV/00007943
1C25TUV,00007944,1,499074,39926,539000,0,1C25TUV/00007944
1C25TUV,00007945,1,1219394,97551,1316945,0,1C25TUV/00007945
1C25TUV,00007946,1,628704,50296,679000,0,1C25TUV/00007946
1C25TUV,00007947,1,628704,50296,679000,0,1C25TUV/00007947
1C25TUV,00007948,1,628704,50296,679000,0,1C25TUV/00007948
1C25TUV,00007949,1,622417,49793,672210,0,1C25TUV/00007949
1C25TUV,00007950,1,622417,49793,672210,0,1C25TUV/00007950
1C25TUV,00007951,1,2017593,161407,2179000,0,1C25TUV/00007951
1C25TUV,00007952,1,1264083,101127,1365210,0,1C25TUV/00007952
1C25TUV,00007953,1,628704,50296,679000,0,1C25TUV/00007953
1C25TUV,00007954,1,628704,50296,679000,0,1C25TUV/00007954
1C25TUV,00007955,1,2479630,198370,2678000,0,1C25TUV/00007955
1C25TUV,00007956,1,221296,17704,239000,0,1C25TUV/00007956
1C25TUV,00007957,1,606070,48486,654556,0,1C25TUV/00007957
1C25TUV,00007958,1,606070,48486,654556,0,1C25TUV/00007958
1C25TUV,00007959,1,220370,17630,238000,0,1C25TUV/00007959
1C25TUV,00007960,1,628704,50296,679000,0,1C25TUV/00007960
1C25TUV,00007961,1,1609259,128741,1738000,0,1C25TUV/00007961
1C25TUV,00007962,1,628704,50296,679000,0,1C25TUV/00007962
1C25TUV,00007963,1,2571296,205704,2777000,0,1C25TUV/00007963
1C25TUV,00007964,1,998146,79852,1077998,0,1C25TUV/00007964
1C25TUV,00007965,1,1685750,134860,1820610,0,1C25TUV/00007965
1C25TUV,00007966,1,221296,17704,239000,0,1C25TUV/00007966
1C25TUV,00007967,1,1264083,101127,1365210,0,1C25TUV/00007967
1C25TUV,00007968,1,1264083,101127,1365210,0,1C25TUV/00007968
1C25TUV,00007969,1,1264083,101127,1365210,0,1C25TUV/00007969
1C25TUV,00007970,1,1685750,134860,1820610,0,1C25TUV/00007970
1C25TUV,00007971,1,499074,39926,539000,0,1C25TUV/00007971
1C25TUV,00007972,1,1276852,102148,1379000,0,1C25TUV/00007972
1C25TUV,00007973,1,2571296,205704,2777000,0,1C25TUV/00007973
1C25TUV,00007974,1,628704,50296,679000,0,1C25TUV/00007974
1C25TUV,00007975,1,221296,17704,239000,0,1C25TUV/00007975
1C25TUV,00007976,1,1054630,84370,1139000,0,1C25TUV/00007976
1C25TUV,00007977,1,628704,50296,679000,0,1C25TUV/00007977
1C25TUV,00007978,1,628704,50296,679000,0,1C25TUV/00007978
1C25TUV,00007979,1,499073,39926,538999,0,1C25TUV/00007979
1C25TUV,00007980,1,628704,50296,679000,0,1C25TUV/00007980
1C25TUV,00007981,1,628704,50296,679000,0,1C25TUV/00007981
1C25TUV,00007982,1,628704,50296,679000,0,1C25TUV/00007982
1C25TUV,00007983,1,628704,50296,679000,0,1C25TUV/00007983
1C25TUV,00007984,1,1264083,101127,1365210,0,1C25TUV/00007984
1C25TUV,00007985,1,1275926,102074,1378000,0,1C25TUV/00007985
1C25TUV,00007986,1,2571296,205704,2777000,0,1C25TUV/00007986
1C25TUV,00007987,1,628704,50296,679000,0,1C25TUV/00007987
1C25TUV,00007988,1,766667,61333,828000,0,1C25TUV/00007988
1C25TUV,00007989,1,628704,50296,679000,0,1C25TUV/00007989
1C25TUV,00007990,1,628704,50296,679000,0,1C25TUV/00007990
1C25TUV,00007991,1,628704,50296,679000,0,1C25TUV/00007991
1C25TUV,00007992,1,628704,50296,679000,0,1C25TUV/00007992
1C25TUV,00007993,1,628704,50296,679000,0,1C25TUV/00007993
1C25TUV,00007994,1,1257407,100593,1358000,0,1C25TUV/00007994
1C25TUV,00007995,1,1543519,123481,1667000,0,1C25TUV/00007995
1C25TUV,00007996,1,526852,42148,569000,0,1C25TUV/00007996
1C25TUV,00007997,1,2573148,205852,2779000,0,1C25TUV/00007997
1C25TUV,00007998,1,1980556,158444,2139000,0,1C25TUV/00007998
1C25TUV,00007999,1,526852,42148,569000,0,1C25TUV/00007999
1C25TUV,00008000,1,656481,52519,709000,0,1C25TUV/00008000
1C25TUV,00008001,1,656481,52519,709000,0,1C25TUV/00008001
1C25TUV,00008002,1,1276852,102148,1379000,0,1C25TUV/00008002
1C25TUV,00008003,1,656481,52519,709000,0,1C25TUV/00008003
1C25TUV,00008004,1,628704,50296,679000,0,1C25TUV/00008004
1C25TUV,00008005,1,998148,79852,1078000,0,1C25TUV/00008005
1C25TUV,00008006,1,656481,52519,709000,0,1C25TUV/00008006
1C25TUV,00008007,1,656481,52519,709000,0,1C25TUV/00008007
1C25TUV,00008008,1,656481,52519,709000,0,1C25TUV/00008008
1C25TUV,00008009,1,998148,79852,1078000,0,1C25TUV/00008009
1C25TUV,00008010,1,656481,52519,709000,0,1C25TUV/00008010
1C25TUV,00008011,1,656481,52519,709000,0,1C25TUV/00008011
1C25TUV,00008012,1,526852,42148,569000,0,1C25TUV/00008012
1C25TUV,00008013,1,656481,52519,709000,0,1C25TUV/00008013
1C25TUV,00008014,1,656481,52519,709000,0,1C25TUV/00008014
1C25TUV,00008015,1,656481,52519,709000,0,1C25TUV/00008015
1C25TUV,00008016,1,656481,52519,709000,0,1C25TUV/00008016
1C25TUV,00008017,1,1276852,102148,1379000,0,1C25TUV/00008017
1C25TUV,00008018,1,1147222,91778,1239000,0,1C25TUV/00008018
1C25TUV,00008019,1,656481,52519,709000,0,1C25TUV/00008019
1C25TUV,00008020,1,2295370,183630,2479000,0,1C25TUV/00008020
1C25TUV,00008021,1,526852,42148,569000,0,1C25TUV/00008021
1C25TUV,00008022,1,555500,44440,599940,0,1C25TUV/00008022
1C25TUV,00008023,1,1980556,158444,2139000,0,1C25TUV/00008023
1C25TUV,00008024,1,1239815,99185,1339000,0,1C25TUV/00008024
1C25TUV,00008025,1,2573148,205852,2779000,0,1C25TUV/00008025
1C25TUV,00008026,1,656481,52519,709000,0,1C25TUV/00008026
1C25TUV,00008027,1,656481,52519,709000,0,1C25TUV/00008027
1C25TUV,00008028,1,656481,52519,709000,0,1C25TUV/00008028
1C25TUV,00008029,1,2573148,205852,2779000,0,1C25TUV/00008029
1C25TUV,00008030,1,526852,42148,569000,0,1C25TUV/00008030
1C25TUV,00008031,1,526852,42148,569000,0,1C25TUV/00008031
1C25TUV,00008032,1,2295370,183630,2479000,0,1C25TUV/00008032
1C25TUV,00008033,1,1276852,102148,1379000,0,1C25TUV/00008033
1C25TUV,00008034,1,555500,44440,599940,0,1C25TUV/00008034
1C25TUV,00008035,1,1276852,102148,1379000,0,1C25TUV/00008035
1C25TUV,00008036,1,526852,42148,569000,0,1C25TUV/00008036
1C25TUV,00008037,1,656481,52519,709000,0,1C25TUV/00008037
1C25TUV,00008038,1,537037,42963,580000,0,1C25TUV/00008038
1C25TUV,00008039,1,2295370,183630,2479000,0,1C25TUV/00008039
1C25TUV,00008040,1,1369444,109556,1479000,0,1C25TUV/00008040
1C25TUV,00008041,1,526852,42148,569000,0,1C25TUV/00008041
1C25TUV,00008042,1,2295370,183630,2479000,0,1C25TUV/00008042
1C25TUV,00008043,1,1276852,102148,1379000,0,1C25TUV/00008043
1C25TUV,00008044,1,526852,42148,569000,0,1C25TUV/00008044
1C25TUV,00008045,1,1257407,100593,1358000,0,1C25TUV/00008045
1C25TUV,00008046,1,526852,42148,569000,0,1C25TUV/00008046
1C25TUV,00008047,1,526852,42148,569000,0,1C25TUV/00008047
1C25TUV,00008048,1,526852,42148,569000,0,1C25TUV/00008048
1C25TUV,00008049,1,406481,32519,439000,0,1C25TUV/00008049
1C25TUV,00008050,1,1276852,102148,1379000,0,1C25TUV/00008050
1C25TUV,00008051,1,1054630,84370,1139000,0,1C25TUV/00008051
1C25TUV,00008052,1,998148,79852,1078000,0,1C25TUV/00008052
1C25TUV,00008053,1,1054630,84370,1139000,0,1C25TUV/00008053
1C25TUV,00008054,1,499074,39926,539000,0,1C25TUV/00008054
1C25TUV,00008055,1,1980556,158444,2139000,0,1C25TUV/00008055
1C25TUV,00008056,1,499074,39926,539000,0,1C25TUV/00008056
1C25TUV,00008057,1,526852,42148,569000,0,1C25TUV/00008057
1C25TUV,00008058,1,138889,11111,150000,0,1C25TUV/00008058
1C25TUV,00008059,1,138889,11111,150000,0,1C25TUV/00008059
1C25TUV,00008060,1,138889,11111,150000,0,1C25TUV/00008060
1C25TUV,00008061,1,138889,11111,150000,0,1C25TUV/00008061
1C25TUV,00008062,1,1386111,110889,1497000,0,1C25TUV/00008062
1C25TUV,00008063,1,46296,3704,50000,0,1C25TUV/00008063
1C25TUV,00008064,1,703704,56296,760000,0,1C25TUV/00008064
1C25TUV,00008182,1,46296,3704,50000,0,1C25TUV/00008182
1C25TUV,00008183,1,129630,10370,140000,0,1C25TUV/00008183
1C25TUV,00008184,1,4599074,367926,4967000,0,1C25TUV/00008184
1C25TUV,00008185,1,648148,51852,700000,0,1C25TUV/00008185
1C25TUV,00008186,1,648148,51852,700000,0,1C25TUV/00008186
1C25TUV,00008187,1,509259,40741,550000,0,1C25TUV/00008187
1C25TUV,00008188,1,2850925,228074,3078999,0,1C25TUV/00008188
1C25TUV,00008189,1,597269,47781,645050,0,1C25TUV/00008189
1C25TUV,00008190,1,2295370,183630,2479000,0,1C25TUV/00008190
1C25TUV,00008191,1,627778,50222,678000,0,1C25TUV/00008191
1C25TUV,00008192,1,628704,50296,679000,0,1C25TUV/00008192
1C25TUV,00008193,1,1980556,158444,2139000,0,1C25TUV/00008193
1C25TUV,00008194,1,628704,50296,679000,0,1C25TUV/00008194
1C25TUV,00008195,1,1276852,102148,1379000,0,1C25TUV/00008195
1C25TUV,00008196,1,2272417,181793,2454210,0,1C25TUV/00008196
1C25TUV,00008197,1,622417,49793,672210,0,1C25TUV/00008197
1C25TUV,00008198,1,1276851,102148,1378999,0,1C25TUV/00008198
1C25TUV,00008199,1,622417,49793,672210,0,1C25TUV/00008199
1C25TUV,00008200,1,622417,49793,672210,0,1C25TUV/00008200
1C25TUV,00008201,1,622417,49793,672210,0,1C25TUV/00008201
1C25TUV,00008202,1,628704,50296,679000,0,1C25TUV/00008202
1C25TUV,00008203,1,2571296,205704,2777000,0,1C25TUV/00008203
1C25TUV,00008204,1,508333,40667,549000,0,1C25TUV/00008204
1C25TUV,00008205,1,2455588,196447,2652035,0,1C25TUV/00008205
1C25TUV,00008206,1,622417,49793,672210,0,1C25TUV/00008206
1C25TUV,00008207,1,622417,49793,672210,0,1C25TUV/00008207
1C25TUV,00008208,1,2571296,205704,2777000,0,1C25TUV/00008208
1C25TUV,00008209,1,3036111,242889,3279000,0,1C25TUV/00008209
1C25TUV,00008210,1,622417,49793,672210,0,1C25TUV/00008210
1C25TUV,00008211,1,622417,49793,672210,0,1C25TUV/00008211
1C25TUV,00008212,1,622417,49793,672210,0,1C25TUV/00008212
1C25TUV,00008213,1,622417,49793,672210,0,1C25TUV/00008213
1C25TUV,00008214,1,499073,39926,538999,0,1C25TUV/00008214
1C25TUV,00008215,1,622417,49793,672210,0,1C25TUV/00008215
1C25TUV,00008216,1,1264083,101127,1365210,0,1C25TUV/00008216
1C25TUV,00008217,1,622417,49793,672210,0,1C25TUV/00008217
1C25TUV,00008218,1,405556,32444,438000,0,1C25TUV/00008218
1C25TUV,00008219,1,628704,50296,679000,0,1C25TUV/00008219
1C25TUV,00008220,1,628704,50296,679000,0,1C25TUV/00008220
1C25TUV,00008221,1,628704,50296,679000,0,1C25TUV/00008221
1C25TUV,00008222,1,628704,50296,679000,0,1C25TUV/00008222
1C25TUV,00008223,1,499073,39926,538999,0,1C25TUV/00008223
1C25TUV,00008224,1,628704,50296,679000,0,1C25TUV/00008224
1C25TUV,00008225,1,628704,50296,679000,0,1C25TUV/00008225
1C25TUV,00008226,1,509259,40741,550000,0,1C25TUV/00008226
1C25TUV,00008227,1,628704,50296,679000,0,1C25TUV/00008227
1C25TUV,00008228,1,628704,50296,679000,0,1C25TUV/00008228
1C25TUV,00008229,1,628704,50296,679000,0,1C25TUV/00008229
1C25TUV,00008230,1,628704,50296,679000,0,1C25TUV/00008230
1C25TUV,00008231,1,628704,50296,679000,0,1C25TUV/00008231
1C25TUV,00008232,1,628704,50296,679000,0,1C25TUV/00008232
1C25TUV,00008233,1,628704,50296,679000,0,1C25TUV/00008233
1C25TUV,00008234,1,1264083,101127,1365210,0,1C25TUV/00008234
1C25TUV,00008235,1,606070,48486,654556,0,1C25TUV/00008235
1C25TUV,00008236,1,2571296,205704,2777000,0,1C25TUV/00008236
1C25TUV,00008237,1,628704,50296,679000,0,1C25TUV/00008237
1C25TUV,00008238,1,628704,50296,679000,0,1C25TUV/00008238
1C25TUV,00008239,1,628704,50296,679000,0,1C25TUV/00008239
1C25TUV,00008240,1,509259,40741,550000,0,1C25TUV/00008240
1C25TUV,00008241,1,628704,50296,679000,0,1C25TUV/00008241
1C25TUV,00008242,1,628704,50296,679000,0,1C25TUV/00008242
1C25TUV,00008243,1,221296,17704,239000,0,1C25TUV/00008243
1C25TUV,00008244,1,628704,50296,679000,0,1C25TUV/00008244
1C25TUV,00008245,1,1044083,83527,1127610,0,1C25TUV/00008245
1C25TUV,00008246,1,606070,48486,654556,0,1C25TUV/00008246
1C25TUV,00008247,1,499073,39926,538999,0,1C25TUV/00008247
1C25TUV,00008248,1,628704,50296,679000,0,1C25TUV/00008248
1C25TUV,00008249,1,628704,50296,679000,0,1C25TUV/00008249
1C25TUV,00008250,1,1276852,102148,1379000,0,1C25TUV/00008250
1C25TUV,00008251,1,628704,50296,679000,0,1C25TUV/00008251
1C25TUV,00008252,1,1276852,102148,1379000,0,1C25TUV/00008252
1C25TUV,00008253,1,1274998,102000,1376998,0,1C25TUV/00008253
1C25TUV,00008254,1,606070,48486,654556,0,1C25TUV/00008254
1C25TUV,00008255,1,628704,50296,679000,0,1C25TUV/00008255
1C25TUV,00008256,1,499073,39926,538999,0,1C25TUV/00008256
1C25TUV,00008257,1,628704,50296,679000,0,1C25TUV/00008257
1C25TUV,00008258,1,628704,50296,679000,0,1C25TUV/00008258
1C25TUV,00008259,1,1276852,102148,1379000,0,1C25TUV/00008259
1C25TUV,00008260,1,628704,50296,679000,0,1C25TUV/00008260
1C25TUV,00008261,1,628704,50296,679000,0,1C25TUV/00008261
1C25TUV,00008262,1,1264083,101127,1365210,0,1C25TUV/00008262
1C25TUV,00008263,1,628704,50296,679000,0,1C25TUV/00008263
1C25TUV,00008264,1,628704,50296,679000,0,1C25TUV/00008264
1C25TUV,00008265,1,628704,50296,679000,0,1C25TUV/00008265
1C25TUV,00008266,1,628704,50296,679000,0,1C25TUV/00008266
1C25TUV,00008267,1,606070,48486,654556,0,1C25TUV/00008267
1C25TUV,00008268,1,628704,50296,679000,0,1C25TUV/00008268
1C25TUV,00008269,1,628704,50296,679000,0,1C25TUV/00008269
1C25TUV,00008270,1,628704,50296,679000,0,1C25TUV/00008270
1C25TUV,00008271,1,1264083,101127,1365210,0,1C25TUV/00008271
1C25TUV,00008272,1,2553704,204296,2758000,0,1C25TUV/00008272
1C25TUV,00008273,1,628704,50296,679000,0,1C25TUV/00008273
1C25TUV,00008274,1,962036,76963,1038999,0,1C25TUV/00008274
1C25TUV,00008275,1,628704,50296,679000,0,1C25TUV/00008275
1C25TUV,00008276,1,628704,50296,679000,0,1C25TUV/00008276
1C25TUV,00008277,1,628704,50296,679000,0,1C25TUV/00008277
1C25TUV,00008278,1,452778,36222,489000,0,1C25TUV/00008278
1C25TUV,00008279,1,628704,50296,679000,0,1C25TUV/00008279
1C25TUV,00008280,1,452778,36222,489000,0,1C25TUV/00008280
1C25TUV,00008281,1,2642589,211407,2853996,0,1C25TUV/00008281
1C25TUV,00008282,1,221296,17704,239000,0,1C25TUV/00008282
1C25TUV,00008283,1,628704,50296,679000,0,1C25TUV/00008283
1C25TUV,00008284,1,508333,40667,549000,0,1C25TUV/00008284
1C25TUV,00008285,1,499073,39926,538999,0,1C25TUV/00008285
1C25TUV,00008286,1,2479630,198370,2678000,0,1C25TUV/00008286
1C25TUV,00008287,1,628704,50296,679000,0,1C25TUV/00008287
1C25TUV,00008288,1,1264083,101127,1365210,0,1C25TUV/00008288
1C25TUV,00008289,1,221296,17704,239000,0,1C25TUV/00008289
1C25TUV,00008290,1,499073,39926,538999,0,1C25TUV/00008290
1C25TUV,00008291,1,221296,17704,239000,0,1C25TUV/00008291
1C25TUV,00008292,1,1044083,83527,1127610,0,1C25TUV/00008292
1C25TUV,00008293,1,606070,48486,654556,0,1C25TUV/00008293
1C25TUV,00008294,1,2571296,205704,2777000,0,1C25TUV/00008294
1C25TUV,00008295,1,628704,50296,679000,0,1C25TUV/00008295
1C25TUV,00008296,1,2571296,205704,2777000,0,1C25TUV/00008296
1C25TUV,00008297,1,628704,50296,679000,0,1C25TUV/00008297
1C25TUV,00008298,1,628704,50296,679000,0,1C25TUV/00008298
1C25TUV,00008299,1,628704,50296,679000,0,1C25TUV/00008299
1C25TUV,00008300,1,2272417,181793,2454210,0,1C25TUV/00008300
1C25TUV,00008301,1,1276852,102148,1379000,0,1C25TUV/00008301
1C25TUV,00008302,1,1276852,102148,1379000,0,1C25TUV/00008302
1C25TUV,00008303,1,221296,17704,239000,0,1C25TUV/00008303
1C25TUV,00008304,1,1980556,158444,2139000,0,1C25TUV/00008304
1C25TUV,00008305,1,431481,34519,466000,0,1C25TUV/00008305
1C25TUV,00008306,1,962036,76963,1038999,0,1C25TUV/00008306
1C25TUV,00008307,1,1702778,136222,1839000,0,1C25TUV/00008307
1C25TUV,00008308,1,499073,39926,538999,0,1C25TUV/00008308
1C25TUV,00008309,1,962036,76963,1038999,0,1C25TUV/00008309
1C25TUV,00008310,1,1276852,102148,1379000,0,1C25TUV/00008310
1C25TUV,00008311,1,2572221,205778,2777999,0,1C25TUV/00008311
1C25TUV,00008312,1,2572221,205778,2777999,0,1C25TUV/00008312
1C25TUV,00008313,1,221296,17704,239000,0,1C25TUV/00008313
1C25TUV,00008314,1,499073,39926,538999,0,1C25TUV/00008314
1C25TUV,00008315,1,628704,50296,679000,0,1C25TUV/00008315
1C25TUV,00008316,1,221296,17704,239000,0,1C25TUV/00008316
1C25TUV,00008317,1,2295370,183630,2479000,0,1C25TUV/00008317
1C25TUV,00008318,1,1054630,84370,1139000,0,1C25TUV/00008318
1C25TUV,00008319,1,452778,36222,489000,0,1C25TUV/00008319
1C25TUV,00008320,1,628704,50296,679000,0,1C25TUV/00008320
1C25TUV,00008321,1,1276852,102148,1379000,0,1C25TUV/00008321
1C25TUV,00008322,1,1610186,128815,1739001,0,1C25TUV/00008322
1C25TUV,00008323,1,2295370,183630,2479000,0,1C25TUV/00008323
1C25TUV,00008324,1,1980556,158444,2139000,0,1C25TUV/00008324
1C25TUV,00008325,1,2573148,205852,2779000,0,1C25TUV/00008325
1C25TUV,00008326,1,499074,39926,539000,0,1C25TUV/00008326
1C25TUV,00008327,1,628704,50296,679000,0,1C25TUV/00008327
1C25TUV,00008328,1,1276852,102148,1379000,0,1C25TUV/00008328
1C25TUV,00008329,1,2573148,205852,2779000,0,1C25TUV/00008329
1C25TUV,00008330,1,1702778,136222,1839000,0,1C25TUV/00008330
1C25TUV,00008331,1,656481,52519,709000,0,1C25TUV/00008331
1C25TUV,00008332,1,656481,52519,709000,0,1C25TUV/00008332
1C25TUV,00008333,1,656481,52519,709000,0,1C25TUV/00008333
1C25TUV,00008334,1,1276852,102148,1379000,0,1C25TUV/00008334
1C25TUV,00008335,1,628704,50296,679000,0,1C25TUV/00008335
1C25TUV,00008336,1,656481,52519,709000,0,1C25TUV/00008336
1C25TUV,00008337,1,656481,52519,709000,0,1C25TUV/00008337
1C25TUV,00008338,1,656481,52519,709000,0,1C25TUV/00008338
1C25TUV,00008339,1,509208,40737,549945,0,1C25TUV/00008339
1C25TUV,00008340,1,1980556,158444,2139000,0,1C25TUV/00008340
1C25TUV,00008341,1,555500,44440,599940,0,1C25TUV/00008341
1C25TUV,00008342,1,526852,42148,569000,0,1C25TUV/00008342
1C25TUV,00008343,1,1257407,100593,1358000,0,1C25TUV/00008343
1C25TUV,00008344,1,656481,52519,709000,0,1C25TUV/00008344
1C25TUV,00008345,1,537037,42963,580000,0,1C25TUV/00008345
1C25TUV,00008346,1,1702778,136222,1839000,0,1C25TUV/00008346
1C25TUV,00008347,1,526852,42148,569000,0,1C25TUV/00008347
1C25TUV,00008348,1,656481,52519,709000,0,1C25TUV/00008348
1C25TUV,00008349,1,526852,42148,569000,0,1C25TUV/00008349
1C25TUV,00008350,1,628704,50296,679000,0,1C25TUV/00008350
1C25TUV,00008351,1,628704,50296,679000,0,1C25TUV/00008351
1C25TUV,00008352,1,656481,52519,709000,0,1C25TUV/00008352
1C25TUV,00008353,1,656481,52519,709000,0,1C25TUV/00008353
1C25TUV,00008354,1,656481,52519,709000,0,1C25TUV/00008354
1C25TUV,00008355,1,499074,39926,539000,0,1C25TUV/00008355
1C25TUV,00008356,1,1276852,102148,1379000,0,1C25TUV/00008356
1C25TUV,00008357,1,526852,42148,569000,0,1C25TUV/00008357
1C25TUV,00008358,1,1276852,102148,1379000,0,1C25TUV/00008358
1C25TUV,00008359,1,656481,52519,709000,0,1C25TUV/00008359
1C25TUV,00008360,1,2573148,205852,2779000,0,1C25TUV/00008360
1C25TUV,00008361,1,2573148,205852,2779000,0,1C25TUV/00008361
1C25TUV,00008362,1,221296,17704,239000,0,1C25TUV/00008362
1C25TUV,00008363,1,499074,39926,539000,0,1C25TUV/00008363
1C25TUV,00008364,1,526852,42148,569000,0,1C25TUV/00008364
1C25TUV,00008365,1,526852,42148,569000,0,1C25TUV/00008365
1C25TUV,00008366,1,526852,42148,569000,0,1C25TUV/00008366
1C25TUV,00008367,1,1369444,109556,1479000,0,1C25TUV/00008367
1C25TUV,00008368,1,1276852,102148,1379000,0,1C25TUV/00008368
1C25TUV,00008369,1,1980556,158444,2139000,0,1C25TUV/00008369
1C25TUV,00008370,1,526852,42148,569000,0,1C25TUV/00008370
1C25TUV,00008371,1,1276852,102148,1379000,0,1C25TUV/00008371
1C25TUV,00008372,1,656481,52519,709000,0,1C25TUV/00008372
1C25TUV,00008373,1,526852,42148,569000,0,1C25TUV/00008373
1C25TUV,00008374,1,526852,42148,569000,0,1C25TUV/00008374
1C25TUV,00008375,1,526852,42148,569000,0,1C25TUV/00008375
1C25TUV,00008376,1,2295370,183630,2479000,0,1C25TUV/00008376
1C25TUV,00008377,1,526852,42148,569000,0,1C25TUV/00008377
1C25TUV,00008378,1,1369444,109556,1479000,0,1C25TUV/00008378
1C25TUV,00008379,1,526852,42148,569000,0,1C25TUV/00008379
1C25TUV,00008380,1,1054630,84370,1139000,0,1C25TUV/00008380
1C25TUV,00008381,1,2295370,183630,2479000,0,1C25TUV/00008381
1C25TUV,00008382,1,526852,42148,569000,0,1C25TUV/00008382
1C25TUV,00008383,1,509208,40737,549945,0,1C25TUV/00008383
1C25TUV,00008384,1,5620667,449653,6070320,0,1C25TUV/00008384
1C25TUV,00008385,1,138889,11111,150000,0,1C25TUV/00008385
1C25TUV,00008386,1,2241236,179299,2420535,0,1C25TUV/00008386
1C25TUV,00008387,1,1543518,123481,1666999,0,1C25TUV/00008387
1C25TUV,00008388,1,2573148,205852,2779000,0,1C25TUV/00008388
1C25TUV,00008389,1,1543519,123482,1667001,0,1C25TUV/00008389
1C25TUV,00008390,1,998148,79852,1078000,0,1C25TUV/00008390
1C25TUV,00008391,1,2295370,183630,2479000,0,1C25TUV/00008391
1C25TUV,00008392,1,2295370,183630,2479000,0,1C25TUV/00008392
1C25TUV,00008393,1,4590741,367259,4958000,0,1C25TUV/00008393
1C25TUV,00008394,1,2295370,183630,2479000,0,1C25TUV/00008394
1C25TUV,00008395,1,2165741,173259,2339000,0,1C25TUV/00008395
1C25TUV,00008396,1,1980556,158444,2139000,0,1C25TUV/00008396
1C25TUV,00008397,1,2812963,225037,3038000,0,1C25TUV/00008397
1C25TUV,00008398,1,3036111,242889,3279000,0,1C25TUV/00008398
1C25TUV,00008399,1,2573148,205852,2779000,0,1C25TUV/00008399
1C25TUV,00008400,1,2573148,205852,2779000,0,1C25TUV/00008400
1C25TUV,00008401,1,1980556,158444,2139000,0,1C25TUV/00008401
1C25TUV,00008402,1,3155555,252444,3407999,0,1C25TUV/00008402
1C25TUV,00008403,1,1795370,143630,1939000,0,1C25TUV/00008403
1C25TUV,00008404,1,1054629,84370,1138999,0,1C25TUV/00008404
1C25TUV,00008405,1,3423148,273852,3697000,0,1C25TUV/00008405
1C25TUV,00008406,1,221296,17704,239000,0,1C25TUV/00008406
1C25TUV,00008407,1,526852,42148,569000,0,1C25TUV/00008407
1C25TUV,00008408,1,3423148,273852,3697000,0,1C25TUV/00008408
1C25TUV,00008409,1,555500,44440,599940,0,1C25TUV/00008409
1C25TUV,00008410,1,536981,42959,579940,0,1C25TUV/00008410
1C25TUV,00008411,1,656481,52519,709000,0,1C25TUV/00008411
1C25TUV,00008412,1,656481,52519,709000,0,1C25TUV/00008412
1C25TUV,00008413,1,656481,52519,709000,0,1C25TUV/00008413
1C25TUV,00008414,1,656481,52519,709000,0,1C25TUV/00008414
1C25TUV,00008415,1,406481,32519,439000,0,1C25TUV/00008415
1C25TUV,00008416,1,526852,42148,569000,0,1C25TUV/00008416
1C25TUV,00008417,1,1702778,136222,1839000,0,1C25TUV/00008417
1C25TUV,00008418,1,1980556,158444,2139000,0,1C25TUV/00008418
1C25TUV,00008419,1,656481,52519,709000,0,1C25TUV/00008419
1C25TUV,00008420,1,656481,52519,709000,0,1C25TUV/00008420
1C25TUV,00008421,1,526852,42148,569000,0,1C25TUV/00008421
1C25TUV,00008422,1,1276852,102148,1379000,0,1C25TUV/00008422
1C25TUV,00008423,1,656481,52519,709000,0,1C25TUV/00008423
1C25TUV,00008424,1,555500,44440,599940,0,1C25TUV/00008424
1C25TUV,00008425,1,656481,52519,709000,0,1C25TUV/00008425
1C25TUV,00008426,1,526852,42148,569000,0,1C25TUV/00008426
1C25TUV,00008427,1,1276852,102148,1379000,0,1C25TUV/00008427
1C25TUV,00008428,1,656481,52519,709000,0,1C25TUV/00008428
1C25TUV,00008429,1,526852,42148,569000,0,1C25TUV/00008429
1C25TUV,00008430,1,526852,42148,569000,0,1C25TUV/00008430
1C25TUV,00008431,1,526852,42148,569000,0,1C25TUV/00008431
1C25TUV,00008432,1,656481,52519,709000,0,1C25TUV/00008432
1C25TUV,00008433,1,406481,32519,439000,0,1C25TUV/00008433
1C25TUV,00008434,1,1276852,102148,1379000,0,1C25TUV/00008434
1C25TUV,00008435,1,2573148,205852,2779000,0,1C25TUV/00008435
1C25TUV,00008436,1,526852,42148,569000,0,1C25TUV/00008436
1C25TUV,00008437,1,526852,42148,569000,0,1C25TUV/00008437
1C25TUV,00008438,1,526852,42148,569000,0,1C25TUV/00008438
1C25TUV,00008439,1,526852,42148,569000,0,1C25TUV/00008439
1C25TUV,00008440,1,537037,42963,580000,0,1C25TUV/00008440
1C25TUV,00008441,1,499074,39926,539000,0,1C25TUV/00008441
1C25TUV,00008442,1,526852,42148,569000,0,1C25TUV/00008442
1C25TUV,00008443,1,406481,32519,439000,0,1C25TUV/00008443
1C25TUV,00008444,1,526852,42148,569000,0,1C25TUV/00008444
1C25TUV,00008445,1,1276852,102148,1379000,0,1C25TUV/00008445
1C25TUV,00008446,1,526852,42148,569000,0,1C25TUV/00008446
1C25TUV,00008447,1,526852,42148,569000,0,1C25TUV/00008447
1C25TUV,00008448,1,509259,40741,550000,0,1C25TUV/00008448
1C25TUV,00008449,1,526852,42148,569000,0,1C25TUV/00008449
1C25TUV,00008450,1,1147222,91778,1239000,0,1C25TUV/00008450
1C25TUV,00008451,1,526852,42148,569000,0,1C25TUV/00008451
1C25TUV,00008452,1,537037,42963,580000,0,1C25TUV/00008452
1C25TUV,00008453,1,526852,42148,569000,0,1C25TUV/00008453
1C25TUV,00008454,1,656481,52519,709000,0,1C25TUV/00008454
1C25TUV,00008455,1,526852,42148,569000,0,1C25TUV/00008455
1C25TUV,00008456,1,526852,42148,569000,0,1C25TUV/00008456
1C25TUV,00008457,1,1054630,84370,1139000,0,1C25TUV/00008457
1C25TUV,00008458,1,1369444,109556,1479000,0,1C25TUV/00008458
1C25TUV,00008459,1,656481,52519,709000,0,1C25TUV/00008459
1C25TUV,00008460,1,656481,52519,709000,0,1C25TUV/00008460
1C25TUV,00008461,1,2573148,205852,2779000,0,1C25TUV/00008461
1C25TUV,00008462,1,537036,42963,579999,0,1C25TUV/00008462
1C25TUV,00008463,1,1276852,102148,1379000,0,1C25TUV/00008463
1C25TUV,00008464,1,656481,52519,709000,0,1C25TUV/00008464
1C25TUV,00008465,1,2180602,174448,2355050,0,1C25TUV/00008465
1C25TUV,00008466,1,2180602,174448,2355050,0,1C25TUV/00008466
1C25TUV,00008467,1,1881528,150522,2032050,0,1C25TUV/00008467
1C25TUV,00008468,1,1979630,158370,2138000,0,1C25TUV/00008468
1C25TUV,00008469,1,1979630,158370,2138000,0,1C25TUV/00008469
1C25TUV,00008470,1,2499300,199944,2699244,0,1C25TUV/00008470
1C25TUV,00008471,1,2571296,205704,2777000,0,1C25TUV/00008471
1C25TUV,00008472,1,2571296,205704,2777000,0,1C25TUV/00008472
1C25TUV,00008473,1,1213009,97041,1310050,0,1C25TUV/00008473
1C25TUV,00008474,1,628704,50296,679000,0,1C25TUV/00008474
1C25TUV,00008475,1,2295370,183630,2479000,0,1C25TUV/00008475
1C25TUV,00008476,1,627778,50222,678000,0,1C25TUV/00008476
1C25TUV,00008477,1,628704,50296,679000,0,1C25TUV/00008477
1C25TUV,00008478,1,2758333,220667,2979000,0,1C25TUV/00008478
1C25TUV,00008479,1,628704,50296,679000,0,1C25TUV/00008479
1C25TUV,00008480,1,628704,50296,679000,0,1C25TUV/00008480
1C25TUV,00008481,1,1264083,101127,1365210,0,1C25TUV/00008481
1C25TUV,00008482,1,622417,49793,672210,0,1C25TUV/00008482
1C25TUV,00008483,1,628704,50296,679000,0,1C25TUV/00008483
1C25TUV,00008484,1,499074,39926,539000,0,1C25TUV/00008484
1C25TUV,00008485,1,622417,49793,672210,0,1C25TUV/00008485
1C25TUV,00008486,1,1685750,134860,1820610,0,1C25TUV/00008486
1C25TUV,00008487,1,622417,49793,672210,0,1C25TUV/00008487
1C25TUV,00008488,1,622417,49793,672210,0,1C25TUV/00008488
1C25TUV,00008489,1,622417,49793,672210,0,1C25TUV/00008489
1C25TUV,00008490,1,1276852,102148,1379000,0,1C25TUV/00008490
1C25TUV,00008491,1,486110,38889,524999,0,1C25TUV/00008491
1C25TUV,00008492,1,998146,79852,1077998,0,1C25TUV/00008492
1C25TUV,00008493,1,622417,49793,672210,0,1C25TUV/00008493
1C25TUV,00008494,1,2295370,183630,2479000,0,1C25TUV/00008494
1C25TUV,00008495,1,628704,50296,679000,0,1C25TUV/00008495
1C25TUV,00008496,1,628704,50296,679000,0,1C25TUV/00008496
1C25TUV,00008497,1,628704,50296,679000,0,1C25TUV/00008497
1C25TUV,00008498,1,628704,50296,679000,0,1C25TUV/00008498
1C25TUV,00008499,1,628704,50296,679000,0,1C25TUV/00008499
1C25TUV,00008500,1,628704,50296,679000,0,1C25TUV/00008500
1C25TUV,00008501,1,628704,50296,679000,0,1C25TUV/00008501
1C25TUV,00008502,1,628704,50296,679000,0,1C25TUV/00008502
1C25TUV,00008503,1,628704,50296,679000,0,1C25TUV/00008503
1C25TUV,00008504,1,628704,50296,679000,0,1C25TUV/00008504
1C25TUV,00008505,1,628704,50296,679000,0,1C25TUV/00008505
1C25TUV,00008506,1,628704,50296,679000,0,1C25TUV/00008506
1C25TUV,00008507,1,628704,50296,679000,0,1C25TUV/00008507
1C25TUV,00008508,1,628704,50296,679000,0,1C25TUV/00008508
1C25TUV,00008509,1,628704,50296,679000,0,1C25TUV/00008509
1C25TUV,00008510,1,2571296,205704,2777000,0,1C25TUV/00008510
1C25TUV,00008511,1,628704,50296,679000,0,1C25TUV/00008511
1C25TUV,00008512,1,628704,50296,679000,0,1C25TUV/00008512
1C25TUV,00008513,1,628704,50296,679000,0,1C25TUV/00008513
1C25TUV,00008514,1,628704,50296,679000,0,1C25TUV/00008514
1C25TUV,00008515,1,1276852,102148,1379000,0,1C25TUV/00008515
1C25TUV,00008516,1,628704,50296,679000,0,1C25TUV/00008516
1C25TUV,00008517,1,628704,50296,679000,0,1C25TUV/00008517
1C25TUV,00008518,1,499073,39926,538999,0,1C25TUV/00008518
1C25TUV,00008519,1,628704,50296,679000,0,1C25TUV/00008519
1C25TUV,00008520,1,628704,50296,679000,0,1C25TUV/00008520
1C25TUV,00008521,1,628704,50296,679000,0,1C25TUV/00008521
1C25TUV,00008522,1,628704,50296,679000,0,1C25TUV/00008522
1C25TUV,00008523,1,1257407,100593,1358000,0,1C25TUV/00008523
1C25TUV,00008524,1,2571296,205704,2777000,0,1C25TUV/00008524
1C25TUV,00008525,1,628704,50296,679000,0,1C25TUV/00008525
1C25TUV,00008526,1,628704,50296,679000,0,1C25TUV/00008526
1C25TUV,00008527,1,628704,50296,679000,0,1C25TUV/00008527
1C25TUV,00008528,1,1264083,101127,1365210,0,1C25TUV/00008528
1C25TUV,00008529,1,499073,39926,538999,0,1C25TUV/00008529
1C25TUV,00008530,1,2017593,161407,2179000,0,1C25TUV/00008530
1C25TUV,00008531,1,221296,17704,239000,0,1C25TUV/00008531
1C25TUV,00008532,1,1017592,81407,1098999,0,1C25TUV/00008532
1C25TUV,00008533,1,1264083,101127,1365210,0,1C25TUV/00008533
1C25TUV,00008534,1,508333,40667,549000,0,1C25TUV/00008534
1C25TUV,00008535,1,1044083,83527,1127610,0,1C25TUV/00008535
1C25TUV,00008536,1,628704,50296,679000,0,1C25TUV/00008536
1C25TUV,00008537,1,628704,50296,679000,0,1C25TUV/00008537
1C25TUV,00008538,1,628704,50296,679000,0,1C25TUV/00008538
1C25TUV,00008539,1,221296,17704,239000,0,1C25TUV/00008539
1C25TUV,00008540,1,628704,50296,679000,0,1C25TUV/00008540
1C25TUV,00008541,1,499073,39926,538999,0,1C25TUV/00008541
1C25TUV,00008542,1,1274998,102000,1376998,0,1C25TUV/00008542
1C25TUV,00008543,1,1219394,97551,1316945,0,1C25TUV/00008543
1C25TUV,00008544,1,509259,40741,550000,0,1C25TUV/00008544
1C25TUV,00008545,1,1264083,101127,1365210,0,1C25TUV/00008545
1C25TUV,00008546,1,2272417,181793,2454210,0,1C25TUV/00008546
1C25TUV,00008547,1,221296,17704,239000,0,1C25TUV/00008547
1C25TUV,00008548,1,628704,50296,679000,0,1C25TUV/00008548
1C25TUV,00008549,1,1274998,102000,1376998,0,1C25TUV/00008549
1C25TUV,00008550,1,1794444,143556,1938000,0,1C25TUV/00008550
1C25TUV,00008551,1,1276852,102148,1379000,0,1C25TUV/00008551
1C25TUV,00008552,1,628704,50296,679000,0,1C25TUV/00008552
1C25TUV,00008553,1,221296,17704,239000,0,1C25TUV/00008553
1C25TUV,00008554,1,509259,40741,550000,0,1C25TUV/00008554
1C25TUV,00008555,1,1276852,102148,1379000,0,1C25TUV/00008555
1C25TUV,00008556,1,627778,50222,678000,0,1C25TUV/00008556
1C25TUV,00008557,1,2295370,183630,2479000,0,1C25TUV/00008557
1C25TUV,00008558,1,499073,39926,538999,0,1C25TUV/00008558
1C25TUV,00008559,1,628704,50296,679000,0,1C25TUV/00008559
1C25TUV,00008560,1,1054630,84370,1139000,0,1C25TUV/00008560
1C25TUV,00008561,1,499073,39926,538999,0,1C25TUV/00008561
1C25TUV,00008562,1,1795370,143630,1939000,0,1C25TUV/00008562
1C25TUV,00008563,1,627778,50222,678000,0,1C25TUV/00008563
1C25TUV,00008564,1,221296,17704,239000,0,1C25TUV/00008564
1C25TUV,00008565,1,1276852,102148,1379000,0,1C25TUV/00008565
1C25TUV,00008566,1,597269,47781,645050,0,1C25TUV/00008566
1C25TUV,00008567,1,1369444,109556,1479000,0,1C25TUV/00008567
1C25TUV,00008568,1,597269,47781,645050,0,1C25TUV/00008568
1C25TUV,00008569,1,1213009,97041,1310050,0,1C25TUV/00008569
1C25TUV,00008570,1,1001898,80152,1082050,0,1C25TUV/00008570
1C25TUV,00008571,1,210231,16819,227050,0,1C25TUV/00008571
1C25TUV,00008572,1,473241,37859,511100,0,1C25TUV/00008572
1C25TUV,00008573,1,474119,37930,512049,0,1C25TUV/00008573
1C25TUV,00008574,1,597269,47781,645050,0,1C25TUV/00008574
1C25TUV,00008575,1,597269,47781,645050,0,1C25TUV/00008575
1C25TUV,00008576,1,597269,47781,645050,0,1C25TUV/00008576
1C25TUV,00008577,1,210231,16819,227050,0,1C25TUV/00008577
1C25TUV,00008578,1,597269,47781,645050,0,1C25TUV/00008578
1C25TUV,00008579,1,1213009,97041,1310050,0,1C25TUV/00008579
1C25TUV,00008580,1,210231,16819,227050,0,1C25TUV/00008580
1C25TUV,00008581,1,210231,16819,227050,0,1C25TUV/00008581
1C25TUV,00008582,1,597269,47781,645050,0,1C25TUV/00008582
1C25TUV,00008583,1,1001898,80152,1082050,0,1C25TUV/00008583
1C25TUV,00008584,1,998146,79852,1077998,0,1C25TUV/00008584
1C25TUV,00008585,1,1213009,97041,1310050,0,1C25TUV/00008585
1C25TUV,00008586,1,13101852,1048148,14150000,0,1C25TUV/00008586
1C25TUV,00008587,1,481481,38518,519999,0,1C25TUV/00008587
1C25TUV,00008588,1,209306,16744,226050,0,1C25TUV/00008588
1C25TUV,00008589,1,1127778,90222,1218000,0,1C25TUV/00008589
1C25TUV,00008590,1,2155555,172444,2327999,0,1C25TUV/00008590
1C25TUV,00008591,1,1887963,151037,2039000,0,1C25TUV/00008591
1C25TUV,00008592,1,2295370,183630,2479000,0,1C25TUV/00008592
1C25TUV,00008593,1,2295370,183630,2479000,0,1C25TUV/00008593
1C25TUV,00008594,1,2480556,198444,2679000,0,1C25TUV/00008594
1C25TUV,00008595,1,2295370,183630,2479000,0,1C25TUV/00008595
1C25TUV,00008596,1,2295370,183630,2479000,0,1C25TUV/00008596
1C25TUV,00008597,1,1980556,158444,2139000,0,1C25TUV/00008597
1C25TUV,00008598,1,2165741,173259,2339000,0,1C25TUV/00008598
1C25TUV,00008599,1,2573148,205852,2779000,0,1C25TUV/00008599
1C25TUV,00008600,1,2573148,205852,2779000,0,1C25TUV/00008600
1C25TUV,00008601,1,2573148,205852,2779000,0,1C25TUV/00008601
1C25TUV,00008602,1,2573148,205852,2779000,0,1C25TUV/00008602
1C25TUV,00008603,1,1369444,109556,1479000,0,1C25TUV/00008603
1C25TUV,00008604,1,656481,52519,709000,0,1C25TUV/00008604
1C25TUV,00008605,1,656481,52519,709000,0,1C25TUV/00008605
1C25TUV,00008606,1,1980556,158444,2139000,0,1C25TUV/00008606
1C25TUV,00008607,1,406481,32519,439000,0,1C25TUV/00008607
1C25TUV,00008608,1,656481,52519,709000,0,1C25TUV/00008608
1C25TUV,00008609,1,526852,42148,569000,0,1C25TUV/00008609
1C25TUV,00008610,1,656481,52519,709000,0,1C25TUV/00008610
1C25TUV,00008611,1,2573148,205852,2779000,0,1C25TUV/00008611
1C25TUV,00008612,1,1276852,102148,1379000,0,1C25TUV/00008612
1C25TUV,00008613,1,1702778,136222,1839000,0,1C25TUV/00008613
1C25TUV,00008614,1,656481,52519,709000,0,1C25TUV/00008614
1C25TUV,00008615,1,526852,42148,569000,0,1C25TUV/00008615
1C25TUV,00008616,1,656481,52519,709000,0,1C25TUV/00008616
1C25TUV,00008617,1,1276852,102148,1379000,0,1C25TUV/00008617
1C25TUV,00008618,1,1276852,102148,1379000,0,1C25TUV/00008618
1C25TUV,00008619,1,1369444,109556,1479000,0,1C25TUV/00008619
1C25TUV,00008620,1,628704,50296,679000,0,1C25TUV/00008620
1C25TUV,00008621,1,656481,52519,709000,0,1C25TUV/00008621
1C25TUV,00008622,1,526852,42148,569000,0,1C25TUV/00008622
1C25TUV,00008623,1,1257407,100593,1358000,0,1C25TUV/00008623
1C25TUV,00008624,1,526852,42148,569000,0,1C25TUV/00008624
1C25TUV,00008625,1,1369444,109556,1479000,0,1C25TUV/00008625
1C25TUV,00008626,1,526852,42148,569000,0,1C25TUV/00008626
1C25TUV,00008627,1,803704,64296,868000,0,1C25TUV/00008627
1C25TUV,00008628,1,1276852,102148,1379000,0,1C25TUV/00008628
1C25TUV,00008629,1,537037,42963,580000,0,1C25TUV/00008629
1C25TUV,00008630,1,526852,42148,569000,0,1C25TUV/00008630
1C25TUV,00008631,1,1369444,109556,1479000,0,1C25TUV/00008631
1C25TUV,00008632,1,1276852,102148,1379000,0,1C25TUV/00008632
1C25TUV,00008633,1,490741,39259,530000,0,1C25TUV/00008633
1C25TUV,00008634,1,526852,42148,569000,0,1C25TUV/00008634
1C25TUV,00008635,1,1332407,106593,1439000,0,1C25TUV/00008635
1C25TUV,00008636,1,1276852,102148,1379000,0,1C25TUV/00008636
1C25TUV,00008637,1,766667,61333,828000,0,1C25TUV/00008637
1C25TUV,00008638,1,537037,42963,580000,0,1C25TUV/00008638
1C25TUV,00008639,1,526852,42148,569000,0,1C25TUV/00008639
1C25TUV,00008640,1,656481,52519,709000,0,1C25TUV/00008640
1C25TUV,00008641,1,537036,42963,579999,0,1C25TUV/00008641
1C25TUV,00008642,1,526852,42148,569000,0,1C25TUV/00008642
1C25TUV,00008643,1,656481,52519,709000,0,1C25TUV/00008643
1C25TUV,00008644,1,1054630,84370,1139000,0,1C25TUV/00008644
1C25TUV,00008645,1,656481,52519,709000,0,1C25TUV/00008645
1C25TUV,00008646,1,526852,42148,569000,0,1C25TUV/00008646
1C25TUV,00008647,1,656481,52519,709000,0,1C25TUV/00008647
1C25TUV,00008648,1,1810278,144822,1955100,0,1C25TUV/00008648
1C25TUV,00008649,1,1617639,129411,1747050,0,1C25TUV/00008649
1C25TUV,00008650,1,1617639,129411,1747050,0,1C25TUV/00008650
1C25TUV,00008651,1,1617639,129411,1747050,0,1C25TUV/00008651
1C25TUV,00008652,1,2180602,174448,2355050,0,1C25TUV/00008652
1C25TUV,00008653,1,2180602,174448,2355050,0,1C25TUV/00008653
1C25TUV,00008654,1,2180602,174448,2355050,0,1C25TUV/00008654
1C25TUV,00008655,1,2295370,183630,2479000,0,1C25TUV/00008655
1C25TUV,00008656,1,2180602,174448,2355050,0,1C25TUV/00008656
1C25TUV,00008657,1,1881528,150522,2032050,0,1C25TUV/00008657
1C25TUV,00008658,1,1881528,150522,2032050,0,1C25TUV/00008658
1C25TUV,00008659,1,2571296,205704,2777000,0,1C25TUV/00008659
1C25TUV,00008660,1,867593,69407,937000,0,1C25TUV/00008660
1C25TUV,00008661,1,1054630,84370,1139000,0,1C25TUV/00008661
1C25TUV,00008662,1,628704,50296,679000,0,1C25TUV/00008662
1C25TUV,00008663,1,606070,48486,654556,0,1C25TUV/00008663
1C25TUV,00008664,1,499073,39926,538999,0,1C25TUV/00008664
1C25TUV,00008665,1,622417,49793,672210,0,1C25TUV/00008665
1C25TUV,00008666,1,628704,50296,679000,0,1C25TUV/00008666
1C25TUV,00008667,1,628704,50296,679000,0,1C25TUV/00008667
1C25TUV,00008668,1,2455588,196447,2652035,0,1C25TUV/00008668
1C25TUV,00008669,1,628704,50296,679000,0,1C25TUV/00008669
1C25TUV,00008670,1,1054629,84370,1138999,0,1C25TUV/00008670
1C25TUV,00008671,1,628704,50296,679000,0,1C25TUV/00008671
1C25TUV,00008672,1,628704,50296,679000,0,1C25TUV/00008672
1C25TUV,00008673,1,628704,50296,679000,0,1C25TUV/00008673
1C25TUV,00008674,1,499073,39926,538999,0,1C25TUV/00008674
1C25TUV,00008675,1,221296,17704,239000,0,1C25TUV/00008675
1C25TUV,00008676,1,628704,50296,679000,0,1C25TUV/00008676
1C25TUV,00008677,1,221296,17704,239000,0,1C25TUV/00008677
1C25TUV,00008678,1,1264083,101127,1365210,0,1C25TUV/00008678
1C25TUV,00008679,1,628704,50296,679000,0,1C25TUV/00008679
1C25TUV,00008680,1,628704,50296,679000,0,1C25TUV/00008680
1C25TUV,00008681,1,221296,17704,239000,0,1C25TUV/00008681
1C25TUV,00008682,1,1276852,102148,1379000,0,1C25TUV/00008682
1C25TUV,00008683,1,1276852,102148,1379000,0,1C25TUV/00008683
1C25TUV,00008684,1,628704,50296,679000,0,1C25TUV/00008684
1C25TUV,00008685,1,606070,48486,654556,0,1C25TUV/00008685
1C25TUV,00008686,1,1276852,102148,1379000,0,1C25TUV/00008686
1C25TUV,00008687,1,628704,50296,679000,0,1C25TUV/00008687
1C25TUV,00008688,1,628704,50296,679000,0,1C25TUV/00008688
1C25TUV,00008689,1,1264083,101127,1365210,0,1C25TUV/00008689
1C25TUV,00008690,1,628704,50296,679000,0,1C25TUV/00008690
1C25TUV,00008691,1,221296,17704,239000,0,1C25TUV/00008691
1C25TUV,00008692,1,499073,39926,538999,0,1C25TUV/00008692
1C25TUV,00008693,1,606070,48486,654556,0,1C25TUV/00008693
1C25TUV,00008694,1,628704,50296,679000,0,1C25TUV/00008694
1C25TUV,00008695,1,628704,50296,679000,0,1C25TUV/00008695
1C25TUV,00008696,1,606070,48486,654556,0,1C25TUV/00008696
1C25TUV,00008697,1,508333,40667,549000,0,1C25TUV/00008697
1C25TUV,00008698,1,485185,38815,524000,0,1C25TUV/00008698
1C25TUV,00008699,1,2572221,205778,2777999,0,1C25TUV/00008699
1C25TUV,00008700,1,628704,50296,679000,0,1C25TUV/00008700
1C25TUV,00008701,1,1980556,158444,2139000,0,1C25TUV/00008701
1C25TUV,00008702,1,2295370,183630,2479000,0,1C25TUV/00008702
1C25TUV,00008703,1,499073,39926,538999,0,1C25TUV/00008703
1C25TUV,00008704,1,627778,50222,678000,0,1C25TUV/00008704
1C25TUV,00008705,1,628704,50296,679000,0,1C25TUV/00008705
1C25TUV,00008706,1,628704,50296,679000,0,1C25TUV/00008706
1C25TUV,00008707,1,1980556,158444,2139000,0,1C25TUV/00008707
1C25TUV,00008708,1,508333,40667,549000,0,1C25TUV/00008708
1C25TUV,00008709,1,628704,50296,679000,0,1C25TUV/00008709
1C25TUV,00008710,1,628704,50296,679000,0,1C25TUV/00008710
1C25TUV,00008711,1,628704,50296,679000,0,1C25TUV/00008711
1C25TUV,00008712,1,628704,50296,679000,0,1C25TUV/00008712
1C25TUV,00008713,1,628704,50296,679000,0,1C25TUV/00008713
1C25TUV,00008714,1,628704,50296,679000,0,1C25TUV/00008714
1C25TUV,00008715,1,628704,50296,679000,0,1C25TUV/00008715
1C25TUV,00008716,1,221296,17704,239000,0,1C25TUV/00008716
1C25TUV,00008717,1,499073,39926,538999,0,1C25TUV/00008717
1C25TUV,00008718,1,221296,17704,239000,0,1C25TUV/00008718
1C25TUV,00008719,1,1276852,102148,1379000,0,1C25TUV/00008719
1C25TUV,00008720,1,1276852,102148,1379000,0,1C25TUV/00008720
1C25TUV,00008721,1,627778,50222,678000,0,1C25TUV/00008721
1C25TUV,00008722,1,962036,76963,1038999,0,1C25TUV/00008722
1C25TUV,00008723,1,221296,17704,239000,0,1C25TUV/00008723
1C25TUV,00008724,1,1276852,102148,1379000,0,1C25TUV/00008724
1C25TUV,00008725,1,508333,40667,549000,0,1C25TUV/00008725
1C25TUV,00008726,1,221296,17704,239000,0,1C25TUV/00008726
1C25TUV,00008727,1,452778,36222,489000,0,1C25TUV/00008727
1C25TUV,00008728,1,1054630,84370,1139000,0,1C25TUV/00008728
1C25TUV,00008729,1,474119,37930,512049,0,1C25TUV/00008729
1C25TUV,00008730,1,492593,39407,532000,0,1C25TUV/00008730
1C25TUV,00008731,1,597269,47781,645050,0,1C25TUV/00008731
1C25TUV,00008732,1,474119,37930,512049,0,1C25TUV/00008732
1C25TUV,00008733,1,210231,16819,227050,0,1C25TUV/00008733
1C25TUV,00008734,1,1213009,97041,1310050,0,1C25TUV/00008734
1C25TUV,00008735,1,597269,47781,645050,0,1C25TUV/00008735
1C25TUV,00008736,1,597269,47781,645050,0,1C25TUV/00008736
1C25TUV,00008737,1,1274998,102000,1376998,0,1C25TUV/00008737
1C25TUV,00008738,1,675000,54000,729000,0,1C25TUV/00008738
1C25TUV,00008739,1,509259,40741,550000,0,1C25TUV/00008739
1C25TUV,00008740,1,840926,67274,908200,0,1C25TUV/00008740
1C25TUV,00008741,1,1789167,143133,1932300,0,1C25TUV/00008741
1C25TUV,00008742,1,1422358,113789,1536147,0,1C25TUV/00008742
1C25TUV,00008743,1,474119,37930,512049,0,1C25TUV/00008743
1C25TUV,00008744,1,597269,47781,645050,0,1C25TUV/00008744
1C25TUV,00008745,1,210231,16819,227050,0,1C25TUV/00008745
1C25TUV,00008746,1,474119,37930,512049,0,1C25TUV/00008746
1C25TUV,00008747,1,210231,16819,227050,0,1C25TUV/00008747
1C25TUV,00008748,1,1213009,97041,1310050,0,1C25TUV/00008748
1C25TUV,00008749,1,210231,16819,227050,0,1C25TUV/00008749
1C25TUV,00008750,1,210231,16819,227050,0,1C25TUV/00008750
1C25TUV,00008751,1,210231,16819,227050,0,1C25TUV/00008751
1C25TUV,00008752,1,1213009,97041,1310050,0,1C25TUV/00008752
1C25TUV,00008753,1,1213009,97041,1310050,0,1C25TUV/00008753
1C25TUV,00008754,1,597269,47781,645050,0,1C25TUV/00008754
1C25TUV,00008755,1,597269,47781,645050,0,1C25TUV/00008755
1C25TUV,00008756,1,1213009,97041,1310050,0,1C25TUV/00008756
1C25TUV,00008757,1,385278,30822,416100,0,1C25TUV/00008757
1C25TUV,00008758,1,597269,47781,645050,0,1C25TUV/00008758
1C25TUV,00008759,1,597269,47781,645050,0,1C25TUV/00008759
1C25TUV,00008760,1,210231,16819,227050,0,1C25TUV/00008760
1C25TUV,00008761,1,1213009,97041,1310050,0,1C25TUV/00008761
1C25TUV,00008762,1,1001898,80152,1082050,0,1C25TUV/00008762
1C25TUV,00008763,1,628704,50296,679000,0,1C25TUV/00008763
1C25TUV,00008764,1,628704,50296,679000,0,1C25TUV/00008764
1C25TUV,00008765,1,405556,32444,438000,0,1C25TUV/00008765
1C25TUV,00008766,1,210231,16819,227050,0,1C25TUV/00008766
1C25TUV,00008767,1,1001898,80152,1082050,0,1C25TUV/00008767
1C25TUV,00008768,1,210231,16819,227050,0,1C25TUV/00008768
1C25TUV,00008769,1,2716000,217280,2933280,0,1C25TUV/00008769
1C25TUV,00008770,1,509259,40741,550000,0,1C25TUV/00008770
1C25TUV,00008771,1,138889,11111,150000,0,1C25TUV/00008771
1C25TUV,00008772,1,144444,11556,156000,0,1C25TUV/00008772
1C25TUV,00008773,1,1702778,136222,1839000,0,1C25TUV/00008773
1C25TUV,00008774,1,2480556,198444,2679000,0,1C25TUV/00008774
1C25TUV,00008775,1,2295370,183630,2479000,0,1C25TUV/00008775
1C25TUV,00008776,1,2562963,205037,2768000,0,1C25TUV/00008776
1C25TUV,00008777,1,2573148,205852,2779000,0,1C25TUV/00008777
1C25TUV,00008778,1,2573148,205852,2779000,0,1C25TUV/00008778
1C25TUV,00008779,1,2573148,205852,2779000,0,1C25TUV/00008779
1C25TUV,00008780,1,2573148,205852,2779000,0,1C25TUV/00008780
1C25TUV,00008781,1,2573148,205852,2779000,0,1C25TUV/00008781
1C25TUV,00008782,1,3962037,316963,4279000,0,1C25TUV/00008782
1C25TUV,00008783,1,1369444,109556,1479000,0,1C25TUV/00008783
1C25TUV,00008784,1,526852,42148,569000,0,1C25TUV/00008784
1C25TUV,00008785,1,526852,42148,569000,0,1C25TUV/00008785
1C25TUV,00008786,1,2295370,183630,2479000,0,1C25TUV/00008786
1C25TUV,00008787,1,1276852,102148,1379000,0,1C25TUV/00008787
1C25TUV,00008788,1,656481,52519,709000,0,1C25TUV/00008788
1C25TUV,00008789,1,656481,52519,709000,0,1C25TUV/00008789
1C25TUV,00008790,1,656481,52519,709000,0,1C25TUV/00008790
1C25TUV,00008791,1,526852,42148,569000,0,1C25TUV/00008791
1C25TUV,00008792,1,1276852,102148,1379000,0,1C25TUV/00008792
1C25TUV,00008793,1,628704,50296,679000,0,1C25TUV/00008793
1C25TUV,00008794,1,656481,52519,709000,0,1C25TUV/00008794
1C25TUV,00008795,1,656481,52519,709000,0,1C25TUV/00008795
1C25TUV,00008796,1,221296,17704,239000,0,1C25TUV/00008796
1C25TUV,00008797,1,490741,39259,530000,0,1C25TUV/00008797
1C25TUV,00008798,1,628704,50296,679000,0,1C25TUV/00008798
1C25TUV,00008799,1,656481,52519,709000,0,1C25TUV/00008799
1C25TUV,00008800,1,1147222,91778,1239000,0,1C25TUV/00008800
1C25TUV,00008801,1,656481,52519,709000,0,1C25TUV/00008801
1C25TUV,00008802,1,1257407,100593,1358000,0,1C25TUV/00008802
1C25TUV,00008803,1,526852,42148,569000,0,1C25TUV/00008803
1C25TUV,00008804,1,1276852,102148,1379000,0,1C25TUV/00008804
1C25TUV,00008805,1,1369444,109556,1479000,0,1C25TUV/00008805
1C25TUV,00008806,1,1054630,84370,1139000,0,1C25TUV/00008806
1C25TUV,00008807,1,1257407,100593,1358000,0,1C25TUV/00008807
1C25TUV,00008808,1,526852,42148,569000,0,1C25TUV/00008808
1C25TUV,00008809,1,1054630,84370,1139000,0,1C25TUV/00008809
1C25TUV,00008810,1,1276852,102148,1379000,0,1C25TUV/00008810
1C25TUV,00008811,1,526852,42148,569000,0,1C25TUV/00008811
1C25TUV,00008812,1,656481,52519,709000,0,1C25TUV/00008812
1C25TUV,00008813,1,526852,42148,569000,0,1C25TUV/00008813
1C25TUV,00008814,1,1147222,91778,1239000,0,1C25TUV/00008814
1C25TUV,00008815,1,526852,42148,569000,0,1C25TUV/00008815
1C25TUV,00008816,1,221296,17704,239000,0,1C25TUV/00008816
1C25TUV,00008817,1,1054630,84370,1139000,0,1C25TUV/00008817
1C25TUV,00008818,1,656481,52519,709000,0,1C25TUV/00008818
1C25TUV,00008819,1,962037,76963,1039000,0,1C25TUV/00008819
1C25TUV,00008820,1,656481,52519,709000,0,1C25TUV/00008820
1C25TUV,00008821,1,526852,42148,569000,0,1C25TUV/00008821
1C25TUV,00008822,1,406481,32519,439000,0,1C25TUV/00008822
1C25TUV,00008823,1,1276852,102148,1379000,0,1C25TUV/00008823
1C25TUV,00008824,1,656481,52519,709000,0,1C25TUV/00008824
1C25TUV,00008825,1,1054630,84370,1139000,0,1C25TUV/00008825
1C25TUV,00008826,1,537037,42963,580000,0,1C25TUV/00008826
1C25TUV,00008827,1,526852,42148,569000,0,1C25TUV/00008827
1C25TUV,00008828,1,1276852,102148,1379000,0,1C25TUV/00008828
1C25TUV,00008829,1,1276852,102148,1379000,0,1C25TUV/00008829
1C25TUV,00008830,1,2295370,183630,2479000,0,1C25TUV/00008830
1C25TUV,00008831,1,998148,79852,1078000,0,1C25TUV/00008831
1C25TUV,00008832,1,1054630,84370,1139000,0,1C25TUV/00008832
1C25TUV,00008833,1,656481,52519,709000,0,1C25TUV/00008833
1C25TUV,00008834,1,406481,32519,439000,0,1C25TUV/00008834
1C25TUV,00008835,1,656481,52519,709000,0,1C25TUV/00008835
1C25TUV,00008836,1,526852,42148,569000,0,1C25TUV/00008836
1C25TUV,00008837,1,526852,42148,569000,0,1C25TUV/00008837
1C25TUV,00008838,1,2573148,205852,2779000,0,1C25TUV/00008838
1C25TUV,00008839,1,526852,42148,569000,0,1C25TUV/00008839
1C25TUV,00008840,1,1702778,136222,1839000,0,1C25TUV/00008840
1C25TUV,00008841,1,656481,52519,709000,0,1C25TUV/00008841
1C25TUV,00008842,1,656481,52519,709000,0,1C25TUV/00008842
1C25TUV,00008843,1,526852,42148,569000,0,1C25TUV/00008843
1C25TUV,00008844,1,656481,52519,709000,0,1C25TUV/00008844
1C25TUV,00008845,1,1617639,129411,1747050,0,1C25TUV/00008845
1C25TUV,00008846,1,1617639,129411,1747050,0,1C25TUV/00008846
1C25TUV,00008847,1,4887963,391037,5279000,0,1C25TUV/00008847
1C25TUV,00008848,1,2180602,174448,2355050,0,1C25TUV/00008848
1C25TUV,00008849,1,2180602,174448,2355050,0,1C25TUV/00008849
1C25TUV,00008850,1,2295370,183630,2479000,0,1C25TUV/00008850
1C25TUV,00008851,1,2180602,174448,2355050,0,1C25TUV/00008851
1C25TUV,00008852,1,1881528,150522,2032050,0,1C25TUV/00008852
1C25TUV,00008853,1,1881528,150522,2032050,0,1C25TUV/00008853
1C25TUV,00008854,1,1925100,154008,2079108,0,1C25TUV/00008854
1C25TUV,00008855,1,2572222,205778,2778000,0,1C25TUV/00008855
1C25TUV,00008856,1,2571296,205704,2777000,0,1C25TUV/00008856
1C25TUV,00008857,1,2571296,205704,2777000,0,1C25TUV/00008857
1C25TUV,00008858,1,2571296,205704,2777000,0,1C25TUV/00008858
1C25TUV,00008859,1,2572221,205778,2777999,0,1C25TUV/00008859
1C25TUV,00008860,1,1044444,83556,1128000,0,1C25TUV/00008860
1C25TUV,00008861,1,628704,50296,679000,0,1C25TUV/00008861
1C25TUV,00008862,1,2571296,205704,2777000,0,1C25TUV/00008862
1C25TUV,00008863,1,3036111,242889,3279000,0,1C25TUV/00008863
1C25TUV,00008864,1,2272417,181793,2454210,0,1C25TUV/00008864
1C25TUV,00008865,1,628704,50296,679000,0,1C25TUV/00008865
1C25TUV,00008866,1,628704,50296,679000,0,1C25TUV/00008866
1C25TUV,00008867,1,5142593,411407,5554000,0,1C25TUV/00008867
1C25TUV,00008868,1,606070,48486,654556,0,1C25TUV/00008868
1C25TUV,00008869,1,628704,50296,679000,0,1C25TUV/00008869
1C25TUV,00008870,1,628704,50296,679000,0,1C25TUV/00008870
1C25TUV,00008871,1,628704,50296,679000,0,1C25TUV/00008871
1C25TUV,00008872,1,499073,39926,538999,0,1C25TUV/00008872
1C25TUV,00008873,1,2571296,205704,2777000,0,1C25TUV/00008873
1C25TUV,00008874,1,1685750,134860,1820610,0,1C25TUV/00008874
1C25TUV,00008875,1,509259,40741,550000,0,1C25TUV/00008875
1C25TUV,00008876,1,628704,50296,679000,0,1C25TUV/00008876
1C25TUV,00008877,1,628704,50296,679000,0,1C25TUV/00008877
1C25TUV,00008878,1,628704,50296,679000,0,1C25TUV/00008878
1C25TUV,00008879,1,3036111,242889,3279000,0,1C25TUV/00008879
1C25TUV,00008880,1,628704,50296,679000,0,1C25TUV/00008880
1C25TUV,00008881,1,499074,39926,539000,0,1C25TUV/00008881
1C25TUV,00008882,1,628704,50296,679000,0,1C25TUV/00008882
1C25TUV,00008883,1,628704,50296,679000,0,1C25TUV/00008883
1C25TUV,00008884,1,1264083,101127,1365210,0,1C25TUV/00008884
1C25TUV,00008885,1,606070,48486,654556,0,1C25TUV/00008885
1C25TUV,00008886,1,628704,50296,679000,0,1C25TUV/00008886
1C25TUV,00008887,1,1702777,136222,1838999,0,1C25TUV/00008887
1C25TUV,00008888,1,1980555,158444,2138999,0,1C25TUV/00008888
1C25TUV,00008889,1,628704,50296,679000,0,1C25TUV/00008889
1C25TUV,00008890,1,628704,50296,679000,0,1C25TUV/00008890
1C25TUV,00008891,1,606070,48486,654556,0,1C25TUV/00008891
1C25TUV,00008892,1,1264083,101127,1365210,0,1C25TUV/00008892
1C25TUV,00008893,1,606070,48486,654556,0,1C25TUV/00008893
1C25TUV,00008894,1,2295369,183630,2478999,0,1C25TUV/00008894
1C25TUV,00008895,1,1274998,102000,1376998,0,1C25TUV/00008895
1C25TUV,00008896,1,606070,48486,654556,0,1C25TUV/00008896
1C25TUV,00008897,1,628704,50296,679000,0,1C25TUV/00008897
1C25TUV,00008898,1,628704,50296,679000,0,1C25TUV/00008898
1C25TUV,00008899,1,628704,50296,679000,0,1C25TUV/00008899
1C25TUV,00008900,1,628704,50296,679000,0,1C25TUV/00008900
1C25TUV,00008901,1,628704,50296,679000,0,1C25TUV/00008901
1C25TUV,00008902,1,628704,50296,679000,0,1C25TUV/00008902
1C25TUV,00008903,1,627778,50222,678000,0,1C25TUV/00008903
1C25TUV,00008904,1,627778,50222,678000,0,1C25TUV/00008904
1C25TUV,00008905,1,221296,17704,239000,0,1C25TUV/00008905
1C25TUV,00008906,1,499073,39926,538999,0,1C25TUV/00008906
1C25TUV,00008907,1,2572221,205778,2777999,0,1C25TUV/00008907
1C25TUV,00008908,1,1980556,158444,2139000,0,1C25TUV/00008908
1C25TUV,00008909,1,221296,17704,239000,0,1C25TUV/00008909
1C25TUV,00008910,1,452778,36222,489000,0,1C25TUV/00008910
1C25TUV,00008911,1,1276852,102148,1379000,0,1C25TUV/00008911
1C25TUV,00008912,1,597269,47781,645050,0,1C25TUV/00008912
1C25TUV,00008913,1,597269,47781,645050,0,1C25TUV/00008913
1C25TUV,00008914,1,596389,47711,644100,0,1C25TUV/00008914
1C25TUV,00008915,1,597269,47781,645050,0,1C25TUV/00008915
1C25TUV,00008916,1,474119,37930,512049,0,1C25TUV/00008916
1C25TUV,00008917,1,1213009,97041,1310050,0,1C25TUV/00008917
1C25TUV,00008918,1,597269,47781,645050,0,1C25TUV/00008918
1C25TUV,00008919,1,1001898,80152,1082050,0,1C25TUV/00008919
1C25TUV,00008920,1,597269,47781,645050,0,1C25TUV/00008920
1C25TUV,00008921,1,597269,47781,645050,0,1C25TUV/00008921
1C25TUV,00008922,1,597269,47781,645050,0,1C25TUV/00008922
1C25TUV,00008923,1,597269,47781,645050,0,1C25TUV/00008923
1C25TUV,00008924,1,597269,47781,645050,0,1C25TUV/00008924
1C25TUV,00008925,1,1274998,102000,1376998,0,1C25TUV/00008925
1C25TUV,00008926,1,597269,47781,645050,0,1C25TUV/00008926
1C25TUV,00008927,1,675000,54000,729000,0,1C25TUV/00008927
1C25TUV,00008928,1,597269,47781,645050,0,1C25TUV/00008928
1C25TUV,00008929,1,597269,47781,645050,0,1C25TUV/00008929
1C25TUV,00008930,1,597269,47781,645050,0,1C25TUV/00008930
1C25TUV,00008931,1,597269,47781,645050,0,1C25TUV/00008931
1C25TUV,00008932,1,597269,47781,645050,0,1C25TUV/00008932
1C25TUV,00008933,1,474119,37930,512049,0,1C25TUV/00008933
1C25TUV,00008934,1,597269,47781,645050,0,1C25TUV/00008934
1C25TUV,00008935,1,597269,47781,645050,0,1C25TUV/00008935
1C25TUV,00008936,1,210231,16819,227050,0,1C25TUV/00008936
1C25TUV,00008937,1,597269,47781,645050,0,1C25TUV/00008937
1C25TUV,00008938,1,597269,47781,645050,0,1C25TUV/00008938
1C25TUV,00008939,1,597269,47781,645050,0,1C25TUV/00008939
1C25TUV,00008940,1,1001898,80152,1082050,0,1C25TUV/00008940
1C25TUV,00008941,1,597269,47781,645050,0,1C25TUV/00008941
1C25TUV,00008942,1,474119,37930,512049,0,1C25TUV/00008942
1C25TUV,00008943,1,628704,50296,679000,0,1C25TUV/00008943
1C25TUV,00008944,1,474119,37930,512049,0,1C25TUV/00008944
1C25TUV,00008945,1,474119,37930,512049,0,1C25TUV/00008945
1C25TUV,00008946,1,1213009,97041,1310050,0,1C25TUV/00008946
1C25TUV,00008947,1,1213009,97041,1310050,0,1C25TUV/00008947
1C25TUV,00008948,1,1054630,84370,1139000,0,1C25TUV/00008948
1C25TUV,00008949,1,474119,37930,512049,0,1C25TUV/00008949
1C25TUV,00008950,1,597269,47781,645050,0,1C25TUV/00008950
1C25TUV,00008951,1,1213009,97041,1310050,0,1C25TUV/00008951
1C25TUV,00008952,1,474119,37930,512049,0,1C25TUV/00008952
1C25TUV,00008953,1,597269,47781,645050,0,1C25TUV/00008953
1C25TUV,00008954,1,1213009,97041,1310050,0,1C25TUV/00008954
1C25TUV,00008955,1,1213009,97041,1310050,0,1C25TUV/00008955
1C25TUV,00008956,1,597269,47781,645050,0,1C25TUV/00008956
1C25TUV,00008957,1,509259,40741,550000,0,1C25TUV/00008957
1C25TUV,00008958,1,1213009,97041,1310050,0,1C25TUV/00008958
1C25TUV,00008959,1,509259,40741,550000,0,1C25TUV/00008959
1C25TUV,00008960,1,628704,50296,679000,0,1C25TUV/00008960
1C25TUV,00008961,1,1213009,97041,1310050,0,1C25TUV/00008961
1C25TUV,00008962,1,1213009,97041,1310050,0,1C25TUV/00008962
1C25TUV,00008963,1,1213009,97041,1310050,0,1C25TUV/00008963
1C25TUV,00008964,1,628704,50296,679000,0,1C25TUV/00008964
1C25TUV,00008965,1,210231,16819,227050,0,1C25TUV/00008965
1C25TUV,00008966,1,1276852,102148,1379000,0,1C25TUV/00008966
1C25TUV,00008967,1,210231,16819,227050,0,1C25TUV/00008967
1C25TUV,00008968,1,1213009,97041,1310050,0,1C25TUV/00008968
1C25TUV,00008969,1,1213009,97041,1310050,0,1C25TUV/00008969
1C25TUV,00008970,1,509259,40741,550000,0,1C25TUV/00008970
1C25TUV,00008971,1,1001898,80152,1082050,0,1C25TUV/00008971
1C25TUV,00008972,1,1213009,97041,1310050,0,1C25TUV/00008972
1C25TUV,00008973,1,1001898,80152,1082050,0,1C25TUV/00008973
1C25TUV,00008974,1,1213009,97041,1310050,0,1C25TUV/00008974
1C25TUV,00008975,1,1276852,102148,1379000,0,1C25TUV/00008975
1C25TUV,00008976,1,499073,39926,538999,0,1C25TUV/00008976
1C25TUV,00008977,1,1241100,99288,1340388,0,1C25TUV/00008977
1C25TUV,00008978,1,1276852,102148,1379000,0,1C25TUV/00008978
1C25TUV,00008979,1,499073,39926,538999,0,1C25TUV/00008979
1C25TUV,00008980,1,628704,50296,679000,0,1C25TUV/00008980
1C25TUV,00008981,1,628704,50296,679000,0,1C25TUV/00008981
1C25TUV,00008982,1,628704,50296,679000,0,1C25TUV/00008982
1C25TUV,00008983,1,499073,39926,538999,0,1C25TUV/00008983
1C25TUV,00008984,1,628704,50296,679000,0,1C25TUV/00008984
1C25TUV,00008985,1,509259,40741,550000,0,1C25TUV/00008985
1C25TUV,00008986,1,405556,32444,438000,0,1C25TUV/00008986
1C25TUV,00008987,1,1054630,84370,1139000,0,1C25TUV/00008987
1C25TUV,00008988,1,5358000,428640,5786640,0,1C25TUV/00008988
1C25TUV,00008989,1,3517333,281387,3798720,0,1C25TUV/00008989
1C25TUV,00008990,1,1276852,102148,1379000,0,1C25TUV/00008990
1C25TUV,00008991,1,499074,39926,539000,0,1C25TUV/00008991
1C25TUV,00008992,1,628704,50296,679000,0,1C25TUV/00008992
1C25TUV,00008993,1,656481,52519,709000,0,1C25TUV/00008993
1C25TUV,00008994,1,628704,50296,679000,0,1C25TUV/00008994
1C25TUV,00008995,1,1276852,102148,1379000,0,1C25TUV/00008995
1C25TUV,00008996,1,526852,42148,569000,0,1C25TUV/00008996
1C25TUV,00008997,1,526852,42148,569000,0,1C25TUV/00008997
1C25TUV,00008998,1,656481,52519,709000,0,1C25TUV/00008998
1C25TUV,00008999,1,1276852,102148,1379000,0,1C25TUV/00008999
1C25TUV,00009000,1,656481,52519,709000,0,1C25TUV/00009000
1C25TUV,00009001,1,656481,52519,709000,0,1C25TUV/00009001
1C25TUV,00009002,1,962037,76963,1039000,0,1C25TUV/00009002
1C25TUV,00009003,1,656481,52519,709000,0,1C25TUV/00009003
1C25TUV,00009004,1,656481,52519,709000,0,1C25TUV/00009004
1C25TUV,00009005,1,656481,52519,709000,0,1C25TUV/00009005
1C25TUV,00009006,1,656481,52519,709000,0,1C25TUV/00009006
1C25TUV,00009007,1,656481,52519,709000,0,1C25TUV/00009007
1C25TUV,00009008,1,526852,42148,569000,0,1C25TUV/00009008
1C25TUV,00009009,1,656481,52519,709000,0,1C25TUV/00009009
1C25TUV,00009010,1,656481,52519,709000,0,1C25TUV/00009010
1C25TUV,00009011,1,998148,79852,1078000,0,1C25TUV/00009011
1C25TUV,00009012,1,656481,52519,709000,0,1C25TUV/00009012
1C25TUV,00009013,1,1090741,87259,1178000,0,1C25TUV/00009013
1C25TUV,00009014,1,656481,52519,709000,0,1C25TUV/00009014
1C25TUV,00009015,1,656481,52519,709000,0,1C25TUV/00009015
1C25TUV,00009016,1,526852,42148,569000,0,1C25TUV/00009016
1C25TUV,00009017,1,537037,42963,580000,0,1C25TUV/00009017
1C25TUV,00009018,1,656481,52519,709000,0,1C25TUV/00009018
1C25TUV,00009019,1,656481,52519,709000,0,1C25TUV/00009019
1C25TUV,00009020,1,656481,52519,709000,0,1C25TUV/00009020
1C25TUV,00009021,1,526852,42148,569000,0,1C25TUV/00009021
1C25TUV,00009022,1,537037,42963,580000,0,1C25TUV/00009022
1C25TUV,00009023,1,656481,52519,709000,0,1C25TUV/00009023
1C25TUV,00009024,1,526852,42148,569000,0,1C25TUV/00009024
1C25TUV,00009025,1,526852,42148,569000,0,1C25TUV/00009025
1C25TUV,00009026,1,537037,42963,580000,0,1C25TUV/00009026
1C25TUV,00009027,1,2461111,196889,2658000,0,1C25TUV/00009027
1C25TUV,00009028,1,628704,50296,679000,0,1C25TUV/00009028
1C25TUV,00009029,1,526852,42148,569000,0,1C25TUV/00009029
1C25TUV,00009030,1,526852,42148,569000,0,1C25TUV/00009030
1C25TUV,00009031,1,221296,17704,239000,0,1C25TUV/00009031
1C25TUV,00009032,1,1054630,84370,1139000,0,1C25TUV/00009032
1C25TUV,00009033,1,2295370,183630,2479000,0,1C25TUV/00009033
1C25TUV,00009034,1,656481,52519,709000,0,1C25TUV/00009034
1C25TUV,00009035,1,526852,42148,569000,0,1C25TUV/00009035
1C25TUV,00009036,1,526852,42148,569000,0,1C25TUV/00009036
1C25TUV,00009037,1,656481,52519,709000,0,1C25TUV/00009037
1C25TUV,00009038,1,526852,42148,569000,0,1C25TUV/00009038
1C25TUV,00009039,1,656481,52519,709000,0,1C25TUV/00009039
1C25TUV,00009040,1,656481,52519,709000,0,1C25TUV/00009040
1C25TUV,00009041,1,1702778,136222,1839000,0,1C25TUV/00009041
1C25TUV,00009042,1,2295370,183630,2479000,0,1C25TUV/00009042
1C25TUV,00009043,1,526852,42148,569000,0,1C25TUV/00009043
1C25TUV,00009044,1,1276852,102148,1379000,0,1C25TUV/00009044
1C25TUV,00009045,1,1276852,102148,1379000,0,1C25TUV/00009045
1C25TUV,00009046,1,526852,42148,569000,0,1C25TUV/00009046
1C25TUV,00009047,1,877778,70222,948000,0,1C25TUV/00009047
1C25TUV,00009048,1,998148,79852,1078000,0,1C25TUV/00009048
1C25TUV,00009049,1,1702778,136222,1839000,0,1C25TUV/00009049
1C25TUV,00009050,1,1702778,136222,1839000,0,1C25TUV/00009050
1C25TUV,00009051,1,2295370,183630,2479000,0,1C25TUV/00009051
1C25TUV,00009052,1,2480556,198444,2679000,0,1C25TUV/00009052
1C25TUV,00009053,1,2295370,183630,2479000,0,1C25TUV/00009053
1C25TUV,00009054,1,2295370,183630,2479000,0,1C25TUV/00009054
1C25TUV,00009055,1,2295370,183630,2479000,0,1C25TUV/00009055
1C25TUV,00009056,1,2480556,198444,2679000,0,1C25TUV/00009056
1C25TUV,00009057,1,2165741,173259,2339000,0,1C25TUV/00009057
1C25TUV,00009058,1,1980556,158444,2139000,0,1C25TUV/00009058
1C25TUV,00009059,1,1980556,158444,2139000,0,1C25TUV/00009059
1C25TUV,00009060,1,2573148,205852,2779000,0,1C25TUV/00009060
1C25TUV,00009061,1,2573148,205852,2779000,0,1C25TUV/00009061
1C25TUV,00009062,1,2573148,205852,2779000,0,1C25TUV/00009062
1C25TUV,00009063,1,2573148,205852,2779000,0,1C25TUV/00009063
1C25TUV,00009064,1,7997222,639778,8637000,0,1C25TUV/00009064
1C25TUV,00009065,1,1054630,84370,1139000,0,1C25TUV/00009065
1C25TUV,00009066,1,1008332,80667,1088999,0,1C25TUV/00009066
1C25TUV,00009067,1,1905556,152444,2058000,0,1C25TUV/00009067
1C25TUV,00009068,1,1702778,136222,1839000,0,1C25TUV/00009068
1C25TUV,00009069,1,1617639,129411,1747050,0,1C25TUV/00009069
1C25TUV,00009070,1,1617639,129411,1747050,0,1C25TUV/00009070
1C25TUV,00009071,1,1617639,129411,1747050,0,1C25TUV/00009071
1C25TUV,00009072,2,3869444,309556,4179000,1,1C25TUV/00009186; 1C25TUV/00009072
1C25TUV,00009073,1,3989907,319193,4309100,0,1C25TUV/00009073
1C25TUV,00009074,1,2180602,174448,2355050,0,1C25TUV/00009074
1C25TUV,00009075,1,2573148,205852,2779000,0,1C25TUV/00009075
1C25TUV,00009076,1,2572221,205778,2777999,0,1C25TUV/00009076
1C25TUV,00009077,1,4461111,356889,4818000,0,1C25TUV/00009077
1C25TUV,00009078,1,628704,50296,679000,0,1C25TUV/00009078
1C25TUV,00009079,1,1276852,102148,1379000,0,1C25TUV/00009079
1C25TUV,00009080,1,2571296,205704,2777000,0,1C25TUV/00009080
1C25TUV,00009081,1,628704,50296,679000,0,1C25TUV/00009081
1C25TUV,00009082,1,1257407,100593,1358000,0,1C25TUV/00009082
1C25TUV,00009083,1,628704,50296,679000,0,1C25TUV/00009083
1C25TUV,00009084,1,2571296,205704,2777000,0,1C25TUV/00009084
1C25TUV,00009085,1,1276852,102148,1379000,0,1C25TUV/00009085
1C25TUV,00009086,1,1264083,101127,1365210,0,1C25TUV/00009086
1C25TUV,00009087,1,628704,50296,679000,0,1C25TUV/00009087
1C25TUV,00009088,1,628704,50296,679000,0,1C25TUV/00009088
1C25TUV,00009089,1,405556,32444,438000,0,1C25TUV/00009089
1C25TUV,00009090,1,2572221,205778,2777999,0,1C25TUV/00009090
1C25TUV,00009091,1,628704,50296,679000,0,1C25TUV/00009091
1C25TUV,00009092,1,628704,50296,679000,0,1C25TUV/00009092
1C25TUV,00009093,1,221296,17704,239000,0,1C25TUV/00009093
1C25TUV,00009094,1,1001898,80152,1082050,0,1C25TUV/00009094
1C25TUV,00009095,1,597269,47781,645050,0,1C25TUV/00009095
1C25TUV,00009096,1,597269,47781,645050,0,1C25TUV/00009096
1C25TUV,00009097,1,509259,40741,550000,0,1C25TUV/00009097
1C25TUV,00009098,1,597269,47781,645050,0,1C25TUV/00009098
1C25TUV,00009099,1,597269,47781,645050,0,1C25TUV/00009099
1C25TUV,00009100,1,474119,37930,512049,0,1C25TUV/00009100
1C25TUV,00009101,1,597269,47781,645050,0,1C25TUV/00009101
1C25TUV,00009102,1,597269,47781,645050,0,1C25TUV/00009102
1C25TUV,00009103,1,597269,47781,645050,0,1C25TUV/00009103
1C25TUV,00009104,1,1001898,80152,1082050,0,1C25TUV/00009104
1C25TUV,00009105,1,1001898,80152,1082050,0,1C25TUV/00009105
1C25TUV,00009106,1,597269,47781,645050,0,1C25TUV/00009106
1C25TUV,00009107,1,597269,47781,645050,0,1C25TUV/00009107
1C25TUV,00009108,1,597269,47781,645050,0,1C25TUV/00009108
1C25TUV,00009109,1,210231,16819,227050,0,1C25TUV/00009109
1C25TUV,00009110,1,597269,47781,645050,0,1C25TUV/00009110
1C25TUV,00009111,1,597269,47781,645050,0,1C25TUV/00009111
1C25TUV,00009112,1,597269,47781,645050,0,1C25TUV/00009112
1C25TUV,00009113,1,1350000,108000,1458000,0,1C25TUV/00009113
1C25TUV,00009114,1,597269,47781,645050,0,1C25TUV/00009114
1C25TUV,00009115,1,210231,16819,227050,0,1C25TUV/00009115
1C25TUV,00009116,1,1213009,97041,1310050,0,1C25TUV/00009116
1C25TUV,00009117,1,597269,47781,645050,0,1C25TUV/00009117
1C25TUV,00009118,1,474119,37930,512049,0,1C25TUV/00009118
1C25TUV,00009119,1,597269,47781,645050,0,1C25TUV/00009119
1C25TUV,00009120,1,597269,47781,645050,0,1C25TUV/00009120
1C25TUV,00009121,1,597269,47781,645050,0,1C25TUV/00009121
1C25TUV,00009122,1,597269,47781,645050,0,1C25TUV/00009122
1C25TUV,00009123,1,597269,47781,645050,0,1C25TUV/00009123
1C25TUV,00009124,1,1213009,97041,1310050,0,1C25TUV/00009124
1C25TUV,00009125,1,597269,47781,645050,0,1C25TUV/00009125
1C25TUV,00009126,1,597269,47781,645050,0,1C25TUV/00009126
1C25TUV,00009127,1,597269,47781,645050,0,1C25TUV/00009127
1C25TUV,00009128,1,597269,47781,645050,0,1C25TUV/00009128
1C25TUV,00009129,1,597269,47781,645050,0,1C25TUV/00009129
1C25TUV,00009130,1,1192778,95422,1288200,0,1C25TUV/00009130
1C25TUV,00009131,1,597269,47781,645050,0,1C25TUV/00009131
1C25TUV,00009132,1,597269,47781,645050,0,1C25TUV/00009132
1C25TUV,00009133,1,597269,47781,645050,0,1C25TUV/00009133
1C25TUV,00009134,1,1213009,97041,1310050,0,1C25TUV/00009134
1C25TUV,00009135,1,597269,47781,645050,0,1C25TUV/00009135
1C25TUV,00009136,1,597269,47781,645050,0,1C25TUV/00009136
1C25TUV,00009137,1,1213009,97041,1310050,0,1C25TUV/00009137
1C25TUV,00009138,1,628704,50296,679000,0,1C25TUV/00009138
1C25TUV,00009139,1,1213009,97041,1310050,0,1C25TUV/00009139
1C25TUV,00009140,1,210231,16819,227050,0,1C25TUV/00009140
1C25TUV,00009141,1,1213009,97041,1310050,0,1C25TUV/00009141
1C25TUV,00009142,1,1213009,97041,1310050,0,1C25TUV/00009142
1C25TUV,00009143,1,1213009,97041,1310050,0,1C25TUV/00009143
1C25TUV,00009144,1,509259,40741,550000,0,1C25TUV/00009144
1C25TUV,00009145,1,628704,50296,679000,0,1C25TUV/00009145
1C25TUV,00009146,1,628704,50296,679000,0,1C25TUV/00009146
1C25TUV,00009147,1,474119,37930,512049,0,1C25TUV/00009147
1C25TUV,00009148,1,628704,50296,679000,0,1C25TUV/00009148
1C25TUV,00009149,1,499073,39926,538999,0,1C25TUV/00009149
1C25TUV,00009150,1,1054630,84370,1139000,0,1C25TUV/00009150
1C25TUV,00009151,1,508333,40667,549000,0,1C25TUV/00009151
1C25TUV,00009152,1,1702778,136222,1839000,0,1C25TUV/00009152
1C25TUV,00009153,1,628704,50296,679000,0,1C25TUV/00009153
1C25TUV,00009154,1,221296,17704,239000,0,1C25TUV/00009154
1C25TUV,00009155,1,628704,50296,679000,0,1C25TUV/00009155
1C25TUV,00009156,1,1980556,158444,2139000,0,1C25TUV/00009156
1C25TUV,00009157,1,462037,36963,499000,0,1C25TUV/00009157
1C25TUV,00009158,1,499073,39926,538999,0,1C25TUV/00009158
1C25TUV,00009159,1,499073,39926,538999,0,1C25TUV/00009159
1C25TUV,00009160,1,628704,50296,679000,0,1C25TUV/00009160
1C25TUV,00009161,1,499073,39926,538999,0,1C25TUV/00009161
1C25TUV,00009162,1,1276852,102148,1379000,0,1C25TUV/00009162
1C25TUV,00009163,1,499073,39926,538999,0,1C25TUV/00009163
1C25TUV,00009164,1,509259,40741,550000,0,1C25TUV/00009164
1C25TUV,00009165,1,1276852,102148,1379000,0,1C25TUV/00009165
1C25TUV,00009166,1,675000,54000,729000,0,1C25TUV/00009166
1C25TUV,00009167,1,1276852,102148,1379000,0,1C25TUV/00009167
1C25TUV,00009168,1,628704,50296,679000,0,1C25TUV/00009168
1C25TUV,00009169,1,221296,17704,239000,0,1C25TUV/00009169
1C25TUV,00009170,1,2572221,205778,2777999,0,1C25TUV/00009170
1C25TUV,00009171,1,499073,39926,538999,0,1C25TUV/00009171
1C25TUV,00009172,1,2295370,183630,2479000,0,1C25TUV/00009172
1C25TUV,00009173,1,499073,39926,538999,0,1C25TUV/00009173
1C25TUV,00009174,1,628704,50296,679000,0,1C25TUV/00009174
1C25TUV,00009175,1,1276852,102148,1379000,0,1C25TUV/00009175
1C25TUV,00009176,1,499073,39926,538999,0,1C25TUV/00009176
1C25TUV,00009177,1,600412,48033,648445,0,1C25TUV/00009177
1C25TUV,00009178,1,600412,48033,648445,0,1C25TUV/00009178
1C25TUV,00009179,1,600412,48033,648445,0,1C25TUV/00009179
1C25TUV,00009180,1,600412,48033,648445,0,1C25TUV/00009180
1C25TUV,00009181,1,1276852,102148,1379000,0,1C25TUV/00009181
1C25TUV,00009182,1,499074,39926,539000,0,1C25TUV/00009182
1C25TUV,00009183,1,2295370,183630,2479000,0,1C25TUV/00009183
1C25TUV,00009184,1,1016667,81333,1098000,0,1C25TUV/00009184
1C25TUV,00009185,1,499073,39926,538999,0,1C25TUV/00009185
1C25TUV,00009187,1,1617639,129411,1747050,0,1C25TUV/00009187
1C25TUV,00009188,1,2571296,205704,2777000,0,1C25TUV/00009188
1C25TUV,00009189,1,904629,72370,976999,0,1C25TUV/00009189
1C25TUV,00009190,1,622417,49793,672210,0,1C25TUV/00009190
1C25TUV,00009191,1,499073,39926,538999,0,1C25TUV/00009191
1C25TUV,00009192,1,628704,50296,679000,0,1C25TUV/00009192
1C25TUV,00009193,1,628704,50296,679000,0,1C25TUV/00009193
1C25TUV,00009194,1,628704,50296,679000,0,1C25TUV/00009194
1C25TUV,00009195,1,1276852,102148,1379000,0,1C25TUV/00009195
1C25TUV,00009196,1,462037,36963,499000,0,1C25TUV/00009196
1C25TUV,00009197,1,628704,50296,679000,0,1C25TUV/00009197
1C25TUV,00009198,1,597269,47781,645050,0,1C25TUV/00009198
1C25TUV,00009199,1,597269,47781,645050,0,1C25TUV/00009199
1C25TUV,00009200,1,1213009,97041,1310050,0,1C25TUV/00009200
1C25TUV,00009201,1,1213009,97041,1310050,0,1C25TUV/00009201
1C25TUV,00009202,1,597269,47781,645050,0,1C25TUV/00009202
1C25TUV,00009203,1,597269,47781,645050,0,1C25TUV/00009203
1C25TUV,00009204,1,597269,47781,645050,0,1C25TUV/00009204
1C25TUV,00009205,1,628704,50296,679000,0,1C25TUV/00009205
1C25TUV,00009206,1,597269,47781,645050,0,1C25TUV/00009206
1C25TUV,00009207,1,597269,47781,645050,0,1C25TUV/00009207
1C25TUV,00009208,1,597269,47781,645050,0,1C25TUV/00009208
1C25TUV,00009209,1,597269,47781,645050,0,1C25TUV/00009209
1C25TUV,00009210,1,597269,47781,645050,0,1C25TUV/00009210
1C25TUV,00009211,1,597269,47781,645050,0,1C25TUV/00009211
1C25TUV,00009212,1,597269,47781,645050,0,1C25TUV/00009212
1C25TUV,00009213,1,210231,16819,227050,0,1C25TUV/00009213
1C25TUV,00009214,1,597269,47781,645050,0,1C25TUV/00009214
1C25TUV,00009215,1,1213009,97041,1310050,0,1C25TUV/00009215
1C25TUV,00009216,1,597269,47781,645050,0,1C25TUV/00009216
1C25TUV,00009217,1,597269,47781,645050,0,1C25TUV/00009217
1C25TUV,00009218,1,597269,47781,645050,0,1C25TUV/00009218
1C25TUV,00009219,1,1213009,97041,1310050,0,1C25TUV/00009219
1C25TUV,00009220,1,597269,47781,645050,0,1C25TUV/00009220
1C25TUV,00009221,1,597269,47781,645050,0,1C25TUV/00009221
1C25TUV,00009222,1,1001898,80152,1082050,0,1C25TUV/00009222
1C25TUV,00009223,1,597269,47781,645050,0,1C25TUV/00009223
1C25TUV,00009224,1,1794444,143556,1938000,0,1C25TUV/00009224
1C25TUV,00009225,1,628704,50296,679000,0,1C25TUV/00009225
1C25TUV,00009226,1,628704,50296,679000,0,1C25TUV/00009226
1C25TUV,00009227,1,628704,50296,679000,0,1C25TUV/00009227
1C25TUV,00009228,1,509259,40741,550000,0,1C25TUV/00009228
1C25TUV,00009229,1,628704,50296,679000,0,1C25TUV/00009229
1C25TUV,00009230,1,628704,50296,679000,0,1C25TUV/00009230
1C25TUV,00009231,1,1213009,97041,1310050,0,1C25TUV/00009231
1C25TUV,00009232,1,628704,50296,679000,0,1C25TUV/00009232
1C25TUV,00009233,1,474119,37930,512049,0,1C25TUV/00009233
1C25TUV,00009234,1,1213009,97041,1310050,0,1C25TUV/00009234
1C25TUV,00009235,1,1213009,97041,1310050,0,1C25TUV/00009235
1C25TUV,00009236,1,1213009,97041,1310050,0,1C25TUV/00009236
1C25TUV,00009237,1,1213009,97041,1310050,0,1C25TUV/00009237
1C25TUV,00009238,1,210231,16819,227050,0,1C25TUV/00009238
1C25TUV,00009239,1,611100,48888,659988,0,1C25TUV/00009239
1C25TUV,00009240,1,499073,39926,538999,0,1C25TUV/00009240
1C25TUV,00009241,1,1241100,99288,1340388,0,1C25TUV/00009241
1C25TUV,00009242,1,628704,50296,679000,0,1C25TUV/00009242
1C25TUV,00009243,1,555556,44444,600000,0,1C25TUV/00009243
1C25TUV,00009244,1,628704,50296,679000,0,1C25TUV/00009244
1C25TUV,00009245,1,498148,39852,538000,0,1C25TUV/00009245
1C25TUV,00009246,1,628704,50296,679000,0,1C25TUV/00009246
1C25TUV,00009247,1,628704,50296,679000,0,1C25TUV/00009247
1C25TUV,00009248,1,628704,50296,679000,0,1C25TUV/00009248
1C25TUV,00009249,1,628704,50296,679000,0,1C25TUV/00009249
1C25TUV,00009250,1,628704,50296,679000,0,1C25TUV/00009250
1C25TUV,00009251,1,628704,50296,679000,0,1C25TUV/00009251
1C25TUV,00009252,1,509259,40741,550000,0,1C25TUV/00009252
1C25TUV,00009253,1,628704,50296,679000,0,1C25TUV/00009253
1C25TUV,00009254,1,628704,50296,679000,0,1C25TUV/00009254
1C25TUV,00009255,1,221296,17704,239000,0,1C25TUV/00009255
1C25TUV,00009256,1,1276852,102148,1379000,0,1C25TUV/00009256
1C25TUV,00009257,1,628704,50296,679000,0,1C25TUV/00009257
1C25TUV,00009258,1,499073,39926,538999,0,1C25TUV/00009258
1C25TUV,00009259,1,492593,39407,532000,0,1C25TUV/00009259
1C25TUV,00009260,1,1276852,102148,1379000,0,1C25TUV/00009260
1C25TUV,00009261,1,499073,39926,538999,0,1C25TUV/00009261
1C25TUV,00009262,1,508333,40667,549000,0,1C25TUV/00009262
1C25TUV,00009263,1,675000,54000,729000,0,1C25TUV/00009263
1C25TUV,00009264,1,221296,17704,239000,0,1C25TUV/00009264
1C25TUV,00009265,1,2165741,173259,2339000,0,1C25TUV/00009265
1C25TUV,00009266,1,628704,50296,679000,0,1C25TUV/00009266
1C25TUV,00009267,1,628704,50296,679000,0,1C25TUV/00009267
1C25TUV,00009268,1,1276852,102148,1379000,0,1C25TUV/00009268
1C25TUV,00009269,1,962036,76963,1038999,0,1C25TUV/00009269
1C25TUV,00009270,1,1255556,100444,1356000,0,1C25TUV/00009270
1C25TUV,00009271,1,1054630,84370,1139000,0,1C25TUV/00009271
1C25TUV,00009272,1,600412,48033,648445,0,1C25TUV/00009272
1C25TUV,00009273,1,2295370,183630,2479000,0,1C25TUV/00009273
1C25TUV,00009274,1,1980556,158444,2139000,0,1C25TUV/00009274
1C25TUV,00009275,1,221296,17704,239000,0,1C25TUV/00009275
1C25TUV,00009276,1,2571296,205704,2777000,0,1C25TUV/00009276
1C25TUV,00009277,1,600412,48033,648445,0,1C25TUV/00009277
1C25TUV,00009278,1,1980556,158444,2139000,0,1C25TUV/00009278
1C25TUV,00009279,1,2571296,205704,2777000,0,1C25TUV/00009279
1C25TUV,00009280,1,462036,36963,498999,0,1C25TUV/00009280
1C25TUV,00009281,1,1701852,136148,1838000,0,1C25TUV/00009281
1C25TUV,00009282,1,600412,48033,648445,0,1C25TUV/00009282
1C25TUV,00009283,1,498148,39852,538000,0,1C25TUV/00009283
1C25TUV,00009284,1,1276852,102148,1379000,0,1C25TUV/00009284
1C25TUV,00009285,1,452778,36222,489000,0,1C25TUV/00009285
1C25TUV,00009286,1,442593,35407,478000,0,1C25TUV/00009286
1C25TUV,00009287,1,526852,42148,569000,0,1C25TUV/00009287
1C25TUV,00009288,1,1257407,100593,1358000,0,1C25TUV/00009288
1C25TUV,00009289,1,656481,52519,709000,0,1C25TUV/00009289
1C25TUV,00009290,1,499074,39926,539000,0,1C25TUV/00009290
1C25TUV,00009291,1,656481,52519,709000,0,1C25TUV/00009291
1C25TUV,00009292,1,656481,52519,709000,0,1C25TUV/00009292
1C25TUV,00009293,1,656481,52519,709000,0,1C25TUV/00009293
1C25TUV,00009294,1,1276852,102148,1379000,0,1C25TUV/00009294
1C25TUV,00009295,1,656481,52519,709000,0,1C25TUV/00009295
1C25TUV,00009296,1,1369444,109556,1479000,0,1C25TUV/00009296
1C25TUV,00009297,1,656481,52519,709000,0,1C25TUV/00009297
1C25TUV,00009298,1,1369444,109556,1479000,0,1C25TUV/00009298
1C25TUV,00009299,1,656481,52519,709000,0,1C25TUV/00009299
1C25TUV,00009300,1,656481,52519,709000,0,1C25TUV/00009300
1C25TUV,00009301,1,526852,42148,569000,0,1C25TUV/00009301
1C25TUV,00009302,1,656481,52519,709000,0,1C25TUV/00009302
1C25TUV,00009303,1,998148,79852,1078000,0,1C25TUV/00009303
1C25TUV,00009304,1,998148,79852,1078000,0,1C25TUV/00009304
1C25TUV,00009305,1,526852,42148,569000,0,1C25TUV/00009305
1C25TUV,00009306,1,221296,17704,239000,0,1C25TUV/00009306
1C25TUV,00009307,1,2573148,205852,2779000,0,1C25TUV/00009307
1C25TUV,00009308,1,1702778,136222,1839000,0,1C25TUV/00009308
1C25TUV,00009309,1,1980556,158444,2139000,0,1C25TUV/00009309
1C25TUV,00009310,1,656481,52519,709000,0,1C25TUV/00009310
1C25TUV,00009311,1,656481,52519,709000,0,1C25TUV/00009311
1C25TUV,00009312,1,1018519,81481,1100000,0,1C25TUV/00009312
1C25TUV,00009313,1,526852,42148,569000,0,1C25TUV/00009313
1C25TUV,00009314,1,526852,42148,569000,0,1C25TUV/00009314
1C25TUV,00009315,1,526852,42148,569000,0,1C25TUV/00009315
1C25TUV,00009316,1,738889,59111,798000,0,1C25TUV/00009316
1C25TUV,00009317,1,1276852,102148,1379000,0,1C25TUV/00009317
1C25TUV,00009318,1,1276852,102148,1379000,0,1C25TUV/00009318
1C25TUV,00009319,1,656481,52519,709000,0,1C25TUV/00009319
1C25TUV,00009320,1,1980556,158444,2139000,0,1C25TUV/00009320
1C25TUV,00009321,1,526852,42148,569000,0,1C25TUV/00009321
1C25TUV,00009322,1,526852,42148,569000,0,1C25TUV/00009322
1C25TUV,00009323,1,1276852,102148,1379000,0,1C25TUV/00009323
1C25TUV,00009324,1,221296,17704,239000,0,1C25TUV/00009324
1C25TUV,00009325,1,1276852,102148,1379000,0,1C25TUV/00009325
1C25TUV,00009326,1,1054630,84370,1139000,0,1C25TUV/00009326
1C25TUV,00009327,1,526852,42148,569000,0,1C25TUV/00009327
1C25TUV,00009328,1,656481,52519,709000,0,1C25TUV/00009328
1C25TUV,00009329,1,2295370,183630,2479000,0,1C25TUV/00009329
1C25TUV,00009330,1,526852,42148,569000,0,1C25TUV/00009330
1C25TUV,00009331,1,998148,79852,1078000,0,1C25TUV/00009331
1C25TUV,00009332,1,656481,52519,709000,0,1C25TUV/00009332
1C25TUV,00009333,1,1859259,148741,2008000,0,1C25TUV/00009333
1C25TUV,00009334,1,1887963,151037,2039000,0,1C25TUV/00009334
1C25TUV,00009335,1,2295370,183630,2479000,0,1C25TUV/00009335
1C25TUV,00009336,1,2480556,198444,2679000,0,1C25TUV/00009336
1C25TUV,00009337,1,2758333,220667,2979000,0,1C25TUV/00009337
1C25TUV,00009338,1,1980556,158444,2139000,0,1C25TUV/00009338
1C25TUV,00009339,1,2573148,205852,2779000,0,1C25TUV/00009339
1C25TUV,00009340,1,2573148,205852,2779000,0,1C25TUV/00009340
1C25TUV,00009341,1,3036111,242889,3279000,0,1C25TUV/00009341
1C25TUV,00009342,1,3962037,316963,4279000,0,1C25TUV/00009342
1C25TUV,00009343,1,896296,71704,968000,0,1C25TUV/00009343
1C25TUV,00009437,1,2776852,222148,2999000,0,1C25TUV/00009437
1C25TUV,00009438,1,2721296,217704,2939000,0,1C25TUV/00009438
1C25TUV,00009439,1,1712963,137037,1850000,0,1C25TUV/00009439
1C25TUV,00009440,1,1869444,149556,2019000,0,1C25TUV/00009440
1C25TUV,00009441,1,1018519,81481,1100000,0,1C25TUV/00009441
1C25TUV,00009442,1,2517593,201407,2719000,0,1C25TUV/00009442
1C25TUV,00009443,1,1739815,139185,1879000,0,1C25TUV/00009443
1C25TUV,00009444,1,1850926,148074,1999000,0,1C25TUV/00009444
1C25TUV,00009445,1,1739815,139185,1879000,0,1C25TUV/00009445
1C25TUV,00009446,1,1739815,139185,1879000,0,1C25TUV/00009446
1C25TUV,00009447,1,3479630,278370,3758000,0,1C25TUV/00009447
1C25TUV,00009448,1,1739815,139185,1879000,0,1C25TUV/00009448
1C25TUV,00009449,1,1739815,139185,1879000,0,1C25TUV/00009449
1C25TUV,00009450,1,1739815,139185,1879000,0,1C25TUV/00009450
1C25TUV,00009451,1,1739815,139185,1879000,0,1C25TUV/00009451
1C25TUV,00009452,1,1739815,139185,1879000,0,1C25TUV/00009452
1C25TUV,00009453,1,1739815,139185,1879000,0,1C25TUV/00009453
1C25TUV,00009454,1,1739815,139185,1879000,0,1C25TUV/00009454
1C25TUV,00009455,1,5010000,400800,5410800,0,1C25TUV/00009455
1C25TUV,00009458,1,2443519,195482,2639001,0,1C25TUV/00009458
1C25TUV,00009459,1,2063889,165111,2229000,0,1C25TUV/00009459
1C25TUV,00009460,1,2544545,254455,2799000,0,1C25TUV/00009460
1C25TUV,00009461,1,1701852,136148,1838000,0,1C25TUV/00009461
1C25TUV,00009462,1,1701852,136148,1838000,0,1C25TUV/00009462
1C25TUV,00009463,1,2180602,174448,2355050,0,1C25TUV/00009463
1C25TUV,00009464,1,2180602,174448,2355050,0,1C25TUV/00009464
1C25TUV,00009465,1,1881528,150522,2032050,0,1C25TUV/00009465
1C25TUV,00009466,1,3962037,316963,4279000,0,1C25TUV/00009466
1C25TUV,00009467,1,1137963,91037,1229000,0,1C25TUV/00009467
1C25TUV,00009468,1,1960750,156860,2117610,0,1C25TUV/00009468
1C25TUV,00009469,1,1685750,134860,1820610,0,1C25TUV/00009469
1C25TUV,00009470,1,1054630,84370,1139000,0,1C25TUV/00009470
1C25TUV,00009471,1,2850926,228074,3079000,0,1C25TUV/00009471
1C25TUV,00009472,1,1054630,84370,1139000,0,1C25TUV/00009472
1C25TUV,00009473,1,628704,50296,679000,0,1C25TUV/00009473
1C25TUV,00009474,1,1044083,83527,1127610,0,1C25TUV/00009474
1C25TUV,00009475,1,1264083,101127,1365210,0,1C25TUV/00009475
1C25TUV,00009476,1,1200824,96066,1296890,0,1C25TUV/00009476
1C25TUV,00009477,1,2272417,181793,2454210,0,1C25TUV/00009477
1C25TUV,00009478,1,628704,50296,679000,0,1C25TUV/00009478
1C25TUV,00009479,1,1980556,158444,2139000,0,1C25TUV/00009479
1C25TUV,00009480,1,811111,64889,876000,0,1C25TUV/00009480
1C25TUV,00009481,1,597269,47781,645050,0,1C25TUV/00009481
1C25TUV,00009482,1,597269,47781,645050,0,1C25TUV/00009482
1C25TUV,00009483,1,1001898,80152,1082050,0,1C25TUV/00009483
1C25TUV,00009484,1,597269,47781,645050,0,1C25TUV/00009484
1C25TUV,00009485,1,1213009,97041,1310050,0,1C25TUV/00009485
1C25TUV,00009486,1,1276852,102148,1379000,0,1C25TUV/00009486
1C25TUV,00009487,1,597269,47781,645050,0,1C25TUV/00009487
1C25TUV,00009488,1,210231,16819,227050,0,1C25TUV/00009488
1C25TUV,00009489,1,1276852,102148,1379000,0,1C25TUV/00009489
1C25TUV,00009490,1,1001898,80152,1082050,0,1C25TUV/00009490
1C25TUV,00009491,1,1001898,80152,1082050,0,1C25TUV/00009491
1C25TUV,00009492,1,628704,50296,679000,0,1C25TUV/00009492
1C25TUV,00009493,1,628704,50296,679000,0,1C25TUV/00009493
1C25TUV,00009494,1,628704,50296,679000,0,1C25TUV/00009494
1C25TUV,00009495,1,1213009,97041,1310050,0,1C25TUV/00009495
1C25TUV,00009496,1,628704,50296,679000,0,1C25TUV/00009496
1C25TUV,00009497,1,611100,48888,659988,0,1C25TUV/00009497
1C25TUV,00009498,1,628704,50296,679000,0,1C25TUV/00009498
1C25TUV,00009499,1,628704,50296,679000,0,1C25TUV/00009499
1C25TUV,00009500,1,628704,50296,679000,0,1C25TUV/00009500
1C25TUV,00009501,1,492593,39407,532000,0,1C25TUV/00009501
1C25TUV,00009502,1,1276852,102148,1379000,0,1C25TUV/00009502
1C25TUV,00009503,1,628704,50296,679000,0,1C25TUV/00009503
1C25TUV,00009504,1,628704,50296,679000,0,1C25TUV/00009504
1C25TUV,00009505,1,628704,50296,679000,0,1C25TUV/00009505
1C25TUV,00009506,1,1702778,136222,1839000,0,1C25TUV/00009506
1C25TUV,00009507,1,628704,50296,679000,0,1C25TUV/00009507
1C25TUV,00009508,1,1980556,158444,2139000,0,1C25TUV/00009508
1C25TUV,00009509,1,628704,50296,679000,0,1C25TUV/00009509
1C25TUV,00009510,1,628704,50296,679000,0,1C25TUV/00009510
1C25TUV,00009511,1,1276852,102148,1379000,0,1C25TUV/00009511
1C25TUV,00009512,1,628704,50296,679000,0,1C25TUV/00009512
1C25TUV,00009513,1,1980556,158444,2139000,0,1C25TUV/00009513
1C25TUV,00009514,1,1276852,102148,1379000,0,1C25TUV/00009514
1C25TUV,00009515,1,675000,54000,729000,0,1C25TUV/00009515
1C25TUV,00009516,1,628704,50296,679000,0,1C25TUV/00009516
1C25TUV,00009517,1,628704,50296,679000,0,1C25TUV/00009517
1C25TUV,00009518,1,628704,50296,679000,0,1C25TUV/00009518
1C25TUV,00009519,1,509259,40741,550000,0,1C25TUV/00009519
1C25TUV,00009520,1,499073,39926,538999,0,1C25TUV/00009520
1C25TUV,00009521,1,628704,50296,679000,0,1C25TUV/00009521
1C25TUV,00009522,1,499073,39926,538999,0,1C25TUV/00009522
1C25TUV,00009523,1,221296,17704,239000,0,1C25TUV/00009523
1C25TUV,00009524,1,628704,50296,679000,0,1C25TUV/00009524
1C25TUV,00009525,1,628704,50296,679000,0,1C25TUV/00009525
1C25TUV,00009526,1,2295370,183630,2479000,0,1C25TUV/00009526
1C25TUV,00009527,1,628704,50296,679000,0,1C25TUV/00009527
1C25TUV,00009528,1,628704,50296,679000,0,1C25TUV/00009528
1C25TUV,00009529,1,628704,50296,679000,0,1C25TUV/00009529
1C25TUV,00009530,1,628704,50296,679000,0,1C25TUV/00009530
1C25TUV,00009531,1,1276852,102148,1379000,0,1C25TUV/00009531
1C25TUV,00009532,1,628704,50296,679000,0,1C25TUV/00009532
1C25TUV,00009533,1,499073,39926,538999,0,1C25TUV/00009533
1C25TUV,00009534,1,628704,50296,679000,0,1C25TUV/00009534
1C25TUV,00009535,1,628704,50296,679000,0,1C25TUV/00009535
1C25TUV,00009536,1,600412,48033,648445,0,1C25TUV/00009536
1C25TUV,00009537,1,1211732,96939,1308671,0,1C25TUV/00009537
1C25TUV,00009538,1,600412,48033,648445,0,1C25TUV/00009538
1C25TUV,00009539,1,600412,48033,648445,0,1C25TUV/00009539
1C25TUV,00009540,1,600412,48033,648445,0,1C25TUV/00009540
1C25TUV,00009541,1,600412,48033,648445,0,1C25TUV/00009541
1C25TUV,00009542,1,600412,48033,648445,0,1C25TUV/00009542
1C25TUV,00009543,1,600412,48033,648445,0,1C25TUV/00009543
1C25TUV,00009544,1,1211732,96939,1308671,0,1C25TUV/00009544
1C25TUV,00009545,1,600412,48033,648445,0,1C25TUV/00009545
1C25TUV,00009546,1,600412,48033,648445,0,1C25TUV/00009546
1C25TUV,00009547,1,1980556,158444,2139000,0,1C25TUV/00009547
1C25TUV,00009548,1,600412,48033,648445,0,1C25TUV/00009548
1C25TUV,00009549,1,628704,50296,679000,0,1C25TUV/00009549
1C25TUV,00009550,1,600412,48033,648445,0,1C25TUV/00009550
1C25TUV,00009551,1,600412,48033,648445,0,1C25TUV/00009551
1C25TUV,00009552,1,452778,36222,489000,0,1C25TUV/00009552
1C25TUV,00009553,1,600412,48033,648445,0,1C25TUV/00009553
1C25TUV,00009554,1,499073,39926,538999,0,1C25TUV/00009554
1C25TUV,00009555,1,1276852,102148,1379000,0,1C25TUV/00009555
1C25TUV,00009556,1,499073,39926,538999,0,1C25TUV/00009556
1C25TUV,00009557,1,2571296,205704,2777000,0,1C25TUV/00009557
1C25TUV,00009558,1,1054630,84370,1139000,0,1C25TUV/00009558
1C25TUV,00009559,1,220370,17630,238000,0,1C25TUV/00009559
1C25TUV,00009560,1,1980556,158444,2139000,0,1C25TUV/00009560
1C25TUV,00009561,1,499073,39926,538999,0,1C25TUV/00009561
1C25TUV,00009562,1,1211732,96939,1308671,0,1C25TUV/00009562
1C25TUV,00009563,1,499073,39926,538999,0,1C25TUV/00009563
1C25TUV,00009564,1,508333,40667,549000,0,1C25TUV/00009564
1C25TUV,00009565,1,508333,40667,549000,0,1C25TUV/00009565
1C25TUV,00009566,1,628704,50296,679000,0,1C25TUV/00009566
1C25TUV,00009567,1,498148,39852,538000,0,1C25TUV/00009567
1C25TUV,00009568,1,600412,48033,648445,0,1C25TUV/00009568
1C25TUV,00009569,1,1980556,158444,2139000,0,1C25TUV/00009569
1C25TUV,00009570,1,1276852,102148,1379000,0,1C25TUV/00009570
1C25TUV,00009571,1,600412,48033,648445,0,1C25TUV/00009571
1C25TUV,00009572,1,499074,39926,539000,0,1C25TUV/00009572
1C25TUV,00009573,1,508333,40667,549000,0,1C25TUV/00009573
1C25TUV,00009574,1,508333,40667,549000,0,1C25TUV/00009574
1C25TUV,00009575,1,600412,48033,648445,0,1C25TUV/00009575
1C25TUV,00009576,1,1879547,150364,2029911,0,1C25TUV/00009576
1C25TUV,00009577,1,2573148,205852,2779000,0,1C25TUV/00009577
1C25TUV,00009578,1,2573148,205852,2779000,0,1C25TUV/00009578
1C25TUV,00009579,1,526852,42148,569000,0,1C25TUV/00009579
1C25TUV,00009580,1,1302778,104222,1407000,0,1C25TUV/00009580
1C25TUV,00009581,1,1702778,136222,1839000,0,1C25TUV/00009581
1C25TUV,00009582,1,972222,77778,1050000,0,1C25TUV/00009582
1C25TUV,00009583,1,526852,42148,569000,0,1C25TUV/00009583
1C25TUV,00009584,1,656481,52519,709000,0,1C25TUV/00009584
1C25TUV,00009585,1,962037,76963,1039000,0,1C25TUV/00009585
1C25TUV,00009586,1,656481,52519,709000,0,1C25TUV/00009586
1C25TUV,00009587,1,628704,50296,679000,0,1C25TUV/00009587
1C25TUV,00009588,1,619444,49556,669000,0,1C25TUV/00009588
1C25TUV,00009589,1,656481,52519,709000,0,1C25TUV/00009589
1C25TUV,00009590,1,656481,52519,709000,0,1C25TUV/00009590
1C25TUV,00009591,1,526852,42148,569000,0,1C25TUV/00009591
1C25TUV,00009592,1,1980556,158444,2139000,0,1C25TUV/00009592
1C25TUV,00009593,1,656481,52519,709000,0,1C25TUV/00009593
1C25TUV,00009594,1,656481,52519,709000,0,1C25TUV/00009594
1C25TUV,00009595,1,1276852,102148,1379000,0,1C25TUV/00009595
1C25TUV,00009596,1,2295370,183630,2479000,0,1C25TUV/00009596
1C25TUV,00009597,1,2573148,205852,2779000,0,1C25TUV/00009597
1C25TUV,00009598,1,656481,52519,709000,0,1C25TUV/00009598
1C25TUV,00009599,1,1980556,158444,2139000,0,1C25TUV/00009599
1C25TUV,00009600,1,1054630,84370,1139000,0,1C25TUV/00009600
1C25TUV,00009601,1,656481,52519,709000,0,1C25TUV/00009601
1C25TUV,00009602,1,628704,50296,679000,0,1C25TUV/00009602
1C25TUV,00009603,1,2573148,205852,2779000,0,1C25TUV/00009603
1C25TUV,00009604,1,2573148,205852,2779000,0,1C25TUV/00009604
1C25TUV,00009605,1,1276852,102148,1379000,0,1C25TUV/00009605
1C25TUV,00009606,1,526852,42148,569000,0,1C25TUV/00009606
1C25TUV,00009607,1,1276852,102148,1379000,0,1C25TUV/00009607
1C25TUV,00009608,1,1054630,84370,1139000,0,1C25TUV/00009608
1C25TUV,00009609,1,526852,42148,569000,0,1C25TUV/00009609
1C25TUV,00009610,1,2573148,205852,2779000,0,1C25TUV/00009610
1C25TUV,00009611,1,2573148,205852,2779000,0,1C25TUV/00009611
1C25TUV,00009612,1,1276852,102148,1379000,0,1C25TUV/00009612
1C25TUV,00009613,1,1276852,102148,1379000,0,1C25TUV/00009613
1C25TUV,00009614,1,526852,42148,569000,0,1C25TUV/00009614
1C25TUV,00009615,1,406481,32519,439000,0,1C25TUV/00009615
1C25TUV,00009616,1,2295370,183630,2479000,0,1C25TUV/00009616
1C25TUV,00009617,1,526852,42148,569000,0,1C25TUV/00009617
1C25TUV,00009618,1,2573148,205852,2779000,0,1C25TUV/00009618
1C25TUV,00009619,1,526852,42148,569000,0,1C25TUV/00009619
1C25TUV,00009620,1,1054630,84370,1139000,0,1C25TUV/00009620
1C25TUV,00009621,1,656481,52519,709000,0,1C25TUV/00009621
1C25TUV,00009622,1,656481,52519,709000,0,1C25TUV/00009622
1C25TUV,00009623,1,526852,42148,569000,0,1C25TUV/00009623
1C25TUV,00009624,1,526852,42148,569000,0,1C25TUV/00009624
1C25TUV,00009625,1,2573148,205852,2779000,0,1C25TUV/00009625
1C25TUV,00009626,1,1980556,158444,2139000,0,1C25TUV/00009626
1C25TUV,00009627,1,2453636,245364,2699000,0,1C25TUV/00009627
1C25TUV,00009628,1,2299091,229909,2529000,0,1C25TUV/00009628
1C25TUV,00009629,1,1726364,172636,1899000,0,1C25TUV/00009629
1C25TUV,00009630,1,1453636,145364,1599000,0,1C25TUV/00009630
1C25TUV,00009631,1,2218182,221818,2440000,0,1C25TUV/00009631
1C25TUV,00009632,1,1671818,167182,1839000,0,1C25TUV/00009632
1C25TUV,00009633,1,1943519,155481,2099000,0,1C25TUV/00009633
1C25TUV,00009634,1,1647222,131778,1779000,0,1C25TUV/00009634
1C25TUV,00009635,1,2573148,205852,2779000,0,1C25TUV/00009635
1C25TUV,00009636,1,1702778,136222,1839000,0,1C25TUV/00009636
1C25TUV,00009637,1,2573148,205852,2779000,0,1C25TUV/00009637
1C25TUV,00009638,1,1702778,136222,1839000,0,1C25TUV/00009638
1C25TUV,00009639,1,1702778,136222,1839000,0,1C25TUV/00009639
1C25TUV,00009640,1,2628704,210296,2839000,0,1C25TUV/00009640
1C25TUV,00009641,1,1850926,148074,1999000,0,1C25TUV/00009641
1C25TUV,00009642,1,1702778,136222,1839000,0,1C25TUV/00009642
1C25TUV,00009643,1,1665741,133259,1799000,0,1C25TUV/00009643
1C25TUV,00009644,1,13328704,1066296,14395000,0,1C25TUV/00009644
1C25TUV,00009645,1,1665741,133259,1799000,0,1C25TUV/00009645
1C25TUV,00009646,1,1665741,133259,1799000,0,1C25TUV/00009646
1C25TUV,00009647,1,1665741,133259,1799000,0,1C25TUV/00009647
1C25TUV,00009648,1,1850926,148074,1999000,0,1C25TUV/00009648
1C25TUV,00009649,1,1647222,131778,1779000,0,1C25TUV/00009649
1C25TUV,00009650,1,1850926,148074,1999000,0,1C25TUV/00009650
1C25TUV,00009651,1,1850926,148074,1999000,0,1C25TUV/00009651
1C25TUV,00009652,1,1665741,133259,1799000,0,1C25TUV/00009652
1C25TUV,00009653,1,1665741,133259,1799000,0,1C25TUV/00009653
1C25TUV,00009654,1,1850926,148074,1999000,0,1C25TUV/00009654
1C25TUV,00009655,1,1665741,133259,1799000,0,1C25TUV/00009655
1C25TUV,00009656,1,1665741,133259,1799000,0,1C25TUV/00009656
1C25TUV,00009657,1,2536111,202889,2739000,0,1C25TUV/00009657
1C25TUV,00009658,1,1850926,148074,1999000,0,1C25TUV/00009658
1C25TUV,00009659,1,1665741,133259,1799000,0,1C25TUV/00009659
1C25TUV,00009660,1,1850926,148074,1999000,0,1C25TUV/00009660
1C25TUV,00009661,1,1647222,131778,1779000,0,1C25TUV/00009661
1C25TUV,00009662,1,2443519,195481,2639000,0,1C25TUV/00009662
1C25TUV,00009663,1,1647222,131778,1779000,0,1C25TUV/00009663
1C25TUV,00009664,1,1647222,131778,1779000,0,1C25TUV/00009664
1C25TUV,00009665,1,1647222,131778,1779000,0,1C25TUV/00009665
1C25TUV,00009666,1,1647222,131778,1779000,0,1C25TUV/00009666
1C25TUV,00009667,1,1647222,131778,1779000,0,1C25TUV/00009667
1C25TUV,00009668,1,1647222,131778,1779000,0,1C25TUV/00009668
1C25TUV,00009669,1,1647222,131778,1779000,0,1C25TUV/00009669
1C25TUV,00009670,1,1647222,131778,1779000,0,1C25TUV/00009670
1C25TUV,00009671,1,1665741,133259,1799000,0,1C25TUV/00009671
1C25TUV,00009672,1,2387963,191037,2579000,0,1C25TUV/00009672
1C25TUV,00009673,1,509259,40741,550000,0,1C25TUV/00009673
1C25TUV,00009674,1,1665741,133259,1799000,0,1C25TUV/00009674
1C25TUV,00009675,1,1610185,128815,1739000,0,1C25TUV/00009675
1C25TUV,00009676,1,1610185,128815,1739000,0,1C25TUV/00009676
1C25TUV,00009677,1,1610185,128815,1739000,0,1C25TUV/00009677
1C25TUV,00009678,1,1610185,128815,1739000,0,1C25TUV/00009678
1C25TUV,00009679,1,1795370,143630,1939000,0,1C25TUV/00009679
1C25TUV,00009680,1,1795370,143630,1939000,0,1C25TUV/00009680
1C25TUV,00009681,1,2721296,217704,2939000,0,1C25TUV/00009681
1C25TUV,00009682,1,1795370,143630,1939000,0,1C25TUV/00009682
1C25TUV,00009683,1,1610185,128815,1739000,0,1C25TUV/00009683
1C25TUV,00009684,1,1610185,128815,1739000,0,1C25TUV/00009684
1C25TUV,00009685,1,1610185,128815,1739000,0,1C25TUV/00009685
1C25TUV,00009686,1,1610185,128815,1739000,0,1C25TUV/00009686
1C25TUV,00009687,1,1610185,128815,1739000,0,1C25TUV/00009687
1C25TUV,00009688,1,1610185,128815,1739000,0,1C25TUV/00009688
1C25TUV,00009689,1,1749074,139926,1889000,0,1C25TUV/00009689
1C25TUV,00009690,1,1712963,137037,1850000,0,1C25TUV/00009690
1C25TUV,00009691,1,2598148,207852,2806000,0,1C25TUV/00009691
1C25TUV,00009692,1,3425926,274074,3700000,0,1C25TUV/00009692
1C25TUV,00009693,1,1712963,137037,1850000,0,1C25TUV/00009693
1C25TUV,00009694,1,2628704,210296,2839000,0,1C25TUV/00009694
1C25TUV,00009695,1,1712963,137037,1850000,0,1C25TUV/00009695
1C25TUV,00009696,1,2387963,191037,2579000,0,1C25TUV/00009696
1C25TUV,00009697,1,1712963,137037,1850000,0,1C25TUV/00009697
1C25TUV,00009698,1,1712963,137037,1850000,0,1C25TUV/00009698
1C25TUV,00009699,1,1712963,137037,1850000,0,1C25TUV/00009699
1C25TUV,00009700,1,1620370,129630,1750000,0,1C25TUV/00009700
1C25TUV,00009701,1,333333,26667,360000,0,1C25TUV/00009701
1C25TUV,00009702,1,2350926,188074,2539000,0,1C25TUV/00009702
1C25TUV,00009703,1,1620370,129630,1750000,0,1C25TUV/00009703
1C25TUV,00009704,1,1620370,129630,1750000,0,1C25TUV/00009704
1C25TUV,00009705,1,1620370,129630,1750000,0,1C25TUV/00009705
1C25TUV,00009706,1,1620370,129630,1750000,0,1C25TUV/00009706
1C25TUV,00009707,1,2628704,210296,2839000,0,1C25TUV/00009707
1C25TUV,00009708,1,2628704,210296,2839000,0,1C25TUV/00009708
1C25TUV,00009709,1,1666667,133333,1800000,0,1C25TUV/00009709
1C25TUV,00009710,1,1702778,136222,1839000,0,1C25TUV/00009710
1C25TUV,00009711,1,2499074,199926,2699000,0,1C25TUV/00009711
1C25TUV,00009712,1,509259,40741,550000,0,1C25TUV/00009712
1C25TUV,00009713,1,1702778,136222,1839000,0,1C25TUV/00009713
1C25TUV,00009714,1,1702778,136222,1839000,0,1C25TUV/00009714
1C25TUV,00009715,1,1702778,136222,1839000,0,1C25TUV/00009715
1C25TUV,00009716,1,1702778,136222,1839000,0,1C25TUV/00009716
1C25TUV,00009717,1,1702778,136222,1839000,0,1C25TUV/00009717
1C25TUV,00009718,1,1702778,136222,1839000,0,1C25TUV/00009718
1C25TUV,00009719,1,1702778,136222,1839000,0,1C25TUV/00009719
1C25TUV,00009720,1,1702778,136222,1839000,0,1C25TUV/00009720
1C25TUV,00009721,1,1702778,136222,1839000,0,1C25TUV/00009721
1C25TUV,00009722,1,1680556,134444,1815000,0,1C25TUV/00009722
1C25TUV,00009723,1,2628704,210296,2839000,0,1C25TUV/00009723
1C25TUV,00009724,1,1712963,137037,1850000,0,1C25TUV/00009724
1C25TUV,00009725,1,1675926,134074,1810000,0,1C25TUV/00009725
1C25TUV,00009726,1,1666667,133333,1800000,0,1C25TUV/00009726
1C25TUV,00009727,1,1702778,136222,1839000,0,1C25TUV/00009727
1C25TUV,00009728,1,1702778,136222,1839000,0,1C25TUV/00009728
1C25TUV,00009729,1,2628704,210296,2839000,0,1C25TUV/00009729
1C25TUV,00009730,1,1702778,136222,1839000,0,1C25TUV/00009730
1C25TUV,00009731,1,2314815,185185,2500000,0,1C25TUV/00009731
1C25TUV,00009732,1,509259,40741,550000,0,1C25TUV/00009732
1C25TUV,00009733,1,1712963,137037,1850000,0,1C25TUV/00009733
1C25TUV,00009734,1,1712963,137037,1850000,0,1C25TUV/00009734
1C25TUV,00009735,1,2628704,210296,2839000,0,1C25TUV/00009735
1C25TUV,00009736,1,2628704,210296,2839000,0,1C25TUV/00009736
1C25TUV,00009737,1,1712963,137037,1850000,0,1C25TUV/00009737
1C25TUV,00009738,1,1712963,137037,1850000,0,1C25TUV/00009738
1C25TUV,00009739,1,1712963,137037,1850000,0,1C25TUV/00009739
1C25TUV,00009740,1,1712963,137037,1850000,0,1C25TUV/00009740
1C25TUV,00009741,1,1712963,137037,1850000,0,1C25TUV/00009741
1C25TUV,00009742,1,1712963,137037,1850000,0,1C25TUV/00009742
1C25TUV,00009743,1,1712963,137037,1850000,0,1C25TUV/00009743
1C25TUV,00009744,1,1712963,137037,1850000,0,1C25TUV/00009744
1C25TUV,00009745,1,1898148,151852,2050000,0,1C25TUV/00009745
1C25TUV,00009746,1,2536111,202889,2739000,0,1C25TUV/00009746
1C25TUV,00009747,1,2536111,202889,2739000,0,1C25TUV/00009747
1C25TUV,00009748,1,2693997,215520,2909517,0,1C25TUV/00009748
1C25TUV,00009749,1,2536111,202889,2739000,0,1C25TUV/00009749
1C25TUV,00009750,1,2536111,202889,2739000,0,1C25TUV/00009750
1C25TUV,00009751,1,2536111,202889,2739000,0,1C25TUV/00009751
1C25TUV,00009752,1,2536111,202889,2739000,0,1C25TUV/00009752
1C25TUV,00009753,1,2536111,202889,2739000,0,1C25TUV/00009753
1C25TUV,00009754,1,2536111,202889,2739000,0,1C25TUV/00009754
1C25TUV,00009755,1,2536111,202889,2739000,0,1C25TUV/00009755
1C25TUV,00009756,1,1758333,140667,1899000,0,1C25TUV/00009756
1C25TUV,00009757,1,2536111,202889,2739000,0,1C25TUV/00009757
1C25TUV,00009758,1,1647222,131778,1779000,0,1C25TUV/00009758
1C25TUV,00009759,1,1665741,133259,1799000,0,1C25TUV/00009759
1C25TUV,00009760,1,2489815,199185,2689000,0,1C25TUV/00009760
1C25TUV,00009761,1,1647222,131778,1779000,0,1C25TUV/00009761
1C25TUV,00009762,1,1665741,133259,1799000,0,1C25TUV/00009762
1C25TUV,00009763,1,1665741,133259,1799000,0,1C25TUV/00009763
1C25TUV,00009764,1,2443519,195481,2639000,0,1C25TUV/00009764
1C25TUV,00009765,1,1647222,131778,1779000,0,1C25TUV/00009765
1C25TUV,00009766,1,4972222,397778,5370000,0,1C25TUV/00009766
1C25TUV,00009767,1,1647222,131778,1779000,0,1C25TUV/00009767
1C25TUV,00009768,1,4972222,397778,5370000,0,1C25TUV/00009768
1C25TUV,00009769,1,2489815,199185,2689000,0,1C25TUV/00009769
1C25TUV,00009770,1,2628704,210296,2839000,0,1C25TUV/00009770
1C25TUV,00009771,1,1647222,131778,1779000,0,1C25TUV/00009771
1C25TUV,00009772,1,1647222,131778,1779000,0,1C25TUV/00009772
1C25TUV,00009773,1,1647222,131778,1779000,0,1C25TUV/00009773
1C25TUV,00009774,1,1665741,133259,1799000,0,1C25TUV/00009774
1C25TUV,00009775,1,1665741,133259,1799000,0,1C25TUV/00009775
1C25TUV,00009776,1,1665741,133259,1799000,0,1C25TUV/00009776
1C25TUV,00009777,1,1758333,140667,1899000,0,1C25TUV/00009777
1C25TUV,00009778,1,1647222,131778,1779000,0,1C25TUV/00009778
1C25TUV,00009779,1,2628704,210296,2839000,0,1C25TUV/00009779
1C25TUV,00009780,1,1647222,131778,1779000,0,1C25TUV/00009780
1C25TUV,00009781,1,1758333,140667,1899000,0,1C25TUV/00009781
1C25TUV,00009782,1,2665741,213259,2879000,0,1C25TUV/00009782
1C25TUV,00009783,1,1665741,133259,1799000,0,1C25TUV/00009783
1C25TUV,00009784,1,1665741,133259,1799000,0,1C25TUV/00009784
1C25TUV,00009785,1,1665741,133259,1799000,0,1C25TUV/00009785
1C25TUV,00009786,1,1665741,133259,1799000,0,1C25TUV/00009786
1C25TUV,00009787,1,2536111,202889,2739000,0,1C25TUV/00009787
1C25TUV,00009788,1,1647222,131778,1779000,0,1C25TUV/00009788
1C25TUV,00009789,1,1647222,131778,1779000,0,1C25TUV/00009789
1C25TUV,00009790,1,1758333,140667,1899000,0,1C25TUV/00009790
1C25TUV,00009791,1,1647222,131778,1779000,0,1C25TUV/00009791
1C25TUV,00009792,1,3331481,266519,3598000,0,1C25TUV/00009792
1C25TUV,00009793,1,5146296,411704,5558000,0,1C25TUV/00009793
1C25TUV,00009794,1,1702778,136222,1839000,0,1C25TUV/00009794
1C25TUV,00009795,1,1647222,131778,1779000,0,1C25TUV/00009795
1C25TUV,00009796,1,2573148,205852,2779000,0,1C25TUV/00009796
1C25TUV,00009797,1,1647222,131778,1779000,0,1C25TUV/00009797
1C25TUV,00009798,1,1647222,131778,1779000,0,1C25TUV/00009798
1C25TUV,00009799,1,2573148,205852,2779000,0,1C25TUV/00009799
1C25TUV,00009800,1,2573148,205852,2779000,0,1C25TUV/00009800
1C25TUV,00009801,1,1702778,136222,1839000,0,1C25TUV/00009801
1C25TUV,00009802,1,2573148,205852,2779000,0,1C25TUV/00009802
1C25TUV,00009803,1,1647222,131778,1779000,0,1C25TUV/00009803
1C25TUV,00009804,1,1647222,131778,1779000,0,1C25TUV/00009804
1C25TUV,00009805,1,1647222,131778,1779000,0,1C25TUV/00009805
1C25TUV,00009806,1,1702778,136222,1839000,0,1C25TUV/00009806
1C25TUV,00009807,1,1702778,136222,1839000,0,1C25TUV/00009807
1C25TUV,00009808,1,1702778,136222,1839000,0,1C25TUV/00009808
1C25TUV,00009809,1,1647222,131778,1779000,0,1C25TUV/00009809
1C25TUV,00009810,1,1647222,131778,1779000,0,1C25TUV/00009810
1C25TUV,00009811,1,1702778,136222,1839000,0,1C25TUV/00009811
1C25TUV,00009812,1,1647222,131778,1779000,0,1C25TUV/00009812
1C25TUV,00009813,1,1702778,136222,1839000,0,1C25TUV/00009813
1C25TUV,00009814,1,1702778,136222,1839000,0,1C25TUV/00009814
1C25TUV,00009815,1,1647222,131778,1779000,0,1C25TUV/00009815
1C25TUV,00009816,1,1647222,131778,1779000,0,1C25TUV/00009816
1C25TUV,00009817,1,1647222,131778,1779000,0,1C25TUV/00009817
1C25TUV,00009818,1,2628704,210296,2839000,0,1C25TUV/00009818
1C25TUV,00009819,1,1647222,131778,1779000,0,1C25TUV/00009819
1C25TUV,00009820,1,1647222,131778,1779000,0,1C25TUV/00009820
1C25TUV,00009821,1,1647222,131778,1779000,0,1C25TUV/00009821
1C25TUV,00009822,1,1647222,131778,1779000,0,1C25TUV/00009822
1C25TUV,00009823,1,1702778,136222,1839000,0,1C25TUV/00009823
1C25TUV,00009824,1,1702778,136222,1839000,0,1C25TUV/00009824
1C25TUV,00009825,1,1003704,80296,1084000,0,1C25TUV/00009825
1C25TUV,00009826,1,2573148,205852,2779000,0,1C25TUV/00009826
1C25TUV,00009827,1,1647222,131778,1779000,0,1C25TUV/00009827
1C25TUV,00009828,1,1647222,131778,1779000,0,1C25TUV/00009828
1C25TUV,00009829,1,1647222,131778,1779000,0,1C25TUV/00009829
1C25TUV,00009830,1,1647222,131778,1779000,0,1C25TUV/00009830
1C25TUV,00009831,1,1647222,131778,1779000,0,1C25TUV/00009831
1C25TUV,00009832,1,1647222,131778,1779000,0,1C25TUV/00009832
1C25TUV,00009833,1,1647222,131778,1779000,0,1C25TUV/00009833
1C25TUV,00009834,1,1647222,131778,1779000,0,1C25TUV/00009834
1C25TUV,00009835,1,1647222,131778,1779000,0,1C25TUV/00009835
1C25TUV,00009836,1,1647222,131778,1779000,0,1C25TUV/00009836
1C25TUV,00009837,1,1647222,131778,1779000,0,1C25TUV/00009837
1C25TUV,00009838,1,1647222,131778,1779000,0,1C25TUV/00009838
1C25TUV,00009839,1,1647222,131778,1779000,0,1C25TUV/00009839
1C25TUV,00009840,1,1869444,149556,2019000,0,1C25TUV/00009840
1C25TUV,00009841,1,1600000,128000,1728000,0,1C25TUV/00009841
1C25TUV,00009842,1,1647222,131778,1779000,0,1C25TUV/00009842
1C25TUV,00009843,1,776852,62148,839000,0,1C25TUV/00009843
1C25TUV,00009844,1,2795370,223630,3019000,0,1C25TUV/00009844
1C25TUV,00009845,1,776852,62148,839000,0,1C25TUV/00009845
1C25TUV,00009846,1,776852,62148,839000,0,1C25TUV/00009846
1C25TUV,00009847,1,2795370,223630,3019000,0,1C25TUV/00009847
1C25TUV,00009848,1,776852,62148,839000,0,1C25TUV/00009848
1C25TUV,00009849,1,1869444,149556,2019000,0,1C25TUV/00009849
1C25TUV,00009850,1,776852,62148,839000,0,1C25TUV/00009850
1C25TUV,00009851,1,1647222,131778,1779000,0,1C25TUV/00009851
1C25TUV,00009852,1,776852,62148,839000,0,1C25TUV/00009852
1C25TUV,00009853,1,776852,62148,839000,0,1C25TUV/00009853
1C25TUV,00009854,1,2795370,223630,3019000,0,1C25TUV/00009854
1C25TUV,00009855,1,1553704,124296,1678000,0,1C25TUV/00009855
1C25TUV,00009856,1,776852,62148,839000,0,1C25TUV/00009856
1C25TUV,00009857,1,776852,62148,839000,0,1C25TUV/00009857
1C25TUV,00009858,1,776852,62148,839000,0,1C25TUV/00009858
1C25TUV,00009859,1,776852,62148,839000,0,1C25TUV/00009859
1C25TUV,00009860,1,1702778,136222,1839000,0,1C25TUV/00009860
1C25TUV,00009861,1,1702778,136222,1839000,0,1C25TUV/00009861
1C25TUV,00009862,1,776852,62148,839000,0,1C25TUV/00009862
1C25TUV,00009863,1,776852,62148,839000,0,1C25TUV/00009863
1C25TUV,00009864,1,776852,62148,839000,0,1C25TUV/00009864
1C25TUV,00009865,1,776852,62148,839000,0,1C25TUV/00009865
1C25TUV,00009866,1,2795370,223630,3019000,0,1C25TUV/00009866
1C25TUV,00009867,1,1647222,131778,1779000,0,1C25TUV/00009867
1C25TUV,00009868,1,1647222,131778,1779000,0,1C25TUV/00009868
1C25TUV,00009869,1,305544,24444,329988,0,1C25TUV/00009869
1C25TUV,00009870,1,1702778,136222,1839000,0,1C25TUV/00009870
1C25TUV,00009871,1,1647222,131778,1779000,0,1C25TUV/00009871
1C25TUV,00009872,1,1647222,131778,1779000,0,1C25TUV/00009872
1C25TUV,00009873,1,1647222,131778,1779000,0,1C25TUV/00009873
1C25TUV,00009874,1,1647222,131778,1779000,0,1C25TUV/00009874
1C25TUV,00009875,1,1647222,131778,1779000,0,1C25TUV/00009875
1C25TUV,00009876,1,1702778,136222,1839000,0,1C25TUV/00009876
1C25TUV,00009877,1,1702778,136222,1839000,0,1C25TUV/00009877
1C25TUV,00009878,1,1647222,131778,1779000,0,1C25TUV/00009878
1C25TUV,00009879,1,1702778,136222,1839000,0,1C25TUV/00009879
1C25TUV,00009880,1,1647222,131778,1779000,0,1C25TUV/00009880
1C25TUV,00009881,1,1702778,136222,1839000,0,1C25TUV/00009881
1C25TUV,00009882,1,3016667,241333,3258000,0,1C25TUV/00009882
1C25TUV,00009883,1,1647222,131778,1779000,0,1C25TUV/00009883
1C25TUV,00009884,1,1702778,136222,1839000,0,1C25TUV/00009884
1C25TUV,00009885,1,1702778,136222,1839000,0,1C25TUV/00009885
1C25TUV,00009886,1,305544,24444,329988,0,1C25TUV/00009886
1C25TUV,00009887,1,1730567,138445,1869012,0,1C25TUV/00009887
1C25TUV,00009888,1,1702778,136222,1839000,0,1C25TUV/00009888
1C25TUV,00009889,1,2480556,198444,2679000,0,1C25TUV/00009889
1C25TUV,00009890,1,1647222,131778,1779000,0,1C25TUV/00009890
1C25TUV,00009891,1,1647222,131778,1779000,0,1C25TUV/00009891
1C25TUV,00009892,1,1702778,136222,1839000,0,1C25TUV/00009892
1C25TUV,00009893,1,1702778,136222,1839000,0,1C25TUV/00009893
1C25TUV,00009894,1,1647222,131778,1779000,0,1C25TUV/00009894
1C25TUV,00009895,1,1647222,131778,1779000,0,1C25TUV/00009895
1C25TUV,00009896,1,1647222,131778,1779000,0,1C25TUV/00009896
1C25TUV,00009897,1,1702778,136222,1839000,0,1C25TUV/00009897
1C25TUV,00009898,1,2573148,205852,2779000,0,1C25TUV/00009898
1C25TUV,00009899,1,1702778,136222,1839000,0,1C25TUV/00009899
1C25TUV,00009900,1,1702778,136222,1839000,0,1C25TUV/00009900
1C25TUV,00009901,1,1647222,131778,1779000,0,1C25TUV/00009901
1C25TUV,00009902,1,1647222,131778,1779000,0,1C25TUV/00009902
1C25TUV,00009903,1,1702778,136222,1839000,0,1C25TUV/00009903
1C25TUV,00009904,1,2586780,206942,2793722,0,1C25TUV/00009904
1C25TUV,00009905,1,504887,40391,545278,0,1C25TUV/00009905
1C25TUV,00009906,1,1702778,136222,1839000,0,1C25TUV/00009906
1C25TUV,00009907,1,1647222,131778,1779000,0,1C25TUV/00009907
1C25TUV,00009908,1,1647222,131778,1779000,0,1C25TUV/00009908
1C25TUV,00009909,1,1184259,94741,1279000,0,1C25TUV/00009909
1C25TUV,00009910,1,1702778,136222,1839000,0,1C25TUV/00009910
1C25TUV,00009911,1,509259,40741,550000,0,1C25TUV/00009911
1C25TUV,00009912,1,2628704,210296,2839000,0,1C25TUV/00009912
1C25TUV,00009913,1,1702778,136222,1839000,0,1C25TUV/00009913
1C25TUV,00009914,1,1702778,136222,1839000,0,1C25TUV/00009914
1C25TUV,00009915,1,1702778,136222,1839000,0,1C25TUV/00009915
1C25TUV,00009916,1,1702778,136222,1839000,0,1C25TUV/00009916
1C25TUV,00009917,1,1702778,136222,1839000,0,1C25TUV/00009917
1C25TUV,00009918,1,1647222,131778,1779000,0,1C25TUV/00009918
1C25TUV,00009919,1,999074,79926,1079000,0,1C25TUV/00009919
1C25TUV,00009920,1,999074,79926,1079000,0,1C25TUV/00009920
1C25TUV,00009921,1,999074,79926,1079000,0,1C25TUV/00009921
1C25TUV,00009922,1,999074,79926,1079000,0,1C25TUV/00009922
1C25TUV,00009923,1,999074,79926,1079000,0,1C25TUV/00009923
1C25TUV,00009924,1,906481,72519,979000,0,1C25TUV/00009924
1C25TUV,00009925,1,999074,79926,1079000,0,1C25TUV/00009925
1C25TUV,00009926,1,2415741,193259,2609000,0,1C25TUV/00009926
1C25TUV,00009927,1,1675000,134000,1809000,0,1C25TUV/00009927
1C25TUV,00009928,1,1675000,134000,1809000,0,1C25TUV/00009928
1C25TUV,00009929,1,1675000,134000,1809000,0,1C25TUV/00009929
1C25TUV,00009930,1,1675000,134000,1809000,0,1C25TUV/00009930
1C25TUV,00009931,1,2573148,205852,2779000,0,1C25TUV/00009931
1C25TUV,00009932,1,1702778,136222,1839000,0,1C25TUV/00009932
1C25TUV,00009933,1,1647222,131778,1779000,0,1C25TUV/00009933
1C25TUV,00009934,1,1647222,131778,1779000,0,1C25TUV/00009934
1C25TUV,00009935,1,1702778,136222,1839000,0,1C25TUV/00009935
1C25TUV,00009936,1,2573148,205852,2779000,0,1C25TUV/00009936
1C25TUV,00009937,1,1702778,136222,1839000,0,1C25TUV/00009937
1C25TUV,00009938,1,1702778,136222,1839000,0,1C25TUV/00009938
1C25TUV,00009939,1,1702778,136222,1839000,0,1C25TUV/00009939
1C25TUV,00009940,1,1702778,136222,1839000,0,1C25TUV/00009940
1C25TUV,00009941,1,1647222,131778,1779000,0,1C25TUV/00009941
1C25TUV,00009942,1,305544,24444,329988,0,1C25TUV/00009942
1C25TUV,00009943,1,1730567,138445,1869012,0,1C25TUV/00009943
1C25TUV,00009944,1,1647222,131778,1779000,0,1C25TUV/00009944
1C25TUV,00009945,1,1693519,135481,1829000,0,1C25TUV/00009945
1C25TUV,00009946,1,1647222,131778,1779000,0,1C25TUV/00009946
1C25TUV,00009947,1,2804630,224370,3029000,0,1C25TUV/00009947
1C25TUV,00009948,1,925926,74074,1000000,0,1C25TUV/00009948
1C25TUV,00009949,1,1693519,135481,1829000,0,1C25TUV/00009949
1C25TUV,00009950,1,305544,24444,329988,0,1C25TUV/00009950
1C25TUV,00009951,1,1730567,138445,1869012,0,1C25TUV/00009951
1C25TUV,00009952,1,305544,24444,329988,0,1C25TUV/00009952
1C25TUV,00009953,1,1730567,138445,1869012,0,1C25TUV/00009953
1C25TUV,00009954,1,1693519,135481,1829000,0,1C25TUV/00009954
1C25TUV,00009955,1,925926,74074,1000000,0,1C25TUV/00009955
1C25TUV,00009956,1,925926,74074,1000000,0,1C25TUV/00009956
1C25TUV,00009957,1,305544,24444,329988,0,1C25TUV/00009957
1C25TUV,00009958,1,1730567,138445,1869012,0,1C25TUV/00009958
1C25TUV,00009959,1,2804630,224370,3029000,0,1C25TUV/00009959
1C25TUV,00009960,1,925926,74074,1000000,0,1C25TUV/00009960
1C25TUV,00009961,1,2804630,224370,3029000,0,1C25TUV/00009961
1C25TUV,00009962,1,1647222,131778,1779000,0,1C25TUV/00009962
1C25TUV,00009963,1,925926,74074,1000000,0,1C25TUV/00009963
1C25TUV,00009964,1,2387963,191037,2579000,0,1C25TUV/00009964
1C25TUV,00009965,1,925926,74074,1000000,0,1C25TUV/00009965
1C25TUV,00009966,1,925926,74074,1000000,0,1C25TUV/00009966
1C25TUV,00009967,1,925926,74074,1000000,0,1C25TUV/00009967
1C25TUV,00009968,1,925926,74074,1000000,0,1C25TUV/00009968
1C25TUV,00009969,1,498996,39920,538916,0,1C25TUV/00009969
1C25TUV,00009970,1,2768596,221488,2990084,0,1C25TUV/00009970
1C25TUV,00009971,1,925926,74074,1000000,0,1C25TUV/00009971
1C25TUV,00009972,1,925926,74074,1000000,0,1C25TUV/00009972
1C25TUV,00009973,1,925926,74074,1000000,0,1C25TUV/00009973
1C25TUV,00009974,1,1624074,129926,1754000,0,1C25TUV/00009974
1C25TUV,00009975,1,925926,74074,1000000,0,1C25TUV/00009975
1C25TUV,00009976,1,1624074,129926,1754000,0,1C25TUV/00009976
1C25TUV,00009977,1,2804630,224370,3029000,0,1C25TUV/00009977
1C25TUV,00009978,1,1624074,129926,1754000,0,1C25TUV/00009978
1C25TUV,00009979,1,2804630,224370,3029000,0,1C25TUV/00009979
1C25TUV,00009980,1,1647222,131778,1779000,0,1C25TUV/00009980
1C25TUV,00009981,1,2804630,224370,3029000,0,1C25TUV/00009981
1C25TUV,00009982,1,2804630,224370,3029000,0,1C25TUV/00009982
1C25TUV,00009983,1,1624074,129926,1754000,0,1C25TUV/00009983
1C25TUV,00009984,1,2804630,224370,3029000,0,1C25TUV/00009984
1C25TUV,00009985,1,1624074,129926,1754000,0,1C25TUV/00009985
1C25TUV,00009986,1,1054630,84370,1139000,0,1C25TUV/00009986
1C25TUV,00009987,1,1647222,131778,1779000,0,1C25TUV/00009987
1C25TUV,00009988,1,1647222,131778,1779000,0,1C25TUV/00009988
1C25TUV,00009989,1,1647222,131778,1779000,0,1C25TUV/00009989
1C25TUV,00009990,1,3405556,272444,3678000,0,1C25TUV/00009990
1C25TUV,00009991,1,1647222,131778,1779000,0,1C25TUV/00009991
1C25TUV,00009992,1,1647222,131778,1779000,0,1C25TUV/00009992
1C25TUV,00009993,1,1647222,131778,1779000,0,1C25TUV/00009993
1C25TUV,00009994,1,1647222,131778,1779000,0,1C25TUV/00009994
1C25TUV,00009995,1,1702778,136222,1839000,0,1C25TUV/00009995
1C25TUV,00009996,1,1647222,131778,1779000,0,1C25TUV/00009996
1C25TUV,00009997,1,1702778,136222,1839000,0,1C25TUV/00009997
1C25TUV,00009998,1,3016667,241333,3258000,0,1C25TUV/00009998
1C25TUV,00009999,1,503803,40304,544107,0,1C25TUV/00009999
1C25TUV,00010000,1,1513790,121103,1634893,0,1C25TUV/00010000
1C25TUV,00010001,1,1702778,136222,1839000,0,1C25TUV/00010001
1C25TUV,00010002,1,2573148,205852,2779000,0,1C25TUV/00010002
1C25TUV,00010003,1,503803,40304,544107,0,1C25TUV/00010003
1C25TUV,00010004,1,1513790,121103,1634893,0,1C25TUV/00010004
1C25TUV,00010005,1,1702778,136222,1839000,0,1C25TUV/00010005
1C25TUV,00010006,1,1702778,136222,1839000,0,1C25TUV/00010006
1C25TUV,00010007,1,305544,24444,329988,0,1C25TUV/00010007
1C25TUV,00010008,1,1730567,138445,1869012,0,1C25TUV/00010008
1C25TUV,00010009,1,1702778,136222,1839000,0,1C25TUV/00010009
1C25TUV,00010010,1,1702778,136222,1839000,0,1C25TUV/00010010
1C25TUV,00010011,1,1702778,136222,1839000,0,1C25TUV/00010011
1C25TUV,00010012,1,1702778,136222,1839000,0,1C25TUV/00010012
1C25TUV,00010013,1,1647222,131778,1779000,0,1C25TUV/00010013
1C25TUV,00010014,1,1647222,131778,1779000,0,1C25TUV/00010014
1C25TUV,00010015,1,1647222,131778,1779000,0,1C25TUV/00010015
1C25TUV,00010016,1,1054630,84370,1139000,0,1C25TUV/00010016
1C25TUV,00010017,1,301476,24118,325594,0,1C25TUV/00010017
1C25TUV,00010018,1,1054630,84370,1139000,0,1C25TUV/00010018
1C25TUV,00010019,1,1054630,84370,1139000,0,1C25TUV/00010019
1C25TUV,00010020,1,504521,40362,544883,0,1C25TUV/00010020
1C25TUV,00010021,1,3796296,303704,4100000,0,1C25TUV/00010021
1C25TUV,00010022,1,999074,79926,1079000,0,1C25TUV/00010022
1C25TUV,00010023,1,2489815,199185,2689000,0,1C25TUV/00010023
1C25TUV,00010024,1,2536111,202889,2739000,0,1C25TUV/00010024
1C25TUV,00010025,1,2489815,199185,2689000,0,1C25TUV/00010025
1C25TUV,00010026,1,2489815,199185,2689000,0,1C25TUV/00010026
1C25TUV,00010027,1,2536111,202889,2739000,0,1C25TUV/00010027
1C25TUV,00010028,1,2536111,202889,2739000,0,1C25TUV/00010028
1C25TUV,00010029,1,2536111,202889,2739000,0,1C25TUV/00010029
1C25TUV,00010030,1,2536111,202889,2739000,0,1C25TUV/00010030
1C25TUV,00010031,1,2628704,210296,2839000,0,1C25TUV/00010031
1C25TUV,00010032,1,2536111,202889,2739000,0,1C25TUV/00010032
1C25TUV,00010033,1,2536111,202889,2739000,0,1C25TUV/00010033
1C25TUV,00010034,1,2628704,210296,2839000,0,1C25TUV/00010034
1C25TUV,00010035,1,2573148,205852,2779000,0,1C25TUV/00010035
1C25TUV,00010036,1,2628704,210296,2839000,0,1C25TUV/00010036
1C25TUV,00010037,1,2480556,198444,2679000,0,1C25TUV/00010037
1C25TUV,00010038,1,2628704,210296,2839000,0,1C25TUV/00010038
1C25TUV,00010039,1,2628704,210296,2839000,0,1C25TUV/00010039
1C25TUV,00010040,1,5370370,429630,5800000,0,1C25TUV/00010040
1C25TUV,00010041,1,2813889,225111,3039000,0,1C25TUV/00010041
1C25TUV,00010042,1,1702778,136222,1839000,0,1C25TUV/00010042
1C25TUV,00010043,1,2327228,186178,2513406,0,1C25TUV/00010043
1C25TUV,00010044,1,1702778,136222,1839000,0,1C25TUV/00010044
1C25TUV,00010045,1,2573148,205852,2779000,0,1C25TUV/00010045
1C25TUV,00010046,1,1554630,124370,1679000,0,1C25TUV/00010046
1C25TUV,00010047,1,1554630,124370,1679000,0,1C25TUV/00010047
1C25TUV,00010048,1,1554630,124370,1679000,0,1C25TUV/00010048
1C25TUV,00010049,1,1647222,131778,1779000,0,1C25TUV/00010049
1C25TUV,00010050,1,1554630,124370,1679000,0,1C25TUV/00010050
1C25TUV,00010051,1,1554630,124370,1679000,0,1C25TUV/00010051
1C25TUV,00010052,1,1554630,124370,1679000,0,1C25TUV/00010052
1C25TUV,00010053,1,1554630,124370,1679000,0,1C25TUV/00010053
1C25TUV,00010054,1,1554630,124370,1679000,0,1C25TUV/00010054
1C25TUV,00010055,1,1554630,124370,1679000,0,1C25TUV/00010055
1C25TUV,00010056,1,1554630,124370,1679000,0,1C25TUV/00010056
1C25TUV,00010057,1,1554630,124370,1679000,0,1C25TUV/00010057
1C25TUV,00010058,1,2573148,205852,2779000,0,1C25TUV/00010058
1C25TUV,00010059,1,1647222,131778,1779000,0,1C25TUV/00010059
1C25TUV,00010060,1,1554630,124370,1679000,0,1C25TUV/00010060
1C25TUV,00010061,1,1647222,131778,1779000,0,1C25TUV/00010061
1C25TUV,00010062,1,1647222,131778,1779000,0,1C25TUV/00010062
1C25TUV,00010063,1,1702778,136222,1839000,0,1C25TUV/00010063
1C25TUV,00010064,1,1702778,136222,1839000,0,1C25TUV/00010064
1C25TUV,00010065,1,1647222,131778,1779000,0,1C25TUV/00010065
1C25TUV,00010066,1,1647222,131778,1779000,0,1C25TUV/00010066
1C25TUV,00010067,1,1702778,136222,1839000,0,1C25TUV/00010067
1C25TUV,00010068,1,2804630,224370,3029000,0,1C25TUV/00010068
1C25TUV,00010069,1,4479630,358370,4838000,0,1C25TUV/00010069
