Ký hiệu,Số hóa đơn,Ngày phát hành,Trạng thái,Ký hiệu gốc,Số HĐ gốc,Kỳ HĐ gốc,Kênh nhận diện,Doanh thu,Thuế,Thanh toán,Cần kiểm tra,File nguồn,Dòng,Nhóm kiểm tra ưu tiên,Tài liệu cần bổ sung,Tình trạng kiểm tra,File bằng chứng đã bổ sung,Kết quả kiểm tra,Hướng xử lý đề xuất,Người kiểm tra
1C24TUV,00000063,20/02/2024,Hoá đơn mới,1C24TUV,00000063,2024-02,Khác/chưa xác định kênh,,,,Thiếu số tiền trên bảng tổng; Chưa phân bổ chắc chắn tiền theo sản phẩm,Bang_ke_hoa_don_da_su_dung_2024-T6.2025.xls,68,Thiếu số tiền trên bảng tổng,"XML và bảng kê đầy đủ tiền hàng, thuế, tổng thanh toán của hóa đơn này.",Chưa kiểm tra,,,,
1C24TUV,00000574,15/11/2024,Hóa đơn đã bị điều chỉnh,1C24TUV,00000574,2024-11,Khác/chưa xác định kênh,,,,Thiếu số tiền trên bảng tổng; Chưa phân bổ chắc chắn tiền theo sản phẩm,Bang_ke_hoa_don_da_su_dung_2024-T6.2025.xls,579,Thiếu số tiền trên bảng tổng,"XML và bảng kê đầy đủ tiền hàng, thuế, tổng thanh toán của hóa đơn này.",Chưa kiểm tra,,,,
1C24TUV,00000671,17/12/2024,Hoá đơn mới,1C24TUV,00000671,2024-12,Khác/chưa xác định kênh,,,,Thiếu số tiền trên bảng tổng; Chưa phân bổ chắc chắn tiền theo sản phẩm,Bang_ke_hoa_don_da_su_dung_2024-T6.2025.xls,676,Thiếu số tiền trên bảng tổng,"XML và bảng kê đầy đủ tiền hàng, thuế, tổng thanh toán của hóa đơn này.",Chưa kiểm tra,,,,
1C24TUV,00000744,27/12/2024,Hoá đơn mới,1C24TUV,00000744,2024-12,Khác/chưa xác định kênh,,,,Thiếu số tiền trên bảng tổng; Chưa phân bổ chắc chắn tiền theo sản phẩm,Bang_ke_hoa_don_da_su_dung_2024-T6.2025.xls,749,Thiếu số tiền trên bảng tổng,"XML và bảng kê đầy đủ tiền hàng, thuế, tổng thanh toán của hóa đơn này.",Chưa kiểm tra,,,,
1C25TUV,00000006,07/01/2025,Hóa đơn đã bị điều chỉnh,1C25TUV,00000006,2025-01,Khác/chưa xác định kênh,,,,Thiếu số tiền trên bảng tổng; Chưa phân bổ chắc chắn tiền theo sản phẩm,Bang_ke_hoa_don_da_su_dung_2024-T6.2025.xls,797,Thiếu số tiền trên bảng tổng,"XML và bảng kê đầy đủ tiền hàng, thuế, tổng thanh toán của hóa đơn này.",Chưa kiểm tra,,,,
1C25TUV,00000016,14/01/2025,Hóa đơn đã bị điều chỉnh,1C25TUV,00000016,2025-01,Khác/chưa xác định kênh,,,,Thiếu số tiền trên bảng tổng; Chưa phân bổ chắc chắn tiền theo sản phẩm,Bang_ke_hoa_don_da_su_dung_2024-T6.2025.xls,807,Thiếu số tiền trên bảng tổng,"XML và bảng kê đầy đủ tiền hàng, thuế, tổng thanh toán của hóa đơn này.",Chưa kiểm tra,,,,
1C25TUV,00000391,31/03/2025,Hoá đơn mới,1C25TUV,00000391,2025-03,Khác/chưa xác định kênh,,,,Thiếu số tiền trên bảng tổng; Chưa phân bổ chắc chắn tiền theo sản phẩm,Bang_ke_hoa_don_da_su_dung_2024-T6.2025.xls,1182,Thiếu số tiền trên bảng tổng,"XML và bảng kê đầy đủ tiền hàng, thuế, tổng thanh toán của hóa đơn này.",Chưa kiểm tra,,,,
1C25TUV,00000561,04/05/2025,Hoá đơn điều chỉnh,1C25TUV,00000056,2025-01,Khác/chưa xác định kênh,196889,151751,212640,Tiền hàng cộng thuế không bằng tổng thanh toán; Chưa phân bổ chắc chắn tiền theo sản phẩm,Bang_ke_hoa_don_da_su_dung_2024-T6.2025.xls,1352,Tiền hàng cộng thuế không bằng tổng thanh toán,"XML và bản hiển thị hóa đơn; kiểm tra tiền hàng, thuế, tổng thanh toán và làm tròn.",Chưa kiểm tra,,,,
1C25TUV,00000626,04/05/2025,Hoá đơn điều chỉnh,1C25TUV,00000102,2025-02,Khác/chưa xác định kênh,4347265,347781,4695045,Tiền hàng cộng thuế không bằng tổng thanh toán; Chưa phân bổ chắc chắn tiền theo sản phẩm,Bang_ke_hoa_don_da_su_dung_2024-T6.2025.xls,1417,Tiền hàng cộng thuế không bằng tổng thanh toán,"XML và bản hiển thị hóa đơn; kiểm tra tiền hàng, thuế, tổng thanh toán và làm tròn.",Chưa kiểm tra,,,,
1C25TUV,00000649,05/05/2025,Hoá đơn điều chỉnh,1C25TUV,00000159,2025-02,Khác/chưa xác định kênh,-381481,-30518,411999,Tiền hàng cộng thuế không bằng tổng thanh toán; Chưa phân bổ chắc chắn tiền theo sản phẩm,Bang_ke_hoa_don_da_su_dung_2024-T6.2025.xls,1440,Tiền hàng cộng thuế không bằng tổng thanh toán,"XML và bản hiển thị hóa đơn; kiểm tra tiền hàng, thuế, tổng thanh toán và làm tròn.",Chưa kiểm tra,,,,
1C25TUV,00000761,19/05/2025,Hoá đơn mới,1C25TUV,00000761,2025-05,Shopee,,,,Thiếu số tiền trên bảng tổng; Chưa phân bổ chắc chắn tiền theo sản phẩm,Bang_ke_hoa_don_da_su_dung_2024-T6.2025.xls,1552,Thiếu số tiền trên bảng tổng,"XML và bảng kê đầy đủ tiền hàng, thuế, tổng thanh toán của hóa đơn này.",Chưa kiểm tra,,,,
1C25TUV,00000835,25/05/2025,Hoá đơn mới,1C25TUV,00000835,2025-05,Khác/chưa xác định kênh,,,,Thiếu số tiền trên bảng tổng; Chưa phân bổ chắc chắn tiền theo sản phẩm,Bang_ke_hoa_don_da_su_dung_2024-T6.2025.xls,1626,Thiếu số tiền trên bảng tổng,"XML và bảng kê đầy đủ tiền hàng, thuế, tổng thanh toán của hóa đơn này.",Chưa kiểm tra,,,,
1C25TUV,00001167,26/05/2025,Hoá đơn điều chỉnh,1C24TUV,00000093,2024-03,Khác/chưa xác định kênh,621945,49756,670701,Tiền hàng cộng thuế không bằng tổng thanh toán; Chưa phân bổ chắc chắn tiền theo sản phẩm,Bang_ke_hoa_don_da_su_dung_2024-T6.2025.xls,1958,Tiền hàng cộng thuế không bằng tổng thanh toán,"XML và bản hiển thị hóa đơn; kiểm tra tiền hàng, thuế, tổng thanh toán và làm tròn.",Chưa kiểm tra,,,,
1C25TUV,00001819,29/05/2025,Hoá đơn điều chỉnh,1C24TUV,00000283,2024-06,Khác/chưa xác định kênh,7599678,609974,8207652,Tiền hàng cộng thuế không bằng tổng thanh toán; Chưa phân bổ chắc chắn tiền theo sản phẩm,Bang_ke_hoa_don_da_su_dung_2024-T6.2025.xls,2610,Tiền hàng cộng thuế không bằng tổng thanh toán,"XML và bản hiển thị hóa đơn; kiểm tra tiền hàng, thuế, tổng thanh toán và làm tròn.",Chưa kiểm tra,,,,
1C25TUV,00001821,29/05/2025,Hoá đơn điều chỉnh,1C24TUV,00000285,2024-06,Khác/chưa xác định kênh,5701066,456085,6157152,Tiền hàng cộng thuế không bằng tổng thanh toán; Chưa phân bổ chắc chắn tiền theo sản phẩm,Bang_ke_hoa_don_da_su_dung_2024-T6.2025.xls,2612,Tiền hàng cộng thuế không bằng tổng thanh toán,"XML và bản hiển thị hóa đơn; kiểm tra tiền hàng, thuế, tổng thanh toán và làm tròn.",Chưa kiểm tra,,,,
1C25TUV,00002145,30/05/2025,Hoá đơn điều chỉnh,1C24TUV,00000535,2024-10,Khác/chưa xác định kênh,39194352,3135548,42329000,Tiền hàng cộng thuế không bằng tổng thanh toán; Chưa phân bổ chắc chắn tiền theo sản phẩm,Bang_ke_hoa_don_da_su_dung_2024-T6.2025.xls,2934,Tiền hàng cộng thuế không bằng tổng thanh toán,"XML và bản hiển thị hóa đơn; kiểm tra tiền hàng, thuế, tổng thanh toán và làm tròn.",Chưa kiểm tra,,,,
1C25TUV,00002619,31/05/2025,Hoá đơn điều chỉnh,1C24TUV,00000228,2024-05,Khác/chưa xác định kênh,-589554,-47164,-636719,Tiền hàng cộng thuế không bằng tổng thanh toán; Chưa phân bổ chắc chắn tiền theo sản phẩm,Bang_ke_hoa_don_da_su_dung_2024-T6.2025.xls,3408,Tiền hàng cộng thuế không bằng tổng thanh toán,"XML và bản hiển thị hóa đơn; kiểm tra tiền hàng, thuế, tổng thanh toán và làm tròn.",Chưa kiểm tra,,,,
1C25TUV,00004203,09/06/2025,Hoá đơn điều chỉnh,1C25TUV,00002377,2025-05,Shopee,,,,Thiếu số tiền trên bảng tổng; Chưa phân bổ chắc chắn tiền theo sản phẩm,Bang_ke_hoa_don_da_su_dung_T6.2025.xls,6,Thiếu số tiền trên bảng tổng,"XML và bảng kê đầy đủ tiền hàng, thuế, tổng thanh toán của hóa đơn này.",Chưa kiểm tra,,,,
1C25TUV,00004204,09/06/2025,Hoá đơn điều chỉnh,1C25TUV,00002378,2025-05,Shopee,,,,Thiếu số tiền trên bảng tổng; Chưa phân bổ chắc chắn tiền theo sản phẩm,Bang_ke_hoa_don_da_su_dung_T6.2025.xls,7,Thiếu số tiền trên bảng tổng,"XML và bảng kê đầy đủ tiền hàng, thuế, tổng thanh toán của hóa đơn này.",Chưa kiểm tra,,,,
1C25TUV,00004674,10/06/2025,Hoá đơn điều chỉnh,,,CHƯA XÁC ĐỊNH KỲ,Khác/chưa xác định kênh,-959353,-76748,-1036101,Thiếu liên kết tới hóa đơn nguồn; Chưa xác định kỳ hóa đơn gốc; Chưa phân bổ chắc chắn tiền theo sản phẩm,Bang_ke_hoa_don_da_su_dung_T6.2025.xls,477,Thiếu liên kết tới hóa đơn nguồn,"XML hóa đơn này và hóa đơn nguồn; danh sách điều chỉnh/thay thế đầy đủ, gồm các lần sửa tiếp theo.",Chưa kiểm tra,,,,
1C25TUV,00004675,10/06/2025,Hoá đơn điều chỉnh,,,CHƯA XÁC ĐỊNH KỲ,Khác/chưa xác định kênh,912037,72963,985000,Thiếu liên kết tới hóa đơn nguồn; Chưa xác định kỳ hóa đơn gốc; Chưa phân bổ chắc chắn tiền theo sản phẩm,Bang_ke_hoa_don_da_su_dung_T6.2025.xls,478,Thiếu liên kết tới hóa đơn nguồn,"XML hóa đơn này và hóa đơn nguồn; danh sách điều chỉnh/thay thế đầy đủ, gồm các lần sửa tiếp theo.",Chưa kiểm tra,,,,
1C25TUV,00004676,10/06/2025,Hoá đơn điều chỉnh,,,CHƯA XÁC ĐỊNH KỲ,Khác/chưa xác định kênh,-93288,-7463,-100751,Thiếu liên kết tới hóa đơn nguồn; Chưa xác định kỳ hóa đơn gốc; Chưa phân bổ chắc chắn tiền theo sản phẩm,Bang_ke_hoa_don_da_su_dung_T6.2025.xls,479,Thiếu liên kết tới hóa đơn nguồn,"XML hóa đơn này và hóa đơn nguồn; danh sách điều chỉnh/thay thế đầy đủ, gồm các lần sửa tiếp theo.",Chưa kiểm tra,,,,
1C25TUV,00004677,10/06/2025,Hoá đơn điều chỉnh,,,CHƯA XÁC ĐỊNH KỲ,Khác/chưa xác định kênh,92592,7407,99999,Thiếu liên kết tới hóa đơn nguồn; Chưa xác định kỳ hóa đơn gốc; Chưa phân bổ chắc chắn tiền theo sản phẩm,Bang_ke_hoa_don_da_su_dung_T6.2025.xls,480,Thiếu liên kết tới hóa đơn nguồn,"XML hóa đơn này và hóa đơn nguồn; danh sách điều chỉnh/thay thế đầy đủ, gồm các lần sửa tiếp theo.",Chưa kiểm tra,,,,
1C25TUV,00004678,10/06/2025,Hoá đơn điều chỉnh,,,CHƯA XÁC ĐỊNH KỲ,Khác/chưa xác định kênh,-170648,-13652,-184300,Thiếu liên kết tới hóa đơn nguồn; Chưa xác định kỳ hóa đơn gốc; Chưa phân bổ chắc chắn tiền theo sản phẩm,Bang_ke_hoa_don_da_su_dung_T6.2025.xls,481,Thiếu liên kết tới hóa đơn nguồn,"XML hóa đơn này và hóa đơn nguồn; danh sách điều chỉnh/thay thế đầy đủ, gồm các lần sửa tiếp theo.",Chưa kiểm tra,,,,
1C25TUV,00004679,10/06/2025,Hoá đơn điều chỉnh,,,CHƯA XÁC ĐỊNH KỲ,Khác/chưa xác định kênh,83333,6667,90000,Thiếu liên kết tới hóa đơn nguồn; Chưa xác định kỳ hóa đơn gốc; Chưa phân bổ chắc chắn tiền theo sản phẩm,Bang_ke_hoa_don_da_su_dung_T6.2025.xls,482,Thiếu liên kết tới hóa đơn nguồn,"XML hóa đơn này và hóa đơn nguồn; danh sách điều chỉnh/thay thế đầy đủ, gồm các lần sửa tiếp theo.",Chưa kiểm tra,,,,
1C25TUV,00004680,10/06/2025,Hoá đơn điều chỉnh,,,CHƯA XÁC ĐỊNH KỲ,Khác/chưa xác định kênh,-201760,-16141,-217901,Thiếu liên kết tới hóa đơn nguồn; Chưa xác định kỳ hóa đơn gốc; Chưa phân bổ chắc chắn tiền theo sản phẩm,Bang_ke_hoa_don_da_su_dung_T6.2025.xls,483,Thiếu liên kết tới hóa đơn nguồn,"XML hóa đơn này và hóa đơn nguồn; danh sách điều chỉnh/thay thế đầy đủ, gồm các lần sửa tiếp theo.",Chưa kiểm tra,,,,
1C25TUV,00004681,10/06/2025,Hoá đơn điều chỉnh,,,CHƯA XÁC ĐỊNH KỲ,Khác/chưa xác định kênh,49575,3966,53541,Thiếu liên kết tới hóa đơn nguồn; Chưa xác định kỳ hóa đơn gốc; Chưa phân bổ chắc chắn tiền theo sản phẩm,Bang_ke_hoa_don_da_su_dung_T6.2025.xls,484,Thiếu liên kết tới hóa đơn nguồn,"XML hóa đơn này và hóa đơn nguồn; danh sách điều chỉnh/thay thế đầy đủ, gồm các lần sửa tiếp theo.",Chưa kiểm tra,,,,
1C25TUV,00004682,10/06/2025,Hoá đơn điều chỉnh,,,CHƯA XÁC ĐỊNH KỲ,Khác/chưa xác định kênh,-14539,-1163,-15702,Thiếu liên kết tới hóa đơn nguồn; Chưa xác định kỳ hóa đơn gốc; Chưa phân bổ chắc chắn tiền theo sản phẩm,Bang_ke_hoa_don_da_su_dung_T6.2025.xls,485,Thiếu liên kết tới hóa đơn nguồn,"XML hóa đơn này và hóa đơn nguồn; danh sách điều chỉnh/thay thế đầy đủ, gồm các lần sửa tiếp theo.",Chưa kiểm tra,,,,
1C25TUV,00004683,10/06/2025,Hoá đơn điều chỉnh,,,CHƯA XÁC ĐỊNH KỲ,Khác/chưa xác định kênh,6202778,496222,6699000,Thiếu liên kết tới hóa đơn nguồn; Chưa xác định kỳ hóa đơn gốc; Chưa phân bổ chắc chắn tiền theo sản phẩm,Bang_ke_hoa_don_da_su_dung_T6.2025.xls,486,Thiếu liên kết tới hóa đơn nguồn,"XML hóa đơn này và hóa đơn nguồn; danh sách điều chỉnh/thay thế đầy đủ, gồm các lần sửa tiếp theo.",Chưa kiểm tra,,,,
1C25TUV,00004684,10/06/2025,Hoá đơn điều chỉnh,,,CHƯA XÁC ĐỊNH KỲ,Khác/chưa xác định kênh,-655833,-52467,-708300,Thiếu liên kết tới hóa đơn nguồn; Chưa xác định kỳ hóa đơn gốc; Chưa phân bổ chắc chắn tiền theo sản phẩm,Bang_ke_hoa_don_da_su_dung_T6.2025.xls,487,Thiếu liên kết tới hóa đơn nguồn,"XML hóa đơn này và hóa đơn nguồn; danh sách điều chỉnh/thay thế đầy đủ, gồm các lần sửa tiếp theo.",Chưa kiểm tra,,,,
1C25TUV,00004685,10/06/2025,Hoá đơn điều chỉnh,,,CHƯA XÁC ĐỊNH KỲ,Khác/chưa xác định kênh,277540,22203,299743,Thiếu liên kết tới hóa đơn nguồn; Chưa xác định kỳ hóa đơn gốc; Chưa phân bổ chắc chắn tiền theo sản phẩm,Bang_ke_hoa_don_da_su_dung_T6.2025.xls,488,Thiếu liên kết tới hóa đơn nguồn,"XML hóa đơn này và hóa đơn nguồn; danh sách điều chỉnh/thay thế đầy đủ, gồm các lần sửa tiếp theo.",Chưa kiểm tra,,,,
1C25TUV,00004686,10/06/2025,Hoá đơn điều chỉnh,,,CHƯA XÁC ĐỊNH KỲ,Khác/chưa xác định kênh,-648055,-51844,-699899,Thiếu liên kết tới hóa đơn nguồn; Chưa xác định kỳ hóa đơn gốc; Chưa phân bổ chắc chắn tiền theo sản phẩm,Bang_ke_hoa_don_da_su_dung_T6.2025.xls,489,Thiếu liên kết tới hóa đơn nguồn,"XML hóa đơn này và hóa đơn nguồn; danh sách điều chỉnh/thay thế đầy đủ, gồm các lần sửa tiếp theo.",Chưa kiểm tra,,,,
1C25TUV,00004687,10/06/2025,Hoá đơn điều chỉnh,,,CHƯA XÁC ĐỊNH KỲ,Khác/chưa xác định kênh,9259,741,10000,Thiếu liên kết tới hóa đơn nguồn; Chưa xác định kỳ hóa đơn gốc; Chưa phân bổ chắc chắn tiền theo sản phẩm,Bang_ke_hoa_don_da_su_dung_T6.2025.xls,490,Thiếu liên kết tới hóa đơn nguồn,"XML hóa đơn này và hóa đơn nguồn; danh sách điều chỉnh/thay thế đầy đủ, gồm các lần sửa tiếp theo.",Chưa kiểm tra,,,,
1C25TUV,00004688,10/06/2025,Hoá đơn điều chỉnh,,,CHƯA XÁC ĐỊNH KỲ,Khác/chưa xác định kênh,-961482,-76919,-1038401,Thiếu liên kết tới hóa đơn nguồn; Chưa xác định kỳ hóa đơn gốc; Chưa phân bổ chắc chắn tiền theo sản phẩm,Bang_ke_hoa_don_da_su_dung_T6.2025.xls,491,Thiếu liên kết tới hóa đơn nguồn,"XML hóa đơn này và hóa đơn nguồn; danh sách điều chỉnh/thay thế đầy đủ, gồm các lần sửa tiếp theo.",Chưa kiểm tra,,,,
1C25TUV,00004689,10/06/2025,Hoá đơn điều chỉnh,,,CHƯA XÁC ĐỊNH KỲ,Khác/chưa xác định kênh,-646111,-51689,-697800,Thiếu liên kết tới hóa đơn nguồn; Chưa xác định kỳ hóa đơn gốc; Chưa phân bổ chắc chắn tiền theo sản phẩm,Bang_ke_hoa_don_da_su_dung_T6.2025.xls,492,Thiếu liên kết tới hóa đơn nguồn,"XML hóa đơn này và hóa đơn nguồn; danh sách điều chỉnh/thay thế đầy đủ, gồm các lần sửa tiếp theo.",Chưa kiểm tra,,,,
1C25TUV,00004690,10/06/2025,Hoá đơn điều chỉnh,,,CHƯA XÁC ĐỊNH KỲ,Khác/chưa xác định kênh,992697,79416,1072113,Thiếu liên kết tới hóa đơn nguồn; Chưa xác định kỳ hóa đơn gốc; Chưa phân bổ chắc chắn tiền theo sản phẩm,Bang_ke_hoa_don_da_su_dung_T6.2025.xls,493,Thiếu liên kết tới hóa đơn nguồn,"XML hóa đơn này và hóa đơn nguồn; danh sách điều chỉnh/thay thế đầy đủ, gồm các lần sửa tiếp theo.",Chưa kiểm tra,,,,
1C25TUV,00004691,10/06/2025,Hoá đơn điều chỉnh,,,CHƯA XÁC ĐỊNH KỲ,Khác/chưa xác định kênh,-3436202,-274896,-3711098,Thiếu liên kết tới hóa đơn nguồn; Chưa xác định kỳ hóa đơn gốc; Chưa phân bổ chắc chắn tiền theo sản phẩm,Bang_ke_hoa_don_da_su_dung_T6.2025.xls,494,Thiếu liên kết tới hóa đơn nguồn,"XML hóa đơn này và hóa đơn nguồn; danh sách điều chỉnh/thay thế đầy đủ, gồm các lần sửa tiếp theo.",Chưa kiểm tra,,,,
1C25TUV,00004692,10/06/2025,Hoá đơn điều chỉnh,,,CHƯA XÁC ĐỊNH KỲ,Khác/chưa xác định kênh,3383544,270684,3654228,Thiếu liên kết tới hóa đơn nguồn; Chưa xác định kỳ hóa đơn gốc; Chưa phân bổ chắc chắn tiền theo sản phẩm,Bang_ke_hoa_don_da_su_dung_T6.2025.xls,495,Thiếu liên kết tới hóa đơn nguồn,"XML hóa đơn này và hóa đơn nguồn; danh sách điều chỉnh/thay thế đầy đủ, gồm các lần sửa tiếp theo.",Chưa kiểm tra,,,,
1C25TUV,00004693,10/06/2025,Hoá đơn điều chỉnh,,,CHƯA XÁC ĐỊNH KỲ,Khác/chưa xác định kênh,-2035553,-162844,-2198397,Thiếu liên kết tới hóa đơn nguồn; Chưa xác định kỳ hóa đơn gốc; Chưa phân bổ chắc chắn tiền theo sản phẩm,Bang_ke_hoa_don_da_su_dung_T6.2025.xls,496,Thiếu liên kết tới hóa đơn nguồn,"XML hóa đơn này và hóa đơn nguồn; danh sách điều chỉnh/thay thế đầy đủ, gồm các lần sửa tiếp theo.",Chưa kiểm tra,,,,
1C25TUV,00004694,10/06/2025,Hoá đơn điều chỉnh,,,CHƯA XÁC ĐỊNH KỲ,Khác/chưa xác định kênh,212212,16977,229189,Thiếu liên kết tới hóa đơn nguồn; Chưa xác định kỳ hóa đơn gốc; Chưa phân bổ chắc chắn tiền theo sản phẩm,Bang_ke_hoa_don_da_su_dung_T6.2025.xls,497,Thiếu liên kết tới hóa đơn nguồn,"XML hóa đơn này và hóa đơn nguồn; danh sách điều chỉnh/thay thế đầy đủ, gồm các lần sửa tiếp theo.",Chưa kiểm tra,,,,
1C25TUV,00004695,10/06/2025,Hoá đơn điều chỉnh,,,CHƯA XÁC ĐỊNH KỲ,Khác/chưa xác định kênh,-896668,-71733,-968401,Thiếu liên kết tới hóa đơn nguồn; Chưa xác định kỳ hóa đơn gốc; Chưa phân bổ chắc chắn tiền theo sản phẩm,Bang_ke_hoa_don_da_su_dung_T6.2025.xls,498,Thiếu liên kết tới hóa đơn nguồn,"XML hóa đơn này và hóa đơn nguồn; danh sách điều chỉnh/thay thế đầy đủ, gồm các lần sửa tiếp theo.",Chưa kiểm tra,,,,
1C25TUV,00004696,10/06/2025,Hoá đơn điều chỉnh,,,CHƯA XÁC ĐỊNH KỲ,Khác/chưa xác định kênh,138182,11055,149237,Thiếu liên kết tới hóa đơn nguồn; Chưa xác định kỳ hóa đơn gốc; Chưa phân bổ chắc chắn tiền theo sản phẩm,Bang_ke_hoa_don_da_su_dung_T6.2025.xls,499,Thiếu liên kết tới hóa đơn nguồn,"XML hóa đơn này và hóa đơn nguồn; danh sách điều chỉnh/thay thế đầy đủ, gồm các lần sửa tiếp theo.",Chưa kiểm tra,,,,
1C25TUV,00004697,10/06/2025,Hoá đơn điều chỉnh,,,CHƯA XÁC ĐỊNH KỲ,Khác/chưa xác định kênh,-744815,-59585,-804400,Thiếu liên kết tới hóa đơn nguồn; Chưa xác định kỳ hóa đơn gốc; Chưa phân bổ chắc chắn tiền theo sản phẩm,Bang_ke_hoa_don_da_su_dung_T6.2025.xls,500,Thiếu liên kết tới hóa đơn nguồn,"XML hóa đơn này và hóa đơn nguồn; danh sách điều chỉnh/thay thế đầy đủ, gồm các lần sửa tiếp theo.",Chưa kiểm tra,,,,
1C25TUV,00004698,10/06/2025,Hoá đơn điều chỉnh,,,CHƯA XÁC ĐỊNH KỲ,Khác/chưa xác định kênh,-1394816,-111585,-1506401,Thiếu liên kết tới hóa đơn nguồn; Chưa xác định kỳ hóa đơn gốc; Chưa phân bổ chắc chắn tiền theo sản phẩm,Bang_ke_hoa_don_da_su_dung_T6.2025.xls,501,Thiếu liên kết tới hóa đơn nguồn,"XML hóa đơn này và hóa đơn nguồn; danh sách điều chỉnh/thay thế đầy đủ, gồm các lần sửa tiếp theo.",Chưa kiểm tra,,,,
1C25TUV,00004699,10/06/2025,Hoá đơn điều chỉnh,,,CHƯA XÁC ĐỊNH KỲ,Khác/chưa xác định kênh,160454,12836,173290,Thiếu liên kết tới hóa đơn nguồn; Chưa xác định kỳ hóa đơn gốc; Chưa phân bổ chắc chắn tiền theo sản phẩm,Bang_ke_hoa_don_da_su_dung_T6.2025.xls,502,Thiếu liên kết tới hóa đơn nguồn,"XML hóa đơn này và hóa đơn nguồn; danh sách điều chỉnh/thay thế đầy đủ, gồm các lần sửa tiếp theo.",Chưa kiểm tra,,,,
1C25TUV,00004700,10/06/2025,Hoá đơn điều chỉnh,,,CHƯA XÁC ĐỊNH KỲ,Khác/chưa xác định kênh,2067781,165422,2233203,Thiếu liên kết tới hóa đơn nguồn; Chưa xác định kỳ hóa đơn gốc; Chưa phân bổ chắc chắn tiền theo sản phẩm,Bang_ke_hoa_don_da_su_dung_T6.2025.xls,503,Thiếu liên kết tới hóa đơn nguồn,"XML hóa đơn này và hóa đơn nguồn; danh sách điều chỉnh/thay thế đầy đủ, gồm các lần sửa tiếp theo.",Chưa kiểm tra,,,,
1C25TUV,00004701,10/06/2025,Hoá đơn điều chỉnh,,,CHƯA XÁC ĐỊNH KỲ,Khác/chưa xác định kênh,-1811899,-144952,-1956851,Thiếu liên kết tới hóa đơn nguồn; Chưa xác định kỳ hóa đơn gốc; Chưa phân bổ chắc chắn tiền theo sản phẩm,Bang_ke_hoa_don_da_su_dung_T6.2025.xls,504,Thiếu liên kết tới hóa đơn nguồn,"XML hóa đơn này và hóa đơn nguồn; danh sách điều chỉnh/thay thế đầy đủ, gồm các lần sửa tiếp theo.",Chưa kiểm tra,,,,
1C25TUV,00004702,10/06/2025,Hoá đơn điều chỉnh,,,CHƯA XÁC ĐỊNH KỲ,Khác/chưa xác định kênh,-1588388,-127071,-1715459,Thiếu liên kết tới hóa đơn nguồn; Chưa xác định kỳ hóa đơn gốc; Chưa phân bổ chắc chắn tiền theo sản phẩm,Bang_ke_hoa_don_da_su_dung_T6.2025.xls,505,Thiếu liên kết tới hóa đơn nguồn,"XML hóa đơn này và hóa đơn nguồn; danh sách điều chỉnh/thay thế đầy đủ, gồm các lần sửa tiếp theo.",Chưa kiểm tra,,,,
1C25TUV,00004703,10/06/2025,Hoá đơn điều chỉnh,,,CHƯA XÁC ĐỊNH KỲ,Khác/chưa xác định kênh,-189768,-15181,-204949,Thiếu liên kết tới hóa đơn nguồn; Chưa xác định kỳ hóa đơn gốc; Chưa phân bổ chắc chắn tiền theo sản phẩm,Bang_ke_hoa_don_da_su_dung_T6.2025.xls,506,Thiếu liên kết tới hóa đơn nguồn,"XML hóa đơn này và hóa đơn nguồn; danh sách điều chỉnh/thay thế đầy đủ, gồm các lần sửa tiếp theo.",Chưa kiểm tra,,,,
1C25TUV,00004704,10/06/2025,Hoá đơn điều chỉnh,,,CHƯA XÁC ĐỊNH KỲ,Khác/chưa xác định kênh,785027,62802,847829,Thiếu liên kết tới hóa đơn nguồn; Chưa xác định kỳ hóa đơn gốc; Chưa phân bổ chắc chắn tiền theo sản phẩm,Bang_ke_hoa_don_da_su_dung_T6.2025.xls,507,Thiếu liên kết tới hóa đơn nguồn,"XML hóa đơn này và hóa đơn nguồn; danh sách điều chỉnh/thay thế đầy đủ, gồm các lần sửa tiếp theo.",Chưa kiểm tra,,,,
1C25TUV,00004705,10/06/2025,Hoá đơn điều chỉnh,,,CHƯA XÁC ĐỊNH KỲ,Khác/chưa xác định kênh,4030834,322467,4353301,Thiếu liên kết tới hóa đơn nguồn; Chưa xác định kỳ hóa đơn gốc; Chưa phân bổ chắc chắn tiền theo sản phẩm,Bang_ke_hoa_don_da_su_dung_T6.2025.xls,508,Thiếu liên kết tới hóa đơn nguồn,"XML hóa đơn này và hóa đơn nguồn; danh sách điều chỉnh/thay thế đầy đủ, gồm các lần sửa tiếp theo.",Chưa kiểm tra,,,,
1C25TUV,00004706,10/06/2025,Hoá đơn điều chỉnh,,,CHƯA XÁC ĐỊNH KỲ,Khác/chưa xác định kênh,-1510833,-120867,-1631700,Thiếu liên kết tới hóa đơn nguồn; Chưa xác định kỳ hóa đơn gốc; Chưa phân bổ chắc chắn tiền theo sản phẩm,Bang_ke_hoa_don_da_su_dung_T6.2025.xls,509,Thiếu liên kết tới hóa đơn nguồn,"XML hóa đơn này và hóa đơn nguồn; danh sách điều chỉnh/thay thế đầy đủ, gồm các lần sửa tiếp theo.",Chưa kiểm tra,,,,
1C25TUV,00004707,10/06/2025,Hoá đơn điều chỉnh,,,CHƯA XÁC ĐỊNH KỲ,Khác/chưa xác định kênh,152777,12222,164999,Thiếu liên kết tới hóa đơn nguồn; Chưa xác định kỳ hóa đơn gốc; Chưa phân bổ chắc chắn tiền theo sản phẩm,Bang_ke_hoa_don_da_su_dung_T6.2025.xls,510,Thiếu liên kết tới hóa đơn nguồn,"XML hóa đơn này và hóa đơn nguồn; danh sách điều chỉnh/thay thế đầy đủ, gồm các lần sửa tiếp theo.",Chưa kiểm tra,,,,
1C25TUV,00004708,10/06/2025,Hoá đơn điều chỉnh,,,CHƯA XÁC ĐỊNH KỲ,Khác/chưa xác định kênh,-386245,-30900,-417145,Thiếu liên kết tới hóa đơn nguồn; Chưa xác định kỳ hóa đơn gốc; Chưa phân bổ chắc chắn tiền theo sản phẩm,Bang_ke_hoa_don_da_su_dung_T6.2025.xls,511,Thiếu liên kết tới hóa đơn nguồn,"XML hóa đơn này và hóa đơn nguồn; danh sách điều chỉnh/thay thế đầy đủ, gồm các lần sửa tiếp theo.",Chưa kiểm tra,,,,
1C25TUV,00004709,10/06/2025,Hoá đơn điều chỉnh,,,CHƯA XÁC ĐỊNH KỲ,Khác/chưa xác định kênh,160045,12804,172849,Thiếu liên kết tới hóa đơn nguồn; Chưa xác định kỳ hóa đơn gốc; Chưa phân bổ chắc chắn tiền theo sản phẩm,Bang_ke_hoa_don_da_su_dung_T6.2025.xls,512,Thiếu liên kết tới hóa đơn nguồn,"XML hóa đơn này và hóa đơn nguồn; danh sách điều chỉnh/thay thế đầy đủ, gồm các lần sửa tiếp theo.",Chưa kiểm tra,,,,
1C25TUV,00004710,10/06/2025,Hoá đơn điều chỉnh,,,CHƯA XÁC ĐỊNH KỲ,Khác/chưa xác định kênh,74074,5926,80000,Thiếu liên kết tới hóa đơn nguồn; Chưa xác định kỳ hóa đơn gốc; Chưa phân bổ chắc chắn tiền theo sản phẩm,Bang_ke_hoa_don_da_su_dung_T6.2025.xls,513,Thiếu liên kết tới hóa đơn nguồn,"XML hóa đơn này và hóa đơn nguồn; danh sách điều chỉnh/thay thế đầy đủ, gồm các lần sửa tiếp theo.",Chưa kiểm tra,,,,
1C25TUV,00004748,11/06/2025,Hoá đơn mới,1C25TUV,00004748,2025-06,TikTok,,,,Thiếu số tiền trên bảng tổng; Chưa phân bổ chắc chắn tiền theo sản phẩm,Bang_ke_hoa_don_da_su_dung_T6.2025.xls,551,Thiếu số tiền trên bảng tổng,"XML và bảng kê đầy đủ tiền hàng, thuế, tổng thanh toán của hóa đơn này.",Chưa kiểm tra,,,,
1C25TUV,00006108,17/06/2025,Hoá đơn điều chỉnh,1C25TUV,00001348,2025-05,Shopee,,,,Thiếu số tiền trên bảng tổng; Chưa phân bổ chắc chắn tiền theo sản phẩm,Bang_ke_hoa_don_da_su_dung_T6.2025.xls,1911,Thiếu số tiền trên bảng tổng,"XML và bảng kê đầy đủ tiền hàng, thuế, tổng thanh toán của hóa đơn này.",Chưa kiểm tra,,,,
1C25TUV,00007820,23/06/2025,Hoá đơn điều chỉnh,,,CHƯA XÁC ĐỊNH KỲ,Khác/chưa xác định kênh,-2037494,-203749,-2241243,Thiếu liên kết tới hóa đơn nguồn; Chưa xác định kỳ hóa đơn gốc; Chưa phân bổ chắc chắn tiền theo sản phẩm,Bang_ke_hoa_don_da_su_dung_T6.2025.xls,3623,Thiếu liên kết tới hóa đơn nguồn,"XML hóa đơn này và hóa đơn nguồn; danh sách điều chỉnh/thay thế đầy đủ, gồm các lần sửa tiếp theo.",Chưa kiểm tra,,,,
1C25TUV,00007821,23/06/2025,Hoá đơn điều chỉnh,,,CHƯA XÁC ĐỊNH KỲ,Khác/chưa xác định kênh,472729,47273,520002,Thiếu liên kết tới hóa đơn nguồn; Chưa xác định kỳ hóa đơn gốc; Chưa phân bổ chắc chắn tiền theo sản phẩm,Bang_ke_hoa_don_da_su_dung_T6.2025.xls,3624,Thiếu liên kết tới hóa đơn nguồn,"XML hóa đơn này và hóa đơn nguồn; danh sách điều chỉnh/thay thế đầy đủ, gồm các lần sửa tiếp theo.",Chưa kiểm tra,,,,
1C25TUV,00007822,23/06/2025,Hoá đơn điều chỉnh,,,CHƯA XÁC ĐỊNH KỲ,Khác/chưa xác định kênh,380301,38030,418331,Thiếu liên kết tới hóa đơn nguồn; Chưa xác định kỳ hóa đơn gốc; Chưa phân bổ chắc chắn tiền theo sản phẩm,Bang_ke_hoa_don_da_su_dung_T6.2025.xls,3625,Thiếu liên kết tới hóa đơn nguồn,"XML hóa đơn này và hóa đơn nguồn; danh sách điều chỉnh/thay thế đầy đủ, gồm các lần sửa tiếp theo.",Chưa kiểm tra,,,,
1C25TUV,00007823,23/06/2025,Hoá đơn điều chỉnh,,,CHƯA XÁC ĐỊNH KỲ,Khác/chưa xác định kênh,1717090,171709,1888799,Thiếu liên kết tới hóa đơn nguồn; Chưa xác định kỳ hóa đơn gốc; Chưa phân bổ chắc chắn tiền theo sản phẩm,Bang_ke_hoa_don_da_su_dung_T6.2025.xls,3626,Thiếu liên kết tới hóa đơn nguồn,"XML hóa đơn này và hóa đơn nguồn; danh sách điều chỉnh/thay thế đầy đủ, gồm các lần sửa tiếp theo.",Chưa kiểm tra,,,,
1C25TUV,00007824,23/06/2025,Hoá đơn điều chỉnh,,,CHƯA XÁC ĐỊNH KỲ,Khác/chưa xác định kênh,136363,13636,149999,Thiếu liên kết tới hóa đơn nguồn; Chưa xác định kỳ hóa đơn gốc; Chưa phân bổ chắc chắn tiền theo sản phẩm,Bang_ke_hoa_don_da_su_dung_T6.2025.xls,3627,Thiếu liên kết tới hóa đơn nguồn,"XML hóa đơn này và hóa đơn nguồn; danh sách điều chỉnh/thay thế đầy đủ, gồm các lần sửa tiếp theo.",Chưa kiểm tra,,,,
1C25TUV,00007825,23/06/2025,Hoá đơn điều chỉnh,,,CHƯA XÁC ĐỊNH KỲ,Khác/chưa xác định kênh,5158247,515825,5674072,Thiếu liên kết tới hóa đơn nguồn; Chưa xác định kỳ hóa đơn gốc; Chưa phân bổ chắc chắn tiền theo sản phẩm,Bang_ke_hoa_don_da_su_dung_T6.2025.xls,3628,Thiếu liên kết tới hóa đơn nguồn,"XML hóa đơn này và hóa đơn nguồn; danh sách điều chỉnh/thay thế đầy đủ, gồm các lần sửa tiếp theo.",Chưa kiểm tra,,,,
1C25TUV,00007826,23/06/2025,Hoá đơn điều chỉnh,,,CHƯA XÁC ĐỊNH KỲ,Khác/chưa xác định kênh,151545,15155,166700,Thiếu liên kết tới hóa đơn nguồn; Chưa xác định kỳ hóa đơn gốc; Chưa phân bổ chắc chắn tiền theo sản phẩm,Bang_ke_hoa_don_da_su_dung_T6.2025.xls,3629,Thiếu liên kết tới hóa đơn nguồn,"XML hóa đơn này và hóa đơn nguồn; danh sách điều chỉnh/thay thế đầy đủ, gồm các lần sửa tiếp theo.",Chưa kiểm tra,,,,
1C25TUV,00007827,23/06/2025,Hoá đơn điều chỉnh,,,CHƯA XÁC ĐỊNH KỲ,Khác/chưa xác định kênh,-1857142,-185714,-2042856,Thiếu liên kết tới hóa đơn nguồn; Chưa xác định kỳ hóa đơn gốc; Chưa phân bổ chắc chắn tiền theo sản phẩm,Bang_ke_hoa_don_da_su_dung_T6.2025.xls,3630,Thiếu liên kết tới hóa đơn nguồn,"XML hóa đơn này và hóa đơn nguồn; danh sách điều chỉnh/thay thế đầy đủ, gồm các lần sửa tiếp theo.",Chưa kiểm tra,,,,
1C25TUV,00007828,23/06/2025,Hoá đơn điều chỉnh,,,CHƯA XÁC ĐỊNH KỲ,Khác/chưa xác định kênh,2540521,254052,2794573,Thiếu liên kết tới hóa đơn nguồn; Chưa xác định kỳ hóa đơn gốc; Chưa phân bổ chắc chắn tiền theo sản phẩm,Bang_ke_hoa_don_da_su_dung_T6.2025.xls,3631,Thiếu liên kết tới hóa đơn nguồn,"XML hóa đơn này và hóa đơn nguồn; danh sách điều chỉnh/thay thế đầy đủ, gồm các lần sửa tiếp theo.",Chưa kiểm tra,,,,
1C25TUV,00007829,23/06/2025,Hoá đơn điều chỉnh,,,CHƯA XÁC ĐỊNH KỲ,Khác/chưa xác định kênh,-162600,-16260,-178860,Thiếu liên kết tới hóa đơn nguồn; Chưa xác định kỳ hóa đơn gốc; Chưa phân bổ chắc chắn tiền theo sản phẩm,Bang_ke_hoa_don_da_su_dung_T6.2025.xls,3632,Thiếu liên kết tới hóa đơn nguồn,"XML hóa đơn này và hóa đơn nguồn; danh sách điều chỉnh/thay thế đầy đủ, gồm các lần sửa tiếp theo.",Chưa kiểm tra,,,,
1C25TUV,00007830,23/06/2025,Hoá đơn điều chỉnh,,,CHƯA XÁC ĐỊNH KỲ,Khác/chưa xác định kênh,212138,21214,233352,Thiếu liên kết tới hóa đơn nguồn; Chưa xác định kỳ hóa đơn gốc; Chưa phân bổ chắc chắn tiền theo sản phẩm,Bang_ke_hoa_don_da_su_dung_T6.2025.xls,3633,Thiếu liên kết tới hóa đơn nguồn,"XML hóa đơn này và hóa đơn nguồn; danh sách điều chỉnh/thay thế đầy đủ, gồm các lần sửa tiếp theo.",Chưa kiểm tra,,,,
1C25TUV,00007831,23/06/2025,Hoá đơn điều chỉnh,,,CHƯA XÁC ĐỊNH KỲ,Khác/chưa xác định kênh,141582,14158,155740,Thiếu liên kết tới hóa đơn nguồn; Chưa xác định kỳ hóa đơn gốc; Chưa phân bổ chắc chắn tiền theo sản phẩm,Bang_ke_hoa_don_da_su_dung_T6.2025.xls,3634,Thiếu liên kết tới hóa đơn nguồn,"XML hóa đơn này và hóa đơn nguồn; danh sách điều chỉnh/thay thế đầy đủ, gồm các lần sửa tiếp theo.",Chưa kiểm tra,,,,
1C25TUV,00007832,23/06/2025,Hoá đơn điều chỉnh,,,CHƯA XÁC ĐỊNH KỲ,Khác/chưa xác định kênh,153663,15366,169029,Thiếu liên kết tới hóa đơn nguồn; Chưa xác định kỳ hóa đơn gốc; Chưa phân bổ chắc chắn tiền theo sản phẩm,Bang_ke_hoa_don_da_su_dung_T6.2025.xls,3635,Thiếu liên kết tới hóa đơn nguồn,"XML hóa đơn này và hóa đơn nguồn; danh sách điều chỉnh/thay thế đầy đủ, gồm các lần sửa tiếp theo.",Chưa kiểm tra,,,,
1C25TUV,00007833,23/06/2025,Hoá đơn điều chỉnh,,,CHƯA XÁC ĐỊNH KỲ,Khác/chưa xác định kênh,67182,6718,73900,Thiếu liên kết tới hóa đơn nguồn; Chưa xác định kỳ hóa đơn gốc; Chưa phân bổ chắc chắn tiền theo sản phẩm,Bang_ke_hoa_don_da_su_dung_T6.2025.xls,3636,Thiếu liên kết tới hóa đơn nguồn,"XML hóa đơn này và hóa đơn nguồn; danh sách điều chỉnh/thay thế đầy đủ, gồm các lần sửa tiếp theo.",Chưa kiểm tra,,,,
1C25TUV,00007834,23/06/2025,Hoá đơn điều chỉnh,,,CHƯA XÁC ĐỊNH KỲ,Khác/chưa xác định kênh,-135818,-13582,-149400,Thiếu liên kết tới hóa đơn nguồn; Chưa xác định kỳ hóa đơn gốc; Chưa phân bổ chắc chắn tiền theo sản phẩm,Bang_ke_hoa_don_da_su_dung_T6.2025.xls,3637,Thiếu liên kết tới hóa đơn nguồn,"XML hóa đơn này và hóa đơn nguồn; danh sách điều chỉnh/thay thế đầy đủ, gồm các lần sửa tiếp theo.",Chưa kiểm tra,,,,
1C25TUV,00007835,23/06/2025,Hoá đơn điều chỉnh,,,CHƯA XÁC ĐỊNH KỲ,Khác/chưa xác định kênh,14750,1475,16225,Thiếu liên kết tới hóa đơn nguồn; Chưa xác định kỳ hóa đơn gốc; Chưa phân bổ chắc chắn tiền theo sản phẩm,Bang_ke_hoa_don_da_su_dung_T6.2025.xls,3638,Thiếu liên kết tới hóa đơn nguồn,"XML hóa đơn này và hóa đơn nguồn; danh sách điều chỉnh/thay thế đầy đủ, gồm các lần sửa tiếp theo.",Chưa kiểm tra,,,,
1C25TUV,00007836,23/06/2025,Hoá đơn điều chỉnh,,,CHƯA XÁC ĐỊNH KỲ,Khác/chưa xác định kênh,127273,12727,140000,Thiếu liên kết tới hóa đơn nguồn; Chưa xác định kỳ hóa đơn gốc; Chưa phân bổ chắc chắn tiền theo sản phẩm,Bang_ke_hoa_don_da_su_dung_T6.2025.xls,3639,Thiếu liên kết tới hóa đơn nguồn,"XML hóa đơn này và hóa đơn nguồn; danh sách điều chỉnh/thay thế đầy đủ, gồm các lần sửa tiếp theo.",Chưa kiểm tra,,,,
1C25TUV,00007837,23/06/2025,Hoá đơn điều chỉnh,,,CHƯA XÁC ĐỊNH KỲ,Khác/chưa xác định kênh,721429,72143,793572,Thiếu liên kết tới hóa đơn nguồn; Chưa xác định kỳ hóa đơn gốc; Chưa phân bổ chắc chắn tiền theo sản phẩm,Bang_ke_hoa_don_da_su_dung_T6.2025.xls,3640,Thiếu liên kết tới hóa đơn nguồn,"XML hóa đơn này và hóa đơn nguồn; danh sách điều chỉnh/thay thế đầy đủ, gồm các lần sửa tiếp theo.",Chưa kiểm tra,,,,
1C25TUV,00007838,23/06/2025,Hoá đơn điều chỉnh,,,CHƯA XÁC ĐỊNH KỲ,Khác/chưa xác định kênh,70364,7036,77400,Thiếu liên kết tới hóa đơn nguồn; Chưa xác định kỳ hóa đơn gốc; Chưa phân bổ chắc chắn tiền theo sản phẩm,Bang_ke_hoa_don_da_su_dung_T6.2025.xls,3641,Thiếu liên kết tới hóa đơn nguồn,"XML hóa đơn này và hóa đơn nguồn; danh sách điều chỉnh/thay thế đầy đủ, gồm các lần sửa tiếp theo.",Chưa kiểm tra,,,,
1C25TUV,00007839,23/06/2025,Hoá đơn điều chỉnh,,,CHƯA XÁC ĐỊNH KỲ,Khác/chưa xác định kênh,139818,13982,153800,Thiếu liên kết tới hóa đơn nguồn; Chưa xác định kỳ hóa đơn gốc; Chưa phân bổ chắc chắn tiền theo sản phẩm,Bang_ke_hoa_don_da_su_dung_T6.2025.xls,3642,Thiếu liên kết tới hóa đơn nguồn,"XML hóa đơn này và hóa đơn nguồn; danh sách điều chỉnh/thay thế đầy đủ, gồm các lần sửa tiếp theo.",Chưa kiểm tra,,,,
1C25TUV,00007840,23/06/2025,Hoá đơn điều chỉnh,,,CHƯA XÁC ĐỊNH KỲ,Khác/chưa xác định kênh,911691,91169,1002860,Thiếu liên kết tới hóa đơn nguồn; Chưa xác định kỳ hóa đơn gốc; Chưa phân bổ chắc chắn tiền theo sản phẩm,Bang_ke_hoa_don_da_su_dung_T6.2025.xls,3643,Thiếu liên kết tới hóa đơn nguồn,"XML hóa đơn này và hóa đơn nguồn; danh sách điều chỉnh/thay thế đầy đủ, gồm các lần sửa tiếp theo.",Chưa kiểm tra,,,,
1C25TUV,00007841,23/06/2025,Hoá đơn điều chỉnh,,,CHƯA XÁC ĐỊNH KỲ,Khác/chưa xác định kênh,1713704,137096,1850800,Thiếu liên kết tới hóa đơn nguồn; Chưa xác định kỳ hóa đơn gốc; Chưa phân bổ chắc chắn tiền theo sản phẩm,Bang_ke_hoa_don_da_su_dung_T6.2025.xls,3644,Thiếu liên kết tới hóa đơn nguồn,"XML hóa đơn này và hóa đơn nguồn; danh sách điều chỉnh/thay thế đầy đủ, gồm các lần sửa tiếp theo.",Chưa kiểm tra,,,,
1C25TUV,00007842,23/06/2025,Hoá đơn điều chỉnh,,,CHƯA XÁC ĐỊNH KỲ,Khác/chưa xác định kênh,250859,20069,270928,Thiếu liên kết tới hóa đơn nguồn; Chưa xác định kỳ hóa đơn gốc; Chưa phân bổ chắc chắn tiền theo sản phẩm,Bang_ke_hoa_don_da_su_dung_T6.2025.xls,3645,Thiếu liên kết tới hóa đơn nguồn,"XML hóa đơn này và hóa đơn nguồn; danh sách điều chỉnh/thay thế đầy đủ, gồm các lần sửa tiếp theo.",Chưa kiểm tra,,,,
1C25TUV,00007843,23/06/2025,Hoá đơn điều chỉnh,,,CHƯA XÁC ĐỊNH KỲ,Khác/chưa xác định kênh,-53333,-4267,-57600,Thiếu liên kết tới hóa đơn nguồn; Chưa xác định kỳ hóa đơn gốc; Chưa phân bổ chắc chắn tiền theo sản phẩm,Bang_ke_hoa_don_da_su_dung_T6.2025.xls,3646,Thiếu liên kết tới hóa đơn nguồn,"XML hóa đơn này và hóa đơn nguồn; danh sách điều chỉnh/thay thế đầy đủ, gồm các lần sửa tiếp theo.",Chưa kiểm tra,,,,
1C25TUV,00007844,23/06/2025,Hoá đơn điều chỉnh,,,CHƯA XÁC ĐỊNH KỲ,Khác/chưa xác định kênh,220685,17655,238340,Thiếu liên kết tới hóa đơn nguồn; Chưa xác định kỳ hóa đơn gốc; Chưa phân bổ chắc chắn tiền theo sản phẩm,Bang_ke_hoa_don_da_su_dung_T6.2025.xls,3647,Thiếu liên kết tới hóa đơn nguồn,"XML hóa đơn này và hóa đơn nguồn; danh sách điều chỉnh/thay thế đầy đủ, gồm các lần sửa tiếp theo.",Chưa kiểm tra,,,,
1C25TUV,00007845,23/06/2025,Hoá đơn điều chỉnh,,,CHƯA XÁC ĐỊNH KỲ,Khác/chưa xác định kênh,2012281,160983,2173264,Thiếu liên kết tới hóa đơn nguồn; Chưa xác định kỳ hóa đơn gốc; Chưa phân bổ chắc chắn tiền theo sản phẩm,Bang_ke_hoa_don_da_su_dung_T6.2025.xls,3648,Thiếu liên kết tới hóa đơn nguồn,"XML hóa đơn này và hóa đơn nguồn; danh sách điều chỉnh/thay thế đầy đủ, gồm các lần sửa tiếp theo.",Chưa kiểm tra,,,,
1C25TUV,00007846,23/06/2025,Hoá đơn điều chỉnh,,,CHƯA XÁC ĐỊNH KỲ,Khác/chưa xác định kênh,52315,4185,56500,Thiếu liên kết tới hóa đơn nguồn; Chưa xác định kỳ hóa đơn gốc; Chưa phân bổ chắc chắn tiền theo sản phẩm,Bang_ke_hoa_don_da_su_dung_T6.2025.xls,3649,Thiếu liên kết tới hóa đơn nguồn,"XML hóa đơn này và hóa đơn nguồn; danh sách điều chỉnh/thay thế đầy đủ, gồm các lần sửa tiếp theo.",Chưa kiểm tra,,,,
1C25TUV,00007847,23/06/2025,Hoá đơn điều chỉnh,,,CHƯA XÁC ĐỊNH KỲ,Khác/chưa xác định kênh,-29249,-2340,-31589,Thiếu liên kết tới hóa đơn nguồn; Chưa xác định kỳ hóa đơn gốc; Chưa phân bổ chắc chắn tiền theo sản phẩm,Bang_ke_hoa_don_da_su_dung_T6.2025.xls,3650,Thiếu liên kết tới hóa đơn nguồn,"XML hóa đơn này và hóa đơn nguồn; danh sách điều chỉnh/thay thế đầy đủ, gồm các lần sửa tiếp theo.",Chưa kiểm tra,,,,
1C25TUV,00007848,23/06/2025,Hoá đơn điều chỉnh,,,CHƯA XÁC ĐỊNH KỲ,Khác/chưa xác định kênh,37037,2963,40000,Thiếu liên kết tới hóa đơn nguồn; Chưa xác định kỳ hóa đơn gốc; Chưa phân bổ chắc chắn tiền theo sản phẩm,Bang_ke_hoa_don_da_su_dung_T6.2025.xls,3651,Thiếu liên kết tới hóa đơn nguồn,"XML hóa đơn này và hóa đơn nguồn; danh sách điều chỉnh/thay thế đầy đủ, gồm các lần sửa tiếp theo.",Chưa kiểm tra,,,,
1C25TUV,00007849,23/06/2025,Hoá đơn điều chỉnh,,,CHƯA XÁC ĐỊNH KỲ,Khác/chưa xác định kênh,197457,15797,213254,Thiếu liên kết tới hóa đơn nguồn; Chưa xác định kỳ hóa đơn gốc; Chưa phân bổ chắc chắn tiền theo sản phẩm,Bang_ke_hoa_don_da_su_dung_T6.2025.xls,3652,Thiếu liên kết tới hóa đơn nguồn,"XML hóa đơn này và hóa đơn nguồn; danh sách điều chỉnh/thay thế đầy đủ, gồm các lần sửa tiếp theo.",Chưa kiểm tra,,,,
1C25TUV,00007850,23/06/2025,Hoá đơn điều chỉnh,,,CHƯA XÁC ĐỊNH KỲ,Khác/chưa xác định kênh,100880,8070,108950,Thiếu liên kết tới hóa đơn nguồn; Chưa xác định kỳ hóa đơn gốc; Chưa phân bổ chắc chắn tiền theo sản phẩm,Bang_ke_hoa_don_da_su_dung_T6.2025.xls,3653,Thiếu liên kết tới hóa đơn nguồn,"XML hóa đơn này và hóa đơn nguồn; danh sách điều chỉnh/thay thế đầy đủ, gồm các lần sửa tiếp theo.",Chưa kiểm tra,,,,
1C25TUV,00007851,23/06/2025,Hoá đơn điều chỉnh,,,CHƯA XÁC ĐỊNH KỲ,Khác/chưa xác định kênh,101389,8111,109500,Thiếu liên kết tới hóa đơn nguồn; Chưa xác định kỳ hóa đơn gốc; Chưa phân bổ chắc chắn tiền theo sản phẩm,Bang_ke_hoa_don_da_su_dung_T6.2025.xls,3654,Thiếu liên kết tới hóa đơn nguồn,"XML hóa đơn này và hóa đơn nguồn; danh sách điều chỉnh/thay thế đầy đủ, gồm các lần sửa tiếp theo.",Chưa kiểm tra,,,,
1C25TUV,00007852,23/06/2025,Hoá đơn điều chỉnh,,,CHƯA XÁC ĐỊNH KỲ,Khác/chưa xác định kênh,34167,2733,36900,Thiếu liên kết tới hóa đơn nguồn; Chưa xác định kỳ hóa đơn gốc; Chưa phân bổ chắc chắn tiền theo sản phẩm,Bang_ke_hoa_don_da_su_dung_T6.2025.xls,3655,Thiếu liên kết tới hóa đơn nguồn,"XML hóa đơn này và hóa đơn nguồn; danh sách điều chỉnh/thay thế đầy đủ, gồm các lần sửa tiếp theo.",Chưa kiểm tra,,,,
1C25TUV,00007853,23/06/2025,Hoá đơn điều chỉnh,,,CHƯA XÁC ĐỊNH KỲ,Khác/chưa xác định kênh,92593,7407,100000,Thiếu liên kết tới hóa đơn nguồn; Chưa xác định kỳ hóa đơn gốc; Chưa phân bổ chắc chắn tiền theo sản phẩm,Bang_ke_hoa_don_da_su_dung_T6.2025.xls,3656,Thiếu liên kết tới hóa đơn nguồn,"XML hóa đơn này và hóa đơn nguồn; danh sách điều chỉnh/thay thế đầy đủ, gồm các lần sửa tiếp theo.",Chưa kiểm tra,,,,
1C25TUV,00007854,23/06/2025,Hoá đơn điều chỉnh,,,CHƯA XÁC ĐỊNH KỲ,Khác/chưa xác định kênh,-356216,-28497,-384713,Thiếu liên kết tới hóa đơn nguồn; Chưa xác định kỳ hóa đơn gốc; Chưa phân bổ chắc chắn tiền theo sản phẩm,Bang_ke_hoa_don_da_su_dung_T6.2025.xls,3657,Thiếu liên kết tới hóa đơn nguồn,"XML hóa đơn này và hóa đơn nguồn; danh sách điều chỉnh/thay thế đầy đủ, gồm các lần sửa tiếp theo.",Chưa kiểm tra,,,,
1C25TUV,00007855,23/06/2025,Hoá đơn điều chỉnh,,,CHƯA XÁC ĐỊNH KỲ,Khác/chưa xác định kênh,123623,9890,133513,Thiếu liên kết tới hóa đơn nguồn; Chưa xác định kỳ hóa đơn gốc; Chưa phân bổ chắc chắn tiền theo sản phẩm,Bang_ke_hoa_don_da_su_dung_T6.2025.xls,3658,Thiếu liên kết tới hóa đơn nguồn,"XML hóa đơn này và hóa đơn nguồn; danh sách điều chỉnh/thay thế đầy đủ, gồm các lần sửa tiếp theo.",Chưa kiểm tra,,,,
1C25TUV,00007856,23/06/2025,Hoá đơn điều chỉnh,,,CHƯA XÁC ĐỊNH KỲ,Khác/chưa xác định kênh,308351,24668,333019,Thiếu liên kết tới hóa đơn nguồn; Chưa xác định kỳ hóa đơn gốc; Chưa phân bổ chắc chắn tiền theo sản phẩm,Bang_ke_hoa_don_da_su_dung_T6.2025.xls,3659,Thiếu liên kết tới hóa đơn nguồn,"XML hóa đơn này và hóa đơn nguồn; danh sách điều chỉnh/thay thế đầy đủ, gồm các lần sửa tiếp theo.",Chưa kiểm tra,,,,
1C25TUV,00007857,23/06/2025,Hoá đơn điều chỉnh,,,CHƯA XÁC ĐỊNH KỲ,Khác/chưa xác định kênh,8811080,704886,9515966,Thiếu liên kết tới hóa đơn nguồn; Chưa xác định kỳ hóa đơn gốc; Chưa phân bổ chắc chắn tiền theo sản phẩm,Bang_ke_hoa_don_da_su_dung_T6.2025.xls,3660,Thiếu liên kết tới hóa đơn nguồn,"XML hóa đơn này và hóa đơn nguồn; danh sách điều chỉnh/thay thế đầy đủ, gồm các lần sửa tiếp theo.",Chưa kiểm tra,,,,
1C25TUV,00007858,23/06/2025,Hoá đơn điều chỉnh,,,CHƯA XÁC ĐỊNH KỲ,Khác/chưa xác định kênh,21293,1703,22996,Thiếu liên kết tới hóa đơn nguồn; Chưa xác định kỳ hóa đơn gốc; Chưa phân bổ chắc chắn tiền theo sản phẩm,Bang_ke_hoa_don_da_su_dung_T6.2025.xls,3661,Thiếu liên kết tới hóa đơn nguồn,"XML hóa đơn này và hóa đơn nguồn; danh sách điều chỉnh/thay thế đầy đủ, gồm các lần sửa tiếp theo.",Chưa kiểm tra,,,,
1C25TUV,00007859,23/06/2025,Hoá đơn điều chỉnh,,,CHƯA XÁC ĐỊNH KỲ,Khác/chưa xác định kênh,-1124572,-89966,-1214538,Thiếu liên kết tới hóa đơn nguồn; Chưa xác định kỳ hóa đơn gốc; Chưa phân bổ chắc chắn tiền theo sản phẩm,Bang_ke_hoa_don_da_su_dung_T6.2025.xls,3662,Thiếu liên kết tới hóa đơn nguồn,"XML hóa đơn này và hóa đơn nguồn; danh sách điều chỉnh/thay thế đầy đủ, gồm các lần sửa tiếp theo.",Chưa kiểm tra,,,,
1C25TUV,00007860,23/06/2025,Hoá đơn điều chỉnh,,,CHƯA XÁC ĐỊNH KỲ,Khác/chưa xác định kênh,709936,70994,780930,Thiếu liên kết tới hóa đơn nguồn; Chưa xác định kỳ hóa đơn gốc; Chưa phân bổ chắc chắn tiền theo sản phẩm,Bang_ke_hoa_don_da_su_dung_T6.2025.xls,3663,Thiếu liên kết tới hóa đơn nguồn,"XML hóa đơn này và hóa đơn nguồn; danh sách điều chỉnh/thay thế đầy đủ, gồm các lần sửa tiếp theo.",Chưa kiểm tra,,,,
1C25TUV,00007861,23/06/2025,Hoá đơn điều chỉnh,,,CHƯA XÁC ĐỊNH KỲ,Khác/chưa xác định kênh,4372937,437294,4810231,Thiếu liên kết tới hóa đơn nguồn; Chưa xác định kỳ hóa đơn gốc; Chưa phân bổ chắc chắn tiền theo sản phẩm,Bang_ke_hoa_don_da_su_dung_T6.2025.xls,3664,Thiếu liên kết tới hóa đơn nguồn,"XML hóa đơn này và hóa đơn nguồn; danh sách điều chỉnh/thay thế đầy đủ, gồm các lần sửa tiếp theo.",Chưa kiểm tra,,,,
1C25TUV,00007862,23/06/2025,Hoá đơn điều chỉnh,,,CHƯA XÁC ĐỊNH KỲ,Khác/chưa xác định kênh,2345454,234545,2579999,Thiếu liên kết tới hóa đơn nguồn; Chưa xác định kỳ hóa đơn gốc; Chưa phân bổ chắc chắn tiền theo sản phẩm,Bang_ke_hoa_don_da_su_dung_T6.2025.xls,3665,Thiếu liên kết tới hóa đơn nguồn,"XML hóa đơn này và hóa đơn nguồn; danh sách điều chỉnh/thay thế đầy đủ, gồm các lần sửa tiếp theo.",Chưa kiểm tra,,,,
1C25TUV,00007863,23/06/2025,Hoá đơn điều chỉnh,,,CHƯA XÁC ĐỊNH KỲ,Khác/chưa xác định kênh,1441417,144142,1585559,Thiếu liên kết tới hóa đơn nguồn; Chưa xác định kỳ hóa đơn gốc; Chưa phân bổ chắc chắn tiền theo sản phẩm,Bang_ke_hoa_don_da_su_dung_T6.2025.xls,3666,Thiếu liên kết tới hóa đơn nguồn,"XML hóa đơn này và hóa đơn nguồn; danh sách điều chỉnh/thay thế đầy đủ, gồm các lần sửa tiếp theo.",Chưa kiểm tra,,,,
1C25TUV,00007864,23/06/2025,Hoá đơn điều chỉnh,,,CHƯA XÁC ĐỊNH KỲ,Khác/chưa xác định kênh,-263773,-26377,-290150,Thiếu liên kết tới hóa đơn nguồn; Chưa xác định kỳ hóa đơn gốc; Chưa phân bổ chắc chắn tiền theo sản phẩm,Bang_ke_hoa_don_da_su_dung_T6.2025.xls,3667,Thiếu liên kết tới hóa đơn nguồn,"XML hóa đơn này và hóa đơn nguồn; danh sách điều chỉnh/thay thế đầy đủ, gồm các lần sửa tiếp theo.",Chưa kiểm tra,,,,
1C25TUV,00007865,23/06/2025,Hoá đơn điều chỉnh,,,CHƯA XÁC ĐỊNH KỲ,Khác/chưa xác định kênh,267582,26758,294340,Thiếu liên kết tới hóa đơn nguồn; Chưa xác định kỳ hóa đơn gốc; Chưa phân bổ chắc chắn tiền theo sản phẩm,Bang_ke_hoa_don_da_su_dung_T6.2025.xls,3668,Thiếu liên kết tới hóa đơn nguồn,"XML hóa đơn này và hóa đơn nguồn; danh sách điều chỉnh/thay thế đầy đủ, gồm các lần sửa tiếp theo.",Chưa kiểm tra,,,,
1C25TUV,00007866,23/06/2025,Hoá đơn điều chỉnh,,,CHƯA XÁC ĐỊNH KỲ,Khác/chưa xác định kênh,1615098,161510,1776608,Thiếu liên kết tới hóa đơn nguồn; Chưa xác định kỳ hóa đơn gốc; Chưa phân bổ chắc chắn tiền theo sản phẩm,Bang_ke_hoa_don_da_su_dung_T6.2025.xls,3669,Thiếu liên kết tới hóa đơn nguồn,"XML hóa đơn này và hóa đơn nguồn; danh sách điều chỉnh/thay thế đầy đủ, gồm các lần sửa tiếp theo.",Chưa kiểm tra,,,,
1C25TUV,00007867,23/06/2025,Hoá đơn điều chỉnh,,,CHƯA XÁC ĐỊNH KỲ,Khác/chưa xác định kênh,1405355,140536,1545891,Thiếu liên kết tới hóa đơn nguồn; Chưa xác định kỳ hóa đơn gốc; Chưa phân bổ chắc chắn tiền theo sản phẩm,Bang_ke_hoa_don_da_su_dung_T6.2025.xls,3670,Thiếu liên kết tới hóa đơn nguồn,"XML hóa đơn này và hóa đơn nguồn; danh sách điều chỉnh/thay thế đầy đủ, gồm các lần sửa tiếp theo.",Chưa kiểm tra,,,,
1C25TUV,00007868,23/06/2025,Hoá đơn điều chỉnh,,,CHƯA XÁC ĐỊNH KỲ,Khác/chưa xác định kênh,1335428,133543,1468971,Thiếu liên kết tới hóa đơn nguồn; Chưa xác định kỳ hóa đơn gốc; Chưa phân bổ chắc chắn tiền theo sản phẩm,Bang_ke_hoa_don_da_su_dung_T6.2025.xls,3671,Thiếu liên kết tới hóa đơn nguồn,"XML hóa đơn này và hóa đơn nguồn; danh sách điều chỉnh/thay thế đầy đủ, gồm các lần sửa tiếp theo.",Chưa kiểm tra,,,,
1C25TUV,00007869,23/06/2025,Hoá đơn điều chỉnh,,,CHƯA XÁC ĐỊNH KỲ,Khác/chưa xác định kênh,-218227,-21823,-240050,Thiếu liên kết tới hóa đơn nguồn; Chưa xác định kỳ hóa đơn gốc; Chưa phân bổ chắc chắn tiền theo sản phẩm,Bang_ke_hoa_don_da_su_dung_T6.2025.xls,3672,Thiếu liên kết tới hóa đơn nguồn,"XML hóa đơn này và hóa đơn nguồn; danh sách điều chỉnh/thay thế đầy đủ, gồm các lần sửa tiếp theo.",Chưa kiểm tra,,,,
1C25TUV,00007870,23/06/2025,Hoá đơn điều chỉnh,,,CHƯA XÁC ĐỊNH KỲ,Khác/chưa xác định kênh,-311273,-31127,-342400,Thiếu liên kết tới hóa đơn nguồn; Chưa xác định kỳ hóa đơn gốc; Chưa phân bổ chắc chắn tiền theo sản phẩm,Bang_ke_hoa_don_da_su_dung_T6.2025.xls,3673,Thiếu liên kết tới hóa đơn nguồn,"XML hóa đơn này và hóa đơn nguồn; danh sách điều chỉnh/thay thế đầy đủ, gồm các lần sửa tiếp theo.",Chưa kiểm tra,,,,
1C25TUV,00007871,23/06/2025,Hoá đơn điều chỉnh,,,CHƯA XÁC ĐỊNH KỲ,Khác/chưa xác định kênh,-64727,-6473,-71200,Thiếu liên kết tới hóa đơn nguồn; Chưa xác định kỳ hóa đơn gốc; Chưa phân bổ chắc chắn tiền theo sản phẩm,Bang_ke_hoa_don_da_su_dung_T6.2025.xls,3674,Thiếu liên kết tới hóa đơn nguồn,"XML hóa đơn này và hóa đơn nguồn; danh sách điều chỉnh/thay thế đầy đủ, gồm các lần sửa tiếp theo.",Chưa kiểm tra,,,,
1C25TUV,00007872,23/06/2025,Hoá đơn điều chỉnh,,,CHƯA XÁC ĐỊNH KỲ,Khác/chưa xác định kênh,-3554546,-355455,-3910001,Thiếu liên kết tới hóa đơn nguồn; Chưa xác định kỳ hóa đơn gốc; Chưa phân bổ chắc chắn tiền theo sản phẩm,Bang_ke_hoa_don_da_su_dung_T6.2025.xls,3675,Thiếu liên kết tới hóa đơn nguồn,"XML hóa đơn này và hóa đơn nguồn; danh sách điều chỉnh/thay thế đầy đủ, gồm các lần sửa tiếp theo.",Chưa kiểm tra,,,,
1C25TUV,00007873,23/06/2025,Hoá đơn điều chỉnh,,,CHƯA XÁC ĐỊNH KỲ,Khác/chưa xác định kênh,-2405637,-240564,-2646201,Thiếu liên kết tới hóa đơn nguồn; Chưa xác định kỳ hóa đơn gốc; Chưa phân bổ chắc chắn tiền theo sản phẩm,Bang_ke_hoa_don_da_su_dung_T6.2025.xls,3676,Thiếu liên kết tới hóa đơn nguồn,"XML hóa đơn này và hóa đơn nguồn; danh sách điều chỉnh/thay thế đầy đủ, gồm các lần sửa tiếp theo.",Chưa kiểm tra,,,,
1C25TUV,00007874,23/06/2025,Hoá đơn điều chỉnh,,,CHƯA XÁC ĐỊNH KỲ,Khác/chưa xác định kênh,-3191454,-319145,-3510599,Thiếu liên kết tới hóa đơn nguồn; Chưa xác định kỳ hóa đơn gốc; Chưa phân bổ chắc chắn tiền theo sản phẩm,Bang_ke_hoa_don_da_su_dung_T6.2025.xls,3677,Thiếu liên kết tới hóa đơn nguồn,"XML hóa đơn này và hóa đơn nguồn; danh sách điều chỉnh/thay thế đầy đủ, gồm các lần sửa tiếp theo.",Chưa kiểm tra,,,,
1C25TUV,00008066,24/06/2025,Hoá đơn điều chỉnh,,,CHƯA XÁC ĐỊNH KỲ,Khác/chưa xác định kênh,1812337,181234,1993571,Thiếu liên kết tới hóa đơn nguồn; Chưa xác định kỳ hóa đơn gốc; Chưa phân bổ chắc chắn tiền theo sản phẩm,Bang_ke_hoa_don_da_su_dung_T6.2025.xls,3869,Thiếu liên kết tới hóa đơn nguồn,"XML hóa đơn này và hóa đơn nguồn; danh sách điều chỉnh/thay thế đầy đủ, gồm các lần sửa tiếp theo.",Chưa kiểm tra,,,,
1C25TUV,00008067,24/06/2025,Hoá đơn điều chỉnh,,,CHƯA XÁC ĐỊNH KỲ,Khác/chưa xác định kênh,3628202,362820,3991022,Thiếu liên kết tới hóa đơn nguồn; Chưa xác định kỳ hóa đơn gốc; Chưa phân bổ chắc chắn tiền theo sản phẩm,Bang_ke_hoa_don_da_su_dung_T6.2025.xls,3870,Thiếu liên kết tới hóa đơn nguồn,"XML hóa đơn này và hóa đơn nguồn; danh sách điều chỉnh/thay thế đầy đủ, gồm các lần sửa tiếp theo.",Chưa kiểm tra,,,,
1C25TUV,00008068,24/06/2025,Hoá đơn điều chỉnh,,,CHƯA XÁC ĐỊNH KỲ,Khác/chưa xác định kênh,727172,72717,799889,Thiếu liên kết tới hóa đơn nguồn; Chưa xác định kỳ hóa đơn gốc; Chưa phân bổ chắc chắn tiền theo sản phẩm,Bang_ke_hoa_don_da_su_dung_T6.2025.xls,3871,Thiếu liên kết tới hóa đơn nguồn,"XML hóa đơn này và hóa đơn nguồn; danh sách điều chỉnh/thay thế đầy đủ, gồm các lần sửa tiếp theo.",Chưa kiểm tra,,,,
1C25TUV,00008069,24/06/2025,Hoá đơn điều chỉnh,,,CHƯA XÁC ĐỊNH KỲ,Khác/chưa xác định kênh,90909,9091,100000,Thiếu liên kết tới hóa đơn nguồn; Chưa xác định kỳ hóa đơn gốc; Chưa phân bổ chắc chắn tiền theo sản phẩm,Bang_ke_hoa_don_da_su_dung_T6.2025.xls,3872,Thiếu liên kết tới hóa đơn nguồn,"XML hóa đơn này và hóa đơn nguồn; danh sách điều chỉnh/thay thế đầy đủ, gồm các lần sửa tiếp theo.",Chưa kiểm tra,,,,
1C25TUV,00008070,24/06/2025,Hoá đơn điều chỉnh,,,CHƯA XÁC ĐỊNH KỲ,Khác/chưa xác định kênh,22274,2227,24501,Thiếu liên kết tới hóa đơn nguồn; Chưa xác định kỳ hóa đơn gốc; Chưa phân bổ chắc chắn tiền theo sản phẩm,Bang_ke_hoa_don_da_su_dung_T6.2025.xls,3873,Thiếu liên kết tới hóa đơn nguồn,"XML hóa đơn này và hóa đơn nguồn; danh sách điều chỉnh/thay thế đầy đủ, gồm các lần sửa tiếp theo.",Chưa kiểm tra,,,,
1C25TUV,00008071,24/06/2025,Hoá đơn điều chỉnh,,,CHƯA XÁC ĐỊNH KỲ,Khác/chưa xác định kênh,-38181,-3818,-41999,Thiếu liên kết tới hóa đơn nguồn; Chưa xác định kỳ hóa đơn gốc; Chưa phân bổ chắc chắn tiền theo sản phẩm,Bang_ke_hoa_don_da_su_dung_T6.2025.xls,3874,Thiếu liên kết tới hóa đơn nguồn,"XML hóa đơn này và hóa đơn nguồn; danh sách điều chỉnh/thay thế đầy đủ, gồm các lần sửa tiếp theo.",Chưa kiểm tra,,,,
1C25TUV,00008072,24/06/2025,Hoá đơn điều chỉnh,,,CHƯA XÁC ĐỊNH KỲ,Khác/chưa xác định kênh,500001,50000,550001,Thiếu liên kết tới hóa đơn nguồn; Chưa xác định kỳ hóa đơn gốc; Chưa phân bổ chắc chắn tiền theo sản phẩm,Bang_ke_hoa_don_da_su_dung_T6.2025.xls,3875,Thiếu liên kết tới hóa đơn nguồn,"XML hóa đơn này và hóa đơn nguồn; danh sách điều chỉnh/thay thế đầy đủ, gồm các lần sửa tiếp theo.",Chưa kiểm tra,,,,
1C25TUV,00008073,24/06/2025,Hoá đơn điều chỉnh,,,CHƯA XÁC ĐỊNH KỲ,Khác/chưa xác định kênh,-316908,-31691,-348599,Thiếu liên kết tới hóa đơn nguồn; Chưa xác định kỳ hóa đơn gốc; Chưa phân bổ chắc chắn tiền theo sản phẩm,Bang_ke_hoa_don_da_su_dung_T6.2025.xls,3876,Thiếu liên kết tới hóa đơn nguồn,"XML hóa đơn này và hóa đơn nguồn; danh sách điều chỉnh/thay thế đầy đủ, gồm các lần sửa tiếp theo.",Chưa kiểm tra,,,,
1C25TUV,00008074,24/06/2025,Hoá đơn điều chỉnh,,,CHƯA XÁC ĐỊNH KỲ,Khác/chưa xác định kênh,295392,29539,324931,Thiếu liên kết tới hóa đơn nguồn; Chưa xác định kỳ hóa đơn gốc; Chưa phân bổ chắc chắn tiền theo sản phẩm,Bang_ke_hoa_don_da_su_dung_T6.2025.xls,3877,Thiếu liên kết tới hóa đơn nguồn,"XML hóa đơn này và hóa đơn nguồn; danh sách điều chỉnh/thay thế đầy đủ, gồm các lần sửa tiếp theo.",Chưa kiểm tra,,,,
1C25TUV,00008075,24/06/2025,Hoá đơn điều chỉnh,,,CHƯA XÁC ĐỊNH KỲ,Khác/chưa xác định kênh,1920745,192074,2112819,Thiếu liên kết tới hóa đơn nguồn; Chưa xác định kỳ hóa đơn gốc; Chưa phân bổ chắc chắn tiền theo sản phẩm,Bang_ke_hoa_don_da_su_dung_T6.2025.xls,3878,Thiếu liên kết tới hóa đơn nguồn,"XML hóa đơn này và hóa đơn nguồn; danh sách điều chỉnh/thay thế đầy đủ, gồm các lần sửa tiếp theo.",Chưa kiểm tra,,,,
1C25TUV,00008076,24/06/2025,Hoá đơn điều chỉnh,,,CHƯA XÁC ĐỊNH KỲ,Khác/chưa xác định kênh,1303374,130337,1433711,Thiếu liên kết tới hóa đơn nguồn; Chưa xác định kỳ hóa đơn gốc; Chưa phân bổ chắc chắn tiền theo sản phẩm,Bang_ke_hoa_don_da_su_dung_T6.2025.xls,3879,Thiếu liên kết tới hóa đơn nguồn,"XML hóa đơn này và hóa đơn nguồn; danh sách điều chỉnh/thay thế đầy đủ, gồm các lần sửa tiếp theo.",Chưa kiểm tra,,,,
1C25TUV,00008077,24/06/2025,Hoá đơn điều chỉnh,,,CHƯA XÁC ĐỊNH KỲ,Khác/chưa xác định kênh,139937,13994,153931,Thiếu liên kết tới hóa đơn nguồn; Chưa xác định kỳ hóa đơn gốc; Chưa phân bổ chắc chắn tiền theo sản phẩm,Bang_ke_hoa_don_da_su_dung_T6.2025.xls,3880,Thiếu liên kết tới hóa đơn nguồn,"XML hóa đơn này và hóa đơn nguồn; danh sách điều chỉnh/thay thế đầy đủ, gồm các lần sửa tiếp theo.",Chưa kiểm tra,,,,
1C25TUV,00008078,24/06/2025,Hoá đơn điều chỉnh,,,CHƯA XÁC ĐỊNH KỲ,Khác/chưa xác định kênh,1963571,196357,2159928,Thiếu liên kết tới hóa đơn nguồn; Chưa xác định kỳ hóa đơn gốc; Chưa phân bổ chắc chắn tiền theo sản phẩm,Bang_ke_hoa_don_da_su_dung_T6.2025.xls,3881,Thiếu liên kết tới hóa đơn nguồn,"XML hóa đơn này và hóa đơn nguồn; danh sách điều chỉnh/thay thế đầy đủ, gồm các lần sửa tiếp theo.",Chưa kiểm tra,,,,
1C25TUV,00008079,24/06/2025,Hoá đơn điều chỉnh,,,CHƯA XÁC ĐỊNH KỲ,Khác/chưa xác định kênh,2578860,257886,2836746,Thiếu liên kết tới hóa đơn nguồn; Chưa xác định kỳ hóa đơn gốc; Chưa phân bổ chắc chắn tiền theo sản phẩm,Bang_ke_hoa_don_da_su_dung_T6.2025.xls,3882,Thiếu liên kết tới hóa đơn nguồn,"XML hóa đơn này và hóa đơn nguồn; danh sách điều chỉnh/thay thế đầy đủ, gồm các lần sửa tiếp theo.",Chưa kiểm tra,,,,
1C25TUV,00008080,24/06/2025,Hoá đơn điều chỉnh,,,CHƯA XÁC ĐỊNH KỲ,Khác/chưa xác định kênh,114046,11405,125451,Thiếu liên kết tới hóa đơn nguồn; Chưa xác định kỳ hóa đơn gốc; Chưa phân bổ chắc chắn tiền theo sản phẩm,Bang_ke_hoa_don_da_su_dung_T6.2025.xls,3883,Thiếu liên kết tới hóa đơn nguồn,"XML hóa đơn này và hóa đơn nguồn; danh sách điều chỉnh/thay thế đầy đủ, gồm các lần sửa tiếp theo.",Chưa kiểm tra,,,,
1C25TUV,00008081,24/06/2025,Hoá đơn điều chỉnh,,,CHƯA XÁC ĐỊNH KỲ,Khác/chưa xác định kênh,1198337,119834,1318171,Thiếu liên kết tới hóa đơn nguồn; Chưa xác định kỳ hóa đơn gốc; Chưa phân bổ chắc chắn tiền theo sản phẩm,Bang_ke_hoa_don_da_su_dung_T6.2025.xls,3884,Thiếu liên kết tới hóa đơn nguồn,"XML hóa đơn này và hóa đơn nguồn; danh sách điều chỉnh/thay thế đầy đủ, gồm các lần sửa tiếp theo.",Chưa kiểm tra,,,,
1C25TUV,00008082,24/06/2025,Hoá đơn điều chỉnh,,,CHƯA XÁC ĐỊNH KỲ,Khác/chưa xác định kênh,30910,3091,34001,Thiếu liên kết tới hóa đơn nguồn; Chưa xác định kỳ hóa đơn gốc; Chưa phân bổ chắc chắn tiền theo sản phẩm,Bang_ke_hoa_don_da_su_dung_T6.2025.xls,3885,Thiếu liên kết tới hóa đơn nguồn,"XML hóa đơn này và hóa đơn nguồn; danh sách điều chỉnh/thay thế đầy đủ, gồm các lần sửa tiếp theo.",Chưa kiểm tra,,,,
1C25TUV,00008083,24/06/2025,Hoá đơn điều chỉnh,,,CHƯA XÁC ĐỊNH KỲ,Khác/chưa xác định kênh,1416099,141610,1557709,Thiếu liên kết tới hóa đơn nguồn; Chưa xác định kỳ hóa đơn gốc; Chưa phân bổ chắc chắn tiền theo sản phẩm,Bang_ke_hoa_don_da_su_dung_T6.2025.xls,3886,Thiếu liên kết tới hóa đơn nguồn,"XML hóa đơn này và hóa đơn nguồn; danh sách điều chỉnh/thay thế đầy đủ, gồm các lần sửa tiếp theo.",Chưa kiểm tra,,,,
1C25TUV,00008084,24/06/2025,Hoá đơn điều chỉnh,,,CHƯA XÁC ĐỊNH KỲ,Khác/chưa xác định kênh,2191753,219175,2410928,Thiếu liên kết tới hóa đơn nguồn; Chưa xác định kỳ hóa đơn gốc; Chưa phân bổ chắc chắn tiền theo sản phẩm,Bang_ke_hoa_don_da_su_dung_T6.2025.xls,3887,Thiếu liên kết tới hóa đơn nguồn,"XML hóa đơn này và hóa đơn nguồn; danh sách điều chỉnh/thay thế đầy đủ, gồm các lần sửa tiếp theo.",Chưa kiểm tra,,,,
1C25TUV,00008085,24/06/2025,Hoá đơn điều chỉnh,,,CHƯA XÁC ĐỊNH KỲ,Khác/chưa xác định kênh,434798,43480,478278,Thiếu liên kết tới hóa đơn nguồn; Chưa xác định kỳ hóa đơn gốc; Chưa phân bổ chắc chắn tiền theo sản phẩm,Bang_ke_hoa_don_da_su_dung_T6.2025.xls,3888,Thiếu liên kết tới hóa đơn nguồn,"XML hóa đơn này và hóa đơn nguồn; danh sách điều chỉnh/thay thế đầy đủ, gồm các lần sửa tiếp theo.",Chưa kiểm tra,,,,
1C25TUV,00008086,24/06/2025,Hoá đơn điều chỉnh,,,CHƯA XÁC ĐỊNH KỲ,Khác/chưa xác định kênh,23182,2318,25500,Thiếu liên kết tới hóa đơn nguồn; Chưa xác định kỳ hóa đơn gốc; Chưa phân bổ chắc chắn tiền theo sản phẩm,Bang_ke_hoa_don_da_su_dung_T6.2025.xls,3889,Thiếu liên kết tới hóa đơn nguồn,"XML hóa đơn này và hóa đơn nguồn; danh sách điều chỉnh/thay thế đầy đủ, gồm các lần sửa tiếp theo.",Chưa kiểm tra,,,,
1C25TUV,00008087,24/06/2025,Hoá đơn điều chỉnh,,,CHƯA XÁC ĐỊNH KỲ,Khác/chưa xác định kênh,451562,45156,496718,Thiếu liên kết tới hóa đơn nguồn; Chưa xác định kỳ hóa đơn gốc; Chưa phân bổ chắc chắn tiền theo sản phẩm,Bang_ke_hoa_don_da_su_dung_T6.2025.xls,3890,Thiếu liên kết tới hóa đơn nguồn,"XML hóa đơn này và hóa đơn nguồn; danh sách điều chỉnh/thay thế đầy đủ, gồm các lần sửa tiếp theo.",Chưa kiểm tra,,,,
1C25TUV,00008088,24/06/2025,Hoá đơn điều chỉnh,,,CHƯA XÁC ĐỊNH KỲ,Khác/chưa xác định kênh,-15591,-1559,-17150,Thiếu liên kết tới hóa đơn nguồn; Chưa xác định kỳ hóa đơn gốc; Chưa phân bổ chắc chắn tiền theo sản phẩm,Bang_ke_hoa_don_da_su_dung_T6.2025.xls,3891,Thiếu liên kết tới hóa đơn nguồn,"XML hóa đơn này và hóa đơn nguồn; danh sách điều chỉnh/thay thế đầy đủ, gồm các lần sửa tiếp theo.",Chưa kiểm tra,,,,
1C25TUV,00008089,24/06/2025,Hoá đơn điều chỉnh,,,CHƯA XÁC ĐỊNH KỲ,Khác/chưa xác định kênh,2420688,242069,2662757,Thiếu liên kết tới hóa đơn nguồn; Chưa xác định kỳ hóa đơn gốc; Chưa phân bổ chắc chắn tiền theo sản phẩm,Bang_ke_hoa_don_da_su_dung_T6.2025.xls,3892,Thiếu liên kết tới hóa đơn nguồn,"XML hóa đơn này và hóa đơn nguồn; danh sách điều chỉnh/thay thế đầy đủ, gồm các lần sửa tiếp theo.",Chưa kiểm tra,,,,
1C25TUV,00008090,24/06/2025,Hoá đơn điều chỉnh,,,CHƯA XÁC ĐỊNH KỲ,Khác/chưa xác định kênh,-62909,-6291,-69200,Thiếu liên kết tới hóa đơn nguồn; Chưa xác định kỳ hóa đơn gốc; Chưa phân bổ chắc chắn tiền theo sản phẩm,Bang_ke_hoa_don_da_su_dung_T6.2025.xls,3893,Thiếu liên kết tới hóa đơn nguồn,"XML hóa đơn này và hóa đơn nguồn; danh sách điều chỉnh/thay thế đầy đủ, gồm các lần sửa tiếp theo.",Chưa kiểm tra,,,,
1C25TUV,00008091,24/06/2025,Hoá đơn điều chỉnh,,,CHƯA XÁC ĐỊNH KỲ,Khác/chưa xác định kênh,711928,71193,783121,Thiếu liên kết tới hóa đơn nguồn; Chưa xác định kỳ hóa đơn gốc; Chưa phân bổ chắc chắn tiền theo sản phẩm,Bang_ke_hoa_don_da_su_dung_T6.2025.xls,3894,Thiếu liên kết tới hóa đơn nguồn,"XML hóa đơn này và hóa đơn nguồn; danh sách điều chỉnh/thay thế đầy đủ, gồm các lần sửa tiếp theo.",Chưa kiểm tra,,,,
1C25TUV,00008092,24/06/2025,Hoá đơn điều chỉnh,,,CHƯA XÁC ĐỊNH KỲ,Khác/chưa xác định kênh,178727,17873,196600,Thiếu liên kết tới hóa đơn nguồn; Chưa xác định kỳ hóa đơn gốc; Chưa phân bổ chắc chắn tiền theo sản phẩm,Bang_ke_hoa_don_da_su_dung_T6.2025.xls,3895,Thiếu liên kết tới hóa đơn nguồn,"XML hóa đơn này và hóa đơn nguồn; danh sách điều chỉnh/thay thế đầy đủ, gồm các lần sửa tiếp theo.",Chưa kiểm tra,,,,
1C25TUV,00008093,24/06/2025,Hoá đơn điều chỉnh,,,CHƯA XÁC ĐỊNH KỲ,Khác/chưa xác định kênh,879490,87949,967439,Thiếu liên kết tới hóa đơn nguồn; Chưa xác định kỳ hóa đơn gốc; Chưa phân bổ chắc chắn tiền theo sản phẩm,Bang_ke_hoa_don_da_su_dung_T6.2025.xls,3896,Thiếu liên kết tới hóa đơn nguồn,"XML hóa đơn này và hóa đơn nguồn; danh sách điều chỉnh/thay thế đầy đủ, gồm các lần sửa tiếp theo.",Chưa kiểm tra,,,,
1C25TUV,00008094,24/06/2025,Hoá đơn điều chỉnh,,,CHƯA XÁC ĐỊNH KỲ,Khác/chưa xác định kênh,1916523,191652,2108175,Thiếu liên kết tới hóa đơn nguồn; Chưa xác định kỳ hóa đơn gốc; Chưa phân bổ chắc chắn tiền theo sản phẩm,Bang_ke_hoa_don_da_su_dung_T6.2025.xls,3897,Thiếu liên kết tới hóa đơn nguồn,"XML hóa đơn này và hóa đơn nguồn; danh sách điều chỉnh/thay thế đầy đủ, gồm các lần sửa tiếp theo.",Chưa kiểm tra,,,,
1C25TUV,00008095,24/06/2025,Hoá đơn điều chỉnh,,,CHƯA XÁC ĐỊNH KỲ,Khác/chưa xác định kênh,613984,61398,675382,Thiếu liên kết tới hóa đơn nguồn; Chưa xác định kỳ hóa đơn gốc; Chưa phân bổ chắc chắn tiền theo sản phẩm,Bang_ke_hoa_don_da_su_dung_T6.2025.xls,3898,Thiếu liên kết tới hóa đơn nguồn,"XML hóa đơn này và hóa đơn nguồn; danh sách điều chỉnh/thay thế đầy đủ, gồm các lần sửa tiếp theo.",Chưa kiểm tra,,,,
1C25TUV,00008096,24/06/2025,Hoá đơn điều chỉnh,,,CHƯA XÁC ĐỊNH KỲ,Khác/chưa xác định kênh,834037,83404,917441,Thiếu liên kết tới hóa đơn nguồn; Chưa xác định kỳ hóa đơn gốc; Chưa phân bổ chắc chắn tiền theo sản phẩm,Bang_ke_hoa_don_da_su_dung_T6.2025.xls,3899,Thiếu liên kết tới hóa đơn nguồn,"XML hóa đơn này và hóa đơn nguồn; danh sách điều chỉnh/thay thế đầy đủ, gồm các lần sửa tiếp theo.",Chưa kiểm tra,,,,
1C25TUV,00008097,24/06/2025,Hoá đơn điều chỉnh,,,CHƯA XÁC ĐỊNH KỲ,Khác/chưa xác định kênh,3390224,339022,3729246,Thiếu liên kết tới hóa đơn nguồn; Chưa xác định kỳ hóa đơn gốc; Chưa phân bổ chắc chắn tiền theo sản phẩm,Bang_ke_hoa_don_da_su_dung_T6.2025.xls,3900,Thiếu liên kết tới hóa đơn nguồn,"XML hóa đơn này và hóa đơn nguồn; danh sách điều chỉnh/thay thế đầy đủ, gồm các lần sửa tiếp theo.",Chưa kiểm tra,,,,
1C25TUV,00008098,24/06/2025,Hoá đơn điều chỉnh,,,CHƯA XÁC ĐỊNH KỲ,Khác/chưa xác định kênh,192946,19295,212241,Thiếu liên kết tới hóa đơn nguồn; Chưa xác định kỳ hóa đơn gốc; Chưa phân bổ chắc chắn tiền theo sản phẩm,Bang_ke_hoa_don_da_su_dung_T6.2025.xls,3901,Thiếu liên kết tới hóa đơn nguồn,"XML hóa đơn này và hóa đơn nguồn; danh sách điều chỉnh/thay thế đầy đủ, gồm các lần sửa tiếp theo.",Chưa kiểm tra,,,,
1C25TUV,00008099,24/06/2025,Hoá đơn điều chỉnh,,,CHƯA XÁC ĐỊNH KỲ,Khác/chưa xác định kênh,-368582,-36858,-405440,Thiếu liên kết tới hóa đơn nguồn; Chưa xác định kỳ hóa đơn gốc; Chưa phân bổ chắc chắn tiền theo sản phẩm,Bang_ke_hoa_don_da_su_dung_T6.2025.xls,3902,Thiếu liên kết tới hóa đơn nguồn,"XML hóa đơn này và hóa đơn nguồn; danh sách điều chỉnh/thay thế đầy đủ, gồm các lần sửa tiếp theo.",Chưa kiểm tra,,,,
1C25TUV,00008100,24/06/2025,Hoá đơn điều chỉnh,,,CHƯA XÁC ĐỊNH KỲ,Khác/chưa xác định kênh,201818,20182,222000,Thiếu liên kết tới hóa đơn nguồn; Chưa xác định kỳ hóa đơn gốc; Chưa phân bổ chắc chắn tiền theo sản phẩm,Bang_ke_hoa_don_da_su_dung_T6.2025.xls,3903,Thiếu liên kết tới hóa đơn nguồn,"XML hóa đơn này và hóa đơn nguồn; danh sách điều chỉnh/thay thế đầy đủ, gồm các lần sửa tiếp theo.",Chưa kiểm tra,,,,
1C25TUV,00008101,24/06/2025,Hoá đơn điều chỉnh,,,CHƯA XÁC ĐỊNH KỲ,Khác/chưa xác định kênh,202227,20223,222450,Thiếu liên kết tới hóa đơn nguồn; Chưa xác định kỳ hóa đơn gốc; Chưa phân bổ chắc chắn tiền theo sản phẩm,Bang_ke_hoa_don_da_su_dung_T6.2025.xls,3904,Thiếu liên kết tới hóa đơn nguồn,"XML hóa đơn này và hóa đơn nguồn; danh sách điều chỉnh/thay thế đầy đủ, gồm các lần sửa tiếp theo.",Chưa kiểm tra,,,,
1C25TUV,00008102,24/06/2025,Hoá đơn điều chỉnh,,,CHƯA XÁC ĐỊNH KỲ,Khác/chưa xác định kênh,2472899,247290,2720189,Thiếu liên kết tới hóa đơn nguồn; Chưa xác định kỳ hóa đơn gốc; Chưa phân bổ chắc chắn tiền theo sản phẩm,Bang_ke_hoa_don_da_su_dung_T6.2025.xls,3905,Thiếu liên kết tới hóa đơn nguồn,"XML hóa đơn này và hóa đơn nguồn; danh sách điều chỉnh/thay thế đầy đủ, gồm các lần sửa tiếp theo.",Chưa kiểm tra,,,,
1C25TUV,00008103,24/06/2025,Hoá đơn điều chỉnh,,,CHƯA XÁC ĐỊNH KỲ,Khác/chưa xác định kênh,1018546,101855,1120401,Thiếu liên kết tới hóa đơn nguồn; Chưa xác định kỳ hóa đơn gốc; Chưa phân bổ chắc chắn tiền theo sản phẩm,Bang_ke_hoa_don_da_su_dung_T6.2025.xls,3906,Thiếu liên kết tới hóa đơn nguồn,"XML hóa đơn này và hóa đơn nguồn; danh sách điều chỉnh/thay thế đầy đủ, gồm các lần sửa tiếp theo.",Chưa kiểm tra,,,,
1C25TUV,00008104,24/06/2025,Hoá đơn điều chỉnh,,,CHƯA XÁC ĐỊNH KỲ,Khác/chưa xác định kênh,2473488,247349,2720837,Thiếu liên kết tới hóa đơn nguồn; Chưa xác định kỳ hóa đơn gốc; Chưa phân bổ chắc chắn tiền theo sản phẩm,Bang_ke_hoa_don_da_su_dung_T6.2025.xls,3907,Thiếu liên kết tới hóa đơn nguồn,"XML hóa đơn này và hóa đơn nguồn; danh sách điều chỉnh/thay thế đầy đủ, gồm các lần sửa tiếp theo.",Chưa kiểm tra,,,,
1C25TUV,00008105,24/06/2025,Hoá đơn điều chỉnh,,,CHƯA XÁC ĐỊNH KỲ,Khác/chưa xác định kênh,6478263,647826,7126089,Thiếu liên kết tới hóa đơn nguồn; Chưa xác định kỳ hóa đơn gốc; Chưa phân bổ chắc chắn tiền theo sản phẩm,Bang_ke_hoa_don_da_su_dung_T6.2025.xls,3908,Thiếu liên kết tới hóa đơn nguồn,"XML hóa đơn này và hóa đơn nguồn; danh sách điều chỉnh/thay thế đầy đủ, gồm các lần sửa tiếp theo.",Chưa kiểm tra,,,,
1C25TUV,00008106,24/06/2025,Hoá đơn điều chỉnh,,,CHƯA XÁC ĐỊNH KỲ,Khác/chưa xác định kênh,1814996,145200,1960196,Thiếu liên kết tới hóa đơn nguồn; Chưa xác định kỳ hóa đơn gốc; Chưa phân bổ chắc chắn tiền theo sản phẩm,Bang_ke_hoa_don_da_su_dung_T6.2025.xls,3909,Thiếu liên kết tới hóa đơn nguồn,"XML hóa đơn này và hóa đơn nguồn; danh sách điều chỉnh/thay thế đầy đủ, gồm các lần sửa tiếp theo.",Chưa kiểm tra,,,,
1C25TUV,00008107,24/06/2025,Hoá đơn điều chỉnh,,,CHƯA XÁC ĐỊNH KỲ,Khác/chưa xác định kênh,2061258,164901,2226159,Thiếu liên kết tới hóa đơn nguồn; Chưa xác định kỳ hóa đơn gốc; Chưa phân bổ chắc chắn tiền theo sản phẩm,Bang_ke_hoa_don_da_su_dung_T6.2025.xls,3910,Thiếu liên kết tới hóa đơn nguồn,"XML hóa đơn này và hóa đơn nguồn; danh sách điều chỉnh/thay thế đầy đủ, gồm các lần sửa tiếp theo.",Chưa kiểm tra,,,,
1C25TUV,00008108,24/06/2025,Hoá đơn điều chỉnh,,,CHƯA XÁC ĐỊNH KỲ,Khác/chưa xác định kênh,1301876,104150,1406026,Thiếu liên kết tới hóa đơn nguồn; Chưa xác định kỳ hóa đơn gốc; Chưa phân bổ chắc chắn tiền theo sản phẩm,Bang_ke_hoa_don_da_su_dung_T6.2025.xls,3911,Thiếu liên kết tới hóa đơn nguồn,"XML hóa đơn này và hóa đơn nguồn; danh sách điều chỉnh/thay thế đầy đủ, gồm các lần sửa tiếp theo.",Chưa kiểm tra,,,,
1C25TUV,00008109,24/06/2025,Hoá đơn điều chỉnh,,,CHƯA XÁC ĐỊNH KỲ,Khác/chưa xác định kênh,2522968,201837,2724805,Thiếu liên kết tới hóa đơn nguồn; Chưa xác định kỳ hóa đơn gốc; Chưa phân bổ chắc chắn tiền theo sản phẩm,Bang_ke_hoa_don_da_su_dung_T6.2025.xls,3912,Thiếu liên kết tới hóa đơn nguồn,"XML hóa đơn này và hóa đơn nguồn; danh sách điều chỉnh/thay thế đầy đủ, gồm các lần sửa tiếp theo.",Chưa kiểm tra,,,,
1C25TUV,00008110,24/06/2025,Hoá đơn điều chỉnh,,,CHƯA XÁC ĐỊNH KỲ,Khác/chưa xác định kênh,5522758,441821,5964579,Thiếu liên kết tới hóa đơn nguồn; Chưa xác định kỳ hóa đơn gốc; Chưa phân bổ chắc chắn tiền theo sản phẩm,Bang_ke_hoa_don_da_su_dung_T6.2025.xls,3913,Thiếu liên kết tới hóa đơn nguồn,"XML hóa đơn này và hóa đơn nguồn; danh sách điều chỉnh/thay thế đầy đủ, gồm các lần sửa tiếp theo.",Chưa kiểm tra,,,,
1C25TUV,00008111,24/06/2025,Hoá đơn điều chỉnh,,,CHƯA XÁC ĐỊNH KỲ,Khác/chưa xác định kênh,1941439,155315,2096754,Thiếu liên kết tới hóa đơn nguồn; Chưa xác định kỳ hóa đơn gốc; Chưa phân bổ chắc chắn tiền theo sản phẩm,Bang_ke_hoa_don_da_su_dung_T6.2025.xls,3914,Thiếu liên kết tới hóa đơn nguồn,"XML hóa đơn này và hóa đơn nguồn; danh sách điều chỉnh/thay thế đầy đủ, gồm các lần sửa tiếp theo.",Chưa kiểm tra,,,,
1C25TUV,00008112,24/06/2025,Hoá đơn điều chỉnh,,,CHƯA XÁC ĐỊNH KỲ,Khác/chưa xác định kênh,1622820,129826,1752646,Thiếu liên kết tới hóa đơn nguồn; Chưa xác định kỳ hóa đơn gốc; Chưa phân bổ chắc chắn tiền theo sản phẩm,Bang_ke_hoa_don_da_su_dung_T6.2025.xls,3915,Thiếu liên kết tới hóa đơn nguồn,"XML hóa đơn này và hóa đơn nguồn; danh sách điều chỉnh/thay thế đầy đủ, gồm các lần sửa tiếp theo.",Chưa kiểm tra,,,,
1C25TUV,00008113,24/06/2025,Hoá đơn điều chỉnh,,,CHƯA XÁC ĐỊNH KỲ,Khác/chưa xác định kênh,543579,43486,587065,Thiếu liên kết tới hóa đơn nguồn; Chưa xác định kỳ hóa đơn gốc; Chưa phân bổ chắc chắn tiền theo sản phẩm,Bang_ke_hoa_don_da_su_dung_T6.2025.xls,3916,Thiếu liên kết tới hóa đơn nguồn,"XML hóa đơn này và hóa đơn nguồn; danh sách điều chỉnh/thay thế đầy đủ, gồm các lần sửa tiếp theo.",Chưa kiểm tra,,,,
1C25TUV,00008114,24/06/2025,Hoá đơn điều chỉnh,,,CHƯA XÁC ĐỊNH KỲ,Khác/chưa xác định kênh,1155487,92439,1247926,Thiếu liên kết tới hóa đơn nguồn; Chưa xác định kỳ hóa đơn gốc; Chưa phân bổ chắc chắn tiền theo sản phẩm,Bang_ke_hoa_don_da_su_dung_T6.2025.xls,3917,Thiếu liên kết tới hóa đơn nguồn,"XML hóa đơn này và hóa đơn nguồn; danh sách điều chỉnh/thay thế đầy đủ, gồm các lần sửa tiếp theo.",Chưa kiểm tra,,,,
1C25TUV,00008115,24/06/2025,Hoá đơn điều chỉnh,,,CHƯA XÁC ĐỊNH KỲ,Khác/chưa xác định kênh,4085069,326805,4411874,Thiếu liên kết tới hóa đơn nguồn; Chưa xác định kỳ hóa đơn gốc; Chưa phân bổ chắc chắn tiền theo sản phẩm,Bang_ke_hoa_don_da_su_dung_T6.2025.xls,3918,Thiếu liên kết tới hóa đơn nguồn,"XML hóa đơn này và hóa đơn nguồn; danh sách điều chỉnh/thay thế đầy đủ, gồm các lần sửa tiếp theo.",Chưa kiểm tra,,,,
1C25TUV,00008116,24/06/2025,Hoá đơn điều chỉnh,,,CHƯA XÁC ĐỊNH KỲ,Khác/chưa xác định kênh,2326934,186155,2513089,Thiếu liên kết tới hóa đơn nguồn; Chưa xác định kỳ hóa đơn gốc; Chưa phân bổ chắc chắn tiền theo sản phẩm,Bang_ke_hoa_don_da_su_dung_T6.2025.xls,3919,Thiếu liên kết tới hóa đơn nguồn,"XML hóa đơn này và hóa đơn nguồn; danh sách điều chỉnh/thay thế đầy đủ, gồm các lần sửa tiếp theo.",Chưa kiểm tra,,,,
1C25TUV,00008117,24/06/2025,Hoá đơn điều chỉnh,,,CHƯA XÁC ĐỊNH KỲ,Khác/chưa xác định kênh,475493,38039,513532,Thiếu liên kết tới hóa đơn nguồn; Chưa xác định kỳ hóa đơn gốc; Chưa phân bổ chắc chắn tiền theo sản phẩm,Bang_ke_hoa_don_da_su_dung_T6.2025.xls,3920,Thiếu liên kết tới hóa đơn nguồn,"XML hóa đơn này và hóa đơn nguồn; danh sách điều chỉnh/thay thế đầy đủ, gồm các lần sửa tiếp theo.",Chưa kiểm tra,,,,
1C25TUV,00008118,24/06/2025,Hoá đơn điều chỉnh,,,CHƯA XÁC ĐỊNH KỲ,Khác/chưa xác định kênh,5287268,422981,5710249,Thiếu liên kết tới hóa đơn nguồn; Chưa xác định kỳ hóa đơn gốc; Chưa phân bổ chắc chắn tiền theo sản phẩm,Bang_ke_hoa_don_da_su_dung_T6.2025.xls,3921,Thiếu liên kết tới hóa đơn nguồn,"XML hóa đơn này và hóa đơn nguồn; danh sách điều chỉnh/thay thế đầy đủ, gồm các lần sửa tiếp theo.",Chưa kiểm tra,,,,
1C25TUV,00008119,24/06/2025,Hoá đơn điều chỉnh,,,CHƯA XÁC ĐỊNH KỲ,Khác/chưa xác định kênh,935334,74827,1010161,Thiếu liên kết tới hóa đơn nguồn; Chưa xác định kỳ hóa đơn gốc; Chưa phân bổ chắc chắn tiền theo sản phẩm,Bang_ke_hoa_don_da_su_dung_T6.2025.xls,3922,Thiếu liên kết tới hóa đơn nguồn,"XML hóa đơn này và hóa đơn nguồn; danh sách điều chỉnh/thay thế đầy đủ, gồm các lần sửa tiếp theo.",Chưa kiểm tra,,,,
1C25TUV,00008120,24/06/2025,Hoá đơn điều chỉnh,,,CHƯA XÁC ĐỊNH KỲ,Khác/chưa xác định kênh,372872,29830,402702,Thiếu liên kết tới hóa đơn nguồn; Chưa xác định kỳ hóa đơn gốc; Chưa phân bổ chắc chắn tiền theo sản phẩm,Bang_ke_hoa_don_da_su_dung_T6.2025.xls,3923,Thiếu liên kết tới hóa đơn nguồn,"XML hóa đơn này và hóa đơn nguồn; danh sách điều chỉnh/thay thế đầy đủ, gồm các lần sửa tiếp theo.",Chưa kiểm tra,,,,
1C25TUV,00008121,24/06/2025,Hoá đơn điều chỉnh,,,CHƯA XÁC ĐỊNH KỲ,Khác/chưa xác định kênh,262992,21039,284031,Thiếu liên kết tới hóa đơn nguồn; Chưa xác định kỳ hóa đơn gốc; Chưa phân bổ chắc chắn tiền theo sản phẩm,Bang_ke_hoa_don_da_su_dung_T6.2025.xls,3924,Thiếu liên kết tới hóa đơn nguồn,"XML hóa đơn này và hóa đơn nguồn; danh sách điều chỉnh/thay thế đầy đủ, gồm các lần sửa tiếp theo.",Chưa kiểm tra,,,,
1C25TUV,00008122,24/06/2025,Hoá đơn điều chỉnh,,,CHƯA XÁC ĐỊNH KỲ,Khác/chưa xác định kênh,644751,51580,696331,Thiếu liên kết tới hóa đơn nguồn; Chưa xác định kỳ hóa đơn gốc; Chưa phân bổ chắc chắn tiền theo sản phẩm,Bang_ke_hoa_don_da_su_dung_T6.2025.xls,3925,Thiếu liên kết tới hóa đơn nguồn,"XML hóa đơn này và hóa đơn nguồn; danh sách điều chỉnh/thay thế đầy đủ, gồm các lần sửa tiếp theo.",Chưa kiểm tra,,,,
1C25TUV,00008123,24/06/2025,Hoá đơn điều chỉnh,,,CHƯA XÁC ĐỊNH KỲ,Khác/chưa xác định kênh,1804411,144353,1948764,Thiếu liên kết tới hóa đơn nguồn; Chưa xác định kỳ hóa đơn gốc; Chưa phân bổ chắc chắn tiền theo sản phẩm,Bang_ke_hoa_don_da_su_dung_T6.2025.xls,3926,Thiếu liên kết tới hóa đơn nguồn,"XML hóa đơn này và hóa đơn nguồn; danh sách điều chỉnh/thay thế đầy đủ, gồm các lần sửa tiếp theo.",Chưa kiểm tra,,,,
1C25TUV,00008124,24/06/2025,Hoá đơn điều chỉnh,,,CHƯA XÁC ĐỊNH KỲ,Khác/chưa xác định kênh,3977911,318233,4296144,Thiếu liên kết tới hóa đơn nguồn; Chưa xác định kỳ hóa đơn gốc; Chưa phân bổ chắc chắn tiền theo sản phẩm,Bang_ke_hoa_don_da_su_dung_T6.2025.xls,3927,Thiếu liên kết tới hóa đơn nguồn,"XML hóa đơn này và hóa đơn nguồn; danh sách điều chỉnh/thay thế đầy đủ, gồm các lần sửa tiếp theo.",Chưa kiểm tra,,,,
1C25TUV,00008125,24/06/2025,Hoá đơn điều chỉnh,,,CHƯA XÁC ĐỊNH KỲ,Khác/chưa xác định kênh,1842173,147374,1989547,Thiếu liên kết tới hóa đơn nguồn; Chưa xác định kỳ hóa đơn gốc; Chưa phân bổ chắc chắn tiền theo sản phẩm,Bang_ke_hoa_don_da_su_dung_T6.2025.xls,3928,Thiếu liên kết tới hóa đơn nguồn,"XML hóa đơn này và hóa đơn nguồn; danh sách điều chỉnh/thay thế đầy đủ, gồm các lần sửa tiếp theo.",Chưa kiểm tra,,,,
1C25TUV,00008126,24/06/2025,Hoá đơn điều chỉnh,,,CHƯA XÁC ĐỊNH KỲ,Khác/chưa xác định kênh,1847572,147806,1995378,Thiếu liên kết tới hóa đơn nguồn; Chưa xác định kỳ hóa đơn gốc; Chưa phân bổ chắc chắn tiền theo sản phẩm,Bang_ke_hoa_don_da_su_dung_T6.2025.xls,3929,Thiếu liên kết tới hóa đơn nguồn,"XML hóa đơn này và hóa đơn nguồn; danh sách điều chỉnh/thay thế đầy đủ, gồm các lần sửa tiếp theo.",Chưa kiểm tra,,,,
1C25TUV,00008127,24/06/2025,Hoá đơn điều chỉnh,,,CHƯA XÁC ĐỊNH KỲ,Khác/chưa xác định kênh,155482,12439,167921,Thiếu liên kết tới hóa đơn nguồn; Chưa xác định kỳ hóa đơn gốc; Chưa phân bổ chắc chắn tiền theo sản phẩm,Bang_ke_hoa_don_da_su_dung_T6.2025.xls,3930,Thiếu liên kết tới hóa đơn nguồn,"XML hóa đơn này và hóa đơn nguồn; danh sách điều chỉnh/thay thế đầy đủ, gồm các lần sửa tiếp theo.",Chưa kiểm tra,,,,
1C25TUV,00008128,24/06/2025,Hoá đơn điều chỉnh,,,CHƯA XÁC ĐỊNH KỲ,Khác/chưa xác định kênh,664605,53168,717773,Thiếu liên kết tới hóa đơn nguồn; Chưa xác định kỳ hóa đơn gốc; Chưa phân bổ chắc chắn tiền theo sản phẩm,Bang_ke_hoa_don_da_su_dung_T6.2025.xls,3931,Thiếu liên kết tới hóa đơn nguồn,"XML hóa đơn này và hóa đơn nguồn; danh sách điều chỉnh/thay thế đầy đủ, gồm các lần sửa tiếp theo.",Chưa kiểm tra,,,,
1C25TUV,00008129,24/06/2025,Hoá đơn điều chỉnh,,,CHƯA XÁC ĐỊNH KỲ,Khác/chưa xác định kênh,1976823,158146,2134969,Thiếu liên kết tới hóa đơn nguồn; Chưa xác định kỳ hóa đơn gốc; Chưa phân bổ chắc chắn tiền theo sản phẩm,Bang_ke_hoa_don_da_su_dung_T6.2025.xls,3932,Thiếu liên kết tới hóa đơn nguồn,"XML hóa đơn này và hóa đơn nguồn; danh sách điều chỉnh/thay thế đầy đủ, gồm các lần sửa tiếp theo.",Chưa kiểm tra,,,,
1C25TUV,00008130,24/06/2025,Hoá đơn điều chỉnh,,,CHƯA XÁC ĐỊNH KỲ,Khác/chưa xác định kênh,449912,35993,485905,Thiếu liên kết tới hóa đơn nguồn; Chưa xác định kỳ hóa đơn gốc; Chưa phân bổ chắc chắn tiền theo sản phẩm,Bang_ke_hoa_don_da_su_dung_T6.2025.xls,3933,Thiếu liên kết tới hóa đơn nguồn,"XML hóa đơn này và hóa đơn nguồn; danh sách điều chỉnh/thay thế đầy đủ, gồm các lần sửa tiếp theo.",Chưa kiểm tra,,,,
1C25TUV,00008131,24/06/2025,Hoá đơn điều chỉnh,,,CHƯA XÁC ĐỊNH KỲ,Khác/chưa xác định kênh,2416552,193324,2609876,Thiếu liên kết tới hóa đơn nguồn; Chưa xác định kỳ hóa đơn gốc; Chưa phân bổ chắc chắn tiền theo sản phẩm,Bang_ke_hoa_don_da_su_dung_T6.2025.xls,3934,Thiếu liên kết tới hóa đơn nguồn,"XML hóa đơn này và hóa đơn nguồn; danh sách điều chỉnh/thay thế đầy đủ, gồm các lần sửa tiếp theo.",Chưa kiểm tra,,,,
1C25TUV,00008132,24/06/2025,Hoá đơn điều chỉnh,,,CHƯA XÁC ĐỊNH KỲ,Khác/chưa xác định kênh,2980508,238441,3218949,Thiếu liên kết tới hóa đơn nguồn; Chưa xác định kỳ hóa đơn gốc; Chưa phân bổ chắc chắn tiền theo sản phẩm,Bang_ke_hoa_don_da_su_dung_T6.2025.xls,3935,Thiếu liên kết tới hóa đơn nguồn,"XML hóa đơn này và hóa đơn nguồn; danh sách điều chỉnh/thay thế đầy đủ, gồm các lần sửa tiếp theo.",Chưa kiểm tra,,,,
1C25TUV,00008133,24/06/2025,Hoá đơn điều chỉnh,,,CHƯA XÁC ĐỊNH KỲ,Khác/chưa xác định kênh,605939,48475,654414,Thiếu liên kết tới hóa đơn nguồn; Chưa xác định kỳ hóa đơn gốc; Chưa phân bổ chắc chắn tiền theo sản phẩm,Bang_ke_hoa_don_da_su_dung_T6.2025.xls,3936,Thiếu liên kết tới hóa đơn nguồn,"XML hóa đơn này và hóa đơn nguồn; danh sách điều chỉnh/thay thế đầy đủ, gồm các lần sửa tiếp theo.",Chưa kiểm tra,,,,
1C25TUV,00008134,24/06/2025,Hoá đơn điều chỉnh,,,CHƯA XÁC ĐỊNH KỲ,Khác/chưa xác định kênh,2465746,197260,2663006,Thiếu liên kết tới hóa đơn nguồn; Chưa xác định kỳ hóa đơn gốc; Chưa phân bổ chắc chắn tiền theo sản phẩm,Bang_ke_hoa_don_da_su_dung_T6.2025.xls,3937,Thiếu liên kết tới hóa đơn nguồn,"XML hóa đơn này và hóa đơn nguồn; danh sách điều chỉnh/thay thế đầy đủ, gồm các lần sửa tiếp theo.",Chưa kiểm tra,,,,
1C25TUV,00008135,24/06/2025,Hoá đơn điều chỉnh,,,CHƯA XÁC ĐỊNH KỲ,Khác/chưa xác định kênh,935092,74807,1009899,Thiếu liên kết tới hóa đơn nguồn; Chưa xác định kỳ hóa đơn gốc; Chưa phân bổ chắc chắn tiền theo sản phẩm,Bang_ke_hoa_don_da_su_dung_T6.2025.xls,3938,Thiếu liên kết tới hóa đơn nguồn,"XML hóa đơn này và hóa đơn nguồn; danh sách điều chỉnh/thay thế đầy đủ, gồm các lần sửa tiếp theo.",Chưa kiểm tra,,,,
1C25TUV,00008136,24/06/2025,Hoá đơn điều chỉnh,,,CHƯA XÁC ĐỊNH KỲ,Khác/chưa xác định kênh,4622775,369822,4992597,Thiếu liên kết tới hóa đơn nguồn; Chưa xác định kỳ hóa đơn gốc; Chưa phân bổ chắc chắn tiền theo sản phẩm,Bang_ke_hoa_don_da_su_dung_T6.2025.xls,3939,Thiếu liên kết tới hóa đơn nguồn,"XML hóa đơn này và hóa đơn nguồn; danh sách điều chỉnh/thay thế đầy đủ, gồm các lần sửa tiếp theo.",Chưa kiểm tra,,,,
1C25TUV,00008137,24/06/2025,Hoá đơn điều chỉnh,,,CHƯA XÁC ĐỊNH KỲ,Khác/chưa xác định kênh,146595,11728,158323,Thiếu liên kết tới hóa đơn nguồn; Chưa xác định kỳ hóa đơn gốc; Chưa phân bổ chắc chắn tiền theo sản phẩm,Bang_ke_hoa_don_da_su_dung_T6.2025.xls,3940,Thiếu liên kết tới hóa đơn nguồn,"XML hóa đơn này và hóa đơn nguồn; danh sách điều chỉnh/thay thế đầy đủ, gồm các lần sửa tiếp theo.",Chưa kiểm tra,,,,
1C25TUV,00008138,24/06/2025,Hoá đơn điều chỉnh,,,CHƯA XÁC ĐỊNH KỲ,Khác/chưa xác định kênh,948127,75850,1023977,Thiếu liên kết tới hóa đơn nguồn; Chưa xác định kỳ hóa đơn gốc; Chưa phân bổ chắc chắn tiền theo sản phẩm,Bang_ke_hoa_don_da_su_dung_T6.2025.xls,3941,Thiếu liên kết tới hóa đơn nguồn,"XML hóa đơn này và hóa đơn nguồn; danh sách điều chỉnh/thay thế đầy đủ, gồm các lần sửa tiếp theo.",Chưa kiểm tra,,,,
1C25TUV,00008139,24/06/2025,Hoá đơn điều chỉnh,,,CHƯA XÁC ĐỊNH KỲ,Khác/chưa xác định kênh,1722858,137829,1860687,Thiếu liên kết tới hóa đơn nguồn; Chưa xác định kỳ hóa đơn gốc; Chưa phân bổ chắc chắn tiền theo sản phẩm,Bang_ke_hoa_don_da_su_dung_T6.2025.xls,3942,Thiếu liên kết tới hóa đơn nguồn,"XML hóa đơn này và hóa đơn nguồn; danh sách điều chỉnh/thay thế đầy đủ, gồm các lần sửa tiếp theo.",Chưa kiểm tra,,,,
1C25TUV,00008140,24/06/2025,Hoá đơn điều chỉnh,,,CHƯA XÁC ĐỊNH KỲ,Khác/chưa xác định kênh,723538,57883,781421,Thiếu liên kết tới hóa đơn nguồn; Chưa xác định kỳ hóa đơn gốc; Chưa phân bổ chắc chắn tiền theo sản phẩm,Bang_ke_hoa_don_da_su_dung_T6.2025.xls,3943,Thiếu liên kết tới hóa đơn nguồn,"XML hóa đơn này và hóa đơn nguồn; danh sách điều chỉnh/thay thế đầy đủ, gồm các lần sửa tiếp theo.",Chưa kiểm tra,,,,
1C25TUV,00008141,24/06/2025,Hoá đơn điều chỉnh,,,CHƯA XÁC ĐỊNH KỲ,Khác/chưa xác định kênh,1291833,103347,1395180,Thiếu liên kết tới hóa đơn nguồn; Chưa xác định kỳ hóa đơn gốc; Chưa phân bổ chắc chắn tiền theo sản phẩm,Bang_ke_hoa_don_da_su_dung_T6.2025.xls,3944,Thiếu liên kết tới hóa đơn nguồn,"XML hóa đơn này và hóa đơn nguồn; danh sách điều chỉnh/thay thế đầy đủ, gồm các lần sửa tiếp theo.",Chưa kiểm tra,,,,
1C25TUV,00008142,24/06/2025,Hoá đơn điều chỉnh,,,CHƯA XÁC ĐỊNH KỲ,Khác/chưa xác định kênh,1526535,122123,1648658,Thiếu liên kết tới hóa đơn nguồn; Chưa xác định kỳ hóa đơn gốc; Chưa phân bổ chắc chắn tiền theo sản phẩm,Bang_ke_hoa_don_da_su_dung_T6.2025.xls,3945,Thiếu liên kết tới hóa đơn nguồn,"XML hóa đơn này và hóa đơn nguồn; danh sách điều chỉnh/thay thế đầy đủ, gồm các lần sửa tiếp theo.",Chưa kiểm tra,,,,
1C25TUV,00008143,24/06/2025,Hoá đơn điều chỉnh,,,CHƯA XÁC ĐỊNH KỲ,Khác/chưa xác định kênh,465406,37232,502638,Thiếu liên kết tới hóa đơn nguồn; Chưa xác định kỳ hóa đơn gốc; Chưa phân bổ chắc chắn tiền theo sản phẩm,Bang_ke_hoa_don_da_su_dung_T6.2025.xls,3946,Thiếu liên kết tới hóa đơn nguồn,"XML hóa đơn này và hóa đơn nguồn; danh sách điều chỉnh/thay thế đầy đủ, gồm các lần sửa tiếp theo.",Chưa kiểm tra,,,,
1C25TUV,00008144,24/06/2025,Hoá đơn điều chỉnh,,,CHƯA XÁC ĐỊNH KỲ,Khác/chưa xác định kênh,2449401,195952,2645353,Thiếu liên kết tới hóa đơn nguồn; Chưa xác định kỳ hóa đơn gốc; Chưa phân bổ chắc chắn tiền theo sản phẩm,Bang_ke_hoa_don_da_su_dung_T6.2025.xls,3947,Thiếu liên kết tới hóa đơn nguồn,"XML hóa đơn này và hóa đơn nguồn; danh sách điều chỉnh/thay thế đầy đủ, gồm các lần sửa tiếp theo.",Chưa kiểm tra,,,,
1C25TUV,00008145,24/06/2025,Hoá đơn điều chỉnh,,,CHƯA XÁC ĐỊNH KỲ,Khác/chưa xác định kênh,2924787,233983,3158770,Thiếu liên kết tới hóa đơn nguồn; Chưa xác định kỳ hóa đơn gốc; Chưa phân bổ chắc chắn tiền theo sản phẩm,Bang_ke_hoa_don_da_su_dung_T6.2025.xls,3948,Thiếu liên kết tới hóa đơn nguồn,"XML hóa đơn này và hóa đơn nguồn; danh sách điều chỉnh/thay thế đầy đủ, gồm các lần sửa tiếp theo.",Chưa kiểm tra,,,,
1C25TUV,00008146,24/06/2025,Hoá đơn điều chỉnh,,,CHƯA XÁC ĐỊNH KỲ,Khác/chưa xác định kênh,3077008,246161,3323169,Thiếu liên kết tới hóa đơn nguồn; Chưa xác định kỳ hóa đơn gốc; Chưa phân bổ chắc chắn tiền theo sản phẩm,Bang_ke_hoa_don_da_su_dung_T6.2025.xls,3949,Thiếu liên kết tới hóa đơn nguồn,"XML hóa đơn này và hóa đơn nguồn; danh sách điều chỉnh/thay thế đầy đủ, gồm các lần sửa tiếp theo.",Chưa kiểm tra,,,,
1C25TUV,00008147,24/06/2025,Hoá đơn điều chỉnh,,,CHƯA XÁC ĐỊNH KỲ,Khác/chưa xác định kênh,4130100,330408,4460508,Thiếu liên kết tới hóa đơn nguồn; Chưa xác định kỳ hóa đơn gốc; Chưa phân bổ chắc chắn tiền theo sản phẩm,Bang_ke_hoa_don_da_su_dung_T6.2025.xls,3950,Thiếu liên kết tới hóa đơn nguồn,"XML hóa đơn này và hóa đơn nguồn; danh sách điều chỉnh/thay thế đầy đủ, gồm các lần sửa tiếp theo.",Chưa kiểm tra,,,,
1C25TUV,00008148,24/06/2025,Hoá đơn điều chỉnh,,,CHƯA XÁC ĐỊNH KỲ,Khác/chưa xác định kênh,1616190,129295,1745485,Thiếu liên kết tới hóa đơn nguồn; Chưa xác định kỳ hóa đơn gốc; Chưa phân bổ chắc chắn tiền theo sản phẩm,Bang_ke_hoa_don_da_su_dung_T6.2025.xls,3951,Thiếu liên kết tới hóa đơn nguồn,"XML hóa đơn này và hóa đơn nguồn; danh sách điều chỉnh/thay thế đầy đủ, gồm các lần sửa tiếp theo.",Chưa kiểm tra,,,,
1C25TUV,00008149,24/06/2025,Hoá đơn điều chỉnh,,,CHƯA XÁC ĐỊNH KỲ,Khác/chưa xác định kênh,719304,57544,776848,Thiếu liên kết tới hóa đơn nguồn; Chưa xác định kỳ hóa đơn gốc; Chưa phân bổ chắc chắn tiền theo sản phẩm,Bang_ke_hoa_don_da_su_dung_T6.2025.xls,3952,Thiếu liên kết tới hóa đơn nguồn,"XML hóa đơn này và hóa đơn nguồn; danh sách điều chỉnh/thay thế đầy đủ, gồm các lần sửa tiếp theo.",Chưa kiểm tra,,,,
1C25TUV,00008150,24/06/2025,Hoá đơn điều chỉnh,,,CHƯA XÁC ĐỊNH KỲ,Khác/chưa xác định kênh,2233002,178640,2411642,Thiếu liên kết tới hóa đơn nguồn; Chưa xác định kỳ hóa đơn gốc; Chưa phân bổ chắc chắn tiền theo sản phẩm,Bang_ke_hoa_don_da_su_dung_T6.2025.xls,3953,Thiếu liên kết tới hóa đơn nguồn,"XML hóa đơn này và hóa đơn nguồn; danh sách điều chỉnh/thay thế đầy đủ, gồm các lần sửa tiếp theo.",Chưa kiểm tra,,,,
1C25TUV,00008151,24/06/2025,Hoá đơn điều chỉnh,,,CHƯA XÁC ĐỊNH KỲ,Khác/chưa xác định kênh,825854,66068,891922,Thiếu liên kết tới hóa đơn nguồn; Chưa xác định kỳ hóa đơn gốc; Chưa phân bổ chắc chắn tiền theo sản phẩm,Bang_ke_hoa_don_da_su_dung_T6.2025.xls,3954,Thiếu liên kết tới hóa đơn nguồn,"XML hóa đơn này và hóa đơn nguồn; danh sách điều chỉnh/thay thế đầy đủ, gồm các lần sửa tiếp theo.",Chưa kiểm tra,,,,
1C25TUV,00008152,24/06/2025,Hoá đơn điều chỉnh,,,CHƯA XÁC ĐỊNH KỲ,Khác/chưa xác định kênh,6572738,525819,7098557,Thiếu liên kết tới hóa đơn nguồn; Chưa xác định kỳ hóa đơn gốc; Chưa phân bổ chắc chắn tiền theo sản phẩm,Bang_ke_hoa_don_da_su_dung_T6.2025.xls,3955,Thiếu liên kết tới hóa đơn nguồn,"XML hóa đơn này và hóa đơn nguồn; danh sách điều chỉnh/thay thế đầy đủ, gồm các lần sửa tiếp theo.",Chưa kiểm tra,,,,
1C25TUV,00008153,24/06/2025,Hoá đơn điều chỉnh,,,CHƯA XÁC ĐỊNH KỲ,Khác/chưa xác định kênh,3477542,278203,3755745,Thiếu liên kết tới hóa đơn nguồn; Chưa xác định kỳ hóa đơn gốc; Chưa phân bổ chắc chắn tiền theo sản phẩm,Bang_ke_hoa_don_da_su_dung_T6.2025.xls,3956,Thiếu liên kết tới hóa đơn nguồn,"XML hóa đơn này và hóa đơn nguồn; danh sách điều chỉnh/thay thế đầy đủ, gồm các lần sửa tiếp theo.",Chưa kiểm tra,,,,
1C25TUV,00008154,24/06/2025,Hoá đơn điều chỉnh,,,CHƯA XÁC ĐỊNH KỲ,Khác/chưa xác định kênh,3425600,274048,3699648,Thiếu liên kết tới hóa đơn nguồn; Chưa xác định kỳ hóa đơn gốc; Chưa phân bổ chắc chắn tiền theo sản phẩm,Bang_ke_hoa_don_da_su_dung_T6.2025.xls,3957,Thiếu liên kết tới hóa đơn nguồn,"XML hóa đơn này và hóa đơn nguồn; danh sách điều chỉnh/thay thế đầy đủ, gồm các lần sửa tiếp theo.",Chưa kiểm tra,,,,
1C25TUV,00008155,24/06/2025,Hoá đơn điều chỉnh,,,CHƯA XÁC ĐỊNH KỲ,Khác/chưa xác định kênh,-514584,-41167,-555751,Thiếu liên kết tới hóa đơn nguồn; Chưa xác định kỳ hóa đơn gốc; Chưa phân bổ chắc chắn tiền theo sản phẩm,Bang_ke_hoa_don_da_su_dung_T6.2025.xls,3958,Thiếu liên kết tới hóa đơn nguồn,"XML hóa đơn này và hóa đơn nguồn; danh sách điều chỉnh/thay thế đầy đủ, gồm các lần sửa tiếp theo.",Chưa kiểm tra,,,,
1C25TUV,00008156,24/06/2025,Hoá đơn điều chỉnh,,,CHƯA XÁC ĐỊNH KỲ,Khác/chưa xác định kênh,4639899,371192,5011091,Thiếu liên kết tới hóa đơn nguồn; Chưa xác định kỳ hóa đơn gốc; Chưa phân bổ chắc chắn tiền theo sản phẩm,Bang_ke_hoa_don_da_su_dung_T6.2025.xls,3959,Thiếu liên kết tới hóa đơn nguồn,"XML hóa đơn này và hóa đơn nguồn; danh sách điều chỉnh/thay thế đầy đủ, gồm các lần sửa tiếp theo.",Chưa kiểm tra,,,,
1C25TUV,00008157,24/06/2025,Hoá đơn điều chỉnh,,,CHƯA XÁC ĐỊNH KỲ,Khác/chưa xác định kênh,470051,37604,507655,Thiếu liên kết tới hóa đơn nguồn; Chưa xác định kỳ hóa đơn gốc; Chưa phân bổ chắc chắn tiền theo sản phẩm,Bang_ke_hoa_don_da_su_dung_T6.2025.xls,3960,Thiếu liên kết tới hóa đơn nguồn,"XML hóa đơn này và hóa đơn nguồn; danh sách điều chỉnh/thay thế đầy đủ, gồm các lần sửa tiếp theo.",Chưa kiểm tra,,,,
1C25TUV,00008158,24/06/2025,Hoá đơn điều chỉnh,,,CHƯA XÁC ĐỊNH KỲ,Khác/chưa xác định kênh,356429,28514,384943,Thiếu liên kết tới hóa đơn nguồn; Chưa xác định kỳ hóa đơn gốc; Chưa phân bổ chắc chắn tiền theo sản phẩm,Bang_ke_hoa_don_da_su_dung_T6.2025.xls,3961,Thiếu liên kết tới hóa đơn nguồn,"XML hóa đơn này và hóa đơn nguồn; danh sách điều chỉnh/thay thế đầy đủ, gồm các lần sửa tiếp theo.",Chưa kiểm tra,,,,
1C25TUV,00008159,24/06/2025,Hoá đơn điều chỉnh,,,CHƯA XÁC ĐỊNH KỲ,Khác/chưa xác định kênh,1352603,108208,1460811,Thiếu liên kết tới hóa đơn nguồn; Chưa xác định kỳ hóa đơn gốc; Chưa phân bổ chắc chắn tiền theo sản phẩm,Bang_ke_hoa_don_da_su_dung_T6.2025.xls,3962,Thiếu liên kết tới hóa đơn nguồn,"XML hóa đơn này và hóa đơn nguồn; danh sách điều chỉnh/thay thế đầy đủ, gồm các lần sửa tiếp theo.",Chưa kiểm tra,,,,
1C25TUV,00008160,24/06/2025,Hoá đơn điều chỉnh,,,CHƯA XÁC ĐỊNH KỲ,Khác/chưa xác định kênh,1528266,122261,1650527,Thiếu liên kết tới hóa đơn nguồn; Chưa xác định kỳ hóa đơn gốc; Chưa phân bổ chắc chắn tiền theo sản phẩm,Bang_ke_hoa_don_da_su_dung_T6.2025.xls,3963,Thiếu liên kết tới hóa đơn nguồn,"XML hóa đơn này và hóa đơn nguồn; danh sách điều chỉnh/thay thế đầy đủ, gồm các lần sửa tiếp theo.",Chưa kiểm tra,,,,
1C25TUV,00008161,24/06/2025,Hoá đơn điều chỉnh,,,CHƯA XÁC ĐỊNH KỲ,Khác/chưa xác định kênh,1128211,90257,1218468,Thiếu liên kết tới hóa đơn nguồn; Chưa xác định kỳ hóa đơn gốc; Chưa phân bổ chắc chắn tiền theo sản phẩm,Bang_ke_hoa_don_da_su_dung_T6.2025.xls,3964,Thiếu liên kết tới hóa đơn nguồn,"XML hóa đơn này và hóa đơn nguồn; danh sách điều chỉnh/thay thế đầy đủ, gồm các lần sửa tiếp theo.",Chưa kiểm tra,,,,
1C25TUV,00008162,24/06/2025,Hoá đơn điều chỉnh,,,CHƯA XÁC ĐỊNH KỲ,Khác/chưa xác định kênh,891737,71339,963076,Thiếu liên kết tới hóa đơn nguồn; Chưa xác định kỳ hóa đơn gốc; Chưa phân bổ chắc chắn tiền theo sản phẩm,Bang_ke_hoa_don_da_su_dung_T6.2025.xls,3965,Thiếu liên kết tới hóa đơn nguồn,"XML hóa đơn này và hóa đơn nguồn; danh sách điều chỉnh/thay thế đầy đủ, gồm các lần sửa tiếp theo.",Chưa kiểm tra,,,,
1C25TUV,00008163,24/06/2025,Hoá đơn điều chỉnh,,,CHƯA XÁC ĐỊNH KỲ,Khác/chưa xác định kênh,6837980,547038,7385018,Thiếu liên kết tới hóa đơn nguồn; Chưa xác định kỳ hóa đơn gốc; Chưa phân bổ chắc chắn tiền theo sản phẩm,Bang_ke_hoa_don_da_su_dung_T6.2025.xls,3966,Thiếu liên kết tới hóa đơn nguồn,"XML hóa đơn này và hóa đơn nguồn; danh sách điều chỉnh/thay thế đầy đủ, gồm các lần sửa tiếp theo.",Chưa kiểm tra,,,,
1C25TUV,00008164,24/06/2025,Hoá đơn điều chỉnh,,,CHƯA XÁC ĐỊNH KỲ,Khác/chưa xác định kênh,4688404,375072,5063476,Thiếu liên kết tới hóa đơn nguồn; Chưa xác định kỳ hóa đơn gốc; Chưa phân bổ chắc chắn tiền theo sản phẩm,Bang_ke_hoa_don_da_su_dung_T6.2025.xls,3967,Thiếu liên kết tới hóa đơn nguồn,"XML hóa đơn này và hóa đơn nguồn; danh sách điều chỉnh/thay thế đầy đủ, gồm các lần sửa tiếp theo.",Chưa kiểm tra,,,,
1C25TUV,00008165,24/06/2025,Hoá đơn điều chỉnh,,,CHƯA XÁC ĐỊNH KỲ,Khác/chưa xác định kênh,6522022,521762,7043784,Thiếu liên kết tới hóa đơn nguồn; Chưa xác định kỳ hóa đơn gốc; Chưa phân bổ chắc chắn tiền theo sản phẩm,Bang_ke_hoa_don_da_su_dung_T6.2025.xls,3968,Thiếu liên kết tới hóa đơn nguồn,"XML hóa đơn này và hóa đơn nguồn; danh sách điều chỉnh/thay thế đầy đủ, gồm các lần sửa tiếp theo.",Chưa kiểm tra,,,,
1C25TUV,00008166,24/06/2025,Hoá đơn điều chỉnh,,,CHƯA XÁC ĐỊNH KỲ,Khác/chưa xác định kênh,6483716,518697,7002413,Thiếu liên kết tới hóa đơn nguồn; Chưa xác định kỳ hóa đơn gốc; Chưa phân bổ chắc chắn tiền theo sản phẩm,Bang_ke_hoa_don_da_su_dung_T6.2025.xls,3969,Thiếu liên kết tới hóa đơn nguồn,"XML hóa đơn này và hóa đơn nguồn; danh sách điều chỉnh/thay thế đầy đủ, gồm các lần sửa tiếp theo.",Chưa kiểm tra,,,,
1C25TUV,00008167,24/06/2025,Hoá đơn điều chỉnh,,,CHƯA XÁC ĐỊNH KỲ,Khác/chưa xác định kênh,725141,58011,783152,Thiếu liên kết tới hóa đơn nguồn; Chưa xác định kỳ hóa đơn gốc; Chưa phân bổ chắc chắn tiền theo sản phẩm,Bang_ke_hoa_don_da_su_dung_T6.2025.xls,3970,Thiếu liên kết tới hóa đơn nguồn,"XML hóa đơn này và hóa đơn nguồn; danh sách điều chỉnh/thay thế đầy đủ, gồm các lần sửa tiếp theo.",Chưa kiểm tra,,,,
1C25TUV,00008168,24/06/2025,Hoá đơn điều chỉnh,,,CHƯA XÁC ĐỊNH KỲ,Khác/chưa xác định kênh,4049066,323925,4372991,Thiếu liên kết tới hóa đơn nguồn; Chưa xác định kỳ hóa đơn gốc; Chưa phân bổ chắc chắn tiền theo sản phẩm,Bang_ke_hoa_don_da_su_dung_T6.2025.xls,3971,Thiếu liên kết tới hóa đơn nguồn,"XML hóa đơn này và hóa đơn nguồn; danh sách điều chỉnh/thay thế đầy đủ, gồm các lần sửa tiếp theo.",Chưa kiểm tra,,,,
1C25TUV,00008169,24/06/2025,Hoá đơn điều chỉnh,,,CHƯA XÁC ĐỊNH KỲ,Khác/chưa xác định kênh,4158163,332653,4490816,Thiếu liên kết tới hóa đơn nguồn; Chưa xác định kỳ hóa đơn gốc; Chưa phân bổ chắc chắn tiền theo sản phẩm,Bang_ke_hoa_don_da_su_dung_T6.2025.xls,3972,Thiếu liên kết tới hóa đơn nguồn,"XML hóa đơn này và hóa đơn nguồn; danh sách điều chỉnh/thay thế đầy đủ, gồm các lần sửa tiếp theo.",Chưa kiểm tra,,,,
1C25TUV,00008170,24/06/2025,Hoá đơn điều chỉnh,,,CHƯA XÁC ĐỊNH KỲ,Khác/chưa xác định kênh,8672428,693794,9366222,Thiếu liên kết tới hóa đơn nguồn; Chưa xác định kỳ hóa đơn gốc; Chưa phân bổ chắc chắn tiền theo sản phẩm,Bang_ke_hoa_don_da_su_dung_T6.2025.xls,3973,Thiếu liên kết tới hóa đơn nguồn,"XML hóa đơn này và hóa đơn nguồn; danh sách điều chỉnh/thay thế đầy đủ, gồm các lần sửa tiếp theo.",Chưa kiểm tra,,,,
1C25TUV,00008171,24/06/2025,Hoá đơn điều chỉnh,,,CHƯA XÁC ĐỊNH KỲ,Khác/chưa xác định kênh,-157594,-12607,-170201,Thiếu liên kết tới hóa đơn nguồn; Chưa xác định kỳ hóa đơn gốc; Chưa phân bổ chắc chắn tiền theo sản phẩm,Bang_ke_hoa_don_da_su_dung_T6.2025.xls,3974,Thiếu liên kết tới hóa đơn nguồn,"XML hóa đơn này và hóa đơn nguồn; danh sách điều chỉnh/thay thế đầy đủ, gồm các lần sửa tiếp theo.",Chưa kiểm tra,,,,
1C25TUV,00008172,24/06/2025,Hoá đơn điều chỉnh,,,CHƯA XÁC ĐỊNH KỲ,Khác/chưa xác định kênh,5611836,448947,6060783,Thiếu liên kết tới hóa đơn nguồn; Chưa xác định kỳ hóa đơn gốc; Chưa phân bổ chắc chắn tiền theo sản phẩm,Bang_ke_hoa_don_da_su_dung_T6.2025.xls,3975,Thiếu liên kết tới hóa đơn nguồn,"XML hóa đơn này và hóa đơn nguồn; danh sách điều chỉnh/thay thế đầy đủ, gồm các lần sửa tiếp theo.",Chưa kiểm tra,,,,
1C25TUV,00008173,24/06/2025,Hoá đơn điều chỉnh,,,CHƯA XÁC ĐỊNH KỲ,Khác/chưa xác định kênh,6653725,532298,7186023,Thiếu liên kết tới hóa đơn nguồn; Chưa xác định kỳ hóa đơn gốc; Chưa phân bổ chắc chắn tiền theo sản phẩm,Bang_ke_hoa_don_da_su_dung_T6.2025.xls,3976,Thiếu liên kết tới hóa đơn nguồn,"XML hóa đơn này và hóa đơn nguồn; danh sách điều chỉnh/thay thế đầy đủ, gồm các lần sửa tiếp theo.",Chưa kiểm tra,,,,
1C25TUV,00008174,24/06/2025,Hoá đơn điều chỉnh,,,CHƯA XÁC ĐỊNH KỲ,Khác/chưa xác định kênh,5193605,415488,5609093,Thiếu liên kết tới hóa đơn nguồn; Chưa xác định kỳ hóa đơn gốc; Chưa phân bổ chắc chắn tiền theo sản phẩm,Bang_ke_hoa_don_da_su_dung_T6.2025.xls,3977,Thiếu liên kết tới hóa đơn nguồn,"XML hóa đơn này và hóa đơn nguồn; danh sách điều chỉnh/thay thế đầy đủ, gồm các lần sửa tiếp theo.",Chưa kiểm tra,,,,
1C25TUV,00008175,24/06/2025,Hoá đơn điều chỉnh,,,CHƯA XÁC ĐỊNH KỲ,Khác/chưa xác định kênh,6666273,533302,7199575,Thiếu liên kết tới hóa đơn nguồn; Chưa xác định kỳ hóa đơn gốc; Chưa phân bổ chắc chắn tiền theo sản phẩm,Bang_ke_hoa_don_da_su_dung_T6.2025.xls,3978,Thiếu liên kết tới hóa đơn nguồn,"XML hóa đơn này và hóa đơn nguồn; danh sách điều chỉnh/thay thế đầy đủ, gồm các lần sửa tiếp theo.",Chưa kiểm tra,,,,
1C25TUV,00008176,24/06/2025,Hoá đơn điều chỉnh,,,CHƯA XÁC ĐỊNH KỲ,Khác/chưa xác định kênh,365273,29222,394495,Thiếu liên kết tới hóa đơn nguồn; Chưa xác định kỳ hóa đơn gốc; Chưa phân bổ chắc chắn tiền theo sản phẩm,Bang_ke_hoa_don_da_su_dung_T6.2025.xls,3979,Thiếu liên kết tới hóa đơn nguồn,"XML hóa đơn này và hóa đơn nguồn; danh sách điều chỉnh/thay thế đầy đủ, gồm các lần sửa tiếp theo.",Chưa kiểm tra,,,,
1C25TUV,00008177,24/06/2025,Hoá đơn điều chỉnh,,,CHƯA XÁC ĐỊNH KỲ,Khác/chưa xác định kênh,8349465,667957,9017422,Thiếu liên kết tới hóa đơn nguồn; Chưa xác định kỳ hóa đơn gốc; Chưa phân bổ chắc chắn tiền theo sản phẩm,Bang_ke_hoa_don_da_su_dung_T6.2025.xls,3980,Thiếu liên kết tới hóa đơn nguồn,"XML hóa đơn này và hóa đơn nguồn; danh sách điều chỉnh/thay thế đầy đủ, gồm các lần sửa tiếp theo.",Chưa kiểm tra,,,,
1C25TUV,00008178,24/06/2025,Hoá đơn điều chỉnh,,,CHƯA XÁC ĐỊNH KỲ,Khác/chưa xác định kênh,2178646,174292,2352938,Thiếu liên kết tới hóa đơn nguồn; Chưa xác định kỳ hóa đơn gốc; Chưa phân bổ chắc chắn tiền theo sản phẩm,Bang_ke_hoa_don_da_su_dung_T6.2025.xls,3981,Thiếu liên kết tới hóa đơn nguồn,"XML hóa đơn này và hóa đơn nguồn; danh sách điều chỉnh/thay thế đầy đủ, gồm các lần sửa tiếp theo.",Chưa kiểm tra,,,,
1C25TUV,00008179,24/06/2025,Hoá đơn điều chỉnh,,,CHƯA XÁC ĐỊNH KỲ,Khác/chưa xác định kênh,925926,74074,1000000,Thiếu liên kết tới hóa đơn nguồn; Chưa xác định kỳ hóa đơn gốc; Chưa phân bổ chắc chắn tiền theo sản phẩm,Bang_ke_hoa_don_da_su_dung_T6.2025.xls,3982,Thiếu liên kết tới hóa đơn nguồn,"XML hóa đơn này và hóa đơn nguồn; danh sách điều chỉnh/thay thế đầy đủ, gồm các lần sửa tiếp theo.",Chưa kiểm tra,,,,
1C25TUV,00008180,24/06/2025,Hoá đơn điều chỉnh,,,CHƯA XÁC ĐỊNH KỲ,Khác/chưa xác định kênh,865728,69258,934986,Thiếu liên kết tới hóa đơn nguồn; Chưa xác định kỳ hóa đơn gốc; Chưa phân bổ chắc chắn tiền theo sản phẩm,Bang_ke_hoa_don_da_su_dung_T6.2025.xls,3983,Thiếu liên kết tới hóa đơn nguồn,"XML hóa đơn này và hóa đơn nguồn; danh sách điều chỉnh/thay thế đầy đủ, gồm các lần sửa tiếp theo.",Chưa kiểm tra,,,,
1C25TUV,00008181,24/06/2025,Hoá đơn điều chỉnh,,,CHƯA XÁC ĐỊNH KỲ,Khác/chưa xác định kênh,6380823,510466,6891289,Thiếu liên kết tới hóa đơn nguồn; Chưa xác định kỳ hóa đơn gốc; Chưa phân bổ chắc chắn tiền theo sản phẩm,Bang_ke_hoa_don_da_su_dung_T6.2025.xls,3984,Thiếu liên kết tới hóa đơn nguồn,"XML hóa đơn này và hóa đơn nguồn; danh sách điều chỉnh/thay thế đầy đủ, gồm các lần sửa tiếp theo.",Chưa kiểm tra,,,,
1C25TUV,00009186,29/06/2025,Hoá đơn điều chỉnh,1C25TUV,00009072,2025-06,TikTok,,,,Thiếu số tiền trên bảng tổng; Chưa phân bổ chắc chắn tiền theo sản phẩm,Bang_ke_hoa_don_da_su_dung_T6.2025 L2.xls,6,Thiếu số tiền trên bảng tổng,"XML và bảng kê đầy đủ tiền hàng, thuế, tổng thanh toán của hóa đơn này.",Chưa kiểm tra,,,,
1C25TUV,00009344,29/06/2025,Hoá đơn điều chỉnh,,,CHƯA XÁC ĐỊNH KỲ,Khác/chưa xác định kênh,-1143638,-114364,-1258002,Thiếu liên kết tới hóa đơn nguồn; Chưa xác định kỳ hóa đơn gốc; Chưa phân bổ chắc chắn tiền theo sản phẩm,Bang_ke_hoa_don_da_su_dung_T6.2025 L2.xls,164,Thiếu liên kết tới hóa đơn nguồn,"XML hóa đơn này và hóa đơn nguồn; danh sách điều chỉnh/thay thế đầy đủ, gồm các lần sửa tiếp theo.",Chưa kiểm tra,,,,
1C25TUV,00009345,29/06/2025,Hoá đơn điều chỉnh,,,CHƯA XÁC ĐỊNH KỲ,Khác/chưa xác định kênh,-2544545,-254455,-2799000,Thiếu liên kết tới hóa đơn nguồn; Chưa xác định kỳ hóa đơn gốc; Chưa phân bổ chắc chắn tiền theo sản phẩm,Bang_ke_hoa_don_da_su_dung_T6.2025 L2.xls,165,Thiếu liên kết tới hóa đơn nguồn,"XML hóa đơn này và hóa đơn nguồn; danh sách điều chỉnh/thay thế đầy đủ, gồm các lần sửa tiếp theo.",Chưa kiểm tra,,,,
1C25TUV,00009346,29/06/2025,Hoá đơn điều chỉnh,,,CHƯA XÁC ĐỊNH KỲ,Khác/chưa xác định kênh,-3432110,-343211,-3775321,Thiếu liên kết tới hóa đơn nguồn; Chưa xác định kỳ hóa đơn gốc; Chưa phân bổ chắc chắn tiền theo sản phẩm,Bang_ke_hoa_don_da_su_dung_T6.2025 L2.xls,166,Thiếu liên kết tới hóa đơn nguồn,"XML hóa đơn này và hóa đơn nguồn; danh sách điều chỉnh/thay thế đầy đủ, gồm các lần sửa tiếp theo.",Chưa kiểm tra,,,,
1C25TUV,00009347,29/06/2025,Hoá đơn điều chỉnh,,,CHƯA XÁC ĐỊNH KỲ,Khác/chưa xác định kênh,73320,7332,80652,Thiếu liên kết tới hóa đơn nguồn; Chưa xác định kỳ hóa đơn gốc; Chưa phân bổ chắc chắn tiền theo sản phẩm,Bang_ke_hoa_don_da_su_dung_T6.2025 L2.xls,167,Thiếu liên kết tới hóa đơn nguồn,"XML hóa đơn này và hóa đơn nguồn; danh sách điều chỉnh/thay thế đầy đủ, gồm các lần sửa tiếp theo.",Chưa kiểm tra,,,,
1C25TUV,00009348,29/06/2025,Hoá đơn điều chỉnh,,,CHƯA XÁC ĐỊNH KỲ,Khác/chưa xác định kênh,-1530637,-153064,-1683701,Thiếu liên kết tới hóa đơn nguồn; Chưa xác định kỳ hóa đơn gốc; Chưa phân bổ chắc chắn tiền theo sản phẩm,Bang_ke_hoa_don_da_su_dung_T6.2025 L2.xls,168,Thiếu liên kết tới hóa đơn nguồn,"XML hóa đơn này và hóa đơn nguồn; danh sách điều chỉnh/thay thế đầy đủ, gồm các lần sửa tiếp theo.",Chưa kiểm tra,,,,
1C25TUV,00009349,29/06/2025,Hoá đơn điều chỉnh,,,CHƯA XÁC ĐỊNH KỲ,Khác/chưa xác định kênh,-2396491,-239649,-2636140,Thiếu liên kết tới hóa đơn nguồn; Chưa xác định kỳ hóa đơn gốc; Chưa phân bổ chắc chắn tiền theo sản phẩm,Bang_ke_hoa_don_da_su_dung_T6.2025 L2.xls,169,Thiếu liên kết tới hóa đơn nguồn,"XML hóa đơn này và hóa đơn nguồn; danh sách điều chỉnh/thay thế đầy đủ, gồm các lần sửa tiếp theo.",Chưa kiểm tra,,,,
1C25TUV,00009350,29/06/2025,Hoá đơn điều chỉnh,,,CHƯA XÁC ĐỊNH KỲ,Khác/chưa xác định kênh,511283,51128,562411,Thiếu liên kết tới hóa đơn nguồn; Chưa xác định kỳ hóa đơn gốc; Chưa phân bổ chắc chắn tiền theo sản phẩm,Bang_ke_hoa_don_da_su_dung_T6.2025 L2.xls,170,Thiếu liên kết tới hóa đơn nguồn,"XML hóa đơn này và hóa đơn nguồn; danh sách điều chỉnh/thay thế đầy đủ, gồm các lần sửa tiếp theo.",Chưa kiểm tra,,,,
1C25TUV,00009351,29/06/2025,Hoá đơn điều chỉnh,,,CHƯA XÁC ĐỊNH KỲ,Khác/chưa xác định kênh,-12779455,-1277945,-14057400,Thiếu liên kết tới hóa đơn nguồn; Chưa xác định kỳ hóa đơn gốc; Chưa phân bổ chắc chắn tiền theo sản phẩm,Bang_ke_hoa_don_da_su_dung_T6.2025 L2.xls,171,Thiếu liên kết tới hóa đơn nguồn,"XML hóa đơn này và hóa đơn nguồn; danh sách điều chỉnh/thay thế đầy đủ, gồm các lần sửa tiếp theo.",Chưa kiểm tra,,,,
1C25TUV,00009352,29/06/2025,Hoá đơn điều chỉnh,,,CHƯA XÁC ĐỊNH KỲ,Khác/chưa xác định kênh,-2330904,-233090,-2563994,Thiếu liên kết tới hóa đơn nguồn; Chưa xác định kỳ hóa đơn gốc; Chưa phân bổ chắc chắn tiền theo sản phẩm,Bang_ke_hoa_don_da_su_dung_T6.2025 L2.xls,172,Thiếu liên kết tới hóa đơn nguồn,"XML hóa đơn này và hóa đơn nguồn; danh sách điều chỉnh/thay thế đầy đủ, gồm các lần sửa tiếp theo.",Chưa kiểm tra,,,,
1C25TUV,00009353,29/06/2025,Hoá đơn điều chỉnh,,,CHƯA XÁC ĐỊNH KỲ,Khác/chưa xác định kênh,-6402652,-640265,-7042917,Thiếu liên kết tới hóa đơn nguồn; Chưa xác định kỳ hóa đơn gốc; Chưa phân bổ chắc chắn tiền theo sản phẩm,Bang_ke_hoa_don_da_su_dung_T6.2025 L2.xls,173,Thiếu liên kết tới hóa đơn nguồn,"XML hóa đơn này và hóa đơn nguồn; danh sách điều chỉnh/thay thế đầy đủ, gồm các lần sửa tiếp theo.",Chưa kiểm tra,,,,
1C25TUV,00009354,29/06/2025,Hoá đơn điều chỉnh,,,CHƯA XÁC ĐỊNH KỲ,Khác/chưa xác định kênh,-3708946,-370895,-4079841,Thiếu liên kết tới hóa đơn nguồn; Chưa xác định kỳ hóa đơn gốc; Chưa phân bổ chắc chắn tiền theo sản phẩm,Bang_ke_hoa_don_da_su_dung_T6.2025 L2.xls,174,Thiếu liên kết tới hóa đơn nguồn,"XML hóa đơn này và hóa đơn nguồn; danh sách điều chỉnh/thay thế đầy đủ, gồm các lần sửa tiếp theo.",Chưa kiểm tra,,,,
1C25TUV,00009355,30/06/2025,Hoá đơn điều chỉnh,,,CHƯA XÁC ĐỊNH KỲ,Khác/chưa xác định kênh,-314792,-31479,-346271,Thiếu liên kết tới hóa đơn nguồn; Chưa xác định kỳ hóa đơn gốc; Chưa phân bổ chắc chắn tiền theo sản phẩm,Bang_ke_hoa_don_da_su_dung_T6.2025 L2.xls,175,Thiếu liên kết tới hóa đơn nguồn,"XML hóa đơn này và hóa đơn nguồn; danh sách điều chỉnh/thay thế đầy đủ, gồm các lần sửa tiếp theo.",Chưa kiểm tra,,,,
1C25TUV,00009356,30/06/2025,Hoá đơn điều chỉnh,,,CHƯA XÁC ĐỊNH KỲ,Khác/chưa xác định kênh,-1947776,-194778,-2142554,Thiếu liên kết tới hóa đơn nguồn; Chưa xác định kỳ hóa đơn gốc; Chưa phân bổ chắc chắn tiền theo sản phẩm,Bang_ke_hoa_don_da_su_dung_T6.2025 L2.xls,176,Thiếu liên kết tới hóa đơn nguồn,"XML hóa đơn này và hóa đơn nguồn; danh sách điều chỉnh/thay thế đầy đủ, gồm các lần sửa tiếp theo.",Chưa kiểm tra,,,,
1C25TUV,00009357,30/06/2025,Hoá đơn thay thế,,,CHƯA XÁC ĐỊNH KỲ,Khác/chưa xác định kênh,5815455,581546,6397001,Thiếu liên kết tới hóa đơn nguồn; Chưa xác định kỳ hóa đơn gốc,Bang_ke_hoa_don_da_su_dung_T6.2025 L2.xls,177,Thiếu liên kết tới hóa đơn nguồn,"XML hóa đơn này và hóa đơn nguồn; danh sách điều chỉnh/thay thế đầy đủ, gồm các lần sửa tiếp theo.",Chưa kiểm tra,,,,
1C25TUV,00009358,30/06/2025,Hoá đơn thay thế,,,CHƯA XÁC ĐỊNH KỲ,Khác/chưa xác định kênh,19627274,1962727,21590001,Thiếu liên kết tới hóa đơn nguồn; Chưa xác định kỳ hóa đơn gốc,Bang_ke_hoa_don_da_su_dung_T6.2025 L2.xls,178,Thiếu liên kết tới hóa đơn nguồn,"XML hóa đơn này và hóa đơn nguồn; danh sách điều chỉnh/thay thế đầy đủ, gồm các lần sửa tiếp theo.",Chưa kiểm tra,,,,
1C25TUV,00009359,30/06/2025,Hoá đơn thay thế,,,CHƯA XÁC ĐỊNH KỲ,Khác/chưa xác định kênh,26170000,2617000,28787000,"Thiếu liên kết tới hóa đơn nguồn; Chưa xác định kỳ hóa đơn gốc; Dòng đủ tiền khớp tổng; dòng thiếu tiền giữ riêng, chưa phân bổ lượng",Bang_ke_hoa_don_da_su_dung_T6.2025 L2.xls,179,Thiếu liên kết tới hóa đơn nguồn,"XML hóa đơn này và hóa đơn nguồn; danh sách điều chỉnh/thay thế đầy đủ, gồm các lần sửa tiếp theo.",Chưa kiểm tra,,,,
1C25TUV,00009360,30/06/2025,Hoá đơn thay thế,,,CHƯA XÁC ĐỊNH KỲ,Khác/chưa xác định kênh,22889088,2288909,25177997,"Thiếu liên kết tới hóa đơn nguồn; Chưa xác định kỳ hóa đơn gốc; Dòng đủ tiền khớp tổng; dòng thiếu tiền giữ riêng, chưa phân bổ lượng",Bang_ke_hoa_don_da_su_dung_T6.2025 L2.xls,180,Thiếu liên kết tới hóa đơn nguồn,"XML hóa đơn này và hóa đơn nguồn; danh sách điều chỉnh/thay thế đầy đủ, gồm các lần sửa tiếp theo.",Chưa kiểm tra,,,,
1C25TUV,00009361,30/06/2025,Hoá đơn điều chỉnh,,,CHƯA XÁC ĐỊNH KỲ,Khác/chưa xác định kênh,1302478,130248,1432726,Thiếu liên kết tới hóa đơn nguồn; Chưa xác định kỳ hóa đơn gốc; Chưa phân bổ chắc chắn tiền theo sản phẩm,Bang_ke_hoa_don_da_su_dung_T6.2025 L2.xls,181,Thiếu liên kết tới hóa đơn nguồn,"XML hóa đơn này và hóa đơn nguồn; danh sách điều chỉnh/thay thế đầy đủ, gồm các lần sửa tiếp theo.",Chưa kiểm tra,,,,
1C25TUV,00009362,30/06/2025,Hoá đơn điều chỉnh,,,CHƯA XÁC ĐỊNH KỲ,Khác/chưa xác định kênh,84026,6722,90748,Thiếu liên kết tới hóa đơn nguồn; Chưa xác định kỳ hóa đơn gốc; Chưa phân bổ chắc chắn tiền theo sản phẩm,Bang_ke_hoa_don_da_su_dung_T6.2025 L2.xls,182,Thiếu liên kết tới hóa đơn nguồn,"XML hóa đơn này và hóa đơn nguồn; danh sách điều chỉnh/thay thế đầy đủ, gồm các lần sửa tiếp theo.",Chưa kiểm tra,,,,
1C25TUV,00009363,30/06/2025,Hoá đơn điều chỉnh,,,CHƯA XÁC ĐỊNH KỲ,Khác/chưa xác định kênh,5972966,477837,6450803,Thiếu liên kết tới hóa đơn nguồn; Chưa xác định kỳ hóa đơn gốc; Chưa phân bổ chắc chắn tiền theo sản phẩm,Bang_ke_hoa_don_da_su_dung_T6.2025 L2.xls,183,Thiếu liên kết tới hóa đơn nguồn,"XML hóa đơn này và hóa đơn nguồn; danh sách điều chỉnh/thay thế đầy đủ, gồm các lần sửa tiếp theo.",Chưa kiểm tra,,,,
1C25TUV,00009364,30/06/2025,Hoá đơn điều chỉnh,,,CHƯA XÁC ĐỊNH KỲ,Khác/chưa xác định kênh,1128246,90260,1218506,Thiếu liên kết tới hóa đơn nguồn; Chưa xác định kỳ hóa đơn gốc; Chưa phân bổ chắc chắn tiền theo sản phẩm,Bang_ke_hoa_don_da_su_dung_T6.2025 L2.xls,184,Thiếu liên kết tới hóa đơn nguồn,"XML hóa đơn này và hóa đơn nguồn; danh sách điều chỉnh/thay thế đầy đủ, gồm các lần sửa tiếp theo.",Chưa kiểm tra,,,,
1C25TUV,00009365,30/06/2025,Hoá đơn điều chỉnh,,,CHƯA XÁC ĐỊNH KỲ,Khác/chưa xác định kênh,952894,76232,1029126,Thiếu liên kết tới hóa đơn nguồn; Chưa xác định kỳ hóa đơn gốc; Chưa phân bổ chắc chắn tiền theo sản phẩm,Bang_ke_hoa_don_da_su_dung_T6.2025 L2.xls,185,Thiếu liên kết tới hóa đơn nguồn,"XML hóa đơn này và hóa đơn nguồn; danh sách điều chỉnh/thay thế đầy đủ, gồm các lần sửa tiếp theo.",Chưa kiểm tra,,,,
1C25TUV,00009366,30/06/2025,Hoá đơn điều chỉnh,,,CHƯA XÁC ĐỊNH KỲ,Khác/chưa xác định kênh,104942,8395,113337,Thiếu liên kết tới hóa đơn nguồn; Chưa xác định kỳ hóa đơn gốc; Chưa phân bổ chắc chắn tiền theo sản phẩm,Bang_ke_hoa_don_da_su_dung_T6.2025 L2.xls,186,Thiếu liên kết tới hóa đơn nguồn,"XML hóa đơn này và hóa đơn nguồn; danh sách điều chỉnh/thay thế đầy đủ, gồm các lần sửa tiếp theo.",Chưa kiểm tra,,,,
1C25TUV,00009367,30/06/2025,Hoá đơn điều chỉnh,,,CHƯA XÁC ĐỊNH KỲ,Khác/chưa xác định kênh,5116685,409335,5526020,Thiếu liên kết tới hóa đơn nguồn; Chưa xác định kỳ hóa đơn gốc; Chưa phân bổ chắc chắn tiền theo sản phẩm,Bang_ke_hoa_don_da_su_dung_T6.2025 L2.xls,187,Thiếu liên kết tới hóa đơn nguồn,"XML hóa đơn này và hóa đơn nguồn; danh sách điều chỉnh/thay thế đầy đủ, gồm các lần sửa tiếp theo.",Chưa kiểm tra,,,,
1C25TUV,00009368,30/06/2025,Hoá đơn điều chỉnh,,,CHƯA XÁC ĐỊNH KỲ,Khác/chưa xác định kênh,5754484,460359,6214843,Thiếu liên kết tới hóa đơn nguồn; Chưa xác định kỳ hóa đơn gốc; Chưa phân bổ chắc chắn tiền theo sản phẩm,Bang_ke_hoa_don_da_su_dung_T6.2025 L2.xls,188,Thiếu liên kết tới hóa đơn nguồn,"XML hóa đơn này và hóa đơn nguồn; danh sách điều chỉnh/thay thế đầy đủ, gồm các lần sửa tiếp theo.",Chưa kiểm tra,,,,
1C25TUV,00009369,30/06/2025,Hoá đơn điều chỉnh,,,CHƯA XÁC ĐỊNH KỲ,Khác/chưa xác định kênh,2996893,239751,3236644,Thiếu liên kết tới hóa đơn nguồn; Chưa xác định kỳ hóa đơn gốc; Chưa phân bổ chắc chắn tiền theo sản phẩm,Bang_ke_hoa_don_da_su_dung_T6.2025 L2.xls,189,Thiếu liên kết tới hóa đơn nguồn,"XML hóa đơn này và hóa đơn nguồn; danh sách điều chỉnh/thay thế đầy đủ, gồm các lần sửa tiếp theo.",Chưa kiểm tra,,,,
1C25TUV,00009370,30/06/2025,Hoá đơn điều chỉnh,,,CHƯA XÁC ĐỊNH KỲ,Khác/chưa xác định kênh,332535,26603,359138,Thiếu liên kết tới hóa đơn nguồn; Chưa xác định kỳ hóa đơn gốc; Chưa phân bổ chắc chắn tiền theo sản phẩm,Bang_ke_hoa_don_da_su_dung_T6.2025 L2.xls,190,Thiếu liên kết tới hóa đơn nguồn,"XML hóa đơn này và hóa đơn nguồn; danh sách điều chỉnh/thay thế đầy đủ, gồm các lần sửa tiếp theo.",Chưa kiểm tra,,,,
1C25TUV,00009371,30/06/2025,Hoá đơn điều chỉnh,,,CHƯA XÁC ĐỊNH KỲ,Khác/chưa xác định kênh,-666940,-53355,-720295,Thiếu liên kết tới hóa đơn nguồn; Chưa xác định kỳ hóa đơn gốc; Chưa phân bổ chắc chắn tiền theo sản phẩm,Bang_ke_hoa_don_da_su_dung_T6.2025 L2.xls,191,Thiếu liên kết tới hóa đơn nguồn,"XML hóa đơn này và hóa đơn nguồn; danh sách điều chỉnh/thay thế đầy đủ, gồm các lần sửa tiếp theo.",Chưa kiểm tra,,,,
1C25TUV,00009372,30/06/2025,Hoá đơn điều chỉnh,,,CHƯA XÁC ĐỊNH KỲ,Khác/chưa xác định kênh,-1247508,-99801,-1347309,Thiếu liên kết tới hóa đơn nguồn; Chưa xác định kỳ hóa đơn gốc; Chưa phân bổ chắc chắn tiền theo sản phẩm,Bang_ke_hoa_don_da_su_dung_T6.2025 L2.xls,192,Thiếu liên kết tới hóa đơn nguồn,"XML hóa đơn này và hóa đơn nguồn; danh sách điều chỉnh/thay thế đầy đủ, gồm các lần sửa tiếp theo.",Chưa kiểm tra,,,,
1C25TUV,00009373,30/06/2025,Hoá đơn điều chỉnh,,,CHƯA XÁC ĐỊNH KỲ,Khác/chưa xác định kênh,2946145,235692,3181837,Thiếu liên kết tới hóa đơn nguồn; Chưa xác định kỳ hóa đơn gốc; Chưa phân bổ chắc chắn tiền theo sản phẩm,Bang_ke_hoa_don_da_su_dung_T6.2025 L2.xls,193,Thiếu liên kết tới hóa đơn nguồn,"XML hóa đơn này và hóa đơn nguồn; danh sách điều chỉnh/thay thế đầy đủ, gồm các lần sửa tiếp theo.",Chưa kiểm tra,,,,
1C25TUV,00009374,30/06/2025,Hoá đơn điều chỉnh,,,CHƯA XÁC ĐỊNH KỲ,Khác/chưa xác định kênh,375842,30067,405909,Thiếu liên kết tới hóa đơn nguồn; Chưa xác định kỳ hóa đơn gốc; Chưa phân bổ chắc chắn tiền theo sản phẩm,Bang_ke_hoa_don_da_su_dung_T6.2025 L2.xls,194,Thiếu liên kết tới hóa đơn nguồn,"XML hóa đơn này và hóa đơn nguồn; danh sách điều chỉnh/thay thế đầy đủ, gồm các lần sửa tiếp theo.",Chưa kiểm tra,,,,
1C25TUV,00009376,30/06/2025,Hoá đơn điều chỉnh,,,CHƯA XÁC ĐỊNH KỲ,Khác/chưa xác định kênh,2373165,189853,2563018,Thiếu liên kết tới hóa đơn nguồn; Chưa xác định kỳ hóa đơn gốc; Chưa phân bổ chắc chắn tiền theo sản phẩm,Bang_ke_hoa_don_da_su_dung_T6.2025 L2.xls,196,Thiếu liên kết tới hóa đơn nguồn,"XML hóa đơn này và hóa đơn nguồn; danh sách điều chỉnh/thay thế đầy đủ, gồm các lần sửa tiếp theo.",Chưa kiểm tra,,,,
1C25TUV,00009377,30/06/2025,Hoá đơn điều chỉnh,,,CHƯA XÁC ĐỊNH KỲ,Khác/chưa xác định kênh,683390,54671,738061,Thiếu liên kết tới hóa đơn nguồn; Chưa xác định kỳ hóa đơn gốc; Chưa phân bổ chắc chắn tiền theo sản phẩm,Bang_ke_hoa_don_da_su_dung_T6.2025 L2.xls,197,Thiếu liên kết tới hóa đơn nguồn,"XML hóa đơn này và hóa đơn nguồn; danh sách điều chỉnh/thay thế đầy đủ, gồm các lần sửa tiếp theo.",Chưa kiểm tra,,,,
1C25TUV,00009378,30/06/2025,Hoá đơn điều chỉnh,,,CHƯA XÁC ĐỊNH KỲ,Khác/chưa xác định kênh,1475321,118026,1593347,Thiếu liên kết tới hóa đơn nguồn; Chưa xác định kỳ hóa đơn gốc; Chưa phân bổ chắc chắn tiền theo sản phẩm,Bang_ke_hoa_don_da_su_dung_T6.2025 L2.xls,198,Thiếu liên kết tới hóa đơn nguồn,"XML hóa đơn này và hóa đơn nguồn; danh sách điều chỉnh/thay thế đầy đủ, gồm các lần sửa tiếp theo.",Chưa kiểm tra,,,,
1C25TUV,00009379,30/06/2025,Hoá đơn điều chỉnh,,,CHƯA XÁC ĐỊNH KỲ,Khác/chưa xác định kênh,-5604271,-448342,-6052613,Thiếu liên kết tới hóa đơn nguồn; Chưa xác định kỳ hóa đơn gốc; Chưa phân bổ chắc chắn tiền theo sản phẩm,Bang_ke_hoa_don_da_su_dung_T6.2025 L2.xls,199,Thiếu liên kết tới hóa đơn nguồn,"XML hóa đơn này và hóa đơn nguồn; danh sách điều chỉnh/thay thế đầy đủ, gồm các lần sửa tiếp theo.",Chưa kiểm tra,,,,
1C25TUV,00009380,30/06/2025,Hoá đơn thay thế,,,CHƯA XÁC ĐỊNH KỲ,Khác/chưa xác định kênh,22122222,1769778,23892000,"Thiếu liên kết tới hóa đơn nguồn; Chưa xác định kỳ hóa đơn gốc; Dòng đủ tiền khớp tổng; dòng thiếu tiền giữ riêng, chưa phân bổ lượng",Bang_ke_hoa_don_da_su_dung_T6.2025 L2.xls,200,Thiếu liên kết tới hóa đơn nguồn,"XML hóa đơn này và hóa đơn nguồn; danh sách điều chỉnh/thay thế đầy đủ, gồm các lần sửa tiếp theo.",Chưa kiểm tra,,,,
1C25TUV,00009381,30/06/2025,Hoá đơn điều chỉnh,,,CHƯA XÁC ĐỊNH KỲ,Khác/chưa xác định kênh,76736,6139,82875,Thiếu liên kết tới hóa đơn nguồn; Chưa xác định kỳ hóa đơn gốc; Chưa phân bổ chắc chắn tiền theo sản phẩm,Bang_ke_hoa_don_da_su_dung_T6.2025 L2.xls,201,Thiếu liên kết tới hóa đơn nguồn,"XML hóa đơn này và hóa đơn nguồn; danh sách điều chỉnh/thay thế đầy đủ, gồm các lần sửa tiếp theo.",Chưa kiểm tra,,,,
1C25TUV,00009382,30/06/2025,Hoá đơn điều chỉnh,,,CHƯA XÁC ĐỊNH KỲ,Khác/chưa xác định kênh,8204664,656373,8861037,Thiếu liên kết tới hóa đơn nguồn; Chưa xác định kỳ hóa đơn gốc; Chưa phân bổ chắc chắn tiền theo sản phẩm,Bang_ke_hoa_don_da_su_dung_T6.2025 L2.xls,202,Thiếu liên kết tới hóa đơn nguồn,"XML hóa đơn này và hóa đơn nguồn; danh sách điều chỉnh/thay thế đầy đủ, gồm các lần sửa tiếp theo.",Chưa kiểm tra,,,,
1C25TUV,00009383,30/06/2025,Hoá đơn điều chỉnh,,,CHƯA XÁC ĐỊNH KỲ,Khác/chưa xác định kênh,4115580,329246,4444826,Thiếu liên kết tới hóa đơn nguồn; Chưa xác định kỳ hóa đơn gốc; Chưa phân bổ chắc chắn tiền theo sản phẩm,Bang_ke_hoa_don_da_su_dung_T6.2025 L2.xls,203,Thiếu liên kết tới hóa đơn nguồn,"XML hóa đơn này và hóa đơn nguồn; danh sách điều chỉnh/thay thế đầy đủ, gồm các lần sửa tiếp theo.",Chưa kiểm tra,,,,
1C25TUV,00009384,30/06/2025,Hoá đơn điều chỉnh,,,CHƯA XÁC ĐỊNH KỲ,Khác/chưa xác định kênh,1671215,133697,1804912,Thiếu liên kết tới hóa đơn nguồn; Chưa xác định kỳ hóa đơn gốc; Chưa phân bổ chắc chắn tiền theo sản phẩm,Bang_ke_hoa_don_da_su_dung_T6.2025 L2.xls,204,Thiếu liên kết tới hóa đơn nguồn,"XML hóa đơn này và hóa đơn nguồn; danh sách điều chỉnh/thay thế đầy đủ, gồm các lần sửa tiếp theo.",Chưa kiểm tra,,,,
1C25TUV,00009385,30/06/2025,Hoá đơn điều chỉnh,,,CHƯA XÁC ĐỊNH KỲ,Khác/chưa xác định kênh,664937,53195,718132,Thiếu liên kết tới hóa đơn nguồn; Chưa xác định kỳ hóa đơn gốc; Chưa phân bổ chắc chắn tiền theo sản phẩm,Bang_ke_hoa_don_da_su_dung_T6.2025 L2.xls,205,Thiếu liên kết tới hóa đơn nguồn,"XML hóa đơn này và hóa đơn nguồn; danh sách điều chỉnh/thay thế đầy đủ, gồm các lần sửa tiếp theo.",Chưa kiểm tra,,,,
1C25TUV,00009386,30/06/2025,Hoá đơn điều chỉnh,,,CHƯA XÁC ĐỊNH KỲ,Khác/chưa xác định kênh,1067828,85426,1153254,Thiếu liên kết tới hóa đơn nguồn; Chưa xác định kỳ hóa đơn gốc; Chưa phân bổ chắc chắn tiền theo sản phẩm,Bang_ke_hoa_don_da_su_dung_T6.2025 L2.xls,206,Thiếu liên kết tới hóa đơn nguồn,"XML hóa đơn này và hóa đơn nguồn; danh sách điều chỉnh/thay thế đầy đủ, gồm các lần sửa tiếp theo.",Chưa kiểm tra,,,,
1C25TUV,00009387,30/06/2025,Hoá đơn điều chỉnh,,,CHƯA XÁC ĐỊNH KỲ,Khác/chưa xác định kênh,-2328371,-186270,-2514641,Thiếu liên kết tới hóa đơn nguồn; Chưa xác định kỳ hóa đơn gốc; Chưa phân bổ chắc chắn tiền theo sản phẩm,Bang_ke_hoa_don_da_su_dung_T6.2025 L2.xls,207,Thiếu liên kết tới hóa đơn nguồn,"XML hóa đơn này và hóa đơn nguồn; danh sách điều chỉnh/thay thế đầy đủ, gồm các lần sửa tiếp theo.",Chưa kiểm tra,,,,
1C25TUV,00009388,30/06/2025,Hoá đơn điều chỉnh,,,CHƯA XÁC ĐỊNH KỲ,Khác/chưa xác định kênh,67900,5432,73332,Thiếu liên kết tới hóa đơn nguồn; Chưa xác định kỳ hóa đơn gốc; Chưa phân bổ chắc chắn tiền theo sản phẩm,Bang_ke_hoa_don_da_su_dung_T6.2025 L2.xls,208,Thiếu liên kết tới hóa đơn nguồn,"XML hóa đơn này và hóa đơn nguồn; danh sách điều chỉnh/thay thế đầy đủ, gồm các lần sửa tiếp theo.",Chưa kiểm tra,,,,
1C25TUV,00009389,30/06/2025,Hoá đơn điều chỉnh,,,CHƯA XÁC ĐỊNH KỲ,Khác/chưa xác định kênh,904596,72368,976964,Thiếu liên kết tới hóa đơn nguồn; Chưa xác định kỳ hóa đơn gốc; Chưa phân bổ chắc chắn tiền theo sản phẩm,Bang_ke_hoa_don_da_su_dung_T6.2025 L2.xls,209,Thiếu liên kết tới hóa đơn nguồn,"XML hóa đơn này và hóa đơn nguồn; danh sách điều chỉnh/thay thế đầy đủ, gồm các lần sửa tiếp theo.",Chưa kiểm tra,,,,
1C25TUV,00009390,30/06/2025,Hoá đơn điều chỉnh,,,CHƯA XÁC ĐỊNH KỲ,Khác/chưa xác định kênh,6722318,537785,7260103,Thiếu liên kết tới hóa đơn nguồn; Chưa xác định kỳ hóa đơn gốc; Chưa phân bổ chắc chắn tiền theo sản phẩm,Bang_ke_hoa_don_da_su_dung_T6.2025 L2.xls,210,Thiếu liên kết tới hóa đơn nguồn,"XML hóa đơn này và hóa đơn nguồn; danh sách điều chỉnh/thay thế đầy đủ, gồm các lần sửa tiếp theo.",Chưa kiểm tra,,,,
1C25TUV,00009391,30/06/2025,Hoá đơn điều chỉnh,,,CHƯA XÁC ĐỊNH KỲ,Khác/chưa xác định kênh,340270,27222,367492,Thiếu liên kết tới hóa đơn nguồn; Chưa xác định kỳ hóa đơn gốc; Chưa phân bổ chắc chắn tiền theo sản phẩm,Bang_ke_hoa_don_da_su_dung_T6.2025 L2.xls,211,Thiếu liên kết tới hóa đơn nguồn,"XML hóa đơn này và hóa đơn nguồn; danh sách điều chỉnh/thay thế đầy đủ, gồm các lần sửa tiếp theo.",Chưa kiểm tra,,,,
1C25TUV,00009392,30/06/2025,Hoá đơn điều chỉnh,,,CHƯA XÁC ĐỊNH KỲ,Khác/chưa xác định kênh,1051908,84153,1136061,Thiếu liên kết tới hóa đơn nguồn; Chưa xác định kỳ hóa đơn gốc; Chưa phân bổ chắc chắn tiền theo sản phẩm,Bang_ke_hoa_don_da_su_dung_T6.2025 L2.xls,212,Thiếu liên kết tới hóa đơn nguồn,"XML hóa đơn này và hóa đơn nguồn; danh sách điều chỉnh/thay thế đầy đủ, gồm các lần sửa tiếp theo.",Chưa kiểm tra,,,,
1C25TUV,00009393,30/06/2025,Hoá đơn điều chỉnh,,,CHƯA XÁC ĐỊNH KỲ,Khác/chưa xác định kênh,-915192,-73215,-988407,Thiếu liên kết tới hóa đơn nguồn; Chưa xác định kỳ hóa đơn gốc; Chưa phân bổ chắc chắn tiền theo sản phẩm,Bang_ke_hoa_don_da_su_dung_T6.2025 L2.xls,213,Thiếu liên kết tới hóa đơn nguồn,"XML hóa đơn này và hóa đơn nguồn; danh sách điều chỉnh/thay thế đầy đủ, gồm các lần sửa tiếp theo.",Chưa kiểm tra,,,,
1C25TUV,00009394,30/06/2025,Hoá đơn điều chỉnh,,,CHƯA XÁC ĐỊNH KỲ,Khác/chưa xác định kênh,473038,37843,510881,Thiếu liên kết tới hóa đơn nguồn; Chưa xác định kỳ hóa đơn gốc; Chưa phân bổ chắc chắn tiền theo sản phẩm,Bang_ke_hoa_don_da_su_dung_T6.2025 L2.xls,214,Thiếu liên kết tới hóa đơn nguồn,"XML hóa đơn này và hóa đơn nguồn; danh sách điều chỉnh/thay thế đầy đủ, gồm các lần sửa tiếp theo.",Chưa kiểm tra,,,,
1C25TUV,00009395,30/06/2025,Hoá đơn thay thế,,,CHƯA XÁC ĐỊNH KỲ,Khác/chưa xác định kênh,66933333,5354667,72288000,"Thiếu liên kết tới hóa đơn nguồn; Chưa xác định kỳ hóa đơn gốc; Dòng đủ tiền khớp tổng; dòng thiếu tiền giữ riêng, chưa phân bổ lượng",Bang_ke_hoa_don_da_su_dung_T6.2025 L2.xls,215,Thiếu liên kết tới hóa đơn nguồn,"XML hóa đơn này và hóa đơn nguồn; danh sách điều chỉnh/thay thế đầy đủ, gồm các lần sửa tiếp theo.",Chưa kiểm tra,,,,
1C25TUV,00009396,30/06/2025,Hoá đơn thay thế,,,CHƯA XÁC ĐỊNH KỲ,Khác/chưa xác định kênh,12025926,962074,12988000,"Thiếu liên kết tới hóa đơn nguồn; Chưa xác định kỳ hóa đơn gốc; Dòng đủ tiền khớp tổng; dòng thiếu tiền giữ riêng, chưa phân bổ lượng",Bang_ke_hoa_don_da_su_dung_T6.2025 L2.xls,216,Thiếu liên kết tới hóa đơn nguồn,"XML hóa đơn này và hóa đơn nguồn; danh sách điều chỉnh/thay thế đầy đủ, gồm các lần sửa tiếp theo.",Chưa kiểm tra,,,,
1C25TUV,00009397,30/06/2025,Hoá đơn thay thế,,,CHƯA XÁC ĐỊNH KỲ,Khác/chưa xác định kênh,19788889,1583111,21372000,"Thiếu liên kết tới hóa đơn nguồn; Chưa xác định kỳ hóa đơn gốc; Dòng đủ tiền khớp tổng; dòng thiếu tiền giữ riêng, chưa phân bổ lượng",Bang_ke_hoa_don_da_su_dung_T6.2025 L2.xls,217,Thiếu liên kết tới hóa đơn nguồn,"XML hóa đơn này và hóa đơn nguồn; danh sách điều chỉnh/thay thế đầy đủ, gồm các lần sửa tiếp theo.",Chưa kiểm tra,,,,
1C25TUV,00009398,30/06/2025,Hoá đơn điều chỉnh,,,CHƯA XÁC ĐỊNH KỲ,Khác/chưa xác định kênh,-1861202,-148896,-2010098,Thiếu liên kết tới hóa đơn nguồn; Chưa xác định kỳ hóa đơn gốc; Chưa phân bổ chắc chắn tiền theo sản phẩm,Bang_ke_hoa_don_da_su_dung_T6.2025 L2.xls,218,Thiếu liên kết tới hóa đơn nguồn,"XML hóa đơn này và hóa đơn nguồn; danh sách điều chỉnh/thay thế đầy đủ, gồm các lần sửa tiếp theo.",Chưa kiểm tra,,,,
1C25TUV,00009399,30/06/2025,Hoá đơn điều chỉnh,,,CHƯA XÁC ĐỊNH KỲ,Khác/chưa xác định kênh,-1107182,-88575,-1195757,Thiếu liên kết tới hóa đơn nguồn; Chưa xác định kỳ hóa đơn gốc; Chưa phân bổ chắc chắn tiền theo sản phẩm,Bang_ke_hoa_don_da_su_dung_T6.2025 L2.xls,219,Thiếu liên kết tới hóa đơn nguồn,"XML hóa đơn này và hóa đơn nguồn; danh sách điều chỉnh/thay thế đầy đủ, gồm các lần sửa tiếp theo.",Chưa kiểm tra,,,,
1C25TUV,00009400,30/06/2025,Hoá đơn điều chỉnh,,,CHƯA XÁC ĐỊNH KỲ,Khác/chưa xác định kênh,-2842399,-227392,-3069791,Thiếu liên kết tới hóa đơn nguồn; Chưa xác định kỳ hóa đơn gốc; Chưa phân bổ chắc chắn tiền theo sản phẩm,Bang_ke_hoa_don_da_su_dung_T6.2025 L2.xls,220,Thiếu liên kết tới hóa đơn nguồn,"XML hóa đơn này và hóa đơn nguồn; danh sách điều chỉnh/thay thế đầy đủ, gồm các lần sửa tiếp theo.",Chưa kiểm tra,,,,
1C25TUV,00009401,30/06/2025,Hoá đơn điều chỉnh,,,CHƯA XÁC ĐỊNH KỲ,Khác/chưa xác định kênh,5765345,461228,6226573,Thiếu liên kết tới hóa đơn nguồn; Chưa xác định kỳ hóa đơn gốc; Chưa phân bổ chắc chắn tiền theo sản phẩm,Bang_ke_hoa_don_da_su_dung_T6.2025 L2.xls,221,Thiếu liên kết tới hóa đơn nguồn,"XML hóa đơn này và hóa đơn nguồn; danh sách điều chỉnh/thay thế đầy đủ, gồm các lần sửa tiếp theo.",Chưa kiểm tra,,,,
1C25TUV,00009402,30/06/2025,Hoá đơn điều chỉnh,,,CHƯA XÁC ĐỊNH KỲ,Khác/chưa xác định kênh,1646762,131741,1778503,Thiếu liên kết tới hóa đơn nguồn; Chưa xác định kỳ hóa đơn gốc; Chưa phân bổ chắc chắn tiền theo sản phẩm,Bang_ke_hoa_don_da_su_dung_T6.2025 L2.xls,222,Thiếu liên kết tới hóa đơn nguồn,"XML hóa đơn này và hóa đơn nguồn; danh sách điều chỉnh/thay thế đầy đủ, gồm các lần sửa tiếp theo.",Chưa kiểm tra,,,,
1C25TUV,00009403,30/06/2025,Hoá đơn điều chỉnh,,,CHƯA XÁC ĐỊNH KỲ,Khác/chưa xác định kênh,6954566,556365,7510931,Thiếu liên kết tới hóa đơn nguồn; Chưa xác định kỳ hóa đơn gốc; Chưa phân bổ chắc chắn tiền theo sản phẩm,Bang_ke_hoa_don_da_su_dung_T6.2025 L2.xls,223,Thiếu liên kết tới hóa đơn nguồn,"XML hóa đơn này và hóa đơn nguồn; danh sách điều chỉnh/thay thế đầy đủ, gồm các lần sửa tiếp theo.",Chưa kiểm tra,,,,
1C25TUV,00009404,30/06/2025,Hoá đơn điều chỉnh,,,CHƯA XÁC ĐỊNH KỲ,Khác/chưa xác định kênh,1742946,139436,1882382,Thiếu liên kết tới hóa đơn nguồn; Chưa xác định kỳ hóa đơn gốc; Chưa phân bổ chắc chắn tiền theo sản phẩm,Bang_ke_hoa_don_da_su_dung_T6.2025 L2.xls,224,Thiếu liên kết tới hóa đơn nguồn,"XML hóa đơn này và hóa đơn nguồn; danh sách điều chỉnh/thay thế đầy đủ, gồm các lần sửa tiếp theo.",Chưa kiểm tra,,,,
1C25TUV,00009405,30/06/2025,Hoá đơn điều chỉnh,,,CHƯA XÁC ĐỊNH KỲ,Khác/chưa xác định kênh,5057888,404631,5462519,Thiếu liên kết tới hóa đơn nguồn; Chưa xác định kỳ hóa đơn gốc; Chưa phân bổ chắc chắn tiền theo sản phẩm,Bang_ke_hoa_don_da_su_dung_T6.2025 L2.xls,225,Thiếu liên kết tới hóa đơn nguồn,"XML hóa đơn này và hóa đơn nguồn; danh sách điều chỉnh/thay thế đầy đủ, gồm các lần sửa tiếp theo.",Chưa kiểm tra,,,,
1C25TUV,00009406,30/06/2025,Hoá đơn điều chỉnh,,,CHƯA XÁC ĐỊNH KỲ,Khác/chưa xác định kênh,7812805,625024,8437829,Thiếu liên kết tới hóa đơn nguồn; Chưa xác định kỳ hóa đơn gốc; Chưa phân bổ chắc chắn tiền theo sản phẩm,Bang_ke_hoa_don_da_su_dung_T6.2025 L2.xls,226,Thiếu liên kết tới hóa đơn nguồn,"XML hóa đơn này và hóa đơn nguồn; danh sách điều chỉnh/thay thế đầy đủ, gồm các lần sửa tiếp theo.",Chưa kiểm tra,,,,
1C25TUV,00009407,30/06/2025,Hoá đơn điều chỉnh,,,CHƯA XÁC ĐỊNH KỲ,Khác/chưa xác định kênh,2615679,209254,2824933,Thiếu liên kết tới hóa đơn nguồn; Chưa xác định kỳ hóa đơn gốc; Chưa phân bổ chắc chắn tiền theo sản phẩm,Bang_ke_hoa_don_da_su_dung_T6.2025 L2.xls,227,Thiếu liên kết tới hóa đơn nguồn,"XML hóa đơn này và hóa đơn nguồn; danh sách điều chỉnh/thay thế đầy đủ, gồm các lần sửa tiếp theo.",Chưa kiểm tra,,,,
1C25TUV,00009408,30/06/2025,Hoá đơn điều chỉnh,,,CHƯA XÁC ĐỊNH KỲ,Khác/chưa xác định kênh,349924,27994,377918,Thiếu liên kết tới hóa đơn nguồn; Chưa xác định kỳ hóa đơn gốc; Chưa phân bổ chắc chắn tiền theo sản phẩm,Bang_ke_hoa_don_da_su_dung_T6.2025 L2.xls,228,Thiếu liên kết tới hóa đơn nguồn,"XML hóa đơn này và hóa đơn nguồn; danh sách điều chỉnh/thay thế đầy đủ, gồm các lần sửa tiếp theo.",Chưa kiểm tra,,,,
1C25TUV,00009409,30/06/2025,Hoá đơn điều chỉnh,,,CHƯA XÁC ĐỊNH KỲ,Khác/chưa xác định kênh,1963846,157108,2120954,Thiếu liên kết tới hóa đơn nguồn; Chưa xác định kỳ hóa đơn gốc; Chưa phân bổ chắc chắn tiền theo sản phẩm,Bang_ke_hoa_don_da_su_dung_T6.2025 L2.xls,229,Thiếu liên kết tới hóa đơn nguồn,"XML hóa đơn này và hóa đơn nguồn; danh sách điều chỉnh/thay thế đầy đủ, gồm các lần sửa tiếp theo.",Chưa kiểm tra,,,,
1C25TUV,00009410,30/06/2025,Hoá đơn điều chỉnh,,,CHƯA XÁC ĐỊNH KỲ,Khác/chưa xác định kênh,4685620,374850,5060470,Thiếu liên kết tới hóa đơn nguồn; Chưa xác định kỳ hóa đơn gốc; Chưa phân bổ chắc chắn tiền theo sản phẩm,Bang_ke_hoa_don_da_su_dung_T6.2025 L2.xls,230,Thiếu liên kết tới hóa đơn nguồn,"XML hóa đơn này và hóa đơn nguồn; danh sách điều chỉnh/thay thế đầy đủ, gồm các lần sửa tiếp theo.",Chưa kiểm tra,,,,
1C25TUV,00009411,30/06/2025,Hoá đơn điều chỉnh,,,CHƯA XÁC ĐỊNH KỲ,Khác/chưa xác định kênh,8266461,661317,8927778,Thiếu liên kết tới hóa đơn nguồn; Chưa xác định kỳ hóa đơn gốc; Chưa phân bổ chắc chắn tiền theo sản phẩm,Bang_ke_hoa_don_da_su_dung_T6.2025 L2.xls,231,Thiếu liên kết tới hóa đơn nguồn,"XML hóa đơn này và hóa đơn nguồn; danh sách điều chỉnh/thay thế đầy đủ, gồm các lần sửa tiếp theo.",Chưa kiểm tra,,,,
1C25TUV,00009412,30/06/2025,Hoá đơn điều chỉnh,,,CHƯA XÁC ĐỊNH KỲ,Khác/chưa xác định kênh,3337068,266965,3604033,Thiếu liên kết tới hóa đơn nguồn; Chưa xác định kỳ hóa đơn gốc; Chưa phân bổ chắc chắn tiền theo sản phẩm,Bang_ke_hoa_don_da_su_dung_T6.2025 L2.xls,232,Thiếu liên kết tới hóa đơn nguồn,"XML hóa đơn này và hóa đơn nguồn; danh sách điều chỉnh/thay thế đầy đủ, gồm các lần sửa tiếp theo.",Chưa kiểm tra,,,,
1C25TUV,00009413,30/06/2025,Hoá đơn điều chỉnh,,,CHƯA XÁC ĐỊNH KỲ,Khác/chưa xác định kênh,2467349,197388,2664737,Thiếu liên kết tới hóa đơn nguồn; Chưa xác định kỳ hóa đơn gốc; Chưa phân bổ chắc chắn tiền theo sản phẩm,Bang_ke_hoa_don_da_su_dung_T6.2025 L2.xls,233,Thiếu liên kết tới hóa đơn nguồn,"XML hóa đơn này và hóa đơn nguồn; danh sách điều chỉnh/thay thế đầy đủ, gồm các lần sửa tiếp theo.",Chưa kiểm tra,,,,
1C25TUV,00009414,30/06/2025,Hoá đơn điều chỉnh,,,CHƯA XÁC ĐỊNH KỲ,Khác/chưa xác định kênh,451602,36128,487730,Thiếu liên kết tới hóa đơn nguồn; Chưa xác định kỳ hóa đơn gốc; Chưa phân bổ chắc chắn tiền theo sản phẩm,Bang_ke_hoa_don_da_su_dung_T6.2025 L2.xls,234,Thiếu liên kết tới hóa đơn nguồn,"XML hóa đơn này và hóa đơn nguồn; danh sách điều chỉnh/thay thế đầy đủ, gồm các lần sửa tiếp theo.",Chưa kiểm tra,,,,
1C25TUV,00009415,30/06/2025,Hoá đơn điều chỉnh,,,CHƯA XÁC ĐỊNH KỲ,Khác/chưa xác định kênh,3945374,315630,4261004,Thiếu liên kết tới hóa đơn nguồn; Chưa xác định kỳ hóa đơn gốc; Chưa phân bổ chắc chắn tiền theo sản phẩm,Bang_ke_hoa_don_da_su_dung_T6.2025 L2.xls,235,Thiếu liên kết tới hóa đơn nguồn,"XML hóa đơn này và hóa đơn nguồn; danh sách điều chỉnh/thay thế đầy đủ, gồm các lần sửa tiếp theo.",Chưa kiểm tra,,,,
1C25TUV,00009416,30/06/2025,Hoá đơn điều chỉnh,,,CHƯA XÁC ĐỊNH KỲ,Khác/chưa xác định kênh,2325437,186035,2511472,Thiếu liên kết tới hóa đơn nguồn; Chưa xác định kỳ hóa đơn gốc; Chưa phân bổ chắc chắn tiền theo sản phẩm,Bang_ke_hoa_don_da_su_dung_T6.2025 L2.xls,236,Thiếu liên kết tới hóa đơn nguồn,"XML hóa đơn này và hóa đơn nguồn; danh sách điều chỉnh/thay thế đầy đủ, gồm các lần sửa tiếp theo.",Chưa kiểm tra,,,,
1C25TUV,00009417,30/06/2025,Hoá đơn điều chỉnh,,,CHƯA XÁC ĐỊNH KỲ,Khác/chưa xác định kênh,566186,45295,611481,Thiếu liên kết tới hóa đơn nguồn; Chưa xác định kỳ hóa đơn gốc; Chưa phân bổ chắc chắn tiền theo sản phẩm,Bang_ke_hoa_don_da_su_dung_T6.2025 L2.xls,237,Thiếu liên kết tới hóa đơn nguồn,"XML hóa đơn này và hóa đơn nguồn; danh sách điều chỉnh/thay thế đầy đủ, gồm các lần sửa tiếp theo.",Chưa kiểm tra,,,,
1C25TUV,00009418,30/06/2025,Hoá đơn điều chỉnh,,,CHƯA XÁC ĐỊNH KỲ,Khác/chưa xác định kênh,-1887963,-151037,-2039000,Thiếu liên kết tới hóa đơn nguồn; Chưa xác định kỳ hóa đơn gốc; Chưa phân bổ chắc chắn tiền theo sản phẩm,Bang_ke_hoa_don_da_su_dung_T6.2025 L2.xls,238,Thiếu liên kết tới hóa đơn nguồn,"XML hóa đơn này và hóa đơn nguồn; danh sách điều chỉnh/thay thế đầy đủ, gồm các lần sửa tiếp theo.",Chưa kiểm tra,,,,
1C25TUV,00009419,30/06/2025,Hoá đơn điều chỉnh,,,CHƯA XÁC ĐỊNH KỲ,Khác/chưa xác định kênh,-695743,-55659,-751402,Thiếu liên kết tới hóa đơn nguồn; Chưa xác định kỳ hóa đơn gốc; Chưa phân bổ chắc chắn tiền theo sản phẩm,Bang_ke_hoa_don_da_su_dung_T6.2025 L2.xls,239,Thiếu liên kết tới hóa đơn nguồn,"XML hóa đơn này và hóa đơn nguồn; danh sách điều chỉnh/thay thế đầy đủ, gồm các lần sửa tiếp theo.",Chưa kiểm tra,,,,
1C25TUV,00009420,30/06/2025,Hoá đơn điều chỉnh,,,CHƯA XÁC ĐỊNH KỲ,Khác/chưa xác định kênh,1336977,106958,1443935,Thiếu liên kết tới hóa đơn nguồn; Chưa xác định kỳ hóa đơn gốc; Chưa phân bổ chắc chắn tiền theo sản phẩm,Bang_ke_hoa_don_da_su_dung_T6.2025 L2.xls,240,Thiếu liên kết tới hóa đơn nguồn,"XML hóa đơn này và hóa đơn nguồn; danh sách điều chỉnh/thay thế đầy đủ, gồm các lần sửa tiếp theo.",Chưa kiểm tra,,,,
1C25TUV,00009421,30/06/2025,Hoá đơn điều chỉnh,,,CHƯA XÁC ĐỊNH KỲ,Khác/chưa xác định kênh,4107771,328622,4436393,Thiếu liên kết tới hóa đơn nguồn; Chưa xác định kỳ hóa đơn gốc; Chưa phân bổ chắc chắn tiền theo sản phẩm,Bang_ke_hoa_don_da_su_dung_T6.2025 L2.xls,241,Thiếu liên kết tới hóa đơn nguồn,"XML hóa đơn này và hóa đơn nguồn; danh sách điều chỉnh/thay thế đầy đủ, gồm các lần sửa tiếp theo.",Chưa kiểm tra,,,,
1C25TUV,00009422,30/06/2025,Hoá đơn điều chỉnh,,,CHƯA XÁC ĐỊNH KỲ,Khác/chưa xác định kênh,3160855,252868,3413723,Thiếu liên kết tới hóa đơn nguồn; Chưa xác định kỳ hóa đơn gốc; Chưa phân bổ chắc chắn tiền theo sản phẩm,Bang_ke_hoa_don_da_su_dung_T6.2025 L2.xls,242,Thiếu liên kết tới hóa đơn nguồn,"XML hóa đơn này và hóa đơn nguồn; danh sách điều chỉnh/thay thế đầy đủ, gồm các lần sửa tiếp theo.",Chưa kiểm tra,,,,
1C25TUV,00009423,30/06/2025,Hoá đơn điều chỉnh,,,CHƯA XÁC ĐỊNH KỲ,Khác/chưa xác định kênh,588948,47116,636064,Thiếu liên kết tới hóa đơn nguồn; Chưa xác định kỳ hóa đơn gốc; Chưa phân bổ chắc chắn tiền theo sản phẩm,Bang_ke_hoa_don_da_su_dung_T6.2025 L2.xls,243,Thiếu liên kết tới hóa đơn nguồn,"XML hóa đơn này và hóa đơn nguồn; danh sách điều chỉnh/thay thế đầy đủ, gồm các lần sửa tiếp theo.",Chưa kiểm tra,,,,
1C25TUV,00009424,30/06/2025,Hoá đơn điều chỉnh,,,CHƯA XÁC ĐỊNH KỲ,Khác/chưa xác định kênh,4683667,374693,5058360,Thiếu liên kết tới hóa đơn nguồn; Chưa xác định kỳ hóa đơn gốc; Chưa phân bổ chắc chắn tiền theo sản phẩm,Bang_ke_hoa_don_da_su_dung_T6.2025 L2.xls,244,Thiếu liên kết tới hóa đơn nguồn,"XML hóa đơn này và hóa đơn nguồn; danh sách điều chỉnh/thay thế đầy đủ, gồm các lần sửa tiếp theo.",Chưa kiểm tra,,,,
1C25TUV,00009425,30/06/2025,Hoá đơn điều chỉnh,,,CHƯA XÁC ĐỊNH KỲ,Khác/chưa xác định kênh,5866252,469300,6335552,Thiếu liên kết tới hóa đơn nguồn; Chưa xác định kỳ hóa đơn gốc; Chưa phân bổ chắc chắn tiền theo sản phẩm,Bang_ke_hoa_don_da_su_dung_T6.2025 L2.xls,245,Thiếu liên kết tới hóa đơn nguồn,"XML hóa đơn này và hóa đơn nguồn; danh sách điều chỉnh/thay thế đầy đủ, gồm các lần sửa tiếp theo.",Chưa kiểm tra,,,,
1C25TUV,00009426,30/06/2025,Hoá đơn điều chỉnh,,,CHƯA XÁC ĐỊNH KỲ,Khác/chưa xác định kênh,7420231,593618,8013849,Thiếu liên kết tới hóa đơn nguồn; Chưa xác định kỳ hóa đơn gốc; Chưa phân bổ chắc chắn tiền theo sản phẩm,Bang_ke_hoa_don_da_su_dung_T6.2025 L2.xls,246,Thiếu liên kết tới hóa đơn nguồn,"XML hóa đơn này và hóa đơn nguồn; danh sách điều chỉnh/thay thế đầy đủ, gồm các lần sửa tiếp theo.",Chưa kiểm tra,,,,
1C25TUV,00009427,30/06/2025,Hoá đơn điều chỉnh,,,CHƯA XÁC ĐỊNH KỲ,Khác/chưa xác định kênh,4709863,376789,5086652,Thiếu liên kết tới hóa đơn nguồn; Chưa xác định kỳ hóa đơn gốc; Chưa phân bổ chắc chắn tiền theo sản phẩm,Bang_ke_hoa_don_da_su_dung_T6.2025 L2.xls,247,Thiếu liên kết tới hóa đơn nguồn,"XML hóa đơn này và hóa đơn nguồn; danh sách điều chỉnh/thay thế đầy đủ, gồm các lần sửa tiếp theo.",Chưa kiểm tra,,,,
1C25TUV,00009428,30/06/2025,Hoá đơn thay thế,,,CHƯA XÁC ĐỊNH KỲ,Khác/chưa xác định kênh,15808820,1264706,17073526,"Thiếu liên kết tới hóa đơn nguồn; Chưa xác định kỳ hóa đơn gốc; Dòng đủ tiền khớp tổng; dòng thiếu tiền giữ riêng, chưa phân bổ lượng",Bang_ke_hoa_don_da_su_dung_T6.2025 L2.xls,248,Thiếu liên kết tới hóa đơn nguồn,"XML hóa đơn này và hóa đơn nguồn; danh sách điều chỉnh/thay thế đầy đủ, gồm các lần sửa tiếp theo.",Chưa kiểm tra,,,,
1C25TUV,00009429,30/06/2025,Hoá đơn thay thế,,,CHƯA XÁC ĐỊNH KỲ,Khác/chưa xác định kênh,6321296,505704,6827000,"Thiếu liên kết tới hóa đơn nguồn; Chưa xác định kỳ hóa đơn gốc; Dòng đủ tiền khớp tổng; dòng thiếu tiền giữ riêng, chưa phân bổ lượng",Bang_ke_hoa_don_da_su_dung_T6.2025 L2.xls,249,Thiếu liên kết tới hóa đơn nguồn,"XML hóa đơn này và hóa đơn nguồn; danh sách điều chỉnh/thay thế đầy đủ, gồm các lần sửa tiếp theo.",Chưa kiểm tra,,,,
1C25TUV,00009430,30/06/2025,Hoá đơn thay thế,,,CHƯA XÁC ĐỊNH KỲ,Khác/chưa xác định kênh,64002316,5120185,69122501,"Thiếu liên kết tới hóa đơn nguồn; Chưa xác định kỳ hóa đơn gốc; Dòng đủ tiền khớp tổng; dòng thiếu tiền giữ riêng, chưa phân bổ lượng",Bang_ke_hoa_don_da_su_dung_T6.2025 L2.xls,250,Thiếu liên kết tới hóa đơn nguồn,"XML hóa đơn này và hóa đơn nguồn; danh sách điều chỉnh/thay thế đầy đủ, gồm các lần sửa tiếp theo.",Chưa kiểm tra,,,,
1C25TUV,00009431,30/06/2025,Hoá đơn thay thế,,,CHƯA XÁC ĐỊNH KỲ,Khác/chưa xác định kênh,2165741,173259,2339000,Thiếu liên kết tới hóa đơn nguồn; Chưa xác định kỳ hóa đơn gốc,Bang_ke_hoa_don_da_su_dung_T6.2025 L2.xls,251,Thiếu liên kết tới hóa đơn nguồn,"XML hóa đơn này và hóa đơn nguồn; danh sách điều chỉnh/thay thế đầy đủ, gồm các lần sửa tiếp theo.",Chưa kiểm tra,,,,
1C25TUV,00009432,30/06/2025,Hoá đơn điều chỉnh,,,CHƯA XÁC ĐỊNH KỲ,Khác/chưa xác định kênh,1121686,89735,1211421,Thiếu liên kết tới hóa đơn nguồn; Chưa xác định kỳ hóa đơn gốc; Chưa phân bổ chắc chắn tiền theo sản phẩm,Bang_ke_hoa_don_da_su_dung_T6.2025 L2.xls,252,Thiếu liên kết tới hóa đơn nguồn,"XML hóa đơn này và hóa đơn nguồn; danh sách điều chỉnh/thay thế đầy đủ, gồm các lần sửa tiếp theo.",Chưa kiểm tra,,,,
1C25TUV,00009433,30/06/2025,Hoá đơn điều chỉnh,,,CHƯA XÁC ĐỊNH KỲ,Khác/chưa xác định kênh,3863646,309092,4172738,Thiếu liên kết tới hóa đơn nguồn; Chưa xác định kỳ hóa đơn gốc; Chưa phân bổ chắc chắn tiền theo sản phẩm,Bang_ke_hoa_don_da_su_dung_T6.2025 L2.xls,253,Thiếu liên kết tới hóa đơn nguồn,"XML hóa đơn này và hóa đơn nguồn; danh sách điều chỉnh/thay thế đầy đủ, gồm các lần sửa tiếp theo.",Chưa kiểm tra,,,,
1C25TUV,00009434,30/06/2025,Hoá đơn điều chỉnh,,,CHƯA XÁC ĐỊNH KỲ,Khác/chưa xác định kênh,7951190,636095,8587285,Thiếu liên kết tới hóa đơn nguồn; Chưa xác định kỳ hóa đơn gốc; Chưa phân bổ chắc chắn tiền theo sản phẩm,Bang_ke_hoa_don_da_su_dung_T6.2025 L2.xls,254,Thiếu liên kết tới hóa đơn nguồn,"XML hóa đơn này và hóa đơn nguồn; danh sách điều chỉnh/thay thế đầy đủ, gồm các lần sửa tiếp theo.",Chưa kiểm tra,,,,
1C25TUV,00009435,30/06/2025,Hoá đơn điều chỉnh,,,CHƯA XÁC ĐỊNH KỲ,Khác/chưa xác định kênh,204915,16393,221308,Thiếu liên kết tới hóa đơn nguồn; Chưa xác định kỳ hóa đơn gốc; Chưa phân bổ chắc chắn tiền theo sản phẩm,Bang_ke_hoa_don_da_su_dung_T6.2025 L2.xls,255,Thiếu liên kết tới hóa đơn nguồn,"XML hóa đơn này và hóa đơn nguồn; danh sách điều chỉnh/thay thế đầy đủ, gồm các lần sửa tiếp theo.",Chưa kiểm tra,,,,
