Mã nhóm ứng viên,Ký hiệu HĐ,Số HĐ,Ngày HĐ,Tiền hàng,Thuế,Tổng tiền,File meInvoice,Dòng
G00001,1C24TUV,00000001,09/01/2024,1464200,117136,1581336,Bang_ke_hoa_don_da_su_dung_2024-T6.2025.xls,6
G00002,1C24TUV,00000002,09/01/2024,2870093,229607,3099700,Bang_ke_hoa_don_da_su_dung_2024-T6.2025.xls,7
G00003,1C24TUV,00000021,17/01/2024,2546296,203704,2750000,Bang_ke_hoa_don_da_su_dung_2024-T6.2025.xls,26
G00004,1C24TUV,00000022,24/01/2024,1793889,143511,1937400,Bang_ke_hoa_don_da_su_dung_2024-T6.2025.xls,27
G00005,1C24TUV,00000062,20/02/2024,2462963,197037,2660000,Bang_ke_hoa_don_da_su_dung_2024-T6.2025.xls,67
G00006,1C24TUV,00000089,01/03/2024,3781773,302542,4084315,Bang_ke_hoa_don_da_su_dung_2024-T6.2025.xls,94
G00007,1C24TUV,00000104,12/03/2024,1448417,115873,1564290,Bang_ke_hoa_don_da_su_dung_2024-T6.2025.xls,109
G00008,1C24TUV,00000110,15/03/2024,1574074,125926,1700000,Bang_ke_hoa_don_da_su_dung_2024-T6.2025.xls,115
G00009,1C24TUV,00000111,15/03/2024,3888889,311111,4200000,Bang_ke_hoa_don_da_su_dung_2024-T6.2025.xls,116
G00010,1C24TUV,00000112,19/03/2024,2554074,204326,2758400,Bang_ke_hoa_don_da_su_dung_2024-T6.2025.xls,117
G00011,1C24TUV,00000113,20/03/2024,1851852,148148,2000000,Bang_ke_hoa_don_da_su_dung_2024-T6.2025.xls,118
G00012,1C24TUV,00000119,26/03/2024,431250,34500,465750,Bang_ke_hoa_don_da_su_dung_2024-T6.2025.xls,124
G00013,1C24TUV,00000124,30/03/2024,4444444,355556,4800000,Bang_ke_hoa_don_da_su_dung_2024-T6.2025.xls,129
G00014,1C24TUV,00000125,30/03/2024,10370370,829630,11200000,Bang_ke_hoa_don_da_su_dung_2024-T6.2025.xls,130
G00015,1C24TUV,00000127,31/03/2024,8888889,711111,9600000,Bang_ke_hoa_don_da_su_dung_2024-T6.2025.xls,132
G00016,1C24TUV,00000132,05/04/2024,16296296,1303704,17600000,Bang_ke_hoa_don_da_su_dung_2024-T6.2025.xls,137
G00017,1C24TUV,00000135,06/04/2024,10555556,844444,11400000,Bang_ke_hoa_don_da_su_dung_2024-T6.2025.xls,140
G00018,1C24TUV,00000163,09/04/2024,1229556,98364,1327920,Bang_ke_hoa_don_da_su_dung_2024-T6.2025.xls,168
G00019,1C24TUV,00000164,10/04/2024,1795370,143630,1939000,Bang_ke_hoa_don_da_su_dung_2024-T6.2025.xls,169
G00019,1C25TUV,00002942,03/06/2025,1795370,143630,1939000,Bang_ke_hoa_don_da_su_dung_2024-T6.2025.xls,3731
G00019,1C25TUV,00002949,03/06/2025,1795370,143630,1939000,Bang_ke_hoa_don_da_su_dung_2024-T6.2025.xls,3738
G00019,1C25TUV,00003067,04/06/2025,1795370,143630,1939000,Bang_ke_hoa_don_da_su_dung_2024-T6.2025.xls,3856
G00019,1C25TUV,00003068,04/06/2025,1795370,143630,1939000,Bang_ke_hoa_don_da_su_dung_2024-T6.2025.xls,3857
G00019,1C25TUV,00003071,04/06/2025,1795370,143630,1939000,Bang_ke_hoa_don_da_su_dung_2024-T6.2025.xls,3860
G00019,1C25TUV,00003084,04/06/2025,1795370,143630,1939000,Bang_ke_hoa_don_da_su_dung_2024-T6.2025.xls,3873
G00019,1C25TUV,00003090,04/06/2025,1795370,143630,1939000,Bang_ke_hoa_don_da_su_dung_2024-T6.2025.xls,3879
G00019,1C25TUV,00003269,05/06/2025,1795370,143630,1939000,Bang_ke_hoa_don_da_su_dung_2024-T6.2025.xls,4058
G00019,1C25TUV,00003448,06/06/2025,1795370,143630,1939000,Bang_ke_hoa_don_da_su_dung_2024-T6.2025.xls,4237
G00019,1C25TUV,00003477,06/06/2025,1795370,143630,1939000,Bang_ke_hoa_don_da_su_dung_2024-T6.2025.xls,4266
G00019,1C25TUV,00003762,07/06/2025,1795370,143630,1939000,Bang_ke_hoa_don_da_su_dung_2024-T6.2025.xls,4551
G00019,1C25TUV,00009679,30/06/2025,1795370,143630,1939000,Bang_ke_hoa_don_da_su_dung_T6.2025 L2.xls,499
G00019,1C25TUV,00009680,30/06/2025,1795370,143630,1939000,Bang_ke_hoa_don_da_su_dung_T6.2025 L2.xls,500
G00019,1C25TUV,00009682,30/06/2025,1795370,143630,1939000,Bang_ke_hoa_don_da_su_dung_T6.2025 L2.xls,502
G00020,1C24TUV,00000169,15/04/2024,13430556,1074444,14505000,Bang_ke_hoa_don_da_su_dung_2024-T6.2025.xls,174
G00021,1C24TUV,00000175,22/04/2024,78703704,6296296,85000000,Bang_ke_hoa_don_da_su_dung_2024-T6.2025.xls,180
G00022,1C24TUV,00000185,26/04/2024,29274044,2341924,31615968,Bang_ke_hoa_don_da_su_dung_2024-T6.2025.xls,190
G00023,1C24TUV,00000242,23/05/2024,4259259,340741,4600000,Bang_ke_hoa_don_da_su_dung_2024-T6.2025.xls,247
G00023,1C24TUV,00000244,27/05/2024,4259259,340741,4600000,Bang_ke_hoa_don_da_su_dung_2024-T6.2025.xls,249
G00024,1C24TUV,00000243,27/05/2024,1050000,84000,1134000,Bang_ke_hoa_don_da_su_dung_2024-T6.2025.xls,248
G00025,1C24TUV,00000266,31/05/2024,850042,68003,918045,Bang_ke_hoa_don_da_su_dung_2024-T6.2025.xls,271
G00026,1C24TUV,00000267,11/06/2024,1054630,84370,1139000,Bang_ke_hoa_don_da_su_dung_2024-T6.2025.xls,272
G00026,1C25TUV,00000823,25/05/2025,1054630,84370,1139000,Bang_ke_hoa_don_da_su_dung_2024-T6.2025.xls,1614
G00026,1C25TUV,00000878,25/05/2025,1054630,84370,1139000,Bang_ke_hoa_don_da_su_dung_2024-T6.2025.xls,1669
G00026,1C25TUV,00000880,25/05/2025,1054630,84370,1139000,Bang_ke_hoa_don_da_su_dung_2024-T6.2025.xls,1671
G00026,1C25TUV,00000898,25/05/2025,1054630,84370,1139000,Bang_ke_hoa_don_da_su_dung_2024-T6.2025.xls,1689
G00026,1C25TUV,00000899,25/05/2025,1054630,84370,1139000,Bang_ke_hoa_don_da_su_dung_2024-T6.2025.xls,1690
G00026,1C25TUV,00001030,25/05/2025,1054630,84370,1139000,Bang_ke_hoa_don_da_su_dung_2024-T6.2025.xls,1821
G00026,1C25TUV,00001184,26/05/2025,1054630,84370,1139000,Bang_ke_hoa_don_da_su_dung_2024-T6.2025.xls,1975
G00026,1C25TUV,00001270,27/05/2025,1054630,84370,1139000,Bang_ke_hoa_don_da_su_dung_2024-T6.2025.xls,2061
G00026,1C25TUV,00001386,27/05/2025,1054630,84370,1139000,Bang_ke_hoa_don_da_su_dung_2024-T6.2025.xls,2177
G00026,1C25TUV,00001408,27/05/2025,1054630,84370,1139000,Bang_ke_hoa_don_da_su_dung_2024-T6.2025.xls,2199
G00026,1C25TUV,00001569,28/05/2025,1054630,84370,1139000,Bang_ke_hoa_don_da_su_dung_2024-T6.2025.xls,2360
G00026,1C25TUV,00001610,28/05/2025,1054630,84370,1139000,Bang_ke_hoa_don_da_su_dung_2024-T6.2025.xls,2401
G00026,1C25TUV,00001638,28/05/2025,1054630,84370,1139000,Bang_ke_hoa_don_da_su_dung_2024-T6.2025.xls,2429
G00026,1C25TUV,00001642,28/05/2025,1054630,84370,1139000,Bang_ke_hoa_don_da_su_dung_2024-T6.2025.xls,2433
G00026,1C25TUV,00001646,28/05/2025,1054630,84370,1139000,Bang_ke_hoa_don_da_su_dung_2024-T6.2025.xls,2437
G00026,1C25TUV,00001733,28/05/2025,1054630,84370,1139000,Bang_ke_hoa_don_da_su_dung_2024-T6.2025.xls,2524
G00026,1C25TUV,00001881,29/05/2025,1054630,84370,1139000,Bang_ke_hoa_don_da_su_dung_2024-T6.2025.xls,2672
G00026,1C25TUV,00001985,29/05/2025,1054630,84370,1139000,Bang_ke_hoa_don_da_su_dung_2024-T6.2025.xls,2775
G00026,1C25TUV,00002386,30/05/2025,1054630,84370,1139000,Bang_ke_hoa_don_da_su_dung_2024-T6.2025.xls,3175
G00026,1C25TUV,00002387,30/05/2025,1054630,84370,1139000,Bang_ke_hoa_don_da_su_dung_2024-T6.2025.xls,3176
G00026,1C25TUV,00002388,30/05/2025,1054630,84370,1139000,Bang_ke_hoa_don_da_su_dung_2024-T6.2025.xls,3177
G00026,1C25TUV,00002389,30/05/2025,1054630,84370,1139000,Bang_ke_hoa_don_da_su_dung_2024-T6.2025.xls,3178
G00026,1C25TUV,00002542,30/05/2025,1054630,84370,1139000,Bang_ke_hoa_don_da_su_dung_2024-T6.2025.xls,3331
G00026,1C25TUV,00002543,30/05/2025,1054630,84370,1139000,Bang_ke_hoa_don_da_su_dung_2024-T6.2025.xls,3332
G00026,1C25TUV,00002544,30/05/2025,1054630,84370,1139000,Bang_ke_hoa_don_da_su_dung_2024-T6.2025.xls,3333
G00026,1C25TUV,00002545,30/05/2025,1054630,84370,1139000,Bang_ke_hoa_don_da_su_dung_2024-T6.2025.xls,3334
G00026,1C25TUV,00002546,30/05/2025,1054630,84370,1139000,Bang_ke_hoa_don_da_su_dung_2024-T6.2025.xls,3335
G00026,1C25TUV,00002547,30/05/2025,1054630,84370,1139000,Bang_ke_hoa_don_da_su_dung_2024-T6.2025.xls,3336
G00026,1C25TUV,00002668,31/05/2025,1054630,84370,1139000,Bang_ke_hoa_don_da_su_dung_2024-T6.2025.xls,3457
G00026,1C25TUV,00002728,31/05/2025,1054630,84370,1139000,Bang_ke_hoa_don_da_su_dung_2024-T6.2025.xls,3517
G00026,1C25TUV,00002729,31/05/2025,1054630,84370,1139000,Bang_ke_hoa_don_da_su_dung_2024-T6.2025.xls,3518
G00026,1C25TUV,00002746,01/06/2025,1054630,84370,1139000,Bang_ke_hoa_don_da_su_dung_2024-T6.2025.xls,3535
G00026,1C25TUV,00002761,01/06/2025,1054630,84370,1139000,Bang_ke_hoa_don_da_su_dung_2024-T6.2025.xls,3550
G00026,1C25TUV,00002779,01/06/2025,1054630,84370,1139000,Bang_ke_hoa_don_da_su_dung_2024-T6.2025.xls,3568
G00026,1C25TUV,00002810,01/06/2025,1054630,84370,1139000,Bang_ke_hoa_don_da_su_dung_2024-T6.2025.xls,3599
G00026,1C25TUV,00002819,01/06/2025,1054630,84370,1139000,Bang_ke_hoa_don_da_su_dung_2024-T6.2025.xls,3608
G00026,1C25TUV,00002853,02/06/2025,1054630,84370,1139000,Bang_ke_hoa_don_da_su_dung_2024-T6.2025.xls,3642
G00026,1C25TUV,00002870,02/06/2025,1054630,84370,1139000,Bang_ke_hoa_don_da_su_dung_2024-T6.2025.xls,3659
G00026,1C25TUV,00003024,03/06/2025,1054630,84370,1139000,Bang_ke_hoa_don_da_su_dung_2024-T6.2025.xls,3813
G00026,1C25TUV,00003025,03/06/2025,1054630,84370,1139000,Bang_ke_hoa_don_da_su_dung_2024-T6.2025.xls,3814
G00026,1C25TUV,00003026,03/06/2025,1054630,84370,1139000,Bang_ke_hoa_don_da_su_dung_2024-T6.2025.xls,3815
G00026,1C25TUV,00003052,03/06/2025,1054630,84370,1139000,Bang_ke_hoa_don_da_su_dung_2024-T6.2025.xls,3841
G00026,1C25TUV,00003057,03/06/2025,1054630,84370,1139000,Bang_ke_hoa_don_da_su_dung_2024-T6.2025.xls,3846
G00026,1C25TUV,00003140,04/06/2025,1054630,84370,1139000,Bang_ke_hoa_don_da_su_dung_2024-T6.2025.xls,3929
G00026,1C25TUV,00003147,04/06/2025,1054630,84370,1139000,Bang_ke_hoa_don_da_su_dung_2024-T6.2025.xls,3936
G00026,1C25TUV,00003165,04/06/2025,1054630,84370,1139000,Bang_ke_hoa_don_da_su_dung_2024-T6.2025.xls,3954
G00026,1C25TUV,00003177,04/06/2025,1054630,84370,1139000,Bang_ke_hoa_don_da_su_dung_2024-T6.2025.xls,3966
G00026,1C25TUV,00003182,04/06/2025,1054630,84370,1139000,Bang_ke_hoa_don_da_su_dung_2024-T6.2025.xls,3971
G00026,1C25TUV,00003246,05/06/2025,1054630,84370,1139000,Bang_ke_hoa_don_da_su_dung_2024-T6.2025.xls,4035
G00026,1C25TUV,00003360,05/06/2025,1054630,84370,1139000,Bang_ke_hoa_don_da_su_dung_2024-T6.2025.xls,4149
G00026,1C25TUV,00003361,05/06/2025,1054630,84370,1139000,Bang_ke_hoa_don_da_su_dung_2024-T6.2025.xls,4150
G00026,1C25TUV,00003372,05/06/2025,1054630,84370,1139000,Bang_ke_hoa_don_da_su_dung_2024-T6.2025.xls,4161
G00026,1C25TUV,00003373,05/06/2025,1054630,84370,1139000,Bang_ke_hoa_don_da_su_dung_2024-T6.2025.xls,4162
G00026,1C25TUV,00003566,06/06/2025,1054630,84370,1139000,Bang_ke_hoa_don_da_su_dung_2024-T6.2025.xls,4355
G00026,1C25TUV,00003582,06/06/2025,1054630,84370,1139000,Bang_ke_hoa_don_da_su_dung_2024-T6.2025.xls,4371
G00026,1C25TUV,00003585,06/06/2025,1054630,84370,1139000,Bang_ke_hoa_don_da_su_dung_2024-T6.2025.xls,4374
G00026,1C25TUV,00003588,06/06/2025,1054630,84370,1139000,Bang_ke_hoa_don_da_su_dung_2024-T6.2025.xls,4377
G00026,1C25TUV,00003607,06/06/2025,1054630,84370,1139000,Bang_ke_hoa_don_da_su_dung_2024-T6.2025.xls,4396
G00026,1C25TUV,00003631,06/06/2025,1054630,84370,1139000,Bang_ke_hoa_don_da_su_dung_2024-T6.2025.xls,4420
G00026,1C25TUV,00003644,06/06/2025,1054630,84370,1139000,Bang_ke_hoa_don_da_su_dung_2024-T6.2025.xls,4433
G00026,1C25TUV,00003845,07/06/2025,1054630,84370,1139000,Bang_ke_hoa_don_da_su_dung_2024-T6.2025.xls,4634
G00026,1C25TUV,00003853,07/06/2025,1054630,84370,1139000,Bang_ke_hoa_don_da_su_dung_2024-T6.2025.xls,4642
G00026,1C25TUV,00003860,07/06/2025,1054630,84370,1139000,Bang_ke_hoa_don_da_su_dung_2024-T6.2025.xls,4649
G00026,1C25TUV,00003869,07/06/2025,1054630,84370,1139000,Bang_ke_hoa_don_da_su_dung_2024-T6.2025.xls,4658
G00026,1C25TUV,00003871,07/06/2025,1054630,84370,1139000,Bang_ke_hoa_don_da_su_dung_2024-T6.2025.xls,4660
G00026,1C25TUV,00003874,07/06/2025,1054630,84370,1139000,Bang_ke_hoa_don_da_su_dung_2024-T6.2025.xls,4663
G00026,1C25TUV,00003878,07/06/2025,1054630,84370,1139000,Bang_ke_hoa_don_da_su_dung_2024-T6.2025.xls,4667
G00026,1C25TUV,00003896,07/06/2025,1054630,84370,1139000,Bang_ke_hoa_don_da_su_dung_2024-T6.2025.xls,4685
G00026,1C25TUV,00003961,08/06/2025,1054630,84370,1139000,Bang_ke_hoa_don_da_su_dung_2024-T6.2025.xls,4750
G00026,1C25TUV,00004127,08/06/2025,1054630,84370,1139000,Bang_ke_hoa_don_da_su_dung_2024-T6.2025.xls,4916
G00026,1C25TUV,00004139,08/06/2025,1054630,84370,1139000,Bang_ke_hoa_don_da_su_dung_2024-T6.2025.xls,4928
G00026,1C25TUV,00004168,08/06/2025,1054630,84370,1139000,Bang_ke_hoa_don_da_su_dung_2024-T6.2025.xls,4957
G00026,1C25TUV,00004169,08/06/2025,1054630,84370,1139000,Bang_ke_hoa_don_da_su_dung_2024-T6.2025.xls,4958
G00026,1C25TUV,00004180,08/06/2025,1054630,84370,1139000,Bang_ke_hoa_don_da_su_dung_2024-T6.2025.xls,4969
G00026,1C25TUV,00004183,08/06/2025,1054630,84370,1139000,Bang_ke_hoa_don_da_su_dung_2024-T6.2025.xls,4972
G00026,1C25TUV,00009271,29/06/2025,1054630,84370,1139000,Bang_ke_hoa_don_da_su_dung_T6.2025 L2.xls,91
G00026,1C25TUV,00009326,29/06/2025,1054630,84370,1139000,Bang_ke_hoa_don_da_su_dung_T6.2025 L2.xls,146
G00026,1C25TUV,00009470,30/06/2025,1054630,84370,1139000,Bang_ke_hoa_don_da_su_dung_T6.2025 L2.xls,290
G00026,1C25TUV,00009472,30/06/2025,1054630,84370,1139000,Bang_ke_hoa_don_da_su_dung_T6.2025 L2.xls,292
G00026,1C25TUV,00009558,30/06/2025,1054630,84370,1139000,Bang_ke_hoa_don_da_su_dung_T6.2025 L2.xls,378
G00026,1C25TUV,00009600,30/06/2025,1054630,84370,1139000,Bang_ke_hoa_don_da_su_dung_T6.2025 L2.xls,420
G00026,1C25TUV,00009608,30/06/2025,1054630,84370,1139000,Bang_ke_hoa_don_da_su_dung_T6.2025 L2.xls,428
G00026,1C25TUV,00009620,30/06/2025,1054630,84370,1139000,Bang_ke_hoa_don_da_su_dung_T6.2025 L2.xls,440
G00026,1C25TUV,00009986,30/06/2025,1054630,84370,1139000,Bang_ke_hoa_don_da_su_dung_T6.2025 L2.xls,806
G00026,1C25TUV,00010016,30/06/2025,1054630,84370,1139000,Bang_ke_hoa_don_da_su_dung_T6.2025 L2.xls,836
G00026,1C25TUV,00010018,30/06/2025,1054630,84370,1139000,Bang_ke_hoa_don_da_su_dung_T6.2025 L2.xls,838
G00026,1C25TUV,00010019,30/06/2025,1054630,84370,1139000,Bang_ke_hoa_don_da_su_dung_T6.2025 L2.xls,839
G00026,1C25TUV,00004311,09/06/2025,1054630,84370,1139000,Bang_ke_hoa_don_da_su_dung_T6.2025.xls,114
G00026,1C25TUV,00004320,09/06/2025,1054630,84370,1139000,Bang_ke_hoa_don_da_su_dung_T6.2025.xls,123
G00026,1C25TUV,00004323,09/06/2025,1054630,84370,1139000,Bang_ke_hoa_don_da_su_dung_T6.2025.xls,126
G00026,1C25TUV,00004327,09/06/2025,1054630,84370,1139000,Bang_ke_hoa_don_da_su_dung_T6.2025.xls,130
G00026,1C25TUV,00004334,09/06/2025,1054630,84370,1139000,Bang_ke_hoa_don_da_su_dung_T6.2025.xls,137
G00026,1C25TUV,00004347,09/06/2025,1054630,84370,1139000,Bang_ke_hoa_don_da_su_dung_T6.2025.xls,150
G00026,1C25TUV,00004361,09/06/2025,1054630,84370,1139000,Bang_ke_hoa_don_da_su_dung_T6.2025.xls,164
G00026,1C25TUV,00004367,09/06/2025,1054630,84370,1139000,Bang_ke_hoa_don_da_su_dung_T6.2025.xls,170
G00026,1C25TUV,00004420,10/06/2025,1054630,84370,1139000,Bang_ke_hoa_don_da_su_dung_T6.2025.xls,223
G00026,1C25TUV,00004616,10/06/2025,1054630,84370,1139000,Bang_ke_hoa_don_da_su_dung_T6.2025.xls,419
G00026,1C25TUV,00004750,11/06/2025,1054630,84370,1139000,Bang_ke_hoa_don_da_su_dung_T6.2025.xls,553
G00026,1C25TUV,00004769,11/06/2025,1054630,84370,1139000,Bang_ke_hoa_don_da_su_dung_T6.2025.xls,572
G00026,1C25TUV,00004771,11/06/2025,1054630,84370,1139000,Bang_ke_hoa_don_da_su_dung_T6.2025.xls,574
G00026,1C25TUV,00004841,11/06/2025,1054630,84370,1139000,Bang_ke_hoa_don_da_su_dung_T6.2025.xls,644
G00026,1C25TUV,00004842,11/06/2025,1054630,84370,1139000,Bang_ke_hoa_don_da_su_dung_T6.2025.xls,645
G00026,1C25TUV,00004847,11/06/2025,1054630,84370,1139000,Bang_ke_hoa_don_da_su_dung_T6.2025.xls,650
G00026,1C25TUV,00004864,11/06/2025,1054630,84370,1139000,Bang_ke_hoa_don_da_su_dung_T6.2025.xls,667
G00026,1C25TUV,00004868,11/06/2025,1054630,84370,1139000,Bang_ke_hoa_don_da_su_dung_T6.2025.xls,671
G00026,1C25TUV,00005105,12/06/2025,1054630,84370,1139000,Bang_ke_hoa_don_da_su_dung_T6.2025.xls,908
G00026,1C25TUV,00005108,12/06/2025,1054630,84370,1139000,Bang_ke_hoa_don_da_su_dung_T6.2025.xls,911
G00026,1C25TUV,00005132,12/06/2025,1054630,84370,1139000,Bang_ke_hoa_don_da_su_dung_T6.2025.xls,935
G00026,1C25TUV,00005170,13/06/2025,1054630,84370,1139000,Bang_ke_hoa_don_da_su_dung_T6.2025.xls,973
G00026,1C25TUV,00005302,13/06/2025,1054630,84370,1139000,Bang_ke_hoa_don_da_su_dung_T6.2025.xls,1105
G00026,1C25TUV,00005306,13/06/2025,1054630,84370,1139000,Bang_ke_hoa_don_da_su_dung_T6.2025.xls,1109
G00026,1C25TUV,00005309,13/06/2025,1054630,84370,1139000,Bang_ke_hoa_don_da_su_dung_T6.2025.xls,1112
G00026,1C25TUV,00005311,13/06/2025,1054630,84370,1139000,Bang_ke_hoa_don_da_su_dung_T6.2025.xls,1114
G00026,1C25TUV,00005347,13/06/2025,1054630,84370,1139000,Bang_ke_hoa_don_da_su_dung_T6.2025.xls,1150
G00026,1C25TUV,00005576,14/06/2025,1054630,84370,1139000,Bang_ke_hoa_don_da_su_dung_T6.2025.xls,1379
G00026,1C25TUV,00005634,14/06/2025,1054630,84370,1139000,Bang_ke_hoa_don_da_su_dung_T6.2025.xls,1437
G00026,1C25TUV,00005732,15/06/2025,1054630,84370,1139000,Bang_ke_hoa_don_da_su_dung_T6.2025.xls,1535
G00026,1C25TUV,00005851,15/06/2025,1054630,84370,1139000,Bang_ke_hoa_don_da_su_dung_T6.2025.xls,1654
G00026,1C25TUV,00005904,16/06/2025,1054630,84370,1139000,Bang_ke_hoa_don_da_su_dung_T6.2025.xls,1707
G00026,1C25TUV,00006164,17/06/2025,1054630,84370,1139000,Bang_ke_hoa_don_da_su_dung_T6.2025.xls,1967
G00026,1C25TUV,00006204,17/06/2025,1054630,84370,1139000,Bang_ke_hoa_don_da_su_dung_T6.2025.xls,2007
G00026,1C25TUV,00006256,17/06/2025,1054630,84370,1139000,Bang_ke_hoa_don_da_su_dung_T6.2025.xls,2059
G00026,1C25TUV,00006401,18/06/2025,1054630,84370,1139000,Bang_ke_hoa_don_da_su_dung_T6.2025.xls,2204
G00026,1C25TUV,00006440,18/06/2025,1054630,84370,1139000,Bang_ke_hoa_don_da_su_dung_T6.2025.xls,2243
G00026,1C25TUV,00006466,18/06/2025,1054630,84370,1139000,Bang_ke_hoa_don_da_su_dung_T6.2025.xls,2269
G00026,1C25TUV,00006548,18/06/2025,1054630,84370,1139000,Bang_ke_hoa_don_da_su_dung_T6.2025.xls,2351
G00026,1C25TUV,00006672,18/06/2025,1054630,84370,1139000,Bang_ke_hoa_don_da_su_dung_T6.2025.xls,2475
G00026,1C25TUV,00006685,18/06/2025,1054630,84370,1139000,Bang_ke_hoa_don_da_su_dung_T6.2025.xls,2488
G00026,1C25TUV,00006688,18/06/2025,1054630,84370,1139000,Bang_ke_hoa_don_da_su_dung_T6.2025.xls,2491
G00026,1C25TUV,00006751,19/06/2025,1054630,84370,1139000,Bang_ke_hoa_don_da_su_dung_T6.2025.xls,2554
G00026,1C25TUV,00006822,19/06/2025,1054630,84370,1139000,Bang_ke_hoa_don_da_su_dung_T6.2025.xls,2625
G00026,1C25TUV,00006979,19/06/2025,1054630,84370,1139000,Bang_ke_hoa_don_da_su_dung_T6.2025.xls,2782
G00026,1C25TUV,00006994,19/06/2025,1054630,84370,1139000,Bang_ke_hoa_don_da_su_dung_T6.2025.xls,2797
G00026,1C25TUV,00007019,19/06/2025,1054630,84370,1139000,Bang_ke_hoa_don_da_su_dung_T6.2025.xls,2822
G00026,1C25TUV,00007092,20/06/2025,1054630,84370,1139000,Bang_ke_hoa_don_da_su_dung_T6.2025.xls,2895
G00026,1C25TUV,00007106,20/06/2025,1054630,84370,1139000,Bang_ke_hoa_don_da_su_dung_T6.2025.xls,2909
G00026,1C25TUV,00007135,20/06/2025,1054630,84370,1139000,Bang_ke_hoa_don_da_su_dung_T6.2025.xls,2938
G00026,1C25TUV,00007139,20/06/2025,1054630,84370,1139000,Bang_ke_hoa_don_da_su_dung_T6.2025.xls,2942
G00026,1C25TUV,00007140,20/06/2025,1054630,84370,1139000,Bang_ke_hoa_don_da_su_dung_T6.2025.xls,2943
G00026,1C25TUV,00007142,20/06/2025,1054630,84370,1139000,Bang_ke_hoa_don_da_su_dung_T6.2025.xls,2945
G00026,1C25TUV,00007240,20/06/2025,1054630,84370,1139000,Bang_ke_hoa_don_da_su_dung_T6.2025.xls,3043
G00026,1C25TUV,00007248,20/06/2025,1054630,84370,1139000,Bang_ke_hoa_don_da_su_dung_T6.2025.xls,3051
G00026,1C25TUV,00007249,20/06/2025,1054630,84370,1139000,Bang_ke_hoa_don_da_su_dung_T6.2025.xls,3052
G00026,1C25TUV,00007278,20/06/2025,1054630,84370,1139000,Bang_ke_hoa_don_da_su_dung_T6.2025.xls,3081
G00026,1C25TUV,00007314,20/06/2025,1054630,84370,1139000,Bang_ke_hoa_don_da_su_dung_T6.2025.xls,3117
G00026,1C25TUV,00007386,21/06/2025,1054630,84370,1139000,Bang_ke_hoa_don_da_su_dung_T6.2025.xls,3189
G00026,1C25TUV,00007493,21/06/2025,1054630,84370,1139000,Bang_ke_hoa_don_da_su_dung_T6.2025.xls,3296
G00026,1C25TUV,00007496,21/06/2025,1054630,84370,1139000,Bang_ke_hoa_don_da_su_dung_T6.2025.xls,3299
G00026,1C25TUV,00007505,21/06/2025,1054630,84370,1139000,Bang_ke_hoa_don_da_su_dung_T6.2025.xls,3308
G00026,1C25TUV,00007508,21/06/2025,1054630,84370,1139000,Bang_ke_hoa_don_da_su_dung_T6.2025.xls,3311
G00026,1C25TUV,00007534,21/06/2025,1054630,84370,1139000,Bang_ke_hoa_don_da_su_dung_T6.2025.xls,3337
G00026,1C25TUV,00007562,21/06/2025,1054630,84370,1139000,Bang_ke_hoa_don_da_su_dung_T6.2025.xls,3365
G00026,1C25TUV,00007572,21/06/2025,1054630,84370,1139000,Bang_ke_hoa_don_da_su_dung_T6.2025.xls,3375
G00026,1C25TUV,00007623,22/06/2025,1054630,84370,1139000,Bang_ke_hoa_don_da_su_dung_T6.2025.xls,3426
G00026,1C25TUV,00007659,22/06/2025,1054630,84370,1139000,Bang_ke_hoa_don_da_su_dung_T6.2025.xls,3462
G00026,1C25TUV,00007666,22/06/2025,1054630,84370,1139000,Bang_ke_hoa_don_da_su_dung_T6.2025.xls,3469
G00026,1C25TUV,00007678,22/06/2025,1054630,84370,1139000,Bang_ke_hoa_don_da_su_dung_T6.2025.xls,3481
G00026,1C25TUV,00007714,22/06/2025,1054630,84370,1139000,Bang_ke_hoa_don_da_su_dung_T6.2025.xls,3517
G00026,1C25TUV,00007731,22/06/2025,1054630,84370,1139000,Bang_ke_hoa_don_da_su_dung_T6.2025.xls,3534
G00026,1C25TUV,00007781,22/06/2025,1054630,84370,1139000,Bang_ke_hoa_don_da_su_dung_T6.2025.xls,3584
G00026,1C25TUV,00007886,23/06/2025,1054630,84370,1139000,Bang_ke_hoa_don_da_su_dung_T6.2025.xls,3689
G00026,1C25TUV,00007976,23/06/2025,1054630,84370,1139000,Bang_ke_hoa_don_da_su_dung_T6.2025.xls,3779
G00026,1C25TUV,00008051,23/06/2025,1054630,84370,1139000,Bang_ke_hoa_don_da_su_dung_T6.2025.xls,3854
G00026,1C25TUV,00008053,23/06/2025,1054630,84370,1139000,Bang_ke_hoa_don_da_su_dung_T6.2025.xls,3856
G00026,1C25TUV,00008318,24/06/2025,1054630,84370,1139000,Bang_ke_hoa_don_da_su_dung_T6.2025.xls,4121
G00026,1C25TUV,00008380,24/06/2025,1054630,84370,1139000,Bang_ke_hoa_don_da_su_dung_T6.2025.xls,4183
G00026,1C25TUV,00008457,25/06/2025,1054630,84370,1139000,Bang_ke_hoa_don_da_su_dung_T6.2025.xls,4260
G00026,1C25TUV,00008560,25/06/2025,1054630,84370,1139000,Bang_ke_hoa_don_da_su_dung_T6.2025.xls,4363
G00026,1C25TUV,00008644,26/06/2025,1054630,84370,1139000,Bang_ke_hoa_don_da_su_dung_T6.2025.xls,4447
G00026,1C25TUV,00008661,26/06/2025,1054630,84370,1139000,Bang_ke_hoa_don_da_su_dung_T6.2025.xls,4464
G00026,1C25TUV,00008728,26/06/2025,1054630,84370,1139000,Bang_ke_hoa_don_da_su_dung_T6.2025.xls,4531
G00026,1C25TUV,00008806,27/06/2025,1054630,84370,1139000,Bang_ke_hoa_don_da_su_dung_T6.2025.xls,4609
G00026,1C25TUV,00008809,27/06/2025,1054630,84370,1139000,Bang_ke_hoa_don_da_su_dung_T6.2025.xls,4612
G00026,1C25TUV,00008817,27/06/2025,1054630,84370,1139000,Bang_ke_hoa_don_da_su_dung_T6.2025.xls,4620
G00026,1C25TUV,00008825,27/06/2025,1054630,84370,1139000,Bang_ke_hoa_don_da_su_dung_T6.2025.xls,4628
G00026,1C25TUV,00008832,27/06/2025,1054630,84370,1139000,Bang_ke_hoa_don_da_su_dung_T6.2025.xls,4635
G00026,1C25TUV,00008948,27/06/2025,1054630,84370,1139000,Bang_ke_hoa_don_da_su_dung_T6.2025.xls,4751
G00026,1C25TUV,00008987,27/06/2025,1054630,84370,1139000,Bang_ke_hoa_don_da_su_dung_T6.2025.xls,4790
G00026,1C25TUV,00009032,28/06/2025,1054630,84370,1139000,Bang_ke_hoa_don_da_su_dung_T6.2025.xls,4835
G00026,1C25TUV,00009150,28/06/2025,1054630,84370,1139000,Bang_ke_hoa_don_da_su_dung_T6.2025.xls,4953
G00027,1C24TUV,00000342,03/07/2024,3240741,259259,3500000,Bang_ke_hoa_don_da_su_dung_2024-T6.2025.xls,347
G00028,1C24TUV,00000344,18/07/2024,8453704,676296,9130000,Bang_ke_hoa_don_da_su_dung_2024-T6.2025.xls,349
G00029,1C24TUV,00000345,19/07/2024,1475926,118074,1594000,Bang_ke_hoa_don_da_su_dung_2024-T6.2025.xls,350
G00030,1C24TUV,00000346,19/07/2024,26566667,2125333,28692000,Bang_ke_hoa_don_da_su_dung_2024-T6.2025.xls,351
G00031,1C24TUV,00000347,19/07/2024,30994444,2479556,33474000,Bang_ke_hoa_don_da_su_dung_2024-T6.2025.xls,352
G00032,1C24TUV,00000348,19/07/2024,14759259,1180741,15940000,Bang_ke_hoa_don_da_su_dung_2024-T6.2025.xls,353
G00033,1C24TUV,00000359,24/07/2024,4361111,348889,4710000,Bang_ke_hoa_don_da_su_dung_2024-T6.2025.xls,364
G00034,1C24TUV,00000360,29/07/2024,1971296,157704,2129000,Bang_ke_hoa_don_da_su_dung_2024-T6.2025.xls,365
G00035,1C24TUV,00000366,02/08/2024,169474371,13557950,183032321,Bang_ke_hoa_don_da_su_dung_2024-T6.2025.xls,371
G00036,1C24TUV,00000378,07/08/2024,2295370,183630,2479000,Bang_ke_hoa_don_da_su_dung_2024-T6.2025.xls,383
G00037,1C24TUV,00000387,20/08/2024,72618000,5809440,78427440,Bang_ke_hoa_don_da_su_dung_2024-T6.2025.xls,392
G00038,1C24TUV,00000392,21/08/2024,670185,53615,723800,Bang_ke_hoa_don_da_su_dung_2024-T6.2025.xls,397
G00039,1C24TUV,00000393,21/08/2024,8518519,681482,9200001,Bang_ke_hoa_don_da_su_dung_2024-T6.2025.xls,398
G00040,1C24TUV,00000394,21/08/2024,1342593,107407,1450000,Bang_ke_hoa_don_da_su_dung_2024-T6.2025.xls,399
G00041,1C24TUV,00000395,21/08/2024,4981482,398519,5380001,Bang_ke_hoa_don_da_su_dung_2024-T6.2025.xls,400
G00042,1C24TUV,00000452,09/09/2024,521111,41689,562800,Bang_ke_hoa_don_da_su_dung_2024-T6.2025.xls,457
G00043,1C24TUV,00000453,09/09/2024,1018519,81482,1100001,Bang_ke_hoa_don_da_su_dung_2024-T6.2025.xls,458
G00044,1C24TUV,00000454,11/09/2024,184259,14741,199000,Bang_ke_hoa_don_da_su_dung_2024-T6.2025.xls,459
G00045,1C24TUV,00000458,12/09/2024,27546296,2203704,29750000,Bang_ke_hoa_don_da_su_dung_2024-T6.2025.xls,463
G00046,1C24TUV,00000470,24/09/2024,1148074,91846,1239920,Bang_ke_hoa_don_da_su_dung_2024-T6.2025.xls,475
G00047,1C24TUV,00000511,04/10/2024,14444444,1155556,15600000,Bang_ke_hoa_don_da_su_dung_2024-T6.2025.xls,516
G00048,1C24TUV,00000514,09/10/2024,7738889,619111,8358000,Bang_ke_hoa_don_da_su_dung_2024-T6.2025.xls,519
G00049,1C24TUV,00000517,14/10/2024,1702778,136222,1839000,Bang_ke_hoa_don_da_su_dung_2024-T6.2025.xls,522
G00049,1C25TUV,00000491,22/04/2025,1702778,136222,1839000,Bang_ke_hoa_don_da_su_dung_2024-T6.2025.xls,1282
G00049,1C25TUV,00000848,25/05/2025,1702778,136222,1839000,Bang_ke_hoa_don_da_su_dung_2024-T6.2025.xls,1639
G00049,1C25TUV,00000877,25/05/2025,1702778,136222,1839000,Bang_ke_hoa_don_da_su_dung_2024-T6.2025.xls,1668
G00049,1C25TUV,00000888,25/05/2025,1702778,136222,1839000,Bang_ke_hoa_don_da_su_dung_2024-T6.2025.xls,1679
G00049,1C25TUV,00000890,25/05/2025,1702778,136222,1839000,Bang_ke_hoa_don_da_su_dung_2024-T6.2025.xls,1681
G00049,1C25TUV,00000983,25/05/2025,1702778,136222,1839000,Bang_ke_hoa_don_da_su_dung_2024-T6.2025.xls,1774
G00049,1C25TUV,00001294,27/05/2025,1702778,136222,1839000,Bang_ke_hoa_don_da_su_dung_2024-T6.2025.xls,2085
G00049,1C25TUV,00001299,27/05/2025,1702778,136222,1839000,Bang_ke_hoa_don_da_su_dung_2024-T6.2025.xls,2090
G00049,1C25TUV,00001394,27/05/2025,1702778,136222,1839000,Bang_ke_hoa_don_da_su_dung_2024-T6.2025.xls,2185
G00049,1C25TUV,00001568,28/05/2025,1702778,136222,1839000,Bang_ke_hoa_don_da_su_dung_2024-T6.2025.xls,2359
G00049,1C25TUV,00001882,29/05/2025,1702778,136222,1839000,Bang_ke_hoa_don_da_su_dung_2024-T6.2025.xls,2673
G00049,1C25TUV,00001986,29/05/2025,1702778,136222,1839000,Bang_ke_hoa_don_da_su_dung_2024-T6.2025.xls,2776
G00049,1C25TUV,00002390,30/05/2025,1702778,136222,1839000,Bang_ke_hoa_don_da_su_dung_2024-T6.2025.xls,3179
G00049,1C25TUV,00002391,30/05/2025,1702778,136222,1839000,Bang_ke_hoa_don_da_su_dung_2024-T6.2025.xls,3180
G00049,1C25TUV,00002392,30/05/2025,1702778,136222,1839000,Bang_ke_hoa_don_da_su_dung_2024-T6.2025.xls,3181
G00049,1C25TUV,00002548,30/05/2025,1702778,136222,1839000,Bang_ke_hoa_don_da_su_dung_2024-T6.2025.xls,3337
G00049,1C25TUV,00002730,31/05/2025,1702778,136222,1839000,Bang_ke_hoa_don_da_su_dung_2024-T6.2025.xls,3519
G00049,1C25TUV,00002839,02/06/2025,1702778,136222,1839000,Bang_ke_hoa_don_da_su_dung_2024-T6.2025.xls,3628
G00049,1C25TUV,00002848,02/06/2025,1702778,136222,1839000,Bang_ke_hoa_don_da_su_dung_2024-T6.2025.xls,3637
G00049,1C25TUV,00002874,02/06/2025,1702778,136222,1839000,Bang_ke_hoa_don_da_su_dung_2024-T6.2025.xls,3663
G00049,1C25TUV,00002888,02/06/2025,1702778,136222,1839000,Bang_ke_hoa_don_da_su_dung_2024-T6.2025.xls,3677
G00049,1C25TUV,00003030,03/06/2025,1702778,136222,1839000,Bang_ke_hoa_don_da_su_dung_2024-T6.2025.xls,3819
G00049,1C25TUV,00003037,03/06/2025,1702778,136222,1839000,Bang_ke_hoa_don_da_su_dung_2024-T6.2025.xls,3826
G00049,1C25TUV,00003132,04/06/2025,1702778,136222,1839000,Bang_ke_hoa_don_da_su_dung_2024-T6.2025.xls,3921
G00049,1C25TUV,00003153,04/06/2025,1702778,136222,1839000,Bang_ke_hoa_don_da_su_dung_2024-T6.2025.xls,3942
G00049,1C25TUV,00003170,04/06/2025,1702778,136222,1839000,Bang_ke_hoa_don_da_su_dung_2024-T6.2025.xls,3959
G00049,1C25TUV,00003176,04/06/2025,1702778,136222,1839000,Bang_ke_hoa_don_da_su_dung_2024-T6.2025.xls,3965
G00049,1C25TUV,00003184,04/06/2025,1702778,136222,1839000,Bang_ke_hoa_don_da_su_dung_2024-T6.2025.xls,3973
G00049,1C25TUV,00003206,04/06/2025,1702778,136222,1839000,Bang_ke_hoa_don_da_su_dung_2024-T6.2025.xls,3995
G00049,1C25TUV,00003215,04/06/2025,1702778,136222,1839000,Bang_ke_hoa_don_da_su_dung_2024-T6.2025.xls,4004
G00049,1C25TUV,00003343,05/06/2025,1702778,136222,1839000,Bang_ke_hoa_don_da_su_dung_2024-T6.2025.xls,4132
G00049,1C25TUV,00003368,05/06/2025,1702778,136222,1839000,Bang_ke_hoa_don_da_su_dung_2024-T6.2025.xls,4157
G00049,1C25TUV,00003370,05/06/2025,1702778,136222,1839000,Bang_ke_hoa_don_da_su_dung_2024-T6.2025.xls,4159
G00049,1C25TUV,00003592,06/06/2025,1702778,136222,1839000,Bang_ke_hoa_don_da_su_dung_2024-T6.2025.xls,4381
G00049,1C25TUV,00003622,06/06/2025,1702778,136222,1839000,Bang_ke_hoa_don_da_su_dung_2024-T6.2025.xls,4411
G00049,1C25TUV,00003838,07/06/2025,1702778,136222,1839000,Bang_ke_hoa_don_da_su_dung_2024-T6.2025.xls,4627
G00049,1C25TUV,00003851,07/06/2025,1702778,136222,1839000,Bang_ke_hoa_don_da_su_dung_2024-T6.2025.xls,4640
G00049,1C25TUV,00004066,08/06/2025,1702778,136222,1839000,Bang_ke_hoa_don_da_su_dung_2024-T6.2025.xls,4855
G00049,1C25TUV,00004136,08/06/2025,1702778,136222,1839000,Bang_ke_hoa_don_da_su_dung_2024-T6.2025.xls,4925
G00049,1C25TUV,00004166,08/06/2025,1702778,136222,1839000,Bang_ke_hoa_don_da_su_dung_2024-T6.2025.xls,4955
G00049,1C25TUV,00009308,29/06/2025,1702778,136222,1839000,Bang_ke_hoa_don_da_su_dung_T6.2025 L2.xls,128
G00049,1C25TUV,00009506,30/06/2025,1702778,136222,1839000,Bang_ke_hoa_don_da_su_dung_T6.2025 L2.xls,326
G00049,1C25TUV,00009636,30/06/2025,1702778,136222,1839000,Bang_ke_hoa_don_da_su_dung_T6.2025 L2.xls,456
G00049,1C25TUV,00009638,30/06/2025,1702778,136222,1839000,Bang_ke_hoa_don_da_su_dung_T6.2025 L2.xls,458
G00049,1C25TUV,00009639,30/06/2025,1702778,136222,1839000,Bang_ke_hoa_don_da_su_dung_T6.2025 L2.xls,459
G00049,1C25TUV,00009642,30/06/2025,1702778,136222,1839000,Bang_ke_hoa_don_da_su_dung_T6.2025 L2.xls,462
G00049,1C25TUV,00009710,30/06/2025,1702778,136222,1839000,Bang_ke_hoa_don_da_su_dung_T6.2025 L2.xls,530
G00049,1C25TUV,00009713,30/06/2025,1702778,136222,1839000,Bang_ke_hoa_don_da_su_dung_T6.2025 L2.xls,533
G00049,1C25TUV,00009714,30/06/2025,1702778,136222,1839000,Bang_ke_hoa_don_da_su_dung_T6.2025 L2.xls,534
G00049,1C25TUV,00009715,30/06/2025,1702778,136222,1839000,Bang_ke_hoa_don_da_su_dung_T6.2025 L2.xls,535
G00049,1C25TUV,00009716,30/06/2025,1702778,136222,1839000,Bang_ke_hoa_don_da_su_dung_T6.2025 L2.xls,536
G00049,1C25TUV,00009717,30/06/2025,1702778,136222,1839000,Bang_ke_hoa_don_da_su_dung_T6.2025 L2.xls,537
G00049,1C25TUV,00009718,30/06/2025,1702778,136222,1839000,Bang_ke_hoa_don_da_su_dung_T6.2025 L2.xls,538
G00049,1C25TUV,00009719,30/06/2025,1702778,136222,1839000,Bang_ke_hoa_don_da_su_dung_T6.2025 L2.xls,539
G00049,1C25TUV,00009720,30/06/2025,1702778,136222,1839000,Bang_ke_hoa_don_da_su_dung_T6.2025 L2.xls,540
G00049,1C25TUV,00009721,30/06/2025,1702778,136222,1839000,Bang_ke_hoa_don_da_su_dung_T6.2025 L2.xls,541
G00049,1C25TUV,00009727,30/06/2025,1702778,136222,1839000,Bang_ke_hoa_don_da_su_dung_T6.2025 L2.xls,547
G00049,1C25TUV,00009728,30/06/2025,1702778,136222,1839000,Bang_ke_hoa_don_da_su_dung_T6.2025 L2.xls,548
G00049,1C25TUV,00009730,30/06/2025,1702778,136222,1839000,Bang_ke_hoa_don_da_su_dung_T6.2025 L2.xls,550
G00049,1C25TUV,00009794,30/06/2025,1702778,136222,1839000,Bang_ke_hoa_don_da_su_dung_T6.2025 L2.xls,614
G00049,1C25TUV,00009801,30/06/2025,1702778,136222,1839000,Bang_ke_hoa_don_da_su_dung_T6.2025 L2.xls,621
G00049,1C25TUV,00009806,30/06/2025,1702778,136222,1839000,Bang_ke_hoa_don_da_su_dung_T6.2025 L2.xls,626
G00049,1C25TUV,00009807,30/06/2025,1702778,136222,1839000,Bang_ke_hoa_don_da_su_dung_T6.2025 L2.xls,627
G00049,1C25TUV,00009808,30/06/2025,1702778,136222,1839000,Bang_ke_hoa_don_da_su_dung_T6.2025 L2.xls,628
G00049,1C25TUV,00009811,30/06/2025,1702778,136222,1839000,Bang_ke_hoa_don_da_su_dung_T6.2025 L2.xls,631
G00049,1C25TUV,00009813,30/06/2025,1702778,136222,1839000,Bang_ke_hoa_don_da_su_dung_T6.2025 L2.xls,633
G00049,1C25TUV,00009814,30/06/2025,1702778,136222,1839000,Bang_ke_hoa_don_da_su_dung_T6.2025 L2.xls,634
G00049,1C25TUV,00009823,30/06/2025,1702778,136222,1839000,Bang_ke_hoa_don_da_su_dung_T6.2025 L2.xls,643
G00049,1C25TUV,00009824,30/06/2025,1702778,136222,1839000,Bang_ke_hoa_don_da_su_dung_T6.2025 L2.xls,644
G00049,1C25TUV,00009860,30/06/2025,1702778,136222,1839000,Bang_ke_hoa_don_da_su_dung_T6.2025 L2.xls,680
G00049,1C25TUV,00009861,30/06/2025,1702778,136222,1839000,Bang_ke_hoa_don_da_su_dung_T6.2025 L2.xls,681
G00049,1C25TUV,00009870,30/06/2025,1702778,136222,1839000,Bang_ke_hoa_don_da_su_dung_T6.2025 L2.xls,690
G00049,1C25TUV,00009876,30/06/2025,1702778,136222,1839000,Bang_ke_hoa_don_da_su_dung_T6.2025 L2.xls,696
G00049,1C25TUV,00009877,30/06/2025,1702778,136222,1839000,Bang_ke_hoa_don_da_su_dung_T6.2025 L2.xls,697
G00049,1C25TUV,00009879,30/06/2025,1702778,136222,1839000,Bang_ke_hoa_don_da_su_dung_T6.2025 L2.xls,699
G00049,1C25TUV,00009881,30/06/2025,1702778,136222,1839000,Bang_ke_hoa_don_da_su_dung_T6.2025 L2.xls,701
G00049,1C25TUV,00009884,30/06/2025,1702778,136222,1839000,Bang_ke_hoa_don_da_su_dung_T6.2025 L2.xls,704
G00049,1C25TUV,00009885,30/06/2025,1702778,136222,1839000,Bang_ke_hoa_don_da_su_dung_T6.2025 L2.xls,705
G00049,1C25TUV,00009888,30/06/2025,1702778,136222,1839000,Bang_ke_hoa_don_da_su_dung_T6.2025 L2.xls,708
G00049,1C25TUV,00009892,30/06/2025,1702778,136222,1839000,Bang_ke_hoa_don_da_su_dung_T6.2025 L2.xls,712
G00049,1C25TUV,00009893,30/06/2025,1702778,136222,1839000,Bang_ke_hoa_don_da_su_dung_T6.2025 L2.xls,713
G00049,1C25TUV,00009897,30/06/2025,1702778,136222,1839000,Bang_ke_hoa_don_da_su_dung_T6.2025 L2.xls,717
G00049,1C25TUV,00009899,30/06/2025,1702778,136222,1839000,Bang_ke_hoa_don_da_su_dung_T6.2025 L2.xls,719
G00049,1C25TUV,00009900,30/06/2025,1702778,136222,1839000,Bang_ke_hoa_don_da_su_dung_T6.2025 L2.xls,720
G00049,1C25TUV,00009903,30/06/2025,1702778,136222,1839000,Bang_ke_hoa_don_da_su_dung_T6.2025 L2.xls,723
G00049,1C25TUV,00009906,30/06/2025,1702778,136222,1839000,Bang_ke_hoa_don_da_su_dung_T6.2025 L2.xls,726
G00049,1C25TUV,00009910,30/06/2025,1702778,136222,1839000,Bang_ke_hoa_don_da_su_dung_T6.2025 L2.xls,730
G00049,1C25TUV,00009913,30/06/2025,1702778,136222,1839000,Bang_ke_hoa_don_da_su_dung_T6.2025 L2.xls,733
G00049,1C25TUV,00009914,30/06/2025,1702778,136222,1839000,Bang_ke_hoa_don_da_su_dung_T6.2025 L2.xls,734
G00049,1C25TUV,00009915,30/06/2025,1702778,136222,1839000,Bang_ke_hoa_don_da_su_dung_T6.2025 L2.xls,735
G00049,1C25TUV,00009916,30/06/2025,1702778,136222,1839000,Bang_ke_hoa_don_da_su_dung_T6.2025 L2.xls,736
G00049,1C25TUV,00009917,30/06/2025,1702778,136222,1839000,Bang_ke_hoa_don_da_su_dung_T6.2025 L2.xls,737
G00049,1C25TUV,00009932,30/06/2025,1702778,136222,1839000,Bang_ke_hoa_don_da_su_dung_T6.2025 L2.xls,752
G00049,1C25TUV,00009935,30/06/2025,1702778,136222,1839000,Bang_ke_hoa_don_da_su_dung_T6.2025 L2.xls,755
G00049,1C25TUV,00009937,30/06/2025,1702778,136222,1839000,Bang_ke_hoa_don_da_su_dung_T6.2025 L2.xls,757
G00049,1C25TUV,00009938,30/06/2025,1702778,136222,1839000,Bang_ke_hoa_don_da_su_dung_T6.2025 L2.xls,758
G00049,1C25TUV,00009939,30/06/2025,1702778,136222,1839000,Bang_ke_hoa_don_da_su_dung_T6.2025 L2.xls,759
G00049,1C25TUV,00009940,30/06/2025,1702778,136222,1839000,Bang_ke_hoa_don_da_su_dung_T6.2025 L2.xls,760
G00049,1C25TUV,00009995,30/06/2025,1702778,136222,1839000,Bang_ke_hoa_don_da_su_dung_T6.2025 L2.xls,815
G00049,1C25TUV,00009997,30/06/2025,1702778,136222,1839000,Bang_ke_hoa_don_da_su_dung_T6.2025 L2.xls,817
G00049,1C25TUV,00010001,30/06/2025,1702778,136222,1839000,Bang_ke_hoa_don_da_su_dung_T6.2025 L2.xls,821
G00049,1C25TUV,00010005,30/06/2025,1702778,136222,1839000,Bang_ke_hoa_don_da_su_dung_T6.2025 L2.xls,825
G00049,1C25TUV,00010006,30/06/2025,1702778,136222,1839000,Bang_ke_hoa_don_da_su_dung_T6.2025 L2.xls,826
G00049,1C25TUV,00010009,30/06/2025,1702778,136222,1839000,Bang_ke_hoa_don_da_su_dung_T6.2025 L2.xls,829
G00049,1C25TUV,00010010,30/06/2025,1702778,136222,1839000,Bang_ke_hoa_don_da_su_dung_T6.2025 L2.xls,830
G00049,1C25TUV,00010011,30/06/2025,1702778,136222,1839000,Bang_ke_hoa_don_da_su_dung_T6.2025 L2.xls,831
G00049,1C25TUV,00010012,30/06/2025,1702778,136222,1839000,Bang_ke_hoa_don_da_su_dung_T6.2025 L2.xls,832
G00049,1C25TUV,00010042,30/06/2025,1702778,136222,1839000,Bang_ke_hoa_don_da_su_dung_T6.2025 L2.xls,862
G00049,1C25TUV,00010044,30/06/2025,1702778,136222,1839000,Bang_ke_hoa_don_da_su_dung_T6.2025 L2.xls,864
G00049,1C25TUV,00010063,30/06/2025,1702778,136222,1839000,Bang_ke_hoa_don_da_su_dung_T6.2025 L2.xls,883
G00049,1C25TUV,00010064,30/06/2025,1702778,136222,1839000,Bang_ke_hoa_don_da_su_dung_T6.2025 L2.xls,884
G00049,1C25TUV,00010067,30/06/2025,1702778,136222,1839000,Bang_ke_hoa_don_da_su_dung_T6.2025 L2.xls,887
G00049,1C25TUV,00004297,09/06/2025,1702778,136222,1839000,Bang_ke_hoa_don_da_su_dung_T6.2025.xls,100
G00049,1C25TUV,00004317,09/06/2025,1702778,136222,1839000,Bang_ke_hoa_don_da_su_dung_T6.2025.xls,120
G00049,1C25TUV,00004335,09/06/2025,1702778,136222,1839000,Bang_ke_hoa_don_da_su_dung_T6.2025.xls,138
G00049,1C25TUV,00004339,09/06/2025,1702778,136222,1839000,Bang_ke_hoa_don_da_su_dung_T6.2025.xls,142
G00049,1C25TUV,00004362,09/06/2025,1702778,136222,1839000,Bang_ke_hoa_don_da_su_dung_T6.2025.xls,165
G00049,1C25TUV,00004441,10/06/2025,1702778,136222,1839000,Bang_ke_hoa_don_da_su_dung_T6.2025.xls,244
G00049,1C25TUV,00004471,10/06/2025,1702778,136222,1839000,Bang_ke_hoa_don_da_su_dung_T6.2025.xls,274
G00049,1C25TUV,00004623,10/06/2025,1702778,136222,1839000,Bang_ke_hoa_don_da_su_dung_T6.2025.xls,426
G00049,1C25TUV,00004639,10/06/2025,1702778,136222,1839000,Bang_ke_hoa_don_da_su_dung_T6.2025.xls,442
G00049,1C25TUV,00004646,10/06/2025,1702778,136222,1839000,Bang_ke_hoa_don_da_su_dung_T6.2025.xls,449
G00049,1C25TUV,00004735,11/06/2025,1702778,136222,1839000,Bang_ke_hoa_don_da_su_dung_T6.2025.xls,538
G00049,1C25TUV,00004779,11/06/2025,1702778,136222,1839000,Bang_ke_hoa_don_da_su_dung_T6.2025.xls,582
G00049,1C25TUV,00004896,11/06/2025,1702778,136222,1839000,Bang_ke_hoa_don_da_su_dung_T6.2025.xls,699
G00049,1C25TUV,00004920,12/06/2025,1702778,136222,1839000,Bang_ke_hoa_don_da_su_dung_T6.2025.xls,723
G00049,1C25TUV,00005030,12/06/2025,1702778,136222,1839000,Bang_ke_hoa_don_da_su_dung_T6.2025.xls,833
G00049,1C25TUV,00005131,12/06/2025,1702778,136222,1839000,Bang_ke_hoa_don_da_su_dung_T6.2025.xls,934
G00049,1C25TUV,00005162,13/06/2025,1702778,136222,1839000,Bang_ke_hoa_don_da_su_dung_T6.2025.xls,965
G00049,1C25TUV,00005243,13/06/2025,1702778,136222,1839000,Bang_ke_hoa_don_da_su_dung_T6.2025.xls,1046
G00049,1C25TUV,00005288,13/06/2025,1702778,136222,1839000,Bang_ke_hoa_don_da_su_dung_T6.2025.xls,1091
G00049,1C25TUV,00005313,13/06/2025,1702778,136222,1839000,Bang_ke_hoa_don_da_su_dung_T6.2025.xls,1116
G00049,1C25TUV,00005328,13/06/2025,1702778,136222,1839000,Bang_ke_hoa_don_da_su_dung_T6.2025.xls,1131
G00049,1C25TUV,00005496,14/06/2025,1702778,136222,1839000,Bang_ke_hoa_don_da_su_dung_T6.2025.xls,1299
G00049,1C25TUV,00005518,14/06/2025,1702778,136222,1839000,Bang_ke_hoa_don_da_su_dung_T6.2025.xls,1321
G00049,1C25TUV,00005523,14/06/2025,1702778,136222,1839000,Bang_ke_hoa_don_da_su_dung_T6.2025.xls,1326
G00049,1C25TUV,00005572,14/06/2025,1702778,136222,1839000,Bang_ke_hoa_don_da_su_dung_T6.2025.xls,1375
G00049,1C25TUV,00005590,14/06/2025,1702778,136222,1839000,Bang_ke_hoa_don_da_su_dung_T6.2025.xls,1393
G00049,1C25TUV,00005641,14/06/2025,1702778,136222,1839000,Bang_ke_hoa_don_da_su_dung_T6.2025.xls,1444
G00049,1C25TUV,00005777,15/06/2025,1702778,136222,1839000,Bang_ke_hoa_don_da_su_dung_T6.2025.xls,1580
G00049,1C25TUV,00005782,15/06/2025,1702778,136222,1839000,Bang_ke_hoa_don_da_su_dung_T6.2025.xls,1585
G00049,1C25TUV,00005863,15/06/2025,1702778,136222,1839000,Bang_ke_hoa_don_da_su_dung_T6.2025.xls,1666
G00049,1C25TUV,00005921,16/06/2025,1702778,136222,1839000,Bang_ke_hoa_don_da_su_dung_T6.2025.xls,1724
G00049,1C25TUV,00005973,16/06/2025,1702778,136222,1839000,Bang_ke_hoa_don_da_su_dung_T6.2025.xls,1776
G00049,1C25TUV,00006038,16/06/2025,1702778,136222,1839000,Bang_ke_hoa_don_da_su_dung_T6.2025.xls,1841
G00049,1C25TUV,00006044,16/06/2025,1702778,136222,1839000,Bang_ke_hoa_don_da_su_dung_T6.2025.xls,1847
G00049,1C25TUV,00006053,16/06/2025,1702778,136222,1839000,Bang_ke_hoa_don_da_su_dung_T6.2025.xls,1856
G00049,1C25TUV,00006155,17/06/2025,1702778,136222,1839000,Bang_ke_hoa_don_da_su_dung_T6.2025.xls,1958
G00049,1C25TUV,00006247,17/06/2025,1702778,136222,1839000,Bang_ke_hoa_don_da_su_dung_T6.2025.xls,2050
G00049,1C25TUV,00006395,18/06/2025,1702778,136222,1839000,Bang_ke_hoa_don_da_su_dung_T6.2025.xls,2198
G00049,1C25TUV,00006541,18/06/2025,1702778,136222,1839000,Bang_ke_hoa_don_da_su_dung_T6.2025.xls,2344
G00049,1C25TUV,00006663,18/06/2025,1702778,136222,1839000,Bang_ke_hoa_don_da_su_dung_T6.2025.xls,2466
G00049,1C25TUV,00006704,18/06/2025,1702778,136222,1839000,Bang_ke_hoa_don_da_su_dung_T6.2025.xls,2507
G00049,1C25TUV,00006801,19/06/2025,1702778,136222,1839000,Bang_ke_hoa_don_da_su_dung_T6.2025.xls,2604
G00049,1C25TUV,00006807,19/06/2025,1702778,136222,1839000,Bang_ke_hoa_don_da_su_dung_T6.2025.xls,2610
G00049,1C25TUV,00007005,19/06/2025,1702778,136222,1839000,Bang_ke_hoa_don_da_su_dung_T6.2025.xls,2808
G00049,1C25TUV,00007114,20/06/2025,1702778,136222,1839000,Bang_ke_hoa_don_da_su_dung_T6.2025.xls,2917
G00049,1C25TUV,00007297,20/06/2025,1702778,136222,1839000,Bang_ke_hoa_don_da_su_dung_T6.2025.xls,3100
G00049,1C25TUV,00007321,20/06/2025,1702778,136222,1839000,Bang_ke_hoa_don_da_su_dung_T6.2025.xls,3124
G00049,1C25TUV,00007416,21/06/2025,1702778,136222,1839000,Bang_ke_hoa_don_da_su_dung_T6.2025.xls,3219
G00049,1C25TUV,00007418,21/06/2025,1702778,136222,1839000,Bang_ke_hoa_don_da_su_dung_T6.2025.xls,3221
G00049,1C25TUV,00007533,21/06/2025,1702778,136222,1839000,Bang_ke_hoa_don_da_su_dung_T6.2025.xls,3336
G00049,1C25TUV,00007577,21/06/2025,1702778,136222,1839000,Bang_ke_hoa_don_da_su_dung_T6.2025.xls,3380
G00049,1C25TUV,00007582,21/06/2025,1702778,136222,1839000,Bang_ke_hoa_don_da_su_dung_T6.2025.xls,3385
G00049,1C25TUV,00007888,23/06/2025,1702778,136222,1839000,Bang_ke_hoa_don_da_su_dung_T6.2025.xls,3691
G00049,1C25TUV,00007941,23/06/2025,1702778,136222,1839000,Bang_ke_hoa_don_da_su_dung_T6.2025.xls,3744
G00049,1C25TUV,00008307,24/06/2025,1702778,136222,1839000,Bang_ke_hoa_don_da_su_dung_T6.2025.xls,4110
G00049,1C25TUV,00008330,24/06/2025,1702778,136222,1839000,Bang_ke_hoa_don_da_su_dung_T6.2025.xls,4133
G00049,1C25TUV,00008346,24/06/2025,1702778,136222,1839000,Bang_ke_hoa_don_da_su_dung_T6.2025.xls,4149
G00049,1C25TUV,00008417,25/06/2025,1702778,136222,1839000,Bang_ke_hoa_don_da_su_dung_T6.2025.xls,4220
G00049,1C25TUV,00008840,27/06/2025,1702778,136222,1839000,Bang_ke_hoa_don_da_su_dung_T6.2025.xls,4643
G00049,1C25TUV,00009041,28/06/2025,1702778,136222,1839000,Bang_ke_hoa_don_da_su_dung_T6.2025.xls,4844
G00049,1C25TUV,00009152,28/06/2025,1702778,136222,1839000,Bang_ke_hoa_don_da_su_dung_T6.2025.xls,4955
G00050,1C24TUV,00000527,17/10/2024,19968750,1597500,21566250,Bang_ke_hoa_don_da_su_dung_2024-T6.2025.xls,532
G00051,1C24TUV,00000528,17/10/2024,12862036,1028963,13890999,Bang_ke_hoa_don_da_su_dung_2024-T6.2025.xls,533
G00052,1C24TUV,00000529,17/10/2024,8230555,658444,8888999,Bang_ke_hoa_don_da_su_dung_2024-T6.2025.xls,534
G00053,1C24TUV,00000540,30/10/2024,443519,35482,479001,Bang_ke_hoa_don_da_su_dung_2024-T6.2025.xls,545
G00053,1C24TUV,00000776,31/12/2024,443519,35482,479001,Bang_ke_hoa_don_da_su_dung_2024-T6.2025.xls,781
G00053,1C25TUV,00000088,11/02/2025,443519,35482,479001,Bang_ke_hoa_don_da_su_dung_2024-T6.2025.xls,879
G00053,1C25TUV,00000095,14/02/2025,443519,35482,479001,Bang_ke_hoa_don_da_su_dung_2024-T6.2025.xls,886
G00053,1C25TUV,00000184,06/03/2025,443519,35482,479001,Bang_ke_hoa_don_da_su_dung_2024-T6.2025.xls,975
G00053,1C25TUV,00000196,06/03/2025,443519,35482,479001,Bang_ke_hoa_don_da_su_dung_2024-T6.2025.xls,987
G00053,1C25TUV,00000197,06/03/2025,443519,35482,479001,Bang_ke_hoa_don_da_su_dung_2024-T6.2025.xls,988
G00053,1C25TUV,00000206,07/03/2025,443519,35482,479001,Bang_ke_hoa_don_da_su_dung_2024-T6.2025.xls,997
G00053,1C25TUV,00000235,07/03/2025,443519,35482,479001,Bang_ke_hoa_don_da_su_dung_2024-T6.2025.xls,1026
G00054,1C24TUV,00000542,30/10/2024,4035185,322815,4358000,Bang_ke_hoa_don_da_su_dung_2024-T6.2025.xls,547
G00055,1C24TUV,00000553,31/10/2024,3544444,283556,3828000,Bang_ke_hoa_don_da_su_dung_2024-T6.2025.xls,558
G00056,1C24TUV,00000554,31/10/2024,1018518,81481,1099999,Bang_ke_hoa_don_da_su_dung_2024-T6.2025.xls,559
G00057,1C24TUV,00000569,14/11/2024,2728704,218296,2947000,Bang_ke_hoa_don_da_su_dung_2024-T6.2025.xls,574
G00058,1C24TUV,00000570,14/11/2024,972222,77778,1050000,Bang_ke_hoa_don_da_su_dung_2024-T6.2025.xls,575
G00059,1C24TUV,00000572,15/11/2024,870370,69630,940000,Bang_ke_hoa_don_da_su_dung_2024-T6.2025.xls,577
G00059,1C25TUV,00000772,21/05/2025,870370,69630,940000,Bang_ke_hoa_don_da_su_dung_2024-T6.2025.xls,1563
G00060,1C24TUV,00000585,20/11/2024,10694444,855556,11550000,Bang_ke_hoa_don_da_su_dung_2024-T6.2025.xls,590
G00061,1C24TUV,00000586,20/11/2024,6627778,530222,7158000,Bang_ke_hoa_don_da_su_dung_2024-T6.2025.xls,591
G00062,1C24TUV,00000589,21/11/2024,1296296,103704,1400000,Bang_ke_hoa_don_da_su_dung_2024-T6.2025.xls,594
G00063,1C24TUV,00000590,21/11/2024,46296,3704,50000,Bang_ke_hoa_don_da_su_dung_2024-T6.2025.xls,595
G00063,1C25TUV,00000385,31/03/2025,46296,3704,50000,Bang_ke_hoa_don_da_su_dung_2024-T6.2025.xls,1176
G00063,1C25TUV,00007024,20/06/2025,46296,3704,50000,Bang_ke_hoa_don_da_su_dung_T6.2025.xls,2827
G00063,1C25TUV,00008063,23/06/2025,46296,3704,50000,Bang_ke_hoa_don_da_su_dung_T6.2025.xls,3866
G00063,1C25TUV,00008182,24/06/2025,46296,3704,50000,Bang_ke_hoa_don_da_su_dung_T6.2025.xls,3985
G00064,1C24TUV,00000591,21/11/2024,2979630,238370,3218000,Bang_ke_hoa_don_da_su_dung_2024-T6.2025.xls,596
G00065,1C24TUV,00000592,21/11/2024,509259,40741,550000,Bang_ke_hoa_don_da_su_dung_2024-T6.2025.xls,597
G00065,1C24TUV,00000677,17/12/2024,509259,40741,550000,Bang_ke_hoa_don_da_su_dung_2024-T6.2025.xls,682
G00065,1C25TUV,00000012,07/01/2025,509259,40741,550000,Bang_ke_hoa_don_da_su_dung_2024-T6.2025.xls,803
G00065,1C25TUV,00000154,28/02/2025,509259,40741,550000,Bang_ke_hoa_don_da_su_dung_2024-T6.2025.xls,945
G00065,1C25TUV,00000538,03/05/2025,509259,40741,550000,Bang_ke_hoa_don_da_su_dung_2024-T6.2025.xls,1329
G00065,1C25TUV,00000540,03/05/2025,509259,40741,550000,Bang_ke_hoa_don_da_su_dung_2024-T6.2025.xls,1331
G00065,1C25TUV,00000883,25/05/2025,509259,40741,550000,Bang_ke_hoa_don_da_su_dung_2024-T6.2025.xls,1674
G00065,1C25TUV,00000927,25/05/2025,509259,40741,550000,Bang_ke_hoa_don_da_su_dung_2024-T6.2025.xls,1718
G00065,1C25TUV,00000984,25/05/2025,509259,40741,550000,Bang_ke_hoa_don_da_su_dung_2024-T6.2025.xls,1775
G00065,1C25TUV,00000988,25/05/2025,509259,40741,550000,Bang_ke_hoa_don_da_su_dung_2024-T6.2025.xls,1779
G00065,1C25TUV,00001036,25/05/2025,509259,40741,550000,Bang_ke_hoa_don_da_su_dung_2024-T6.2025.xls,1827
G00065,1C25TUV,00001088,26/05/2025,509259,40741,550000,Bang_ke_hoa_don_da_su_dung_2024-T6.2025.xls,1879
G00065,1C25TUV,00001091,26/05/2025,509259,40741,550000,Bang_ke_hoa_don_da_su_dung_2024-T6.2025.xls,1882
G00065,1C25TUV,00001256,27/05/2025,509259,40741,550000,Bang_ke_hoa_don_da_su_dung_2024-T6.2025.xls,2047
G00065,1C25TUV,00001401,27/05/2025,509259,40741,550000,Bang_ke_hoa_don_da_su_dung_2024-T6.2025.xls,2192
G00065,1C25TUV,00001403,27/05/2025,509259,40741,550000,Bang_ke_hoa_don_da_su_dung_2024-T6.2025.xls,2194
G00065,1C25TUV,00001412,27/05/2025,509259,40741,550000,Bang_ke_hoa_don_da_su_dung_2024-T6.2025.xls,2203
G00065,1C25TUV,00001579,28/05/2025,509259,40741,550000,Bang_ke_hoa_don_da_su_dung_2024-T6.2025.xls,2370
G00065,1C25TUV,00001592,28/05/2025,509259,40741,550000,Bang_ke_hoa_don_da_su_dung_2024-T6.2025.xls,2383
G00065,1C25TUV,00001604,28/05/2025,509259,40741,550000,Bang_ke_hoa_don_da_su_dung_2024-T6.2025.xls,2395
G00065,1C25TUV,00001732,28/05/2025,509259,40741,550000,Bang_ke_hoa_don_da_su_dung_2024-T6.2025.xls,2523
G00065,1C25TUV,00001864,29/05/2025,509259,40741,550000,Bang_ke_hoa_don_da_su_dung_2024-T6.2025.xls,2655
G00065,1C25TUV,00001865,29/05/2025,509259,40741,550000,Bang_ke_hoa_don_da_su_dung_2024-T6.2025.xls,2656
G00065,1C25TUV,00001866,29/05/2025,509259,40741,550000,Bang_ke_hoa_don_da_su_dung_2024-T6.2025.xls,2657
G00065,1C25TUV,00001976,29/05/2025,509259,40741,550000,Bang_ke_hoa_don_da_su_dung_2024-T6.2025.xls,2766
G00065,1C25TUV,00002381,30/05/2025,509259,40741,550000,Bang_ke_hoa_don_da_su_dung_2024-T6.2025.xls,3170
G00065,1C25TUV,00002382,30/05/2025,509259,40741,550000,Bang_ke_hoa_don_da_su_dung_2024-T6.2025.xls,3171
G00065,1C25TUV,00002383,30/05/2025,509259,40741,550000,Bang_ke_hoa_don_da_su_dung_2024-T6.2025.xls,3172
G00065,1C25TUV,00002528,30/05/2025,509259,40741,550000,Bang_ke_hoa_don_da_su_dung_2024-T6.2025.xls,3317
G00065,1C25TUV,00002530,30/05/2025,509259,40741,550000,Bang_ke_hoa_don_da_su_dung_2024-T6.2025.xls,3319
G00065,1C25TUV,00002531,30/05/2025,509259,40741,550000,Bang_ke_hoa_don_da_su_dung_2024-T6.2025.xls,3320
G00065,1C25TUV,00002532,30/05/2025,509259,40741,550000,Bang_ke_hoa_don_da_su_dung_2024-T6.2025.xls,3321
G00065,1C25TUV,00002679,31/05/2025,509259,40741,550000,Bang_ke_hoa_don_da_su_dung_2024-T6.2025.xls,3468
G00065,1C25TUV,00002717,31/05/2025,509259,40741,550000,Bang_ke_hoa_don_da_su_dung_2024-T6.2025.xls,3506
G00065,1C25TUV,00002718,31/05/2025,509259,40741,550000,Bang_ke_hoa_don_da_su_dung_2024-T6.2025.xls,3507
G00065,1C25TUV,00002719,31/05/2025,509259,40741,550000,Bang_ke_hoa_don_da_su_dung_2024-T6.2025.xls,3508
G00065,1C25TUV,00002774,01/06/2025,509259,40741,550000,Bang_ke_hoa_don_da_su_dung_2024-T6.2025.xls,3563
G00065,1C25TUV,00002875,02/06/2025,509259,40741,550000,Bang_ke_hoa_don_da_su_dung_2024-T6.2025.xls,3664
G00065,1C25TUV,00003174,04/06/2025,509259,40741,550000,Bang_ke_hoa_don_da_su_dung_2024-T6.2025.xls,3963
G00065,1C25TUV,00003196,04/06/2025,509259,40741,550000,Bang_ke_hoa_don_da_su_dung_2024-T6.2025.xls,3985
G00065,1C25TUV,00003374,05/06/2025,509259,40741,550000,Bang_ke_hoa_don_da_su_dung_2024-T6.2025.xls,4163
G00065,1C25TUV,00003414,06/06/2025,509259,40741,550000,Bang_ke_hoa_don_da_su_dung_2024-T6.2025.xls,4203
G00065,1C25TUV,00003459,06/06/2025,509259,40741,550000,Bang_ke_hoa_don_da_su_dung_2024-T6.2025.xls,4248
G00065,1C25TUV,00003606,06/06/2025,509259,40741,550000,Bang_ke_hoa_don_da_su_dung_2024-T6.2025.xls,4395
G00065,1C25TUV,00003616,06/06/2025,509259,40741,550000,Bang_ke_hoa_don_da_su_dung_2024-T6.2025.xls,4405
G00065,1C25TUV,00003619,06/06/2025,509259,40741,550000,Bang_ke_hoa_don_da_su_dung_2024-T6.2025.xls,4408
G00065,1C25TUV,00003711,07/06/2025,509259,40741,550000,Bang_ke_hoa_don_da_su_dung_2024-T6.2025.xls,4500
G00065,1C25TUV,00003721,07/06/2025,509259,40741,550000,Bang_ke_hoa_don_da_su_dung_2024-T6.2025.xls,4510
G00065,1C25TUV,00003724,07/06/2025,509259,40741,550000,Bang_ke_hoa_don_da_su_dung_2024-T6.2025.xls,4513
G00065,1C25TUV,00003752,07/06/2025,509259,40741,550000,Bang_ke_hoa_don_da_su_dung_2024-T6.2025.xls,4541
G00065,1C25TUV,00003885,07/06/2025,509259,40741,550000,Bang_ke_hoa_don_da_su_dung_2024-T6.2025.xls,4674
G00065,1C25TUV,00003887,07/06/2025,509259,40741,550000,Bang_ke_hoa_don_da_su_dung_2024-T6.2025.xls,4676
G00065,1C25TUV,00003897,07/06/2025,509259,40741,550000,Bang_ke_hoa_don_da_su_dung_2024-T6.2025.xls,4686
G00065,1C25TUV,00003920,07/06/2025,509259,40741,550000,Bang_ke_hoa_don_da_su_dung_2024-T6.2025.xls,4709
G00065,1C25TUV,00003921,08/06/2025,509259,40741,550000,Bang_ke_hoa_don_da_su_dung_2024-T6.2025.xls,4710
G00065,1C25TUV,00003967,08/06/2025,509259,40741,550000,Bang_ke_hoa_don_da_su_dung_2024-T6.2025.xls,4756
G00065,1C25TUV,00003970,08/06/2025,509259,40741,550000,Bang_ke_hoa_don_da_su_dung_2024-T6.2025.xls,4759
G00065,1C25TUV,00004078,08/06/2025,509259,40741,550000,Bang_ke_hoa_don_da_su_dung_2024-T6.2025.xls,4867
G00065,1C25TUV,00004134,08/06/2025,509259,40741,550000,Bang_ke_hoa_don_da_su_dung_2024-T6.2025.xls,4923
G00065,1C25TUV,00004147,08/06/2025,509259,40741,550000,Bang_ke_hoa_don_da_su_dung_2024-T6.2025.xls,4936
G00065,1C25TUV,00009228,29/06/2025,509259,40741,550000,Bang_ke_hoa_don_da_su_dung_T6.2025 L2.xls,48
G00065,1C25TUV,00009519,30/06/2025,509259,40741,550000,Bang_ke_hoa_don_da_su_dung_T6.2025 L2.xls,339
G00065,1C25TUV,00009673,30/06/2025,509259,40741,550000,Bang_ke_hoa_don_da_su_dung_T6.2025 L2.xls,493
G00065,1C25TUV,00009712,30/06/2025,509259,40741,550000,Bang_ke_hoa_don_da_su_dung_T6.2025 L2.xls,532
G00065,1C25TUV,00004333,09/06/2025,509259,40741,550000,Bang_ke_hoa_don_da_su_dung_T6.2025.xls,136
G00065,1C25TUV,00004357,09/06/2025,509259,40741,550000,Bang_ke_hoa_don_da_su_dung_T6.2025.xls,160
G00065,1C25TUV,00004359,09/06/2025,509259,40741,550000,Bang_ke_hoa_don_da_su_dung_T6.2025.xls,162
G00065,1C25TUV,00004539,10/06/2025,509259,40741,550000,Bang_ke_hoa_don_da_su_dung_T6.2025.xls,342
G00065,1C25TUV,00004621,10/06/2025,509259,40741,550000,Bang_ke_hoa_don_da_su_dung_T6.2025.xls,424
G00065,1C25TUV,00004640,10/06/2025,509259,40741,550000,Bang_ke_hoa_don_da_su_dung_T6.2025.xls,443
G00065,1C25TUV,00004655,10/06/2025,509259,40741,550000,Bang_ke_hoa_don_da_su_dung_T6.2025.xls,458
G00065,1C25TUV,00004664,10/06/2025,509259,40741,550000,Bang_ke_hoa_don_da_su_dung_T6.2025.xls,467
G00065,1C25TUV,00004786,11/06/2025,509259,40741,550000,Bang_ke_hoa_don_da_su_dung_T6.2025.xls,589
G00065,1C25TUV,00004843,11/06/2025,509259,40741,550000,Bang_ke_hoa_don_da_su_dung_T6.2025.xls,646
G00065,1C25TUV,00004871,11/06/2025,509259,40741,550000,Bang_ke_hoa_don_da_su_dung_T6.2025.xls,674
G00065,1C25TUV,00004885,11/06/2025,509259,40741,550000,Bang_ke_hoa_don_da_su_dung_T6.2025.xls,688
G00065,1C25TUV,00004898,11/06/2025,509259,40741,550000,Bang_ke_hoa_don_da_su_dung_T6.2025.xls,701
G00065,1C25TUV,00004947,12/06/2025,509259,40741,550000,Bang_ke_hoa_don_da_su_dung_T6.2025.xls,750
G00065,1C25TUV,00005083,12/06/2025,509259,40741,550000,Bang_ke_hoa_don_da_su_dung_T6.2025.xls,886
G00065,1C25TUV,00005084,12/06/2025,509259,40741,550000,Bang_ke_hoa_don_da_su_dung_T6.2025.xls,887
G00065,1C25TUV,00005111,12/06/2025,509259,40741,550000,Bang_ke_hoa_don_da_su_dung_T6.2025.xls,914
G00065,1C25TUV,00005310,13/06/2025,509259,40741,550000,Bang_ke_hoa_don_da_su_dung_T6.2025.xls,1113
G00065,1C25TUV,00005324,13/06/2025,509259,40741,550000,Bang_ke_hoa_don_da_su_dung_T6.2025.xls,1127
G00065,1C25TUV,00005352,13/06/2025,509259,40741,550000,Bang_ke_hoa_don_da_su_dung_T6.2025.xls,1155
G00065,1C25TUV,00005362,13/06/2025,509259,40741,550000,Bang_ke_hoa_don_da_su_dung_T6.2025.xls,1165
G00065,1C25TUV,00005729,15/06/2025,509259,40741,550000,Bang_ke_hoa_don_da_su_dung_T6.2025.xls,1532
G00065,1C25TUV,00005744,15/06/2025,509259,40741,550000,Bang_ke_hoa_don_da_su_dung_T6.2025.xls,1547
G00065,1C25TUV,00005762,15/06/2025,509259,40741,550000,Bang_ke_hoa_don_da_su_dung_T6.2025.xls,1565
G00065,1C25TUV,00005844,15/06/2025,509259,40741,550000,Bang_ke_hoa_don_da_su_dung_T6.2025.xls,1647
G00065,1C25TUV,00005942,16/06/2025,509259,40741,550000,Bang_ke_hoa_don_da_su_dung_T6.2025.xls,1745
G00065,1C25TUV,00005947,16/06/2025,509259,40741,550000,Bang_ke_hoa_don_da_su_dung_T6.2025.xls,1750
G00065,1C25TUV,00006060,16/06/2025,509259,40741,550000,Bang_ke_hoa_don_da_su_dung_T6.2025.xls,1863
G00065,1C25TUV,00006327,17/06/2025,509259,40741,550000,Bang_ke_hoa_don_da_su_dung_T6.2025.xls,2130
G00065,1C25TUV,00006641,18/06/2025,509259,40741,550000,Bang_ke_hoa_don_da_su_dung_T6.2025.xls,2444
G00065,1C25TUV,00006794,19/06/2025,509259,40741,550000,Bang_ke_hoa_don_da_su_dung_T6.2025.xls,2597
G00065,1C25TUV,00006926,19/06/2025,509259,40741,550000,Bang_ke_hoa_don_da_su_dung_T6.2025.xls,2729
G00065,1C25TUV,00007561,21/06/2025,509259,40741,550000,Bang_ke_hoa_don_da_su_dung_T6.2025.xls,3364
G00065,1C25TUV,00007567,21/06/2025,509259,40741,550000,Bang_ke_hoa_don_da_su_dung_T6.2025.xls,3370
G00065,1C25TUV,00007579,21/06/2025,509259,40741,550000,Bang_ke_hoa_don_da_su_dung_T6.2025.xls,3382
G00065,1C25TUV,00007778,22/06/2025,509259,40741,550000,Bang_ke_hoa_don_da_su_dung_T6.2025.xls,3581
G00065,1C25TUV,00008226,24/06/2025,509259,40741,550000,Bang_ke_hoa_don_da_su_dung_T6.2025.xls,4029
G00065,1C25TUV,00008240,24/06/2025,509259,40741,550000,Bang_ke_hoa_don_da_su_dung_T6.2025.xls,4043
G00065,1C25TUV,00008448,25/06/2025,509259,40741,550000,Bang_ke_hoa_don_da_su_dung_T6.2025.xls,4251
G00065,1C25TUV,00008544,25/06/2025,509259,40741,550000,Bang_ke_hoa_don_da_su_dung_T6.2025.xls,4347
G00065,1C25TUV,00008554,25/06/2025,509259,40741,550000,Bang_ke_hoa_don_da_su_dung_T6.2025.xls,4357
G00065,1C25TUV,00008739,26/06/2025,509259,40741,550000,Bang_ke_hoa_don_da_su_dung_T6.2025.xls,4542
G00065,1C25TUV,00008875,27/06/2025,509259,40741,550000,Bang_ke_hoa_don_da_su_dung_T6.2025.xls,4678
G00065,1C25TUV,00008959,27/06/2025,509259,40741,550000,Bang_ke_hoa_don_da_su_dung_T6.2025.xls,4762
G00065,1C25TUV,00008970,27/06/2025,509259,40741,550000,Bang_ke_hoa_don_da_su_dung_T6.2025.xls,4773
G00065,1C25TUV,00008985,27/06/2025,509259,40741,550000,Bang_ke_hoa_don_da_su_dung_T6.2025.xls,4788
G00065,1C25TUV,00009097,28/06/2025,509259,40741,550000,Bang_ke_hoa_don_da_su_dung_T6.2025.xls,4900
G00065,1C25TUV,00009164,28/06/2025,509259,40741,550000,Bang_ke_hoa_don_da_su_dung_T6.2025.xls,4967
G00066,1C24TUV,00000593,21/11/2024,1147222,91778,1239000,Bang_ke_hoa_don_da_su_dung_2024-T6.2025.xls,598
G00067,1C24TUV,00000644,04/12/2024,1083333,86667,1170000,Bang_ke_hoa_don_da_su_dung_2024-T6.2025.xls,649
G00068,1C24TUV,00000645,04/12/2024,3703704,296296,4000000,Bang_ke_hoa_don_da_su_dung_2024-T6.2025.xls,650
G00069,1C24TUV,00000646,04/12/2024,1330556,106444,1437000,Bang_ke_hoa_don_da_su_dung_2024-T6.2025.xls,651
G00070,1C24TUV,00000647,04/12/2024,432870,34630,467500,Bang_ke_hoa_don_da_su_dung_2024-T6.2025.xls,652
G00071,1C24TUV,00000649,04/12/2024,4054630,324370,4379000,Bang_ke_hoa_don_da_su_dung_2024-T6.2025.xls,654
G00072,1C24TUV,00000650,05/12/2024,25555556,2044444,27600000,Bang_ke_hoa_don_da_su_dung_2024-T6.2025.xls,655
G00073,1C24TUV,00000651,09/12/2024,2573148,205852,2779000,Bang_ke_hoa_don_da_su_dung_2024-T6.2025.xls,656
G00073,1C25TUV,00000034,23/01/2025,2573148,205852,2779000,Bang_ke_hoa_don_da_su_dung_2024-T6.2025.xls,825
G00073,1C25TUV,00000155,28/02/2025,2573148,205852,2779000,Bang_ke_hoa_don_da_su_dung_2024-T6.2025.xls,946
G00073,1C25TUV,00000958,25/05/2025,2573148,205852,2779000,Bang_ke_hoa_don_da_su_dung_2024-T6.2025.xls,1749
G00073,1C25TUV,00000960,25/05/2025,2573148,205852,2779000,Bang_ke_hoa_don_da_su_dung_2024-T6.2025.xls,1751
G00073,1C25TUV,00001208,26/05/2025,2573148,205852,2779000,Bang_ke_hoa_don_da_su_dung_2024-T6.2025.xls,1999
G00073,1C25TUV,00001209,26/05/2025,2573148,205852,2779000,Bang_ke_hoa_don_da_su_dung_2024-T6.2025.xls,2000
G00073,1C25TUV,00001210,26/05/2025,2573148,205852,2779000,Bang_ke_hoa_don_da_su_dung_2024-T6.2025.xls,2001
G00073,1C25TUV,00001211,26/05/2025,2573148,205852,2779000,Bang_ke_hoa_don_da_su_dung_2024-T6.2025.xls,2002
G00073,1C25TUV,00001212,26/05/2025,2573148,205852,2779000,Bang_ke_hoa_don_da_su_dung_2024-T6.2025.xls,2003
G00073,1C25TUV,00001213,26/05/2025,2573148,205852,2779000,Bang_ke_hoa_don_da_su_dung_2024-T6.2025.xls,2004
G00073,1C25TUV,00001214,26/05/2025,2573148,205852,2779000,Bang_ke_hoa_don_da_su_dung_2024-T6.2025.xls,2005
G00073,1C25TUV,00001215,26/05/2025,2573148,205852,2779000,Bang_ke_hoa_don_da_su_dung_2024-T6.2025.xls,2006
G00073,1C25TUV,00001311,27/05/2025,2573148,205852,2779000,Bang_ke_hoa_don_da_su_dung_2024-T6.2025.xls,2102
G00073,1C25TUV,00001321,27/05/2025,2573148,205852,2779000,Bang_ke_hoa_don_da_su_dung_2024-T6.2025.xls,2112
G00073,1C25TUV,00001322,27/05/2025,2573148,205852,2779000,Bang_ke_hoa_don_da_su_dung_2024-T6.2025.xls,2113
G00073,1C25TUV,00001613,28/05/2025,2573148,205852,2779000,Bang_ke_hoa_don_da_su_dung_2024-T6.2025.xls,2404
G00073,1C25TUV,00001616,28/05/2025,2573148,205852,2779000,Bang_ke_hoa_don_da_su_dung_2024-T6.2025.xls,2407
G00073,1C25TUV,00001617,28/05/2025,2573148,205852,2779000,Bang_ke_hoa_don_da_su_dung_2024-T6.2025.xls,2408
G00073,1C25TUV,00002011,29/05/2025,2573148,205852,2779000,Bang_ke_hoa_don_da_su_dung_2024-T6.2025.xls,2801
G00073,1C25TUV,00002012,29/05/2025,2573148,205852,2779000,Bang_ke_hoa_don_da_su_dung_2024-T6.2025.xls,2802
G00073,1C25TUV,00002013,29/05/2025,2573148,205852,2779000,Bang_ke_hoa_don_da_su_dung_2024-T6.2025.xls,2803
G00073,1C25TUV,00002014,29/05/2025,2573148,205852,2779000,Bang_ke_hoa_don_da_su_dung_2024-T6.2025.xls,2804
G00073,1C25TUV,00002413,30/05/2025,2573148,205852,2779000,Bang_ke_hoa_don_da_su_dung_2024-T6.2025.xls,3202
G00073,1C25TUV,00002414,30/05/2025,2573148,205852,2779000,Bang_ke_hoa_don_da_su_dung_2024-T6.2025.xls,3203
G00073,1C25TUV,00002417,30/05/2025,2573148,205852,2779000,Bang_ke_hoa_don_da_su_dung_2024-T6.2025.xls,3206
G00073,1C25TUV,00002418,30/05/2025,2573148,205852,2779000,Bang_ke_hoa_don_da_su_dung_2024-T6.2025.xls,3207
G00073,1C25TUV,00003399,05/06/2025,2573148,205852,2779000,Bang_ke_hoa_don_da_su_dung_2024-T6.2025.xls,4188
G00073,1C25TUV,00003400,05/06/2025,2573148,205852,2779000,Bang_ke_hoa_don_da_su_dung_2024-T6.2025.xls,4189
G00073,1C25TUV,00003401,05/06/2025,2573148,205852,2779000,Bang_ke_hoa_don_da_su_dung_2024-T6.2025.xls,4190
G00073,1C25TUV,00003402,05/06/2025,2573148,205852,2779000,Bang_ke_hoa_don_da_su_dung_2024-T6.2025.xls,4191
G00073,1C25TUV,00003665,06/06/2025,2573148,205852,2779000,Bang_ke_hoa_don_da_su_dung_2024-T6.2025.xls,4454
G00073,1C25TUV,00003666,06/06/2025,2573148,205852,2779000,Bang_ke_hoa_don_da_su_dung_2024-T6.2025.xls,4455
G00073,1C25TUV,00003667,06/06/2025,2573148,205852,2779000,Bang_ke_hoa_don_da_su_dung_2024-T6.2025.xls,4456
G00073,1C25TUV,00003668,06/06/2025,2573148,205852,2779000,Bang_ke_hoa_don_da_su_dung_2024-T6.2025.xls,4457
G00073,1C25TUV,00003669,06/06/2025,2573148,205852,2779000,Bang_ke_hoa_don_da_su_dung_2024-T6.2025.xls,4458
G00073,1C25TUV,00003670,06/06/2025,2573148,205852,2779000,Bang_ke_hoa_don_da_su_dung_2024-T6.2025.xls,4459
G00073,1C25TUV,00003671,06/06/2025,2573148,205852,2779000,Bang_ke_hoa_don_da_su_dung_2024-T6.2025.xls,4460
G00073,1C25TUV,00003904,07/06/2025,2573148,205852,2779000,Bang_ke_hoa_don_da_su_dung_2024-T6.2025.xls,4693
G00073,1C25TUV,00003905,07/06/2025,2573148,205852,2779000,Bang_ke_hoa_don_da_su_dung_2024-T6.2025.xls,4694
G00073,1C25TUV,00003906,07/06/2025,2573148,205852,2779000,Bang_ke_hoa_don_da_su_dung_2024-T6.2025.xls,4695
G00073,1C25TUV,00003907,07/06/2025,2573148,205852,2779000,Bang_ke_hoa_don_da_su_dung_2024-T6.2025.xls,4696
G00073,1C25TUV,00003908,07/06/2025,2573148,205852,2779000,Bang_ke_hoa_don_da_su_dung_2024-T6.2025.xls,4697
G00073,1C25TUV,00003909,07/06/2025,2573148,205852,2779000,Bang_ke_hoa_don_da_su_dung_2024-T6.2025.xls,4698
G00073,1C25TUV,00003910,07/06/2025,2573148,205852,2779000,Bang_ke_hoa_don_da_su_dung_2024-T6.2025.xls,4699
G00073,1C25TUV,00003911,07/06/2025,2573148,205852,2779000,Bang_ke_hoa_don_da_su_dung_2024-T6.2025.xls,4700
G00073,1C25TUV,00003912,07/06/2025,2573148,205852,2779000,Bang_ke_hoa_don_da_su_dung_2024-T6.2025.xls,4701
G00073,1C25TUV,00003913,07/06/2025,2573148,205852,2779000,Bang_ke_hoa_don_da_su_dung_2024-T6.2025.xls,4702
G00073,1C25TUV,00003914,07/06/2025,2573148,205852,2779000,Bang_ke_hoa_don_da_su_dung_2024-T6.2025.xls,4703
G00073,1C25TUV,00003915,07/06/2025,2573148,205852,2779000,Bang_ke_hoa_don_da_su_dung_2024-T6.2025.xls,4704
G00073,1C25TUV,00004191,08/06/2025,2573148,205852,2779000,Bang_ke_hoa_don_da_su_dung_2024-T6.2025.xls,4980
G00073,1C25TUV,00004192,08/06/2025,2573148,205852,2779000,Bang_ke_hoa_don_da_su_dung_2024-T6.2025.xls,4981
G00073,1C25TUV,00004193,08/06/2025,2573148,205852,2779000,Bang_ke_hoa_don_da_su_dung_2024-T6.2025.xls,4982
G00073,1C25TUV,00004194,08/06/2025,2573148,205852,2779000,Bang_ke_hoa_don_da_su_dung_2024-T6.2025.xls,4983
G00073,1C25TUV,00004195,08/06/2025,2573148,205852,2779000,Bang_ke_hoa_don_da_su_dung_2024-T6.2025.xls,4984
G00073,1C25TUV,00004196,08/06/2025,2573148,205852,2779000,Bang_ke_hoa_don_da_su_dung_2024-T6.2025.xls,4985
G00073,1C25TUV,00004197,08/06/2025,2573148,205852,2779000,Bang_ke_hoa_don_da_su_dung_2024-T6.2025.xls,4986
G00073,1C25TUV,00004198,08/06/2025,2573148,205852,2779000,Bang_ke_hoa_don_da_su_dung_2024-T6.2025.xls,4987
G00073,1C25TUV,00004199,08/06/2025,2573148,205852,2779000,Bang_ke_hoa_don_da_su_dung_2024-T6.2025.xls,4988
G00073,1C25TUV,00004200,08/06/2025,2573148,205852,2779000,Bang_ke_hoa_don_da_su_dung_2024-T6.2025.xls,4989
G00073,1C25TUV,00009339,29/06/2025,2573148,205852,2779000,Bang_ke_hoa_don_da_su_dung_T6.2025 L2.xls,159
G00073,1C25TUV,00009340,29/06/2025,2573148,205852,2779000,Bang_ke_hoa_don_da_su_dung_T6.2025 L2.xls,160
G00073,1C25TUV,00009577,30/06/2025,2573148,205852,2779000,Bang_ke_hoa_don_da_su_dung_T6.2025 L2.xls,397
G00073,1C25TUV,00009578,30/06/2025,2573148,205852,2779000,Bang_ke_hoa_don_da_su_dung_T6.2025 L2.xls,398
G00073,1C25TUV,00009625,30/06/2025,2573148,205852,2779000,Bang_ke_hoa_don_da_su_dung_T6.2025 L2.xls,445
G00073,1C25TUV,00004372,09/06/2025,2573148,205852,2779000,Bang_ke_hoa_don_da_su_dung_T6.2025.xls,175
G00073,1C25TUV,00004373,09/06/2025,2573148,205852,2779000,Bang_ke_hoa_don_da_su_dung_T6.2025.xls,176
G00073,1C25TUV,00004374,09/06/2025,2573148,205852,2779000,Bang_ke_hoa_don_da_su_dung_T6.2025.xls,177
G00073,1C25TUV,00004375,09/06/2025,2573148,205852,2779000,Bang_ke_hoa_don_da_su_dung_T6.2025.xls,178
G00073,1C25TUV,00004376,09/06/2025,2573148,205852,2779000,Bang_ke_hoa_don_da_su_dung_T6.2025.xls,179
G00073,1C25TUV,00004377,09/06/2025,2573148,205852,2779000,Bang_ke_hoa_don_da_su_dung_T6.2025.xls,180
G00073,1C25TUV,00004378,09/06/2025,2573148,205852,2779000,Bang_ke_hoa_don_da_su_dung_T6.2025.xls,181
G00073,1C25TUV,00004379,09/06/2025,2573148,205852,2779000,Bang_ke_hoa_don_da_su_dung_T6.2025.xls,182
G00073,1C25TUV,00004380,09/06/2025,2573148,205852,2779000,Bang_ke_hoa_don_da_su_dung_T6.2025.xls,183
G00073,1C25TUV,00004382,09/06/2025,2573148,205852,2779000,Bang_ke_hoa_don_da_su_dung_T6.2025.xls,185
G00073,1C25TUV,00004383,09/06/2025,2573148,205852,2779000,Bang_ke_hoa_don_da_su_dung_T6.2025.xls,186
G00073,1C25TUV,00004384,09/06/2025,2573148,205852,2779000,Bang_ke_hoa_don_da_su_dung_T6.2025.xls,187
G00073,1C25TUV,00004385,09/06/2025,2573148,205852,2779000,Bang_ke_hoa_don_da_su_dung_T6.2025.xls,188
G00073,1C25TUV,00004386,09/06/2025,2573148,205852,2779000,Bang_ke_hoa_don_da_su_dung_T6.2025.xls,189
G00073,1C25TUV,00004666,10/06/2025,2573148,205852,2779000,Bang_ke_hoa_don_da_su_dung_T6.2025.xls,469
G00073,1C25TUV,00004667,10/06/2025,2573148,205852,2779000,Bang_ke_hoa_don_da_su_dung_T6.2025.xls,470
G00073,1C25TUV,00004668,10/06/2025,2573148,205852,2779000,Bang_ke_hoa_don_da_su_dung_T6.2025.xls,471
G00073,1C25TUV,00004669,10/06/2025,2573148,205852,2779000,Bang_ke_hoa_don_da_su_dung_T6.2025.xls,472
G00073,1C25TUV,00004670,10/06/2025,2573148,205852,2779000,Bang_ke_hoa_don_da_su_dung_T6.2025.xls,473
G00073,1C25TUV,00004671,10/06/2025,2573148,205852,2779000,Bang_ke_hoa_don_da_su_dung_T6.2025.xls,474
G00073,1C25TUV,00004672,10/06/2025,2573148,205852,2779000,Bang_ke_hoa_don_da_su_dung_T6.2025.xls,475
G00073,1C25TUV,00004904,11/06/2025,2573148,205852,2779000,Bang_ke_hoa_don_da_su_dung_T6.2025.xls,707
G00073,1C25TUV,00004905,11/06/2025,2573148,205852,2779000,Bang_ke_hoa_don_da_su_dung_T6.2025.xls,708
G00073,1C25TUV,00004906,11/06/2025,2573148,205852,2779000,Bang_ke_hoa_don_da_su_dung_T6.2025.xls,709
G00073,1C25TUV,00004907,11/06/2025,2573148,205852,2779000,Bang_ke_hoa_don_da_su_dung_T6.2025.xls,710
G00073,1C25TUV,00004908,11/06/2025,2573148,205852,2779000,Bang_ke_hoa_don_da_su_dung_T6.2025.xls,711
G00073,1C25TUV,00004909,11/06/2025,2573148,205852,2779000,Bang_ke_hoa_don_da_su_dung_T6.2025.xls,712
G00073,1C25TUV,00004910,11/06/2025,2573148,205852,2779000,Bang_ke_hoa_don_da_su_dung_T6.2025.xls,713
G00073,1C25TUV,00004911,11/06/2025,2573148,205852,2779000,Bang_ke_hoa_don_da_su_dung_T6.2025.xls,714
G00073,1C25TUV,00005143,12/06/2025,2573148,205852,2779000,Bang_ke_hoa_don_da_su_dung_T6.2025.xls,946
G00073,1C25TUV,00005144,12/06/2025,2573148,205852,2779000,Bang_ke_hoa_don_da_su_dung_T6.2025.xls,947
G00073,1C25TUV,00005145,12/06/2025,2573148,205852,2779000,Bang_ke_hoa_don_da_su_dung_T6.2025.xls,948
G00073,1C25TUV,00006098,16/06/2025,2573148,205852,2779000,Bang_ke_hoa_don_da_su_dung_T6.2025.xls,1901
G00073,1C25TUV,00006099,16/06/2025,2573148,205852,2779000,Bang_ke_hoa_don_da_su_dung_T6.2025.xls,1902
G00073,1C25TUV,00006100,16/06/2025,2573148,205852,2779000,Bang_ke_hoa_don_da_su_dung_T6.2025.xls,1903
G00073,1C25TUV,00006101,16/06/2025,2573148,205852,2779000,Bang_ke_hoa_don_da_su_dung_T6.2025.xls,1904
G00073,1C25TUV,00006102,16/06/2025,2573148,205852,2779000,Bang_ke_hoa_don_da_su_dung_T6.2025.xls,1905
G00073,1C25TUV,00006125,17/06/2025,2573148,205852,2779000,Bang_ke_hoa_don_da_su_dung_T6.2025.xls,1928
G00073,1C25TUV,00006126,17/06/2025,2573148,205852,2779000,Bang_ke_hoa_don_da_su_dung_T6.2025.xls,1929
G00073,1C25TUV,00006127,17/06/2025,2573148,205852,2779000,Bang_ke_hoa_don_da_su_dung_T6.2025.xls,1930
G00073,1C25TUV,00006128,17/06/2025,2573148,205852,2779000,Bang_ke_hoa_don_da_su_dung_T6.2025.xls,1931
G00073,1C25TUV,00006508,18/06/2025,2573148,205852,2779000,Bang_ke_hoa_don_da_su_dung_T6.2025.xls,2311
G00073,1C25TUV,00006509,18/06/2025,2573148,205852,2779000,Bang_ke_hoa_don_da_su_dung_T6.2025.xls,2312
G00073,1C25TUV,00006713,19/06/2025,2573148,205852,2779000,Bang_ke_hoa_don_da_su_dung_T6.2025.xls,2516
G00073,1C25TUV,00006714,19/06/2025,2573148,205852,2779000,Bang_ke_hoa_don_da_su_dung_T6.2025.xls,2517
G00073,1C25TUV,00006715,19/06/2025,2573148,205852,2779000,Bang_ke_hoa_don_da_su_dung_T6.2025.xls,2518
G00073,1C25TUV,00006716,19/06/2025,2573148,205852,2779000,Bang_ke_hoa_don_da_su_dung_T6.2025.xls,2519
G00073,1C25TUV,00006717,19/06/2025,2573148,205852,2779000,Bang_ke_hoa_don_da_su_dung_T6.2025.xls,2520
G00073,1C25TUV,00006718,19/06/2025,2573148,205852,2779000,Bang_ke_hoa_don_da_su_dung_T6.2025.xls,2521
G00073,1C25TUV,00006719,19/06/2025,2573148,205852,2779000,Bang_ke_hoa_don_da_su_dung_T6.2025.xls,2522
G00073,1C25TUV,00006720,19/06/2025,2573148,205852,2779000,Bang_ke_hoa_don_da_su_dung_T6.2025.xls,2523
G00073,1C25TUV,00007036,20/06/2025,2573148,205852,2779000,Bang_ke_hoa_don_da_su_dung_T6.2025.xls,2839
G00073,1C25TUV,00008325,24/06/2025,2573148,205852,2779000,Bang_ke_hoa_don_da_su_dung_T6.2025.xls,4128
G00073,1C25TUV,00008388,25/06/2025,2573148,205852,2779000,Bang_ke_hoa_don_da_su_dung_T6.2025.xls,4191
G00073,1C25TUV,00008599,26/06/2025,2573148,205852,2779000,Bang_ke_hoa_don_da_su_dung_T6.2025.xls,4402
G00073,1C25TUV,00008600,26/06/2025,2573148,205852,2779000,Bang_ke_hoa_don_da_su_dung_T6.2025.xls,4403
G00073,1C25TUV,00008601,26/06/2025,2573148,205852,2779000,Bang_ke_hoa_don_da_su_dung_T6.2025.xls,4404
G00073,1C25TUV,00008602,26/06/2025,2573148,205852,2779000,Bang_ke_hoa_don_da_su_dung_T6.2025.xls,4405
G00073,1C25TUV,00008777,27/06/2025,2573148,205852,2779000,Bang_ke_hoa_don_da_su_dung_T6.2025.xls,4580
G00073,1C25TUV,00008779,27/06/2025,2573148,205852,2779000,Bang_ke_hoa_don_da_su_dung_T6.2025.xls,4582
G00073,1C25TUV,00008780,27/06/2025,2573148,205852,2779000,Bang_ke_hoa_don_da_su_dung_T6.2025.xls,4583
G00073,1C25TUV,00009060,28/06/2025,2573148,205852,2779000,Bang_ke_hoa_don_da_su_dung_T6.2025.xls,4863
G00073,1C25TUV,00009061,28/06/2025,2573148,205852,2779000,Bang_ke_hoa_don_da_su_dung_T6.2025.xls,4864
G00073,1C25TUV,00009062,28/06/2025,2573148,205852,2779000,Bang_ke_hoa_don_da_su_dung_T6.2025.xls,4865
G00073,1C25TUV,00009063,28/06/2025,2573148,205852,2779000,Bang_ke_hoa_don_da_su_dung_T6.2025.xls,4866
G00073,1C25TUV,00009075,28/06/2025,2573148,205852,2779000,Bang_ke_hoa_don_da_su_dung_T6.2025.xls,4878
G00074,1C24TUV,00000657,09/12/2024,138889,11111,150000,Bang_ke_hoa_don_da_su_dung_2024-T6.2025.xls,662
G00074,1C24TUV,00000675,17/12/2024,138889,11111,150000,Bang_ke_hoa_don_da_su_dung_2024-T6.2025.xls,680
G00074,1C24TUV,00000742,27/12/2024,138889,11111,150000,Bang_ke_hoa_don_da_su_dung_2024-T6.2025.xls,747
G00074,1C25TUV,00000008,07/01/2025,138889,11111,150000,Bang_ke_hoa_don_da_su_dung_2024-T6.2025.xls,799
G00074,1C25TUV,00000727,10/05/2025,138889,11111,150000,Bang_ke_hoa_don_da_su_dung_2024-T6.2025.xls,1518
G00074,1C25TUV,00000760,19/05/2025,138889,11111,150000,Bang_ke_hoa_don_da_su_dung_2024-T6.2025.xls,1551
G00074,1C25TUV,00000777,23/05/2025,138889,11111,150000,Bang_ke_hoa_don_da_su_dung_2024-T6.2025.xls,1568
G00074,1C25TUV,00000778,23/05/2025,138889,11111,150000,Bang_ke_hoa_don_da_su_dung_2024-T6.2025.xls,1569
G00074,1C25TUV,00002362,30/05/2025,138889,11111,150000,Bang_ke_hoa_don_da_su_dung_2024-T6.2025.xls,3151
G00074,1C25TUV,00005364,13/06/2025,138889,11111,150000,Bang_ke_hoa_don_da_su_dung_T6.2025.xls,1167
G00074,1C25TUV,00008058,23/06/2025,138889,11111,150000,Bang_ke_hoa_don_da_su_dung_T6.2025.xls,3861
G00074,1C25TUV,00008061,23/06/2025,138889,11111,150000,Bang_ke_hoa_don_da_su_dung_T6.2025.xls,3864
G00074,1C25TUV,00008771,27/06/2025,138889,11111,150000,Bang_ke_hoa_don_da_su_dung_T6.2025.xls,4574
G00075,1C24TUV,00000658,09/12/2024,138889,11111,150000,Bang_ke_hoa_don_da_su_dung_2024-T6.2025.xls,663
G00075,1C24TUV,00000679,17/12/2024,138889,11111,150000,Bang_ke_hoa_don_da_su_dung_2024-T6.2025.xls,684
G00075,1C25TUV,00000396,31/03/2025,138889,11111,150000,Bang_ke_hoa_don_da_su_dung_2024-T6.2025.xls,1187
G00076,1C24TUV,00000674,17/12/2024,1018519,81482,1100001,Bang_ke_hoa_don_da_su_dung_2024-T6.2025.xls,679
G00076,1C25TUV,00000192,06/03/2025,1018519,81482,1100001,Bang_ke_hoa_don_da_su_dung_2024-T6.2025.xls,983
G00077,1C24TUV,00000676,17/12/2024,5757407,460593,6218000,Bang_ke_hoa_don_da_su_dung_2024-T6.2025.xls,681
G00078,1C24TUV,00000678,17/12/2024,5146296,411704,5558000,Bang_ke_hoa_don_da_su_dung_2024-T6.2025.xls,683
G00078,1C25TUV,00005146,12/06/2025,5146296,411704,5558000,Bang_ke_hoa_don_da_su_dung_T6.2025.xls,949
G00078,1C25TUV,00006124,17/06/2025,5146296,411704,5558000,Bang_ke_hoa_don_da_su_dung_T6.2025.xls,1927
G00079,1C24TUV,00000680,17/12/2024,3684259,294741,3979000,Bang_ke_hoa_don_da_su_dung_2024-T6.2025.xls,685
G00079,1C25TUV,00000258,08/03/2025,3684259,294741,3979000,Bang_ke_hoa_don_da_su_dung_2024-T6.2025.xls,1049
G00079,1C25TUV,00000456,16/04/2025,3684259,294741,3979000,Bang_ke_hoa_don_da_su_dung_2024-T6.2025.xls,1247
G00080,1C24TUV,00000681,17/12/2024,3333333,266667,3600000,Bang_ke_hoa_don_da_su_dung_2024-T6.2025.xls,686
G00081,1C24TUV,00000682,17/12/2024,823148,65852,889000,Bang_ke_hoa_don_da_su_dung_2024-T6.2025.xls,687
G00081,1C25TUV,00000745,15/05/2025,823148,65852,889000,Bang_ke_hoa_don_da_su_dung_2024-T6.2025.xls,1536
G00082,1C24TUV,00000684,19/12/2024,1545370,123630,1669000,Bang_ke_hoa_don_da_su_dung_2024-T6.2025.xls,689
G00083,1C24TUV,00000686,19/12/2024,1376292,110103,1486395,Bang_ke_hoa_don_da_su_dung_2024-T6.2025.xls,691
G00084,1C24TUV,00000696,21/12/2024,1149167,91933,1241100,Bang_ke_hoa_don_da_su_dung_2024-T6.2025.xls,701
G00085,1C24TUV,00000743,27/12/2024,509259,40741,550000,Bang_ke_hoa_don_da_su_dung_2024-T6.2025.xls,748
G00085,1C25TUV,00000011,07/01/2025,509259,40741,550000,Bang_ke_hoa_don_da_su_dung_2024-T6.2025.xls,802
G00085,1C25TUV,00000025,14/01/2025,509259,40741,550000,Bang_ke_hoa_don_da_su_dung_2024-T6.2025.xls,816
G00085,1C25TUV,00000239,07/03/2025,509259,40741,550000,Bang_ke_hoa_don_da_su_dung_2024-T6.2025.xls,1030
G00085,1C25TUV,00000904,25/05/2025,509259,40741,550000,Bang_ke_hoa_don_da_su_dung_2024-T6.2025.xls,1695
G00085,1C25TUV,00000978,25/05/2025,509259,40741,550000,Bang_ke_hoa_don_da_su_dung_2024-T6.2025.xls,1769
G00085,1C25TUV,00001034,25/05/2025,509259,40741,550000,Bang_ke_hoa_don_da_su_dung_2024-T6.2025.xls,1825
G00085,1C25TUV,00001258,27/05/2025,509259,40741,550000,Bang_ke_hoa_don_da_su_dung_2024-T6.2025.xls,2049
G00085,1C25TUV,00001975,29/05/2025,509259,40741,550000,Bang_ke_hoa_don_da_su_dung_2024-T6.2025.xls,2765
G00085,1C25TUV,00002027,29/05/2025,509259,40741,550000,Bang_ke_hoa_don_da_su_dung_2024-T6.2025.xls,2817
G00085,1C25TUV,00002380,30/05/2025,509259,40741,550000,Bang_ke_hoa_don_da_su_dung_2024-T6.2025.xls,3169
G00085,1C25TUV,00002854,02/06/2025,509259,40741,550000,Bang_ke_hoa_don_da_su_dung_2024-T6.2025.xls,3643
G00085,1C25TUV,00003055,03/06/2025,509259,40741,550000,Bang_ke_hoa_don_da_su_dung_2024-T6.2025.xls,3844
G00085,1C25TUV,00003136,04/06/2025,509259,40741,550000,Bang_ke_hoa_don_da_su_dung_2024-T6.2025.xls,3925
G00085,1C25TUV,00003162,04/06/2025,509259,40741,550000,Bang_ke_hoa_don_da_su_dung_2024-T6.2025.xls,3951
G00085,1C25TUV,00003238,05/06/2025,509259,40741,550000,Bang_ke_hoa_don_da_su_dung_2024-T6.2025.xls,4027
G00085,1C25TUV,00003362,05/06/2025,509259,40741,550000,Bang_ke_hoa_don_da_su_dung_2024-T6.2025.xls,4151
G00085,1C25TUV,00003621,06/06/2025,509259,40741,550000,Bang_ke_hoa_don_da_su_dung_2024-T6.2025.xls,4410
G00085,1C25TUV,00003637,06/06/2025,509259,40741,550000,Bang_ke_hoa_don_da_su_dung_2024-T6.2025.xls,4426
G00085,1C25TUV,00003642,06/06/2025,509259,40741,550000,Bang_ke_hoa_don_da_su_dung_2024-T6.2025.xls,4431
G00085,1C25TUV,00003854,07/06/2025,509259,40741,550000,Bang_ke_hoa_don_da_su_dung_2024-T6.2025.xls,4643
G00085,1C25TUV,00003882,07/06/2025,509259,40741,550000,Bang_ke_hoa_don_da_su_dung_2024-T6.2025.xls,4671
G00085,1C25TUV,00003900,07/06/2025,509259,40741,550000,Bang_ke_hoa_don_da_su_dung_2024-T6.2025.xls,4689
G00085,1C25TUV,00004121,08/06/2025,509259,40741,550000,Bang_ke_hoa_don_da_su_dung_2024-T6.2025.xls,4910
G00085,1C25TUV,00004122,08/06/2025,509259,40741,550000,Bang_ke_hoa_don_da_su_dung_2024-T6.2025.xls,4911
G00085,1C25TUV,00004151,08/06/2025,509259,40741,550000,Bang_ke_hoa_don_da_su_dung_2024-T6.2025.xls,4940
G00085,1C25TUV,00004177,08/06/2025,509259,40741,550000,Bang_ke_hoa_don_da_su_dung_2024-T6.2025.xls,4966
G00085,1C25TUV,00004185,08/06/2025,509259,40741,550000,Bang_ke_hoa_don_da_su_dung_2024-T6.2025.xls,4974
G00085,1C25TUV,00009252,29/06/2025,509259,40741,550000,Bang_ke_hoa_don_da_su_dung_T6.2025 L2.xls,72
G00085,1C25TUV,00009732,30/06/2025,509259,40741,550000,Bang_ke_hoa_don_da_su_dung_T6.2025 L2.xls,552
G00085,1C25TUV,00009911,30/06/2025,509259,40741,550000,Bang_ke_hoa_don_da_su_dung_T6.2025 L2.xls,731
G00085,1C25TUV,00004326,09/06/2025,509259,40741,550000,Bang_ke_hoa_don_da_su_dung_T6.2025.xls,129
G00085,1C25TUV,00004857,11/06/2025,509259,40741,550000,Bang_ke_hoa_don_da_su_dung_T6.2025.xls,660
G00085,1C25TUV,00005068,12/06/2025,509259,40741,550000,Bang_ke_hoa_don_da_su_dung_T6.2025.xls,871
G00085,1C25TUV,00005125,12/06/2025,509259,40741,550000,Bang_ke_hoa_don_da_su_dung_T6.2025.xls,928
G00085,1C25TUV,00005247,13/06/2025,509259,40741,550000,Bang_ke_hoa_don_da_su_dung_T6.2025.xls,1050
G00085,1C25TUV,00005354,13/06/2025,509259,40741,550000,Bang_ke_hoa_don_da_su_dung_T6.2025.xls,1157
G00085,1C25TUV,00005493,14/06/2025,509259,40741,550000,Bang_ke_hoa_don_da_su_dung_T6.2025.xls,1296
G00085,1C25TUV,00005500,14/06/2025,509259,40741,550000,Bang_ke_hoa_don_da_su_dung_T6.2025.xls,1303
G00085,1C25TUV,00005829,15/06/2025,509259,40741,550000,Bang_ke_hoa_don_da_su_dung_T6.2025.xls,1632
G00085,1C25TUV,00006015,16/06/2025,509259,40741,550000,Bang_ke_hoa_don_da_su_dung_T6.2025.xls,1818
G00085,1C25TUV,00006238,17/06/2025,509259,40741,550000,Bang_ke_hoa_don_da_su_dung_T6.2025.xls,2041
G00085,1C25TUV,00006409,18/06/2025,509259,40741,550000,Bang_ke_hoa_don_da_su_dung_T6.2025.xls,2212
G00085,1C25TUV,00006425,18/06/2025,509259,40741,550000,Bang_ke_hoa_don_da_su_dung_T6.2025.xls,2228
G00085,1C25TUV,00006550,18/06/2025,509259,40741,550000,Bang_ke_hoa_don_da_su_dung_T6.2025.xls,2353
G00085,1C25TUV,00006709,18/06/2025,509259,40741,550000,Bang_ke_hoa_don_da_su_dung_T6.2025.xls,2512
G00085,1C25TUV,00007026,20/06/2025,509259,40741,550000,Bang_ke_hoa_don_da_su_dung_T6.2025.xls,2829
G00085,1C25TUV,00007662,22/06/2025,509259,40741,550000,Bang_ke_hoa_don_da_su_dung_T6.2025.xls,3465
G00085,1C25TUV,00008187,24/06/2025,509259,40741,550000,Bang_ke_hoa_don_da_su_dung_T6.2025.xls,3990
G00085,1C25TUV,00008957,27/06/2025,509259,40741,550000,Bang_ke_hoa_don_da_su_dung_T6.2025.xls,4760
G00085,1C25TUV,00009144,28/06/2025,509259,40741,550000,Bang_ke_hoa_don_da_su_dung_T6.2025.xls,4947
G00086,1C24TUV,00000774,31/12/2024,4398148,351852,4750000,Bang_ke_hoa_don_da_su_dung_2024-T6.2025.xls,779
G00087,1C24TUV,00000775,31/12/2024,2592593,207407,2800000,Bang_ke_hoa_don_da_su_dung_2024-T6.2025.xls,780
G00087,1C24TUV,00000780,31/12/2024,2592593,207407,2800000,Bang_ke_hoa_don_da_su_dung_2024-T6.2025.xls,785
G00088,1C24TUV,00000777,31/12/2024,4147222,331778,4479000,Bang_ke_hoa_don_da_su_dung_2024-T6.2025.xls,782
G00089,1C24TUV,00000779,31/12/2024,1792870,143430,1936300,Bang_ke_hoa_don_da_su_dung_2024-T6.2025.xls,784
G00090,1C24TUV,00000781,31/12/2024,1462963,117037,1580000,Bang_ke_hoa_don_da_su_dung_2024-T6.2025.xls,786
G00091,1C24TUV,00000782,31/12/2024,1574074,125926,1700000,Bang_ke_hoa_don_da_su_dung_2024-T6.2025.xls,787
G00092,1C24TUV,00000783,31/12/2024,18240741,1459259,19700000,Bang_ke_hoa_don_da_su_dung_2024-T6.2025.xls,788
G00093,1C24TUV,00000784,31/12/2024,4629630,370370,5000000,Bang_ke_hoa_don_da_su_dung_2024-T6.2025.xls,789
G00094,1C24TUV,00000785,31/12/2024,9259259,740741,10000000,Bang_ke_hoa_don_da_su_dung_2024-T6.2025.xls,790
G00095,1C24TUV,00000786,31/12/2024,25879630,2070370,27950000,Bang_ke_hoa_don_da_su_dung_2024-T6.2025.xls,791
G00096,1C25TUV,00000002,07/01/2025,3905458,312437,4217895,Bang_ke_hoa_don_da_su_dung_2024-T6.2025.xls,793
G00097,1C25TUV,00000007,07/01/2025,962037,76963,1039000,Bang_ke_hoa_don_da_su_dung_2024-T6.2025.xls,798
G00097,1C25TUV,00000177,06/03/2025,962037,76963,1039000,Bang_ke_hoa_don_da_su_dung_2024-T6.2025.xls,968
G00097,1C25TUV,00000193,06/03/2025,962037,76963,1039000,Bang_ke_hoa_don_da_su_dung_2024-T6.2025.xls,984
G00097,1C25TUV,00000209,07/03/2025,962037,76963,1039000,Bang_ke_hoa_don_da_su_dung_2024-T6.2025.xls,1000
G00097,1C25TUV,00000212,07/03/2025,962037,76963,1039000,Bang_ke_hoa_don_da_su_dung_2024-T6.2025.xls,1003
G00097,1C25TUV,00000217,07/03/2025,962037,76963,1039000,Bang_ke_hoa_don_da_su_dung_2024-T6.2025.xls,1008
G00097,1C25TUV,00000218,07/03/2025,962037,76963,1039000,Bang_ke_hoa_don_da_su_dung_2024-T6.2025.xls,1009
G00097,1C25TUV,00000219,07/03/2025,962037,76963,1039000,Bang_ke_hoa_don_da_su_dung_2024-T6.2025.xls,1010
G00097,1C25TUV,00000223,07/03/2025,962037,76963,1039000,Bang_ke_hoa_don_da_su_dung_2024-T6.2025.xls,1014
G00097,1C25TUV,00000227,07/03/2025,962037,76963,1039000,Bang_ke_hoa_don_da_su_dung_2024-T6.2025.xls,1018
G00097,1C25TUV,00000233,07/03/2025,962037,76963,1039000,Bang_ke_hoa_don_da_su_dung_2024-T6.2025.xls,1024
G00097,1C25TUV,00000234,07/03/2025,962037,76963,1039000,Bang_ke_hoa_don_da_su_dung_2024-T6.2025.xls,1025
G00097,1C25TUV,00000263,08/03/2025,962037,76963,1039000,Bang_ke_hoa_don_da_su_dung_2024-T6.2025.xls,1054
G00097,1C25TUV,00002935,03/06/2025,962037,76963,1039000,Bang_ke_hoa_don_da_su_dung_2024-T6.2025.xls,3724
G00097,1C25TUV,00002938,03/06/2025,962037,76963,1039000,Bang_ke_hoa_don_da_su_dung_2024-T6.2025.xls,3727
G00097,1C25TUV,00003074,04/06/2025,962037,76963,1039000,Bang_ke_hoa_don_da_su_dung_2024-T6.2025.xls,3863
G00097,1C25TUV,00003100,04/06/2025,962037,76963,1039000,Bang_ke_hoa_don_da_su_dung_2024-T6.2025.xls,3889
G00097,1C25TUV,00003108,04/06/2025,962037,76963,1039000,Bang_ke_hoa_don_da_su_dung_2024-T6.2025.xls,3897
G00097,1C25TUV,00003236,05/06/2025,962037,76963,1039000,Bang_ke_hoa_don_da_su_dung_2024-T6.2025.xls,4025
G00097,1C25TUV,00003241,05/06/2025,962037,76963,1039000,Bang_ke_hoa_don_da_su_dung_2024-T6.2025.xls,4030
G00097,1C25TUV,00003288,05/06/2025,962037,76963,1039000,Bang_ke_hoa_don_da_su_dung_2024-T6.2025.xls,4077
G00097,1C25TUV,00003332,05/06/2025,962037,76963,1039000,Bang_ke_hoa_don_da_su_dung_2024-T6.2025.xls,4121
G00097,1C25TUV,00003487,06/06/2025,962037,76963,1039000,Bang_ke_hoa_don_da_su_dung_2024-T6.2025.xls,4276
G00097,1C25TUV,00003491,06/06/2025,962037,76963,1039000,Bang_ke_hoa_don_da_su_dung_2024-T6.2025.xls,4280
G00097,1C25TUV,00003635,06/06/2025,962037,76963,1039000,Bang_ke_hoa_don_da_su_dung_2024-T6.2025.xls,4424
G00097,1C25TUV,00004573,10/06/2025,962037,76963,1039000,Bang_ke_hoa_don_da_su_dung_T6.2025.xls,376
G00098,1C25TUV,00000010,07/01/2025,4376852,350148,4727000,Bang_ke_hoa_don_da_su_dung_2024-T6.2025.xls,801
G00099,1C25TUV,00000014,08/01/2025,4330926,346474,4677400,Bang_ke_hoa_don_da_su_dung_2024-T6.2025.xls,805
G00100,1C25TUV,00000019,14/01/2025,1481481,118518,1599999,Bang_ke_hoa_don_da_su_dung_2024-T6.2025.xls,810
G00101,1C25TUV,00000020,14/01/2025,7638889,611111,8250000,Bang_ke_hoa_don_da_su_dung_2024-T6.2025.xls,811
G00102,1C25TUV,00000021,14/01/2025,2916667,233333,3150000,Bang_ke_hoa_don_da_su_dung_2024-T6.2025.xls,812
G00103,1C25TUV,00000022,14/01/2025,277778,22222,300000,Bang_ke_hoa_don_da_su_dung_2024-T6.2025.xls,813
G00103,1C25TUV,00000744,15/05/2025,277778,22222,300000,Bang_ke_hoa_don_da_su_dung_2024-T6.2025.xls,1535
G00104,1C25TUV,00000023,14/01/2025,111111,8889,120000,Bang_ke_hoa_don_da_su_dung_2024-T6.2025.xls,814
G00104,1C25TUV,00000026,14/01/2025,111111,8889,120000,Bang_ke_hoa_don_da_su_dung_2024-T6.2025.xls,817
G00105,1C25TUV,00000024,14/01/2025,2333222,186658,2519880,Bang_ke_hoa_don_da_su_dung_2024-T6.2025.xls,815
G00106,1C25TUV,00000027,15/01/2025,919333,73547,992880,Bang_ke_hoa_don_da_su_dung_2024-T6.2025.xls,818
G00106,1C25TUV,00000085,10/02/2025,919333,73547,992880,Bang_ke_hoa_don_da_su_dung_2024-T6.2025.xls,876
G00107,1C25TUV,00000032,22/01/2025,1856152,148492,2004644,Bang_ke_hoa_don_da_su_dung_2024-T6.2025.xls,823
G00108,1C25TUV,00000084,08/02/2025,406482,32519,439001,Bang_ke_hoa_don_da_su_dung_2024-T6.2025.xls,875
G00109,1C25TUV,00000086,10/02/2025,1652000,132160,1784160,Bang_ke_hoa_don_da_su_dung_2024-T6.2025.xls,877
G00110,1C25TUV,00000087,11/02/2025,6488000,519040,7007040,Bang_ke_hoa_don_da_su_dung_2024-T6.2025.xls,878
G00111,1C25TUV,00000093,13/02/2025,1745333,139627,1884960,Bang_ke_hoa_don_da_su_dung_2024-T6.2025.xls,884
G00112,1C25TUV,00000094,14/02/2025,5062667,405013,5467680,Bang_ke_hoa_don_da_su_dung_2024-T6.2025.xls,885
G00113,1C25TUV,00000104,19/02/2025,2700000,216000,2916000,Bang_ke_hoa_don_da_su_dung_2024-T6.2025.xls,895
G00114,1C25TUV,00000109,19/02/2025,3730000,298400,4028400,Bang_ke_hoa_don_da_su_dung_2024-T6.2025.xls,900
G00115,1C25TUV,00000119,21/02/2025,3730667,298453,4029120,Bang_ke_hoa_don_da_su_dung_2024-T6.2025.xls,910
G00116,1C25TUV,00000120,22/02/2025,2770667,221653,2992320,Bang_ke_hoa_don_da_su_dung_2024-T6.2025.xls,911
G00117,1C25TUV,00000139,28/02/2025,2573148,205852,2779000,Bang_ke_hoa_don_da_su_dung_2024-T6.2025.xls,930
G00117,1C25TUV,00000166,03/03/2025,2573148,205852,2779000,Bang_ke_hoa_don_da_su_dung_2024-T6.2025.xls,957
G00117,1C25TUV,00000174,06/03/2025,2573148,205852,2779000,Bang_ke_hoa_don_da_su_dung_2024-T6.2025.xls,965
G00117,1C25TUV,00000178,06/03/2025,2573148,205852,2779000,Bang_ke_hoa_don_da_su_dung_2024-T6.2025.xls,969
G00117,1C25TUV,00000181,06/03/2025,2573148,205852,2779000,Bang_ke_hoa_don_da_su_dung_2024-T6.2025.xls,972
G00117,1C25TUV,00000185,06/03/2025,2573148,205852,2779000,Bang_ke_hoa_don_da_su_dung_2024-T6.2025.xls,976
G00117,1C25TUV,00000187,06/03/2025,2573148,205852,2779000,Bang_ke_hoa_don_da_su_dung_2024-T6.2025.xls,978
G00117,1C25TUV,00000221,07/03/2025,2573148,205852,2779000,Bang_ke_hoa_don_da_su_dung_2024-T6.2025.xls,1012
G00117,1C25TUV,00000222,07/03/2025,2573148,205852,2779000,Bang_ke_hoa_don_da_su_dung_2024-T6.2025.xls,1013
G00117,1C25TUV,00000230,07/03/2025,2573148,205852,2779000,Bang_ke_hoa_don_da_su_dung_2024-T6.2025.xls,1021
G00117,1C25TUV,00000248,07/03/2025,2573148,205852,2779000,Bang_ke_hoa_don_da_su_dung_2024-T6.2025.xls,1039
G00117,1C25TUV,00000250,07/03/2025,2573148,205852,2779000,Bang_ke_hoa_don_da_su_dung_2024-T6.2025.xls,1041
G00117,1C25TUV,00000251,07/03/2025,2573148,205852,2779000,Bang_ke_hoa_don_da_su_dung_2024-T6.2025.xls,1042
G00117,1C25TUV,00000704,06/05/2025,2573148,205852,2779000,Bang_ke_hoa_don_da_su_dung_2024-T6.2025.xls,1495
G00117,1C25TUV,00000975,25/05/2025,2573148,205852,2779000,Bang_ke_hoa_don_da_su_dung_2024-T6.2025.xls,1766
G00117,1C25TUV,00000981,25/05/2025,2573148,205852,2779000,Bang_ke_hoa_don_da_su_dung_2024-T6.2025.xls,1772
G00117,1C25TUV,00000989,25/05/2025,2573148,205852,2779000,Bang_ke_hoa_don_da_su_dung_2024-T6.2025.xls,1780
G00117,1C25TUV,00000997,25/05/2025,2573148,205852,2779000,Bang_ke_hoa_don_da_su_dung_2024-T6.2025.xls,1788
G00117,1C25TUV,00001027,25/05/2025,2573148,205852,2779000,Bang_ke_hoa_don_da_su_dung_2024-T6.2025.xls,1818
G00117,1C25TUV,00001180,26/05/2025,2573148,205852,2779000,Bang_ke_hoa_don_da_su_dung_2024-T6.2025.xls,1971
G00117,1C25TUV,00001292,27/05/2025,2573148,205852,2779000,Bang_ke_hoa_don_da_su_dung_2024-T6.2025.xls,2083
G00117,1C25TUV,00001599,28/05/2025,2573148,205852,2779000,Bang_ke_hoa_don_da_su_dung_2024-T6.2025.xls,2390
G00117,1C25TUV,00001607,28/05/2025,2573148,205852,2779000,Bang_ke_hoa_don_da_su_dung_2024-T6.2025.xls,2398
G00117,1C25TUV,00001618,28/05/2025,2573148,205852,2779000,Bang_ke_hoa_don_da_su_dung_2024-T6.2025.xls,2409
G00117,1C25TUV,00001988,29/05/2025,2573148,205852,2779000,Bang_ke_hoa_don_da_su_dung_2024-T6.2025.xls,2778
G00117,1C25TUV,00001989,29/05/2025,2573148,205852,2779000,Bang_ke_hoa_don_da_su_dung_2024-T6.2025.xls,2779
G00117,1C25TUV,00001990,29/05/2025,2573148,205852,2779000,Bang_ke_hoa_don_da_su_dung_2024-T6.2025.xls,2780
G00117,1C25TUV,00002396,30/05/2025,2573148,205852,2779000,Bang_ke_hoa_don_da_su_dung_2024-T6.2025.xls,3185
G00117,1C25TUV,00002397,30/05/2025,2573148,205852,2779000,Bang_ke_hoa_don_da_su_dung_2024-T6.2025.xls,3186
G00117,1C25TUV,00002398,30/05/2025,2573148,205852,2779000,Bang_ke_hoa_don_da_su_dung_2024-T6.2025.xls,3187
G00117,1C25TUV,00002805,01/06/2025,2573148,205852,2779000,Bang_ke_hoa_don_da_su_dung_2024-T6.2025.xls,3594
G00117,1C25TUV,00002813,01/06/2025,2573148,205852,2779000,Bang_ke_hoa_don_da_su_dung_2024-T6.2025.xls,3602
G00117,1C25TUV,00002849,02/06/2025,2573148,205852,2779000,Bang_ke_hoa_don_da_su_dung_2024-T6.2025.xls,3638
G00117,1C25TUV,00002852,02/06/2025,2573148,205852,2779000,Bang_ke_hoa_don_da_su_dung_2024-T6.2025.xls,3641
G00117,1C25TUV,00002855,02/06/2025,2573148,205852,2779000,Bang_ke_hoa_don_da_su_dung_2024-T6.2025.xls,3644
G00117,1C25TUV,00002861,02/06/2025,2573148,205852,2779000,Bang_ke_hoa_don_da_su_dung_2024-T6.2025.xls,3650
G00117,1C25TUV,00002871,02/06/2025,2573148,205852,2779000,Bang_ke_hoa_don_da_su_dung_2024-T6.2025.xls,3660
G00117,1C25TUV,00002876,02/06/2025,2573148,205852,2779000,Bang_ke_hoa_don_da_su_dung_2024-T6.2025.xls,3665
G00117,1C25TUV,00003192,04/06/2025,2573148,205852,2779000,Bang_ke_hoa_don_da_su_dung_2024-T6.2025.xls,3981
G00117,1C25TUV,00003193,04/06/2025,2573148,205852,2779000,Bang_ke_hoa_don_da_su_dung_2024-T6.2025.xls,3982
G00117,1C25TUV,00003197,04/06/2025,2573148,205852,2779000,Bang_ke_hoa_don_da_su_dung_2024-T6.2025.xls,3986
G00117,1C25TUV,00003389,05/06/2025,2573148,205852,2779000,Bang_ke_hoa_don_da_su_dung_2024-T6.2025.xls,4178
G00117,1C25TUV,00003894,07/06/2025,2573148,205852,2779000,Bang_ke_hoa_don_da_su_dung_2024-T6.2025.xls,4683
G00117,1C25TUV,00009307,29/06/2025,2573148,205852,2779000,Bang_ke_hoa_don_da_su_dung_T6.2025 L2.xls,127
G00117,1C25TUV,00009597,30/06/2025,2573148,205852,2779000,Bang_ke_hoa_don_da_su_dung_T6.2025 L2.xls,417
G00117,1C25TUV,00009603,30/06/2025,2573148,205852,2779000,Bang_ke_hoa_don_da_su_dung_T6.2025 L2.xls,423
G00117,1C25TUV,00009604,30/06/2025,2573148,205852,2779000,Bang_ke_hoa_don_da_su_dung_T6.2025 L2.xls,424
G00117,1C25TUV,00009610,30/06/2025,2573148,205852,2779000,Bang_ke_hoa_don_da_su_dung_T6.2025 L2.xls,430
G00117,1C25TUV,00009611,30/06/2025,2573148,205852,2779000,Bang_ke_hoa_don_da_su_dung_T6.2025 L2.xls,431
G00117,1C25TUV,00009618,30/06/2025,2573148,205852,2779000,Bang_ke_hoa_don_da_su_dung_T6.2025 L2.xls,438
G00117,1C25TUV,00009635,30/06/2025,2573148,205852,2779000,Bang_ke_hoa_don_da_su_dung_T6.2025 L2.xls,455
G00117,1C25TUV,00009637,30/06/2025,2573148,205852,2779000,Bang_ke_hoa_don_da_su_dung_T6.2025 L2.xls,457
G00117,1C25TUV,00009796,30/06/2025,2573148,205852,2779000,Bang_ke_hoa_don_da_su_dung_T6.2025 L2.xls,616
G00117,1C25TUV,00009799,30/06/2025,2573148,205852,2779000,Bang_ke_hoa_don_da_su_dung_T6.2025 L2.xls,619
G00117,1C25TUV,00009800,30/06/2025,2573148,205852,2779000,Bang_ke_hoa_don_da_su_dung_T6.2025 L2.xls,620
G00117,1C25TUV,00009802,30/06/2025,2573148,205852,2779000,Bang_ke_hoa_don_da_su_dung_T6.2025 L2.xls,622
G00117,1C25TUV,00009826,30/06/2025,2573148,205852,2779000,Bang_ke_hoa_don_da_su_dung_T6.2025 L2.xls,646
G00117,1C25TUV,00009898,30/06/2025,2573148,205852,2779000,Bang_ke_hoa_don_da_su_dung_T6.2025 L2.xls,718
G00117,1C25TUV,00009931,30/06/2025,2573148,205852,2779000,Bang_ke_hoa_don_da_su_dung_T6.2025 L2.xls,751
G00117,1C25TUV,00009936,30/06/2025,2573148,205852,2779000,Bang_ke_hoa_don_da_su_dung_T6.2025 L2.xls,756
G00117,1C25TUV,00010002,30/06/2025,2573148,205852,2779000,Bang_ke_hoa_don_da_su_dung_T6.2025 L2.xls,822
G00117,1C25TUV,00010035,30/06/2025,2573148,205852,2779000,Bang_ke_hoa_don_da_su_dung_T6.2025 L2.xls,855
G00117,1C25TUV,00010045,30/06/2025,2573148,205852,2779000,Bang_ke_hoa_don_da_su_dung_T6.2025 L2.xls,865
G00117,1C25TUV,00010058,30/06/2025,2573148,205852,2779000,Bang_ke_hoa_don_da_su_dung_T6.2025 L2.xls,878
G00117,1C25TUV,00004345,09/06/2025,2573148,205852,2779000,Bang_ke_hoa_don_da_su_dung_T6.2025.xls,148
G00117,1C25TUV,00004615,10/06/2025,2573148,205852,2779000,Bang_ke_hoa_don_da_su_dung_T6.2025.xls,418
G00117,1C25TUV,00004859,11/06/2025,2573148,205852,2779000,Bang_ke_hoa_don_da_su_dung_T6.2025.xls,662
G00117,1C25TUV,00004863,11/06/2025,2573148,205852,2779000,Bang_ke_hoa_don_da_su_dung_T6.2025.xls,666
G00117,1C25TUV,00005075,12/06/2025,2573148,205852,2779000,Bang_ke_hoa_don_da_su_dung_T6.2025.xls,878
G00117,1C25TUV,00005091,12/06/2025,2573148,205852,2779000,Bang_ke_hoa_don_da_su_dung_T6.2025.xls,894
G00117,1C25TUV,00005129,12/06/2025,2573148,205852,2779000,Bang_ke_hoa_don_da_su_dung_T6.2025.xls,932
G00117,1C25TUV,00005298,13/06/2025,2573148,205852,2779000,Bang_ke_hoa_don_da_su_dung_T6.2025.xls,1101
G00117,1C25TUV,00005315,13/06/2025,2573148,205852,2779000,Bang_ke_hoa_don_da_su_dung_T6.2025.xls,1118
G00117,1C25TUV,00005319,13/06/2025,2573148,205852,2779000,Bang_ke_hoa_don_da_su_dung_T6.2025.xls,1122
G00117,1C25TUV,00005320,13/06/2025,2573148,205852,2779000,Bang_ke_hoa_don_da_su_dung_T6.2025.xls,1123
G00117,1C25TUV,00005327,13/06/2025,2573148,205852,2779000,Bang_ke_hoa_don_da_su_dung_T6.2025.xls,1130
G00117,1C25TUV,00005348,13/06/2025,2573148,205852,2779000,Bang_ke_hoa_don_da_su_dung_T6.2025.xls,1151
G00117,1C25TUV,00005374,14/06/2025,2573148,205852,2779000,Bang_ke_hoa_don_da_su_dung_T6.2025.xls,1177
G00117,1C25TUV,00005487,14/06/2025,2573148,205852,2779000,Bang_ke_hoa_don_da_su_dung_T6.2025.xls,1290
G00117,1C25TUV,00005488,14/06/2025,2573148,205852,2779000,Bang_ke_hoa_don_da_su_dung_T6.2025.xls,1291
G00117,1C25TUV,00005533,14/06/2025,2573148,205852,2779000,Bang_ke_hoa_don_da_su_dung_T6.2025.xls,1336
G00117,1C25TUV,00005738,15/06/2025,2573148,205852,2779000,Bang_ke_hoa_don_da_su_dung_T6.2025.xls,1541
G00117,1C25TUV,00005754,15/06/2025,2573148,205852,2779000,Bang_ke_hoa_don_da_su_dung_T6.2025.xls,1557
G00117,1C25TUV,00007095,20/06/2025,2573148,205852,2779000,Bang_ke_hoa_don_da_su_dung_T6.2025.xls,2898
G00117,1C25TUV,00007120,20/06/2025,2573148,205852,2779000,Bang_ke_hoa_don_da_su_dung_T6.2025.xls,2923
G00117,1C25TUV,00007127,20/06/2025,2573148,205852,2779000,Bang_ke_hoa_don_da_su_dung_T6.2025.xls,2930
G00117,1C25TUV,00007129,20/06/2025,2573148,205852,2779000,Bang_ke_hoa_don_da_su_dung_T6.2025.xls,2932
G00117,1C25TUV,00007151,20/06/2025,2573148,205852,2779000,Bang_ke_hoa_don_da_su_dung_T6.2025.xls,2954
G00117,1C25TUV,00007153,20/06/2025,2573148,205852,2779000,Bang_ke_hoa_don_da_su_dung_T6.2025.xls,2956
G00117,1C25TUV,00007410,21/06/2025,2573148,205852,2779000,Bang_ke_hoa_don_da_su_dung_T6.2025.xls,3213
G00117,1C25TUV,00007621,22/06/2025,2573148,205852,2779000,Bang_ke_hoa_don_da_su_dung_T6.2025.xls,3424
G00117,1C25TUV,00007639,22/06/2025,2573148,205852,2779000,Bang_ke_hoa_don_da_su_dung_T6.2025.xls,3442
G00117,1C25TUV,00007640,22/06/2025,2573148,205852,2779000,Bang_ke_hoa_don_da_su_dung_T6.2025.xls,3443
G00117,1C25TUV,00007655,22/06/2025,2573148,205852,2779000,Bang_ke_hoa_don_da_su_dung_T6.2025.xls,3458
G00117,1C25TUV,00007668,22/06/2025,2573148,205852,2779000,Bang_ke_hoa_don_da_su_dung_T6.2025.xls,3471
G00117,1C25TUV,00007683,22/06/2025,2573148,205852,2779000,Bang_ke_hoa_don_da_su_dung_T6.2025.xls,3486
G00117,1C25TUV,00007997,23/06/2025,2573148,205852,2779000,Bang_ke_hoa_don_da_su_dung_T6.2025.xls,3800
G00117,1C25TUV,00008025,23/06/2025,2573148,205852,2779000,Bang_ke_hoa_don_da_su_dung_T6.2025.xls,3828
G00117,1C25TUV,00008029,23/06/2025,2573148,205852,2779000,Bang_ke_hoa_don_da_su_dung_T6.2025.xls,3832
G00117,1C25TUV,00008329,24/06/2025,2573148,205852,2779000,Bang_ke_hoa_don_da_su_dung_T6.2025.xls,4132
G00117,1C25TUV,00008360,24/06/2025,2573148,205852,2779000,Bang_ke_hoa_don_da_su_dung_T6.2025.xls,4163
G00117,1C25TUV,00008361,24/06/2025,2573148,205852,2779000,Bang_ke_hoa_don_da_su_dung_T6.2025.xls,4164
G00117,1C25TUV,00008435,25/06/2025,2573148,205852,2779000,Bang_ke_hoa_don_da_su_dung_T6.2025.xls,4238
G00117,1C25TUV,00008461,25/06/2025,2573148,205852,2779000,Bang_ke_hoa_don_da_su_dung_T6.2025.xls,4264
G00117,1C25TUV,00008611,26/06/2025,2573148,205852,2779000,Bang_ke_hoa_don_da_su_dung_T6.2025.xls,4414
G00117,1C25TUV,00008838,27/06/2025,2573148,205852,2779000,Bang_ke_hoa_don_da_su_dung_T6.2025.xls,4641
G00118,1C25TUV,00000152,28/02/2025,2851852,228148,3080000,Bang_ke_hoa_don_da_su_dung_2024-T6.2025.xls,943
G00119,1C25TUV,00000153,28/02/2025,2367296,189384,2556680,Bang_ke_hoa_don_da_su_dung_2024-T6.2025.xls,944
G00120,1C25TUV,00000156,28/02/2025,3164519,253162,3417681,Bang_ke_hoa_don_da_su_dung_2024-T6.2025.xls,947
G00121,1C25TUV,00000157,28/02/2025,8552778,684222,9237000,Bang_ke_hoa_don_da_su_dung_2024-T6.2025.xls,948
G00122,1C25TUV,00000158,28/02/2025,497685,39815,537500,Bang_ke_hoa_don_da_su_dung_2024-T6.2025.xls,949
G00123,1C25TUV,00000160,28/02/2025,370370,29630,400000,Bang_ke_hoa_don_da_su_dung_2024-T6.2025.xls,951
G00124,1C25TUV,00000161,28/02/2025,1182870,94630,1277500,Bang_ke_hoa_don_da_su_dung_2024-T6.2025.xls,952
G00125,1C25TUV,00000163,28/02/2025,5471668,437733,5909401,Bang_ke_hoa_don_da_su_dung_2024-T6.2025.xls,954
G00126,1C25TUV,00000164,28/02/2025,5470370,437630,5908000,Bang_ke_hoa_don_da_su_dung_2024-T6.2025.xls,955
G00127,1C25TUV,00000165,28/02/2025,10003704,800296,10804000,Bang_ke_hoa_don_da_su_dung_2024-T6.2025.xls,956
G00128,1C25TUV,00000167,03/03/2025,8168667,653493,8822160,Bang_ke_hoa_don_da_su_dung_2024-T6.2025.xls,958
G00129,1C25TUV,00000168,03/03/2025,3757333,300587,4057920,Bang_ke_hoa_don_da_su_dung_2024-T6.2025.xls,959
G00130,1C25TUV,00000169,05/03/2025,3691333,295307,3986640,Bang_ke_hoa_don_da_su_dung_2024-T6.2025.xls,960
G00131,1C25TUV,00000170,06/03/2025,930556,74444,1005000,Bang_ke_hoa_don_da_su_dung_2024-T6.2025.xls,961
G00132,1C25TUV,00000171,06/03/2025,462037,36963,499000,Bang_ke_hoa_don_da_su_dung_2024-T6.2025.xls,962
G00132,1C25TUV,00000172,06/03/2025,462037,36963,499000,Bang_ke_hoa_don_da_su_dung_2024-T6.2025.xls,963
G00132,1C25TUV,00000179,06/03/2025,462037,36963,499000,Bang_ke_hoa_don_da_su_dung_2024-T6.2025.xls,970
G00132,1C25TUV,00000180,06/03/2025,462037,36963,499000,Bang_ke_hoa_don_da_su_dung_2024-T6.2025.xls,971
G00132,1C25TUV,00000194,06/03/2025,462037,36963,499000,Bang_ke_hoa_don_da_su_dung_2024-T6.2025.xls,985
G00132,1C25TUV,00000216,07/03/2025,462037,36963,499000,Bang_ke_hoa_don_da_su_dung_2024-T6.2025.xls,1007
G00132,1C25TUV,00000225,07/03/2025,462037,36963,499000,Bang_ke_hoa_don_da_su_dung_2024-T6.2025.xls,1016
G00132,1C25TUV,00000245,07/03/2025,462037,36963,499000,Bang_ke_hoa_don_da_su_dung_2024-T6.2025.xls,1036
G00132,1C25TUV,00000252,07/03/2025,462037,36963,499000,Bang_ke_hoa_don_da_su_dung_2024-T6.2025.xls,1043
G00132,1C25TUV,00000255,07/03/2025,462037,36963,499000,Bang_ke_hoa_don_da_su_dung_2024-T6.2025.xls,1046
G00132,1C25TUV,00000256,07/03/2025,462037,36963,499000,Bang_ke_hoa_don_da_su_dung_2024-T6.2025.xls,1047
G00132,1C25TUV,00004544,10/06/2025,462037,36963,499000,Bang_ke_hoa_don_da_su_dung_T6.2025.xls,347
G00133,1C25TUV,00000173,06/03/2025,1887963,151037,2039000,Bang_ke_hoa_don_da_su_dung_2024-T6.2025.xls,964
G00133,1C25TUV,00000175,06/03/2025,1887963,151037,2039000,Bang_ke_hoa_don_da_su_dung_2024-T6.2025.xls,966
G00133,1C25TUV,00000182,06/03/2025,1887963,151037,2039000,Bang_ke_hoa_don_da_su_dung_2024-T6.2025.xls,973
G00133,1C25TUV,00000205,07/03/2025,1887963,151037,2039000,Bang_ke_hoa_don_da_su_dung_2024-T6.2025.xls,996
G00133,1C25TUV,00000213,07/03/2025,1887963,151037,2039000,Bang_ke_hoa_don_da_su_dung_2024-T6.2025.xls,1004
G00133,1C25TUV,00000215,07/03/2025,1887963,151037,2039000,Bang_ke_hoa_don_da_su_dung_2024-T6.2025.xls,1006
G00133,1C25TUV,00000236,07/03/2025,1887963,151037,2039000,Bang_ke_hoa_don_da_su_dung_2024-T6.2025.xls,1027
G00133,1C25TUV,00000240,07/03/2025,1887963,151037,2039000,Bang_ke_hoa_don_da_su_dung_2024-T6.2025.xls,1031
G00133,1C25TUV,00004298,09/06/2025,1887963,151037,2039000,Bang_ke_hoa_don_da_su_dung_T6.2025.xls,101
G00134,1C25TUV,00000176,06/03/2025,1276852,102148,1379000,Bang_ke_hoa_don_da_su_dung_2024-T6.2025.xls,967
G00134,1C25TUV,00000189,06/03/2025,1276852,102148,1379000,Bang_ke_hoa_don_da_su_dung_2024-T6.2025.xls,980
G00134,1C25TUV,00000203,07/03/2025,1276852,102148,1379000,Bang_ke_hoa_don_da_su_dung_2024-T6.2025.xls,994
G00134,1C25TUV,00000204,07/03/2025,1276852,102148,1379000,Bang_ke_hoa_don_da_su_dung_2024-T6.2025.xls,995
G00134,1C25TUV,00000207,07/03/2025,1276852,102148,1379000,Bang_ke_hoa_don_da_su_dung_2024-T6.2025.xls,998
G00134,1C25TUV,00000208,07/03/2025,1276852,102148,1379000,Bang_ke_hoa_don_da_su_dung_2024-T6.2025.xls,999
G00134,1C25TUV,00000211,07/03/2025,1276852,102148,1379000,Bang_ke_hoa_don_da_su_dung_2024-T6.2025.xls,1002
G00134,1C25TUV,00000224,07/03/2025,1276852,102148,1379000,Bang_ke_hoa_don_da_su_dung_2024-T6.2025.xls,1015
G00134,1C25TUV,00000231,07/03/2025,1276852,102148,1379000,Bang_ke_hoa_don_da_su_dung_2024-T6.2025.xls,1022
G00134,1C25TUV,00000237,07/03/2025,1276852,102148,1379000,Bang_ke_hoa_don_da_su_dung_2024-T6.2025.xls,1028
G00134,1C25TUV,00000242,07/03/2025,1276852,102148,1379000,Bang_ke_hoa_don_da_su_dung_2024-T6.2025.xls,1033
G00134,1C25TUV,00000244,07/03/2025,1276852,102148,1379000,Bang_ke_hoa_don_da_su_dung_2024-T6.2025.xls,1035
G00134,1C25TUV,00000246,07/03/2025,1276852,102148,1379000,Bang_ke_hoa_don_da_su_dung_2024-T6.2025.xls,1037
G00134,1C25TUV,00000247,07/03/2025,1276852,102148,1379000,Bang_ke_hoa_don_da_su_dung_2024-T6.2025.xls,1038
G00134,1C25TUV,00000259,08/03/2025,1276852,102148,1379000,Bang_ke_hoa_don_da_su_dung_2024-T6.2025.xls,1050
G00134,1C25TUV,00000260,08/03/2025,1276852,102148,1379000,Bang_ke_hoa_don_da_su_dung_2024-T6.2025.xls,1051
G00134,1C25TUV,00000389,31/03/2025,1276852,102148,1379000,Bang_ke_hoa_don_da_su_dung_2024-T6.2025.xls,1180
G00134,1C25TUV,00000443,14/04/2025,1276852,102148,1379000,Bang_ke_hoa_don_da_su_dung_2024-T6.2025.xls,1234
G00134,1C25TUV,00000825,25/05/2025,1276852,102148,1379000,Bang_ke_hoa_don_da_su_dung_2024-T6.2025.xls,1616
G00134,1C25TUV,00000869,25/05/2025,1276852,102148,1379000,Bang_ke_hoa_don_da_su_dung_2024-T6.2025.xls,1660
G00134,1C25TUV,00000870,25/05/2025,1276852,102148,1379000,Bang_ke_hoa_don_da_su_dung_2024-T6.2025.xls,1661
G00134,1C25TUV,00000874,25/05/2025,1276852,102148,1379000,Bang_ke_hoa_don_da_su_dung_2024-T6.2025.xls,1665
G00134,1C25TUV,00000893,25/05/2025,1276852,102148,1379000,Bang_ke_hoa_don_da_su_dung_2024-T6.2025.xls,1684
G00134,1C25TUV,00000896,25/05/2025,1276852,102148,1379000,Bang_ke_hoa_don_da_su_dung_2024-T6.2025.xls,1687
G00134,1C25TUV,00000897,25/05/2025,1276852,102148,1379000,Bang_ke_hoa_don_da_su_dung_2024-T6.2025.xls,1688
G00134,1C25TUV,00000969,25/05/2025,1276852,102148,1379000,Bang_ke_hoa_don_da_su_dung_2024-T6.2025.xls,1760
G00134,1C25TUV,00000970,25/05/2025,1276852,102148,1379000,Bang_ke_hoa_don_da_su_dung_2024-T6.2025.xls,1761
G00134,1C25TUV,00000971,25/05/2025,1276852,102148,1379000,Bang_ke_hoa_don_da_su_dung_2024-T6.2025.xls,1762
G00134,1C25TUV,00000979,25/05/2025,1276852,102148,1379000,Bang_ke_hoa_don_da_su_dung_2024-T6.2025.xls,1770
G00134,1C25TUV,00000998,25/05/2025,1276852,102148,1379000,Bang_ke_hoa_don_da_su_dung_2024-T6.2025.xls,1789
G00134,1C25TUV,00000999,25/05/2025,1276852,102148,1379000,Bang_ke_hoa_don_da_su_dung_2024-T6.2025.xls,1790
G00134,1C25TUV,00001002,25/05/2025,1276852,102148,1379000,Bang_ke_hoa_don_da_su_dung_2024-T6.2025.xls,1793
G00134,1C25TUV,00001003,25/05/2025,1276852,102148,1379000,Bang_ke_hoa_don_da_su_dung_2024-T6.2025.xls,1794
G00134,1C25TUV,00001009,25/05/2025,1276852,102148,1379000,Bang_ke_hoa_don_da_su_dung_2024-T6.2025.xls,1800
G00134,1C25TUV,00001010,25/05/2025,1276852,102148,1379000,Bang_ke_hoa_don_da_su_dung_2024-T6.2025.xls,1801
G00134,1C25TUV,00001019,25/05/2025,1276852,102148,1379000,Bang_ke_hoa_don_da_su_dung_2024-T6.2025.xls,1810
G00134,1C25TUV,00001022,25/05/2025,1276852,102148,1379000,Bang_ke_hoa_don_da_su_dung_2024-T6.2025.xls,1813
G00134,1C25TUV,00001023,25/05/2025,1276852,102148,1379000,Bang_ke_hoa_don_da_su_dung_2024-T6.2025.xls,1814
G00134,1C25TUV,00001028,25/05/2025,1276852,102148,1379000,Bang_ke_hoa_don_da_su_dung_2024-T6.2025.xls,1819
G00134,1C25TUV,00001177,26/05/2025,1276852,102148,1379000,Bang_ke_hoa_don_da_su_dung_2024-T6.2025.xls,1968
G00134,1C25TUV,00001266,27/05/2025,1276852,102148,1379000,Bang_ke_hoa_don_da_su_dung_2024-T6.2025.xls,2057
G00134,1C25TUV,00001279,27/05/2025,1276852,102148,1379000,Bang_ke_hoa_don_da_su_dung_2024-T6.2025.xls,2070
G00134,1C25TUV,00001281,27/05/2025,1276852,102148,1379000,Bang_ke_hoa_don_da_su_dung_2024-T6.2025.xls,2072
G00134,1C25TUV,00001380,27/05/2025,1276852,102148,1379000,Bang_ke_hoa_don_da_su_dung_2024-T6.2025.xls,2171
G00134,1C25TUV,00001389,27/05/2025,1276852,102148,1379000,Bang_ke_hoa_don_da_su_dung_2024-T6.2025.xls,2180
G00134,1C25TUV,00001391,27/05/2025,1276852,102148,1379000,Bang_ke_hoa_don_da_su_dung_2024-T6.2025.xls,2182
G00134,1C25TUV,00001711,28/05/2025,1276852,102148,1379000,Bang_ke_hoa_don_da_su_dung_2024-T6.2025.xls,2502
G00134,1C25TUV,00001716,28/05/2025,1276852,102148,1379000,Bang_ke_hoa_don_da_su_dung_2024-T6.2025.xls,2507
G00134,1C25TUV,00001727,28/05/2025,1276852,102148,1379000,Bang_ke_hoa_don_da_su_dung_2024-T6.2025.xls,2518
G00134,1C25TUV,00001873,29/05/2025,1276852,102148,1379000,Bang_ke_hoa_don_da_su_dung_2024-T6.2025.xls,2664
G00134,1C25TUV,00001874,29/05/2025,1276852,102148,1379000,Bang_ke_hoa_don_da_su_dung_2024-T6.2025.xls,2665
G00134,1C25TUV,00001875,29/05/2025,1276852,102148,1379000,Bang_ke_hoa_don_da_su_dung_2024-T6.2025.xls,2666
G00134,1C25TUV,00001876,29/05/2025,1276852,102148,1379000,Bang_ke_hoa_don_da_su_dung_2024-T6.2025.xls,2667
G00134,1C25TUV,00001877,29/05/2025,1276852,102148,1379000,Bang_ke_hoa_don_da_su_dung_2024-T6.2025.xls,2668
G00134,1C25TUV,00001878,29/05/2025,1276852,102148,1379000,Bang_ke_hoa_don_da_su_dung_2024-T6.2025.xls,2669
G00134,1C25TUV,00001977,29/05/2025,1276852,102148,1379000,Bang_ke_hoa_don_da_su_dung_2024-T6.2025.xls,2767
G00134,1C25TUV,00001978,29/05/2025,1276852,102148,1379000,Bang_ke_hoa_don_da_su_dung_2024-T6.2025.xls,2768
G00134,1C25TUV,00001979,29/05/2025,1276852,102148,1379000,Bang_ke_hoa_don_da_su_dung_2024-T6.2025.xls,2769
G00134,1C25TUV,00001980,29/05/2025,1276852,102148,1379000,Bang_ke_hoa_don_da_su_dung_2024-T6.2025.xls,2770
G00134,1C25TUV,00001981,29/05/2025,1276852,102148,1379000,Bang_ke_hoa_don_da_su_dung_2024-T6.2025.xls,2771
G00134,1C25TUV,00001982,29/05/2025,1276852,102148,1379000,Bang_ke_hoa_don_da_su_dung_2024-T6.2025.xls,2772
G00134,1C25TUV,00001983,29/05/2025,1276852,102148,1379000,Bang_ke_hoa_don_da_su_dung_2024-T6.2025.xls,2773
G00134,1C25TUV,00001984,29/05/2025,1276852,102148,1379000,Bang_ke_hoa_don_da_su_dung_2024-T6.2025.xls,2774
G00134,1C25TUV,00002384,30/05/2025,1276852,102148,1379000,Bang_ke_hoa_don_da_su_dung_2024-T6.2025.xls,3173
G00134,1C25TUV,00002385,30/05/2025,1276852,102148,1379000,Bang_ke_hoa_don_da_su_dung_2024-T6.2025.xls,3174
G00134,1C25TUV,00002534,30/05/2025,1276852,102148,1379000,Bang_ke_hoa_don_da_su_dung_2024-T6.2025.xls,3323
G00134,1C25TUV,00002535,30/05/2025,1276852,102148,1379000,Bang_ke_hoa_don_da_su_dung_2024-T6.2025.xls,3324
G00134,1C25TUV,00002536,30/05/2025,1276852,102148,1379000,Bang_ke_hoa_don_da_su_dung_2024-T6.2025.xls,3325
G00134,1C25TUV,00002537,30/05/2025,1276852,102148,1379000,Bang_ke_hoa_don_da_su_dung_2024-T6.2025.xls,3326
G00134,1C25TUV,00002538,30/05/2025,1276852,102148,1379000,Bang_ke_hoa_don_da_su_dung_2024-T6.2025.xls,3327
G00134,1C25TUV,00002539,30/05/2025,1276852,102148,1379000,Bang_ke_hoa_don_da_su_dung_2024-T6.2025.xls,3328
G00134,1C25TUV,00002540,30/05/2025,1276852,102148,1379000,Bang_ke_hoa_don_da_su_dung_2024-T6.2025.xls,3329
G00134,1C25TUV,00002541,30/05/2025,1276852,102148,1379000,Bang_ke_hoa_don_da_su_dung_2024-T6.2025.xls,3330
G00134,1C25TUV,00002649,31/05/2025,1276852,102148,1379000,Bang_ke_hoa_don_da_su_dung_2024-T6.2025.xls,3438
G00134,1C25TUV,00002661,31/05/2025,1276852,102148,1379000,Bang_ke_hoa_don_da_su_dung_2024-T6.2025.xls,3450
G00134,1C25TUV,00002664,31/05/2025,1276852,102148,1379000,Bang_ke_hoa_don_da_su_dung_2024-T6.2025.xls,3453
G00134,1C25TUV,00002673,31/05/2025,1276852,102148,1379000,Bang_ke_hoa_don_da_su_dung_2024-T6.2025.xls,3462
G00134,1C25TUV,00002686,31/05/2025,1276852,102148,1379000,Bang_ke_hoa_don_da_su_dung_2024-T6.2025.xls,3475
G00134,1C25TUV,00002693,31/05/2025,1276852,102148,1379000,Bang_ke_hoa_don_da_su_dung_2024-T6.2025.xls,3482
G00134,1C25TUV,00002720,31/05/2025,1276852,102148,1379000,Bang_ke_hoa_don_da_su_dung_2024-T6.2025.xls,3509
G00134,1C25TUV,00002721,31/05/2025,1276852,102148,1379000,Bang_ke_hoa_don_da_su_dung_2024-T6.2025.xls,3510
G00134,1C25TUV,00002722,31/05/2025,1276852,102148,1379000,Bang_ke_hoa_don_da_su_dung_2024-T6.2025.xls,3511
G00134,1C25TUV,00002723,31/05/2025,1276852,102148,1379000,Bang_ke_hoa_don_da_su_dung_2024-T6.2025.xls,3512
G00134,1C25TUV,00002724,31/05/2025,1276852,102148,1379000,Bang_ke_hoa_don_da_su_dung_2024-T6.2025.xls,3513
G00134,1C25TUV,00002725,31/05/2025,1276852,102148,1379000,Bang_ke_hoa_don_da_su_dung_2024-T6.2025.xls,3514
G00134,1C25TUV,00002726,31/05/2025,1276852,102148,1379000,Bang_ke_hoa_don_da_su_dung_2024-T6.2025.xls,3515
G00134,1C25TUV,00002727,31/05/2025,1276852,102148,1379000,Bang_ke_hoa_don_da_su_dung_2024-T6.2025.xls,3516
G00134,1C25TUV,00002750,01/06/2025,1276852,102148,1379000,Bang_ke_hoa_don_da_su_dung_2024-T6.2025.xls,3539
G00134,1C25TUV,00002751,01/06/2025,1276852,102148,1379000,Bang_ke_hoa_don_da_su_dung_2024-T6.2025.xls,3540
G00134,1C25TUV,00002782,01/06/2025,1276852,102148,1379000,Bang_ke_hoa_don_da_su_dung_2024-T6.2025.xls,3571
G00134,1C25TUV,00002798,01/06/2025,1276852,102148,1379000,Bang_ke_hoa_don_da_su_dung_2024-T6.2025.xls,3587
G00134,1C25TUV,00002799,01/06/2025,1276852,102148,1379000,Bang_ke_hoa_don_da_su_dung_2024-T6.2025.xls,3588
G00134,1C25TUV,00002800,01/06/2025,1276852,102148,1379000,Bang_ke_hoa_don_da_su_dung_2024-T6.2025.xls,3589
G00134,1C25TUV,00002801,01/06/2025,1276852,102148,1379000,Bang_ke_hoa_don_da_su_dung_2024-T6.2025.xls,3590
G00134,1C25TUV,00002806,01/06/2025,1276852,102148,1379000,Bang_ke_hoa_don_da_su_dung_2024-T6.2025.xls,3595
G00134,1C25TUV,00002815,01/06/2025,1276852,102148,1379000,Bang_ke_hoa_don_da_su_dung_2024-T6.2025.xls,3604
G00134,1C25TUV,00002820,01/06/2025,1276852,102148,1379000,Bang_ke_hoa_don_da_su_dung_2024-T6.2025.xls,3609
G00134,1C25TUV,00002822,01/06/2025,1276852,102148,1379000,Bang_ke_hoa_don_da_su_dung_2024-T6.2025.xls,3611
G00134,1C25TUV,00002827,01/06/2025,1276852,102148,1379000,Bang_ke_hoa_don_da_su_dung_2024-T6.2025.xls,3616
G00134,1C25TUV,00002833,02/06/2025,1276852,102148,1379000,Bang_ke_hoa_don_da_su_dung_2024-T6.2025.xls,3622
G00134,1C25TUV,00002837,02/06/2025,1276852,102148,1379000,Bang_ke_hoa_don_da_su_dung_2024-T6.2025.xls,3626
G00134,1C25TUV,00002843,02/06/2025,1276852,102148,1379000,Bang_ke_hoa_don_da_su_dung_2024-T6.2025.xls,3632
G00134,1C25TUV,00002847,02/06/2025,1276852,102148,1379000,Bang_ke_hoa_don_da_su_dung_2024-T6.2025.xls,3636
G00134,1C25TUV,00002885,02/06/2025,1276852,102148,1379000,Bang_ke_hoa_don_da_su_dung_2024-T6.2025.xls,3674
G00134,1C25TUV,00002886,02/06/2025,1276852,102148,1379000,Bang_ke_hoa_don_da_su_dung_2024-T6.2025.xls,3675
G00134,1C25TUV,00002896,02/06/2025,1276852,102148,1379000,Bang_ke_hoa_don_da_su_dung_2024-T6.2025.xls,3685
G00134,1C25TUV,00002903,02/06/2025,1276852,102148,1379000,Bang_ke_hoa_don_da_su_dung_2024-T6.2025.xls,3692
G00134,1C25TUV,00002904,02/06/2025,1276852,102148,1379000,Bang_ke_hoa_don_da_su_dung_2024-T6.2025.xls,3693
G00134,1C25TUV,00002929,03/06/2025,1276852,102148,1379000,Bang_ke_hoa_don_da_su_dung_2024-T6.2025.xls,3718
G00134,1C25TUV,00002947,03/06/2025,1276852,102148,1379000,Bang_ke_hoa_don_da_su_dung_2024-T6.2025.xls,3736
G00134,1C25TUV,00002951,03/06/2025,1276852,102148,1379000,Bang_ke_hoa_don_da_su_dung_2024-T6.2025.xls,3740
G00134,1C25TUV,00002977,03/06/2025,1276852,102148,1379000,Bang_ke_hoa_don_da_su_dung_2024-T6.2025.xls,3766
G00134,1C25TUV,00002989,03/06/2025,1276852,102148,1379000,Bang_ke_hoa_don_da_su_dung_2024-T6.2025.xls,3778
G00134,1C25TUV,00002998,03/06/2025,1276852,102148,1379000,Bang_ke_hoa_don_da_su_dung_2024-T6.2025.xls,3787
G00134,1C25TUV,00003012,03/06/2025,1276852,102148,1379000,Bang_ke_hoa_don_da_su_dung_2024-T6.2025.xls,3801
G00134,1C25TUV,00003013,03/06/2025,1276852,102148,1379000,Bang_ke_hoa_don_da_su_dung_2024-T6.2025.xls,3802
G00134,1C25TUV,00003015,03/06/2025,1276852,102148,1379000,Bang_ke_hoa_don_da_su_dung_2024-T6.2025.xls,3804
G00134,1C25TUV,00003019,03/06/2025,1276852,102148,1379000,Bang_ke_hoa_don_da_su_dung_2024-T6.2025.xls,3808
G00134,1C25TUV,00003021,03/06/2025,1276852,102148,1379000,Bang_ke_hoa_don_da_su_dung_2024-T6.2025.xls,3810
G00134,1C25TUV,00003027,03/06/2025,1276852,102148,1379000,Bang_ke_hoa_don_da_su_dung_2024-T6.2025.xls,3816
G00134,1C25TUV,00003125,04/06/2025,1276852,102148,1379000,Bang_ke_hoa_don_da_su_dung_2024-T6.2025.xls,3914
G00134,1C25TUV,00003178,04/06/2025,1276852,102148,1379000,Bang_ke_hoa_don_da_su_dung_2024-T6.2025.xls,3967
G00134,1C25TUV,00003183,04/06/2025,1276852,102148,1379000,Bang_ke_hoa_don_da_su_dung_2024-T6.2025.xls,3972
G00134,1C25TUV,00003185,04/06/2025,1276852,102148,1379000,Bang_ke_hoa_don_da_su_dung_2024-T6.2025.xls,3974
G00134,1C25TUV,00003187,04/06/2025,1276852,102148,1379000,Bang_ke_hoa_don_da_su_dung_2024-T6.2025.xls,3976
G00134,1C25TUV,00003199,04/06/2025,1276852,102148,1379000,Bang_ke_hoa_don_da_su_dung_2024-T6.2025.xls,3988
G00134,1C25TUV,00003208,04/06/2025,1276852,102148,1379000,Bang_ke_hoa_don_da_su_dung_2024-T6.2025.xls,3997
G00134,1C25TUV,00003217,04/06/2025,1276852,102148,1379000,Bang_ke_hoa_don_da_su_dung_2024-T6.2025.xls,4006
G00134,1C25TUV,00003312,05/06/2025,1276852,102148,1379000,Bang_ke_hoa_don_da_su_dung_2024-T6.2025.xls,4101
G00134,1C25TUV,00003315,05/06/2025,1276852,102148,1379000,Bang_ke_hoa_don_da_su_dung_2024-T6.2025.xls,4104
G00134,1C25TUV,00003329,05/06/2025,1276852,102148,1379000,Bang_ke_hoa_don_da_su_dung_2024-T6.2025.xls,4118
G00134,1C25TUV,00003337,05/06/2025,1276852,102148,1379000,Bang_ke_hoa_don_da_su_dung_2024-T6.2025.xls,4126
G00134,1C25TUV,00003349,05/06/2025,1276852,102148,1379000,Bang_ke_hoa_don_da_su_dung_2024-T6.2025.xls,4138
G00134,1C25TUV,00003358,05/06/2025,1276852,102148,1379000,Bang_ke_hoa_don_da_su_dung_2024-T6.2025.xls,4147
G00134,1C25TUV,00003359,05/06/2025,1276852,102148,1379000,Bang_ke_hoa_don_da_su_dung_2024-T6.2025.xls,4148
G00134,1C25TUV,00003378,05/06/2025,1276852,102148,1379000,Bang_ke_hoa_don_da_su_dung_2024-T6.2025.xls,4167
G00134,1C25TUV,00003408,06/06/2025,1276852,102148,1379000,Bang_ke_hoa_don_da_su_dung_2024-T6.2025.xls,4197
G00134,1C25TUV,00003536,06/06/2025,1276852,102148,1379000,Bang_ke_hoa_don_da_su_dung_2024-T6.2025.xls,4325
G00134,1C25TUV,00003589,06/06/2025,1276852,102148,1379000,Bang_ke_hoa_don_da_su_dung_2024-T6.2025.xls,4378
G00134,1C25TUV,00003596,06/06/2025,1276852,102148,1379000,Bang_ke_hoa_don_da_su_dung_2024-T6.2025.xls,4385
G00134,1C25TUV,00003597,06/06/2025,1276852,102148,1379000,Bang_ke_hoa_don_da_su_dung_2024-T6.2025.xls,4386
G00134,1C25TUV,00003601,06/06/2025,1276852,102148,1379000,Bang_ke_hoa_don_da_su_dung_2024-T6.2025.xls,4390
G00134,1C25TUV,00003615,06/06/2025,1276852,102148,1379000,Bang_ke_hoa_don_da_su_dung_2024-T6.2025.xls,4404
G00134,1C25TUV,00003617,06/06/2025,1276852,102148,1379000,Bang_ke_hoa_don_da_su_dung_2024-T6.2025.xls,4406
G00134,1C25TUV,00003629,06/06/2025,1276852,102148,1379000,Bang_ke_hoa_don_da_su_dung_2024-T6.2025.xls,4418
G00134,1C25TUV,00003630,06/06/2025,1276852,102148,1379000,Bang_ke_hoa_don_da_su_dung_2024-T6.2025.xls,4419
G00134,1C25TUV,00003836,07/06/2025,1276852,102148,1379000,Bang_ke_hoa_don_da_su_dung_2024-T6.2025.xls,4625
G00134,1C25TUV,00003843,07/06/2025,1276852,102148,1379000,Bang_ke_hoa_don_da_su_dung_2024-T6.2025.xls,4632
G00134,1C25TUV,00003844,07/06/2025,1276852,102148,1379000,Bang_ke_hoa_don_da_su_dung_2024-T6.2025.xls,4633
G00134,1C25TUV,00003846,07/06/2025,1276852,102148,1379000,Bang_ke_hoa_don_da_su_dung_2024-T6.2025.xls,4635
G00134,1C25TUV,00003856,07/06/2025,1276852,102148,1379000,Bang_ke_hoa_don_da_su_dung_2024-T6.2025.xls,4645
G00134,1C25TUV,00003857,07/06/2025,1276852,102148,1379000,Bang_ke_hoa_don_da_su_dung_2024-T6.2025.xls,4646
G00134,1C25TUV,00003863,07/06/2025,1276852,102148,1379000,Bang_ke_hoa_don_da_su_dung_2024-T6.2025.xls,4652
G00134,1C25TUV,00003872,07/06/2025,1276852,102148,1379000,Bang_ke_hoa_don_da_su_dung_2024-T6.2025.xls,4661
G00134,1C25TUV,00003873,07/06/2025,1276852,102148,1379000,Bang_ke_hoa_don_da_su_dung_2024-T6.2025.xls,4662
G00134,1C25TUV,00003888,07/06/2025,1276852,102148,1379000,Bang_ke_hoa_don_da_su_dung_2024-T6.2025.xls,4677
G00134,1C25TUV,00003895,07/06/2025,1276852,102148,1379000,Bang_ke_hoa_don_da_su_dung_2024-T6.2025.xls,4684
G00134,1C25TUV,00003901,07/06/2025,1276852,102148,1379000,Bang_ke_hoa_don_da_su_dung_2024-T6.2025.xls,4690
G00134,1C25TUV,00004085,08/06/2025,1276852,102148,1379000,Bang_ke_hoa_don_da_su_dung_2024-T6.2025.xls,4874
G00134,1C25TUV,00004089,08/06/2025,1276852,102148,1379000,Bang_ke_hoa_don_da_su_dung_2024-T6.2025.xls,4878
G00134,1C25TUV,00004128,08/06/2025,1276852,102148,1379000,Bang_ke_hoa_don_da_su_dung_2024-T6.2025.xls,4917
G00134,1C25TUV,00004130,08/06/2025,1276852,102148,1379000,Bang_ke_hoa_don_da_su_dung_2024-T6.2025.xls,4919
G00134,1C25TUV,00004137,08/06/2025,1276852,102148,1379000,Bang_ke_hoa_don_da_su_dung_2024-T6.2025.xls,4926
G00134,1C25TUV,00004138,08/06/2025,1276852,102148,1379000,Bang_ke_hoa_don_da_su_dung_2024-T6.2025.xls,4927
G00134,1C25TUV,00004145,08/06/2025,1276852,102148,1379000,Bang_ke_hoa_don_da_su_dung_2024-T6.2025.xls,4934
G00134,1C25TUV,00004152,08/06/2025,1276852,102148,1379000,Bang_ke_hoa_don_da_su_dung_2024-T6.2025.xls,4941
G00134,1C25TUV,00004154,08/06/2025,1276852,102148,1379000,Bang_ke_hoa_don_da_su_dung_2024-T6.2025.xls,4943
G00134,1C25TUV,00004158,08/06/2025,1276852,102148,1379000,Bang_ke_hoa_don_da_su_dung_2024-T6.2025.xls,4947
G00134,1C25TUV,00004174,08/06/2025,1276852,102148,1379000,Bang_ke_hoa_don_da_su_dung_2024-T6.2025.xls,4963
G00134,1C25TUV,00004182,08/06/2025,1276852,102148,1379000,Bang_ke_hoa_don_da_su_dung_2024-T6.2025.xls,4971
G00134,1C25TUV,00004189,08/06/2025,1276852,102148,1379000,Bang_ke_hoa_don_da_su_dung_2024-T6.2025.xls,4978
G00134,1C25TUV,00009195,29/06/2025,1276852,102148,1379000,Bang_ke_hoa_don_da_su_dung_T6.2025 L2.xls,15
G00134,1C25TUV,00009256,29/06/2025,1276852,102148,1379000,Bang_ke_hoa_don_da_su_dung_T6.2025 L2.xls,76
G00134,1C25TUV,00009260,29/06/2025,1276852,102148,1379000,Bang_ke_hoa_don_da_su_dung_T6.2025 L2.xls,80
G00134,1C25TUV,00009268,29/06/2025,1276852,102148,1379000,Bang_ke_hoa_don_da_su_dung_T6.2025 L2.xls,88
G00134,1C25TUV,00009284,29/06/2025,1276852,102148,1379000,Bang_ke_hoa_don_da_su_dung_T6.2025 L2.xls,104
G00134,1C25TUV,00009294,29/06/2025,1276852,102148,1379000,Bang_ke_hoa_don_da_su_dung_T6.2025 L2.xls,114
G00134,1C25TUV,00009317,29/06/2025,1276852,102148,1379000,Bang_ke_hoa_don_da_su_dung_T6.2025 L2.xls,137
G00134,1C25TUV,00009318,29/06/2025,1276852,102148,1379000,Bang_ke_hoa_don_da_su_dung_T6.2025 L2.xls,138
G00134,1C25TUV,00009323,29/06/2025,1276852,102148,1379000,Bang_ke_hoa_don_da_su_dung_T6.2025 L2.xls,143
G00134,1C25TUV,00009325,29/06/2025,1276852,102148,1379000,Bang_ke_hoa_don_da_su_dung_T6.2025 L2.xls,145
G00134,1C25TUV,00009486,30/06/2025,1276852,102148,1379000,Bang_ke_hoa_don_da_su_dung_T6.2025 L2.xls,306
G00134,1C25TUV,00009489,30/06/2025,1276852,102148,1379000,Bang_ke_hoa_don_da_su_dung_T6.2025 L2.xls,309
G00134,1C25TUV,00009502,30/06/2025,1276852,102148,1379000,Bang_ke_hoa_don_da_su_dung_T6.2025 L2.xls,322
G00134,1C25TUV,00009511,30/06/2025,1276852,102148,1379000,Bang_ke_hoa_don_da_su_dung_T6.2025 L2.xls,331
G00134,1C25TUV,00009514,30/06/2025,1276852,102148,1379000,Bang_ke_hoa_don_da_su_dung_T6.2025 L2.xls,334
G00134,1C25TUV,00009531,30/06/2025,1276852,102148,1379000,Bang_ke_hoa_don_da_su_dung_T6.2025 L2.xls,351
G00134,1C25TUV,00009555,30/06/2025,1276852,102148,1379000,Bang_ke_hoa_don_da_su_dung_T6.2025 L2.xls,375
G00134,1C25TUV,00009570,30/06/2025,1276852,102148,1379000,Bang_ke_hoa_don_da_su_dung_T6.2025 L2.xls,390
G00134,1C25TUV,00009595,30/06/2025,1276852,102148,1379000,Bang_ke_hoa_don_da_su_dung_T6.2025 L2.xls,415
G00134,1C25TUV,00009605,30/06/2025,1276852,102148,1379000,Bang_ke_hoa_don_da_su_dung_T6.2025 L2.xls,425
G00134,1C25TUV,00009607,30/06/2025,1276852,102148,1379000,Bang_ke_hoa_don_da_su_dung_T6.2025 L2.xls,427
G00134,1C25TUV,00009612,30/06/2025,1276852,102148,1379000,Bang_ke_hoa_don_da_su_dung_T6.2025 L2.xls,432
G00134,1C25TUV,00009613,30/06/2025,1276852,102148,1379000,Bang_ke_hoa_don_da_su_dung_T6.2025 L2.xls,433
G00134,1C25TUV,00004305,09/06/2025,1276852,102148,1379000,Bang_ke_hoa_don_da_su_dung_T6.2025.xls,108
G00134,1C25TUV,00004319,09/06/2025,1276852,102148,1379000,Bang_ke_hoa_don_da_su_dung_T6.2025.xls,122
G00134,1C25TUV,00004324,09/06/2025,1276852,102148,1379000,Bang_ke_hoa_don_da_su_dung_T6.2025.xls,127
G00134,1C25TUV,00004328,09/06/2025,1276852,102148,1379000,Bang_ke_hoa_don_da_su_dung_T6.2025.xls,131
G00134,1C25TUV,00004336,09/06/2025,1276852,102148,1379000,Bang_ke_hoa_don_da_su_dung_T6.2025.xls,139
G00134,1C25TUV,00004342,09/06/2025,1276852,102148,1379000,Bang_ke_hoa_don_da_su_dung_T6.2025.xls,145
G00134,1C25TUV,00004343,09/06/2025,1276852,102148,1379000,Bang_ke_hoa_don_da_su_dung_T6.2025.xls,146
G00134,1C25TUV,00004349,09/06/2025,1276852,102148,1379000,Bang_ke_hoa_don_da_su_dung_T6.2025.xls,152
G00134,1C25TUV,00004351,09/06/2025,1276852,102148,1379000,Bang_ke_hoa_don_da_su_dung_T6.2025.xls,154
G00134,1C25TUV,00004353,09/06/2025,1276852,102148,1379000,Bang_ke_hoa_don_da_su_dung_T6.2025.xls,156
G00134,1C25TUV,00004433,10/06/2025,1276852,102148,1379000,Bang_ke_hoa_don_da_su_dung_T6.2025.xls,236
G00134,1C25TUV,00004604,10/06/2025,1276852,102148,1379000,Bang_ke_hoa_don_da_su_dung_T6.2025.xls,407
G00134,1C25TUV,00004624,10/06/2025,1276852,102148,1379000,Bang_ke_hoa_don_da_su_dung_T6.2025.xls,427
G00134,1C25TUV,00004630,10/06/2025,1276852,102148,1379000,Bang_ke_hoa_don_da_su_dung_T6.2025.xls,433
G00134,1C25TUV,00004641,10/06/2025,1276852,102148,1379000,Bang_ke_hoa_don_da_su_dung_T6.2025.xls,444
G00134,1C25TUV,00004645,10/06/2025,1276852,102148,1379000,Bang_ke_hoa_don_da_su_dung_T6.2025.xls,448
G00134,1C25TUV,00004661,10/06/2025,1276852,102148,1379000,Bang_ke_hoa_don_da_su_dung_T6.2025.xls,464
G00134,1C25TUV,00004833,11/06/2025,1276852,102148,1379000,Bang_ke_hoa_don_da_su_dung_T6.2025.xls,636
G00134,1C25TUV,00004836,11/06/2025,1276852,102148,1379000,Bang_ke_hoa_don_da_su_dung_T6.2025.xls,639
G00134,1C25TUV,00004837,11/06/2025,1276852,102148,1379000,Bang_ke_hoa_don_da_su_dung_T6.2025.xls,640
G00134,1C25TUV,00004840,11/06/2025,1276852,102148,1379000,Bang_ke_hoa_don_da_su_dung_T6.2025.xls,643
G00134,1C25TUV,00004848,11/06/2025,1276852,102148,1379000,Bang_ke_hoa_don_da_su_dung_T6.2025.xls,651
G00134,1C25TUV,00004855,11/06/2025,1276852,102148,1379000,Bang_ke_hoa_don_da_su_dung_T6.2025.xls,658
G00134,1C25TUV,00004856,11/06/2025,1276852,102148,1379000,Bang_ke_hoa_don_da_su_dung_T6.2025.xls,659
G00134,1C25TUV,00004867,11/06/2025,1276852,102148,1379000,Bang_ke_hoa_don_da_su_dung_T6.2025.xls,670
G00134,1C25TUV,00004872,11/06/2025,1276852,102148,1379000,Bang_ke_hoa_don_da_su_dung_T6.2025.xls,675
G00134,1C25TUV,00004877,11/06/2025,1276852,102148,1379000,Bang_ke_hoa_don_da_su_dung_T6.2025.xls,680
G00134,1C25TUV,00004878,11/06/2025,1276852,102148,1379000,Bang_ke_hoa_don_da_su_dung_T6.2025.xls,681
G00134,1C25TUV,00004880,11/06/2025,1276852,102148,1379000,Bang_ke_hoa_don_da_su_dung_T6.2025.xls,683
G00134,1C25TUV,00004882,11/06/2025,1276852,102148,1379000,Bang_ke_hoa_don_da_su_dung_T6.2025.xls,685
G00134,1C25TUV,00004884,11/06/2025,1276852,102148,1379000,Bang_ke_hoa_don_da_su_dung_T6.2025.xls,687
G00134,1C25TUV,00004897,11/06/2025,1276852,102148,1379000,Bang_ke_hoa_don_da_su_dung_T6.2025.xls,700
G00134,1C25TUV,00004901,11/06/2025,1276852,102148,1379000,Bang_ke_hoa_don_da_su_dung_T6.2025.xls,704
G00134,1C25TUV,00004918,12/06/2025,1276852,102148,1379000,Bang_ke_hoa_don_da_su_dung_T6.2025.xls,721
G00134,1C25TUV,00004924,12/06/2025,1276852,102148,1379000,Bang_ke_hoa_don_da_su_dung_T6.2025.xls,727
G00134,1C25TUV,00004944,12/06/2025,1276852,102148,1379000,Bang_ke_hoa_don_da_su_dung_T6.2025.xls,747
G00134,1C25TUV,00004967,12/06/2025,1276852,102148,1379000,Bang_ke_hoa_don_da_su_dung_T6.2025.xls,770
G00134,1C25TUV,00004990,12/06/2025,1276852,102148,1379000,Bang_ke_hoa_don_da_su_dung_T6.2025.xls,793
G00134,1C25TUV,00004994,12/06/2025,1276852,102148,1379000,Bang_ke_hoa_don_da_su_dung_T6.2025.xls,797
G00134,1C25TUV,00005081,12/06/2025,1276852,102148,1379000,Bang_ke_hoa_don_da_su_dung_T6.2025.xls,884
G00134,1C25TUV,00005085,12/06/2025,1276852,102148,1379000,Bang_ke_hoa_don_da_su_dung_T6.2025.xls,888
G00134,1C25TUV,00005087,12/06/2025,1276852,102148,1379000,Bang_ke_hoa_don_da_su_dung_T6.2025.xls,890
G00134,1C25TUV,00005106,12/06/2025,1276852,102148,1379000,Bang_ke_hoa_don_da_su_dung_T6.2025.xls,909
G00134,1C25TUV,00005113,12/06/2025,1276852,102148,1379000,Bang_ke_hoa_don_da_su_dung_T6.2025.xls,916
G00134,1C25TUV,00005121,12/06/2025,1276852,102148,1379000,Bang_ke_hoa_don_da_su_dung_T6.2025.xls,924
G00134,1C25TUV,00005126,12/06/2025,1276852,102148,1379000,Bang_ke_hoa_don_da_su_dung_T6.2025.xls,929
G00134,1C25TUV,00005128,12/06/2025,1276852,102148,1379000,Bang_ke_hoa_don_da_su_dung_T6.2025.xls,931
G00134,1C25TUV,00005133,12/06/2025,1276852,102148,1379000,Bang_ke_hoa_don_da_su_dung_T6.2025.xls,936
G00134,1C25TUV,00005175,13/06/2025,1276852,102148,1379000,Bang_ke_hoa_don_da_su_dung_T6.2025.xls,978
G00134,1C25TUV,00005195,13/06/2025,1276852,102148,1379000,Bang_ke_hoa_don_da_su_dung_T6.2025.xls,998
G00134,1C25TUV,00005221,13/06/2025,1276852,102148,1379000,Bang_ke_hoa_don_da_su_dung_T6.2025.xls,1024
G00134,1C25TUV,00005267,13/06/2025,1276852,102148,1379000,Bang_ke_hoa_don_da_su_dung_T6.2025.xls,1070
G00134,1C25TUV,00005284,13/06/2025,1276852,102148,1379000,Bang_ke_hoa_don_da_su_dung_T6.2025.xls,1087
G00134,1C25TUV,00005312,13/06/2025,1276852,102148,1379000,Bang_ke_hoa_don_da_su_dung_T6.2025.xls,1115
G00134,1C25TUV,00005326,13/06/2025,1276852,102148,1379000,Bang_ke_hoa_don_da_su_dung_T6.2025.xls,1129
G00134,1C25TUV,00005351,13/06/2025,1276852,102148,1379000,Bang_ke_hoa_don_da_su_dung_T6.2025.xls,1154
G00134,1C25TUV,00005473,14/06/2025,1276852,102148,1379000,Bang_ke_hoa_don_da_su_dung_T6.2025.xls,1276
G00134,1C25TUV,00005485,14/06/2025,1276852,102148,1379000,Bang_ke_hoa_don_da_su_dung_T6.2025.xls,1288
G00134,1C25TUV,00005497,14/06/2025,1276852,102148,1379000,Bang_ke_hoa_don_da_su_dung_T6.2025.xls,1300
G00134,1C25TUV,00005503,14/06/2025,1276852,102148,1379000,Bang_ke_hoa_don_da_su_dung_T6.2025.xls,1306
G00134,1C25TUV,00005507,14/06/2025,1276852,102148,1379000,Bang_ke_hoa_don_da_su_dung_T6.2025.xls,1310
G00134,1C25TUV,00005508,14/06/2025,1276852,102148,1379000,Bang_ke_hoa_don_da_su_dung_T6.2025.xls,1311
G00134,1C25TUV,00005516,14/06/2025,1276852,102148,1379000,Bang_ke_hoa_don_da_su_dung_T6.2025.xls,1319
G00134,1C25TUV,00005517,14/06/2025,1276852,102148,1379000,Bang_ke_hoa_don_da_su_dung_T6.2025.xls,1320
G00134,1C25TUV,00005519,14/06/2025,1276852,102148,1379000,Bang_ke_hoa_don_da_su_dung_T6.2025.xls,1322
G00134,1C25TUV,00005531,14/06/2025,1276852,102148,1379000,Bang_ke_hoa_don_da_su_dung_T6.2025.xls,1334
G00134,1C25TUV,00005534,14/06/2025,1276852,102148,1379000,Bang_ke_hoa_don_da_su_dung_T6.2025.xls,1337
G00134,1C25TUV,00005611,14/06/2025,1276852,102148,1379000,Bang_ke_hoa_don_da_su_dung_T6.2025.xls,1414
G00134,1C25TUV,00005635,14/06/2025,1276852,102148,1379000,Bang_ke_hoa_don_da_su_dung_T6.2025.xls,1438
G00134,1C25TUV,00005647,14/06/2025,1276852,102148,1379000,Bang_ke_hoa_don_da_su_dung_T6.2025.xls,1450
G00134,1C25TUV,00005648,14/06/2025,1276852,102148,1379000,Bang_ke_hoa_don_da_su_dung_T6.2025.xls,1451
G00134,1C25TUV,00005655,14/06/2025,1276852,102148,1379000,Bang_ke_hoa_don_da_su_dung_T6.2025.xls,1458
G00134,1C25TUV,00005722,15/06/2025,1276852,102148,1379000,Bang_ke_hoa_don_da_su_dung_T6.2025.xls,1525
G00134,1C25TUV,00005726,15/06/2025,1276852,102148,1379000,Bang_ke_hoa_don_da_su_dung_T6.2025.xls,1529
G00134,1C25TUV,00005731,15/06/2025,1276852,102148,1379000,Bang_ke_hoa_don_da_su_dung_T6.2025.xls,1534
G00134,1C25TUV,00005760,15/06/2025,1276852,102148,1379000,Bang_ke_hoa_don_da_su_dung_T6.2025.xls,1563
G00134,1C25TUV,00005763,15/06/2025,1276852,102148,1379000,Bang_ke_hoa_don_da_su_dung_T6.2025.xls,1566
G00134,1C25TUV,00005773,15/06/2025,1276852,102148,1379000,Bang_ke_hoa_don_da_su_dung_T6.2025.xls,1576
G00134,1C25TUV,00005787,15/06/2025,1276852,102148,1379000,Bang_ke_hoa_don_da_su_dung_T6.2025.xls,1590
G00134,1C25TUV,00005788,15/06/2025,1276852,102148,1379000,Bang_ke_hoa_don_da_su_dung_T6.2025.xls,1591
G00134,1C25TUV,00005824,15/06/2025,1276852,102148,1379000,Bang_ke_hoa_don_da_su_dung_T6.2025.xls,1627
G00134,1C25TUV,00005831,15/06/2025,1276852,102148,1379000,Bang_ke_hoa_don_da_su_dung_T6.2025.xls,1634
G00134,1C25TUV,00005835,15/06/2025,1276852,102148,1379000,Bang_ke_hoa_don_da_su_dung_T6.2025.xls,1638
G00134,1C25TUV,00005838,15/06/2025,1276852,102148,1379000,Bang_ke_hoa_don_da_su_dung_T6.2025.xls,1641
G00134,1C25TUV,00005840,15/06/2025,1276852,102148,1379000,Bang_ke_hoa_don_da_su_dung_T6.2025.xls,1643
G00134,1C25TUV,00005908,16/06/2025,1276852,102148,1379000,Bang_ke_hoa_don_da_su_dung_T6.2025.xls,1711
G00134,1C25TUV,00005926,16/06/2025,1276852,102148,1379000,Bang_ke_hoa_don_da_su_dung_T6.2025.xls,1729
G00134,1C25TUV,00005931,16/06/2025,1276852,102148,1379000,Bang_ke_hoa_don_da_su_dung_T6.2025.xls,1734
G00134,1C25TUV,00005939,16/06/2025,1276852,102148,1379000,Bang_ke_hoa_don_da_su_dung_T6.2025.xls,1742
G00134,1C25TUV,00005944,16/06/2025,1276852,102148,1379000,Bang_ke_hoa_don_da_su_dung_T6.2025.xls,1747
G00134,1C25TUV,00005958,16/06/2025,1276852,102148,1379000,Bang_ke_hoa_don_da_su_dung_T6.2025.xls,1761
G00134,1C25TUV,00005974,16/06/2025,1276852,102148,1379000,Bang_ke_hoa_don_da_su_dung_T6.2025.xls,1777
G00134,1C25TUV,00006001,16/06/2025,1276852,102148,1379000,Bang_ke_hoa_don_da_su_dung_T6.2025.xls,1804
G00134,1C25TUV,00006011,16/06/2025,1276852,102148,1379000,Bang_ke_hoa_don_da_su_dung_T6.2025.xls,1814
G00134,1C25TUV,00006018,16/06/2025,1276852,102148,1379000,Bang_ke_hoa_don_da_su_dung_T6.2025.xls,1821
G00134,1C25TUV,00006019,16/06/2025,1276852,102148,1379000,Bang_ke_hoa_don_da_su_dung_T6.2025.xls,1822
G00134,1C25TUV,00006031,16/06/2025,1276852,102148,1379000,Bang_ke_hoa_don_da_su_dung_T6.2025.xls,1834
G00134,1C25TUV,00006078,16/06/2025,1276852,102148,1379000,Bang_ke_hoa_don_da_su_dung_T6.2025.xls,1881
G00134,1C25TUV,00006082,16/06/2025,1276852,102148,1379000,Bang_ke_hoa_don_da_su_dung_T6.2025.xls,1885
G00134,1C25TUV,00006134,17/06/2025,1276852,102148,1379000,Bang_ke_hoa_don_da_su_dung_T6.2025.xls,1937
G00134,1C25TUV,00006137,17/06/2025,1276852,102148,1379000,Bang_ke_hoa_don_da_su_dung_T6.2025.xls,1940
G00134,1C25TUV,00006139,17/06/2025,1276852,102148,1379000,Bang_ke_hoa_don_da_su_dung_T6.2025.xls,1942
G00134,1C25TUV,00006156,17/06/2025,1276852,102148,1379000,Bang_ke_hoa_don_da_su_dung_T6.2025.xls,1959
G00134,1C25TUV,00006160,17/06/2025,1276852,102148,1379000,Bang_ke_hoa_don_da_su_dung_T6.2025.xls,1963
G00134,1C25TUV,00006167,17/06/2025,1276852,102148,1379000,Bang_ke_hoa_don_da_su_dung_T6.2025.xls,1970
G00134,1C25TUV,00006169,17/06/2025,1276852,102148,1379000,Bang_ke_hoa_don_da_su_dung_T6.2025.xls,1972
G00134,1C25TUV,00006172,17/06/2025,1276852,102148,1379000,Bang_ke_hoa_don_da_su_dung_T6.2025.xls,1975
G00134,1C25TUV,00006203,17/06/2025,1276852,102148,1379000,Bang_ke_hoa_don_da_su_dung_T6.2025.xls,2006
G00134,1C25TUV,00006216,17/06/2025,1276852,102148,1379000,Bang_ke_hoa_don_da_su_dung_T6.2025.xls,2019
G00134,1C25TUV,00006243,17/06/2025,1276852,102148,1379000,Bang_ke_hoa_don_da_su_dung_T6.2025.xls,2046
G00134,1C25TUV,00006248,17/06/2025,1276852,102148,1379000,Bang_ke_hoa_don_da_su_dung_T6.2025.xls,2051
G00134,1C25TUV,00006252,17/06/2025,1276852,102148,1379000,Bang_ke_hoa_don_da_su_dung_T6.2025.xls,2055
G00134,1C25TUV,00006255,17/06/2025,1276852,102148,1379000,Bang_ke_hoa_don_da_su_dung_T6.2025.xls,2058
G00134,1C25TUV,00006375,17/06/2025,1276852,102148,1379000,Bang_ke_hoa_don_da_su_dung_T6.2025.xls,2178
G00134,1C25TUV,00006394,18/06/2025,1276852,102148,1379000,Bang_ke_hoa_don_da_su_dung_T6.2025.xls,2197
G00134,1C25TUV,00006416,18/06/2025,1276852,102148,1379000,Bang_ke_hoa_don_da_su_dung_T6.2025.xls,2219
G00134,1C25TUV,00006418,18/06/2025,1276852,102148,1379000,Bang_ke_hoa_don_da_su_dung_T6.2025.xls,2221
G00134,1C25TUV,00006420,18/06/2025,1276852,102148,1379000,Bang_ke_hoa_don_da_su_dung_T6.2025.xls,2223
G00134,1C25TUV,00006429,18/06/2025,1276852,102148,1379000,Bang_ke_hoa_don_da_su_dung_T6.2025.xls,2232
G00134,1C25TUV,00006447,18/06/2025,1276852,102148,1379000,Bang_ke_hoa_don_da_su_dung_T6.2025.xls,2250
G00134,1C25TUV,00006459,18/06/2025,1276852,102148,1379000,Bang_ke_hoa_don_da_su_dung_T6.2025.xls,2262
G00134,1C25TUV,00006460,18/06/2025,1276852,102148,1379000,Bang_ke_hoa_don_da_su_dung_T6.2025.xls,2263
G00134,1C25TUV,00006478,18/06/2025,1276852,102148,1379000,Bang_ke_hoa_don_da_su_dung_T6.2025.xls,2281
G00134,1C25TUV,00006482,18/06/2025,1276852,102148,1379000,Bang_ke_hoa_don_da_su_dung_T6.2025.xls,2285
G00134,1C25TUV,00006487,18/06/2025,1276852,102148,1379000,Bang_ke_hoa_don_da_su_dung_T6.2025.xls,2290
G00134,1C25TUV,00006489,18/06/2025,1276852,102148,1379000,Bang_ke_hoa_don_da_su_dung_T6.2025.xls,2292
G00134,1C25TUV,00006496,18/06/2025,1276852,102148,1379000,Bang_ke_hoa_don_da_su_dung_T6.2025.xls,2299
G00134,1C25TUV,00006536,18/06/2025,1276852,102148,1379000,Bang_ke_hoa_don_da_su_dung_T6.2025.xls,2339
G00134,1C25TUV,00006537,18/06/2025,1276852,102148,1379000,Bang_ke_hoa_don_da_su_dung_T6.2025.xls,2340
G00134,1C25TUV,00006647,18/06/2025,1276852,102148,1379000,Bang_ke_hoa_don_da_su_dung_T6.2025.xls,2450
G00134,1C25TUV,00006651,18/06/2025,1276852,102148,1379000,Bang_ke_hoa_don_da_su_dung_T6.2025.xls,2454
G00134,1C25TUV,00006680,18/06/2025,1276852,102148,1379000,Bang_ke_hoa_don_da_su_dung_T6.2025.xls,2483
G00134,1C25TUV,00006684,18/06/2025,1276852,102148,1379000,Bang_ke_hoa_don_da_su_dung_T6.2025.xls,2487
G00134,1C25TUV,00006686,18/06/2025,1276852,102148,1379000,Bang_ke_hoa_don_da_su_dung_T6.2025.xls,2489
G00134,1C25TUV,00006691,18/06/2025,1276852,102148,1379000,Bang_ke_hoa_don_da_su_dung_T6.2025.xls,2494
G00134,1C25TUV,00006692,18/06/2025,1276852,102148,1379000,Bang_ke_hoa_don_da_su_dung_T6.2025.xls,2495
G00134,1C25TUV,00006698,18/06/2025,1276852,102148,1379000,Bang_ke_hoa_don_da_su_dung_T6.2025.xls,2501
G00134,1C25TUV,00006699,18/06/2025,1276852,102148,1379000,Bang_ke_hoa_don_da_su_dung_T6.2025.xls,2502
G00134,1C25TUV,00006708,18/06/2025,1276852,102148,1379000,Bang_ke_hoa_don_da_su_dung_T6.2025.xls,2511
G00134,1C25TUV,00006736,19/06/2025,1276852,102148,1379000,Bang_ke_hoa_don_da_su_dung_T6.2025.xls,2539
G00134,1C25TUV,00006740,19/06/2025,1276852,102148,1379000,Bang_ke_hoa_don_da_su_dung_T6.2025.xls,2543
G00134,1C25TUV,00006748,19/06/2025,1276852,102148,1379000,Bang_ke_hoa_don_da_su_dung_T6.2025.xls,2551
G00134,1C25TUV,00006781,19/06/2025,1276852,102148,1379000,Bang_ke_hoa_don_da_su_dung_T6.2025.xls,2584
G00134,1C25TUV,00006799,19/06/2025,1276852,102148,1379000,Bang_ke_hoa_don_da_su_dung_T6.2025.xls,2602
G00134,1C25TUV,00006816,19/06/2025,1276852,102148,1379000,Bang_ke_hoa_don_da_su_dung_T6.2025.xls,2619
G00134,1C25TUV,00006817,19/06/2025,1276852,102148,1379000,Bang_ke_hoa_don_da_su_dung_T6.2025.xls,2620
G00134,1C25TUV,00006833,19/06/2025,1276852,102148,1379000,Bang_ke_hoa_don_da_su_dung_T6.2025.xls,2636
G00134,1C25TUV,00006853,19/06/2025,1276852,102148,1379000,Bang_ke_hoa_don_da_su_dung_T6.2025.xls,2656
G00134,1C25TUV,00006856,19/06/2025,1276852,102148,1379000,Bang_ke_hoa_don_da_su_dung_T6.2025.xls,2659
G00134,1C25TUV,00006981,19/06/2025,1276852,102148,1379000,Bang_ke_hoa_don_da_su_dung_T6.2025.xls,2784
G00134,1C25TUV,00006988,19/06/2025,1276852,102148,1379000,Bang_ke_hoa_don_da_su_dung_T6.2025.xls,2791
G00134,1C25TUV,00006990,19/06/2025,1276852,102148,1379000,Bang_ke_hoa_don_da_su_dung_T6.2025.xls,2793
G00134,1C25TUV,00006995,19/06/2025,1276852,102148,1379000,Bang_ke_hoa_don_da_su_dung_T6.2025.xls,2798
G00134,1C25TUV,00007003,19/06/2025,1276852,102148,1379000,Bang_ke_hoa_don_da_su_dung_T6.2025.xls,2806
G00134,1C25TUV,00007011,19/06/2025,1276852,102148,1379000,Bang_ke_hoa_don_da_su_dung_T6.2025.xls,2814
G00134,1C25TUV,00007014,19/06/2025,1276852,102148,1379000,Bang_ke_hoa_don_da_su_dung_T6.2025.xls,2817
G00134,1C25TUV,00007015,19/06/2025,1276852,102148,1379000,Bang_ke_hoa_don_da_su_dung_T6.2025.xls,2818
G00134,1C25TUV,00007099,20/06/2025,1276852,102148,1379000,Bang_ke_hoa_don_da_su_dung_T6.2025.xls,2902
G00134,1C25TUV,00007103,20/06/2025,1276852,102148,1379000,Bang_ke_hoa_don_da_su_dung_T6.2025.xls,2906
G00134,1C25TUV,00007110,20/06/2025,1276852,102148,1379000,Bang_ke_hoa_don_da_su_dung_T6.2025.xls,2913
G00134,1C25TUV,00007125,20/06/2025,1276852,102148,1379000,Bang_ke_hoa_don_da_su_dung_T6.2025.xls,2928
G00134,1C25TUV,00007152,20/06/2025,1276852,102148,1379000,Bang_ke_hoa_don_da_su_dung_T6.2025.xls,2955
G00134,1C25TUV,00007237,20/06/2025,1276852,102148,1379000,Bang_ke_hoa_don_da_su_dung_T6.2025.xls,3040
G00134,1C25TUV,00007269,20/06/2025,1276852,102148,1379000,Bang_ke_hoa_don_da_su_dung_T6.2025.xls,3072
G00134,1C25TUV,00007271,20/06/2025,1276852,102148,1379000,Bang_ke_hoa_don_da_su_dung_T6.2025.xls,3074
G00134,1C25TUV,00007285,20/06/2025,1276852,102148,1379000,Bang_ke_hoa_don_da_su_dung_T6.2025.xls,3088
G00134,1C25TUV,00007291,20/06/2025,1276852,102148,1379000,Bang_ke_hoa_don_da_su_dung_T6.2025.xls,3094
G00134,1C25TUV,00007293,20/06/2025,1276852,102148,1379000,Bang_ke_hoa_don_da_su_dung_T6.2025.xls,3096
G00134,1C25TUV,00007295,20/06/2025,1276852,102148,1379000,Bang_ke_hoa_don_da_su_dung_T6.2025.xls,3098
G00134,1C25TUV,00007299,20/06/2025,1276852,102148,1379000,Bang_ke_hoa_don_da_su_dung_T6.2025.xls,3102
G00134,1C25TUV,00007300,20/06/2025,1276852,102148,1379000,Bang_ke_hoa_don_da_su_dung_T6.2025.xls,3103
G00134,1C25TUV,00007303,20/06/2025,1276852,102148,1379000,Bang_ke_hoa_don_da_su_dung_T6.2025.xls,3106
G00134,1C25TUV,00007304,20/06/2025,1276852,102148,1379000,Bang_ke_hoa_don_da_su_dung_T6.2025.xls,3107
G00134,1C25TUV,00007305,20/06/2025,1276852,102148,1379000,Bang_ke_hoa_don_da_su_dung_T6.2025.xls,3108
G00134,1C25TUV,00007309,20/06/2025,1276852,102148,1379000,Bang_ke_hoa_don_da_su_dung_T6.2025.xls,3112
G00134,1C25TUV,00007313,20/06/2025,1276852,102148,1379000,Bang_ke_hoa_don_da_su_dung_T6.2025.xls,3116
G00134,1C25TUV,00007315,20/06/2025,1276852,102148,1379000,Bang_ke_hoa_don_da_su_dung_T6.2025.xls,3118
G00134,1C25TUV,00007382,21/06/2025,1276852,102148,1379000,Bang_ke_hoa_don_da_su_dung_T6.2025.xls,3185
G00134,1C25TUV,00007390,21/06/2025,1276852,102148,1379000,Bang_ke_hoa_don_da_su_dung_T6.2025.xls,3193
G00134,1C25TUV,00007395,21/06/2025,1276852,102148,1379000,Bang_ke_hoa_don_da_su_dung_T6.2025.xls,3198
G00134,1C25TUV,00007397,21/06/2025,1276852,102148,1379000,Bang_ke_hoa_don_da_su_dung_T6.2025.xls,3200
G00134,1C25TUV,00007406,21/06/2025,1276852,102148,1379000,Bang_ke_hoa_don_da_su_dung_T6.2025.xls,3209
G00134,1C25TUV,00007413,21/06/2025,1276852,102148,1379000,Bang_ke_hoa_don_da_su_dung_T6.2025.xls,3216
G00134,1C25TUV,00007414,21/06/2025,1276852,102148,1379000,Bang_ke_hoa_don_da_su_dung_T6.2025.xls,3217
G00134,1C25TUV,00007415,21/06/2025,1276852,102148,1379000,Bang_ke_hoa_don_da_su_dung_T6.2025.xls,3218
G00134,1C25TUV,00007425,21/06/2025,1276852,102148,1379000,Bang_ke_hoa_don_da_su_dung_T6.2025.xls,3228
G00134,1C25TUV,00007434,21/06/2025,1276852,102148,1379000,Bang_ke_hoa_don_da_su_dung_T6.2025.xls,3237
G00134,1C25TUV,00007454,21/06/2025,1276852,102148,1379000,Bang_ke_hoa_don_da_su_dung_T6.2025.xls,3257
G00134,1C25TUV,00007461,21/06/2025,1276852,102148,1379000,Bang_ke_hoa_don_da_su_dung_T6.2025.xls,3264
G00134,1C25TUV,00007462,21/06/2025,1276852,102148,1379000,Bang_ke_hoa_don_da_su_dung_T6.2025.xls,3265
G00134,1C25TUV,00007466,21/06/2025,1276852,102148,1379000,Bang_ke_hoa_don_da_su_dung_T6.2025.xls,3269
G00134,1C25TUV,00007495,21/06/2025,1276852,102148,1379000,Bang_ke_hoa_don_da_su_dung_T6.2025.xls,3298
G00134,1C25TUV,00007504,21/06/2025,1276852,102148,1379000,Bang_ke_hoa_don_da_su_dung_T6.2025.xls,3307
G00134,1C25TUV,00007522,21/06/2025,1276852,102148,1379000,Bang_ke_hoa_don_da_su_dung_T6.2025.xls,3325
G00134,1C25TUV,00007526,21/06/2025,1276852,102148,1379000,Bang_ke_hoa_don_da_su_dung_T6.2025.xls,3329
G00134,1C25TUV,00007530,21/06/2025,1276852,102148,1379000,Bang_ke_hoa_don_da_su_dung_T6.2025.xls,3333
G00134,1C25TUV,00007531,21/06/2025,1276852,102148,1379000,Bang_ke_hoa_don_da_su_dung_T6.2025.xls,3334
G00134,1C25TUV,00007535,21/06/2025,1276852,102148,1379000,Bang_ke_hoa_don_da_su_dung_T6.2025.xls,3338
G00134,1C25TUV,00007536,21/06/2025,1276852,102148,1379000,Bang_ke_hoa_don_da_su_dung_T6.2025.xls,3339
G00134,1C25TUV,00007538,21/06/2025,1276852,102148,1379000,Bang_ke_hoa_don_da_su_dung_T6.2025.xls,3341
G00134,1C25TUV,00007613,22/06/2025,1276852,102148,1379000,Bang_ke_hoa_don_da_su_dung_T6.2025.xls,3416
G00134,1C25TUV,00007616,22/06/2025,1276852,102148,1379000,Bang_ke_hoa_don_da_su_dung_T6.2025.xls,3419
G00134,1C25TUV,00007631,22/06/2025,1276852,102148,1379000,Bang_ke_hoa_don_da_su_dung_T6.2025.xls,3434
G00134,1C25TUV,00007653,22/06/2025,1276852,102148,1379000,Bang_ke_hoa_don_da_su_dung_T6.2025.xls,3456
G00134,1C25TUV,00007663,22/06/2025,1276852,102148,1379000,Bang_ke_hoa_don_da_su_dung_T6.2025.xls,3466
G00134,1C25TUV,00007664,22/06/2025,1276852,102148,1379000,Bang_ke_hoa_don_da_su_dung_T6.2025.xls,3467
G00134,1C25TUV,00007670,22/06/2025,1276852,102148,1379000,Bang_ke_hoa_don_da_su_dung_T6.2025.xls,3473
G00134,1C25TUV,00007677,22/06/2025,1276852,102148,1379000,Bang_ke_hoa_don_da_su_dung_T6.2025.xls,3480
G00134,1C25TUV,00007682,22/06/2025,1276852,102148,1379000,Bang_ke_hoa_don_da_su_dung_T6.2025.xls,3485
G00134,1C25TUV,00007709,22/06/2025,1276852,102148,1379000,Bang_ke_hoa_don_da_su_dung_T6.2025.xls,3512
G00134,1C25TUV,00007733,22/06/2025,1276852,102148,1379000,Bang_ke_hoa_don_da_su_dung_T6.2025.xls,3536
G00134,1C25TUV,00007734,22/06/2025,1276852,102148,1379000,Bang_ke_hoa_don_da_su_dung_T6.2025.xls,3537
G00134,1C25TUV,00007740,22/06/2025,1276852,102148,1379000,Bang_ke_hoa_don_da_su_dung_T6.2025.xls,3543
G00134,1C25TUV,00007782,22/06/2025,1276852,102148,1379000,Bang_ke_hoa_don_da_su_dung_T6.2025.xls,3585
G00134,1C25TUV,00007785,22/06/2025,1276852,102148,1379000,Bang_ke_hoa_don_da_su_dung_T6.2025.xls,3588
G00134,1C25TUV,00007812,22/06/2025,1276852,102148,1379000,Bang_ke_hoa_don_da_su_dung_T6.2025.xls,3615
G00134,1C25TUV,00007813,22/06/2025,1276852,102148,1379000,Bang_ke_hoa_don_da_su_dung_T6.2025.xls,3616
G00134,1C25TUV,00007883,23/06/2025,1276852,102148,1379000,Bang_ke_hoa_don_da_su_dung_T6.2025.xls,3686
G00134,1C25TUV,00007889,23/06/2025,1276852,102148,1379000,Bang_ke_hoa_don_da_su_dung_T6.2025.xls,3692
G00134,1C25TUV,00007891,23/06/2025,1276852,102148,1379000,Bang_ke_hoa_don_da_su_dung_T6.2025.xls,3694
G00134,1C25TUV,00007897,23/06/2025,1276852,102148,1379000,Bang_ke_hoa_don_da_su_dung_T6.2025.xls,3700
G00134,1C25TUV,00007906,23/06/2025,1276852,102148,1379000,Bang_ke_hoa_don_da_su_dung_T6.2025.xls,3709
G00134,1C25TUV,00007972,23/06/2025,1276852,102148,1379000,Bang_ke_hoa_don_da_su_dung_T6.2025.xls,3775
G00134,1C25TUV,00008002,23/06/2025,1276852,102148,1379000,Bang_ke_hoa_don_da_su_dung_T6.2025.xls,3805
G00134,1C25TUV,00008017,23/06/2025,1276852,102148,1379000,Bang_ke_hoa_don_da_su_dung_T6.2025.xls,3820
G00134,1C25TUV,00008033,23/06/2025,1276852,102148,1379000,Bang_ke_hoa_don_da_su_dung_T6.2025.xls,3836
G00134,1C25TUV,00008035,23/06/2025,1276852,102148,1379000,Bang_ke_hoa_don_da_su_dung_T6.2025.xls,3838
G00134,1C25TUV,00008043,23/06/2025,1276852,102148,1379000,Bang_ke_hoa_don_da_su_dung_T6.2025.xls,3846
G00134,1C25TUV,00008050,23/06/2025,1276852,102148,1379000,Bang_ke_hoa_don_da_su_dung_T6.2025.xls,3853
G00134,1C25TUV,00008195,24/06/2025,1276852,102148,1379000,Bang_ke_hoa_don_da_su_dung_T6.2025.xls,3998
G00134,1C25TUV,00008250,24/06/2025,1276852,102148,1379000,Bang_ke_hoa_don_da_su_dung_T6.2025.xls,4053
G00134,1C25TUV,00008252,24/06/2025,1276852,102148,1379000,Bang_ke_hoa_don_da_su_dung_T6.2025.xls,4055
G00134,1C25TUV,00008259,24/06/2025,1276852,102148,1379000,Bang_ke_hoa_don_da_su_dung_T6.2025.xls,4062
G00134,1C25TUV,00008301,24/06/2025,1276852,102148,1379000,Bang_ke_hoa_don_da_su_dung_T6.2025.xls,4104
G00134,1C25TUV,00008302,24/06/2025,1276852,102148,1379000,Bang_ke_hoa_don_da_su_dung_T6.2025.xls,4105
G00134,1C25TUV,00008310,24/06/2025,1276852,102148,1379000,Bang_ke_hoa_don_da_su_dung_T6.2025.xls,4113
G00134,1C25TUV,00008321,24/06/2025,1276852,102148,1379000,Bang_ke_hoa_don_da_su_dung_T6.2025.xls,4124
G00134,1C25TUV,00008328,24/06/2025,1276852,102148,1379000,Bang_ke_hoa_don_da_su_dung_T6.2025.xls,4131
G00134,1C25TUV,00008334,24/06/2025,1276852,102148,1379000,Bang_ke_hoa_don_da_su_dung_T6.2025.xls,4137
G00134,1C25TUV,00008356,24/06/2025,1276852,102148,1379000,Bang_ke_hoa_don_da_su_dung_T6.2025.xls,4159
G00134,1C25TUV,00008358,24/06/2025,1276852,102148,1379000,Bang_ke_hoa_don_da_su_dung_T6.2025.xls,4161
G00134,1C25TUV,00008368,24/06/2025,1276852,102148,1379000,Bang_ke_hoa_don_da_su_dung_T6.2025.xls,4171
G00134,1C25TUV,00008371,24/06/2025,1276852,102148,1379000,Bang_ke_hoa_don_da_su_dung_T6.2025.xls,4174
G00134,1C25TUV,00008422,25/06/2025,1276852,102148,1379000,Bang_ke_hoa_don_da_su_dung_T6.2025.xls,4225
G00134,1C25TUV,00008427,25/06/2025,1276852,102148,1379000,Bang_ke_hoa_don_da_su_dung_T6.2025.xls,4230
G00134,1C25TUV,00008434,25/06/2025,1276852,102148,1379000,Bang_ke_hoa_don_da_su_dung_T6.2025.xls,4237
G00134,1C25TUV,00008445,25/06/2025,1276852,102148,1379000,Bang_ke_hoa_don_da_su_dung_T6.2025.xls,4248
G00134,1C25TUV,00008463,25/06/2025,1276852,102148,1379000,Bang_ke_hoa_don_da_su_dung_T6.2025.xls,4266
G00134,1C25TUV,00008490,25/06/2025,1276852,102148,1379000,Bang_ke_hoa_don_da_su_dung_T6.2025.xls,4293
G00134,1C25TUV,00008515,25/06/2025,1276852,102148,1379000,Bang_ke_hoa_don_da_su_dung_T6.2025.xls,4318
G00134,1C25TUV,00008551,25/06/2025,1276852,102148,1379000,Bang_ke_hoa_don_da_su_dung_T6.2025.xls,4354
G00134,1C25TUV,00008555,25/06/2025,1276852,102148,1379000,Bang_ke_hoa_don_da_su_dung_T6.2025.xls,4358
G00134,1C25TUV,00008565,25/06/2025,1276852,102148,1379000,Bang_ke_hoa_don_da_su_dung_T6.2025.xls,4368
G00134,1C25TUV,00008612,26/06/2025,1276852,102148,1379000,Bang_ke_hoa_don_da_su_dung_T6.2025.xls,4415
G00134,1C25TUV,00008617,26/06/2025,1276852,102148,1379000,Bang_ke_hoa_don_da_su_dung_T6.2025.xls,4420
G00134,1C25TUV,00008628,26/06/2025,1276852,102148,1379000,Bang_ke_hoa_don_da_su_dung_T6.2025.xls,4431
G00134,1C25TUV,00008632,26/06/2025,1276852,102148,1379000,Bang_ke_hoa_don_da_su_dung_T6.2025.xls,4435
G00134,1C25TUV,00008636,26/06/2025,1276852,102148,1379000,Bang_ke_hoa_don_da_su_dung_T6.2025.xls,4439
G00134,1C25TUV,00008682,26/06/2025,1276852,102148,1379000,Bang_ke_hoa_don_da_su_dung_T6.2025.xls,4485
G00134,1C25TUV,00008683,26/06/2025,1276852,102148,1379000,Bang_ke_hoa_don_da_su_dung_T6.2025.xls,4486
G00134,1C25TUV,00008686,26/06/2025,1276852,102148,1379000,Bang_ke_hoa_don_da_su_dung_T6.2025.xls,4489
G00134,1C25TUV,00008719,26/06/2025,1276852,102148,1379000,Bang_ke_hoa_don_da_su_dung_T6.2025.xls,4522
G00134,1C25TUV,00008720,26/06/2025,1276852,102148,1379000,Bang_ke_hoa_don_da_su_dung_T6.2025.xls,4523
G00134,1C25TUV,00008724,26/06/2025,1276852,102148,1379000,Bang_ke_hoa_don_da_su_dung_T6.2025.xls,4527
G00134,1C25TUV,00008787,27/06/2025,1276852,102148,1379000,Bang_ke_hoa_don_da_su_dung_T6.2025.xls,4590
G00134,1C25TUV,00008792,27/06/2025,1276852,102148,1379000,Bang_ke_hoa_don_da_su_dung_T6.2025.xls,4595
G00134,1C25TUV,00008804,27/06/2025,1276852,102148,1379000,Bang_ke_hoa_don_da_su_dung_T6.2025.xls,4607
G00134,1C25TUV,00008810,27/06/2025,1276852,102148,1379000,Bang_ke_hoa_don_da_su_dung_T6.2025.xls,4613
G00134,1C25TUV,00008823,27/06/2025,1276852,102148,1379000,Bang_ke_hoa_don_da_su_dung_T6.2025.xls,4626
G00134,1C25TUV,00008828,27/06/2025,1276852,102148,1379000,Bang_ke_hoa_don_da_su_dung_T6.2025.xls,4631
G00134,1C25TUV,00008829,27/06/2025,1276852,102148,1379000,Bang_ke_hoa_don_da_su_dung_T6.2025.xls,4632
G00134,1C25TUV,00008911,27/06/2025,1276852,102148,1379000,Bang_ke_hoa_don_da_su_dung_T6.2025.xls,4714
G00134,1C25TUV,00008966,27/06/2025,1276852,102148,1379000,Bang_ke_hoa_don_da_su_dung_T6.2025.xls,4769
G00134,1C25TUV,00008975,27/06/2025,1276852,102148,1379000,Bang_ke_hoa_don_da_su_dung_T6.2025.xls,4778
G00134,1C25TUV,00008978,27/06/2025,1276852,102148,1379000,Bang_ke_hoa_don_da_su_dung_T6.2025.xls,4781
G00134,1C25TUV,00008990,28/06/2025,1276852,102148,1379000,Bang_ke_hoa_don_da_su_dung_T6.2025.xls,4793
G00134,1C25TUV,00008995,28/06/2025,1276852,102148,1379000,Bang_ke_hoa_don_da_su_dung_T6.2025.xls,4798
G00134,1C25TUV,00008999,28/06/2025,1276852,102148,1379000,Bang_ke_hoa_don_da_su_dung_T6.2025.xls,4802
G00134,1C25TUV,00009044,28/06/2025,1276852,102148,1379000,Bang_ke_hoa_don_da_su_dung_T6.2025.xls,4847
G00134,1C25TUV,00009045,28/06/2025,1276852,102148,1379000,Bang_ke_hoa_don_da_su_dung_T6.2025.xls,4848
G00134,1C25TUV,00009079,28/06/2025,1276852,102148,1379000,Bang_ke_hoa_don_da_su_dung_T6.2025.xls,4882
G00134,1C25TUV,00009085,28/06/2025,1276852,102148,1379000,Bang_ke_hoa_don_da_su_dung_T6.2025.xls,4888
G00134,1C25TUV,00009162,28/06/2025,1276852,102148,1379000,Bang_ke_hoa_don_da_su_dung_T6.2025.xls,4965
G00134,1C25TUV,00009165,28/06/2025,1276852,102148,1379000,Bang_ke_hoa_don_da_su_dung_T6.2025.xls,4968
G00134,1C25TUV,00009167,28/06/2025,1276852,102148,1379000,Bang_ke_hoa_don_da_su_dung_T6.2025.xls,4970
G00134,1C25TUV,00009175,28/06/2025,1276852,102148,1379000,Bang_ke_hoa_don_da_su_dung_T6.2025.xls,4978
G00134,1C25TUV,00009181,28/06/2025,1276852,102148,1379000,Bang_ke_hoa_don_da_su_dung_T6.2025.xls,4984
G00135,1C25TUV,00000183,06/03/2025,3684259,294741,3979000,Bang_ke_hoa_don_da_su_dung_2024-T6.2025.xls,974
G00135,1C25TUV,00000226,07/03/2025,3684259,294741,3979000,Bang_ke_hoa_don_da_su_dung_2024-T6.2025.xls,1017
G00135,1C25TUV,00000243,07/03/2025,3684259,294741,3979000,Bang_ke_hoa_don_da_su_dung_2024-T6.2025.xls,1034
G00135,1C25TUV,00000257,08/03/2025,3684259,294741,3979000,Bang_ke_hoa_don_da_su_dung_2024-T6.2025.xls,1048
G00135,1C25TUV,00000264,08/03/2025,3684259,294741,3979000,Bang_ke_hoa_don_da_su_dung_2024-T6.2025.xls,1055
G00136,1C25TUV,00000186,06/03/2025,3684259,294741,3979000,Bang_ke_hoa_don_da_su_dung_2024-T6.2025.xls,977
G00137,1C25TUV,00000188,06/03/2025,2387963,191037,2579000,Bang_ke_hoa_don_da_su_dung_2024-T6.2025.xls,979
G00137,1C25TUV,00000202,07/03/2025,2387963,191037,2579000,Bang_ke_hoa_don_da_su_dung_2024-T6.2025.xls,993
G00137,1C25TUV,00000241,07/03/2025,2387963,191037,2579000,Bang_ke_hoa_don_da_su_dung_2024-T6.2025.xls,1032
G00137,1C25TUV,00009696,30/06/2025,2387963,191037,2579000,Bang_ke_hoa_don_da_su_dung_T6.2025 L2.xls,516
G00137,1C25TUV,00009964,30/06/2025,2387963,191037,2579000,Bang_ke_hoa_don_da_su_dung_T6.2025 L2.xls,784
G00138,1C25TUV,00000190,06/03/2025,555556,44444,600000,Bang_ke_hoa_don_da_su_dung_2024-T6.2025.xls,981
G00138,1C25TUV,00000191,06/03/2025,555556,44444,600000,Bang_ke_hoa_don_da_su_dung_2024-T6.2025.xls,982
G00138,1C25TUV,00000254,07/03/2025,555556,44444,600000,Bang_ke_hoa_don_da_su_dung_2024-T6.2025.xls,1045
G00138,1C25TUV,00000746,15/05/2025,555556,44444,600000,Bang_ke_hoa_don_da_su_dung_2024-T6.2025.xls,1537
G00138,1C25TUV,00007615,22/06/2025,555556,44444,600000,Bang_ke_hoa_don_da_su_dung_T6.2025.xls,3418
G00139,1C25TUV,00000195,06/03/2025,962037,76963,1039000,Bang_ke_hoa_don_da_su_dung_2024-T6.2025.xls,986
G00140,1C25TUV,00000198,06/03/2025,2979630,238370,3218000,Bang_ke_hoa_don_da_su_dung_2024-T6.2025.xls,989
G00141,1C25TUV,00000199,06/03/2025,831482,66519,898001,Bang_ke_hoa_don_da_su_dung_2024-T6.2025.xls,990
G00142,1C25TUV,00000200,07/03/2025,1700926,136074,1837000,Bang_ke_hoa_don_da_su_dung_2024-T6.2025.xls,991
G00143,1C25TUV,00000201,07/03/2025,1852667,148213,2000880,Bang_ke_hoa_don_da_su_dung_2024-T6.2025.xls,992
G00144,1C25TUV,00000210,07/03/2025,637963,51037,689000,Bang_ke_hoa_don_da_su_dung_2024-T6.2025.xls,1001
G00145,1C25TUV,00000214,07/03/2025,509259,40741,550000,Bang_ke_hoa_don_da_su_dung_2024-T6.2025.xls,1005
G00146,1C25TUV,00000220,07/03/2025,555556,44444,600000,Bang_ke_hoa_don_da_su_dung_2024-T6.2025.xls,1011
G00146,1C25TUV,00002770,01/06/2025,555556,44444,600000,Bang_ke_hoa_don_da_su_dung_2024-T6.2025.xls,3559
G00146,1C25TUV,00004163,08/06/2025,555556,44444,600000,Bang_ke_hoa_don_da_su_dung_2024-T6.2025.xls,4952
G00146,1C25TUV,00009243,29/06/2025,555556,44444,600000,Bang_ke_hoa_don_da_su_dung_T6.2025 L2.xls,63
G00146,1C25TUV,00004301,09/06/2025,555556,44444,600000,Bang_ke_hoa_don_da_su_dung_T6.2025.xls,104
G00146,1C25TUV,00004741,11/06/2025,555556,44444,600000,Bang_ke_hoa_don_da_su_dung_T6.2025.xls,544
G00146,1C25TUV,00004743,11/06/2025,555556,44444,600000,Bang_ke_hoa_don_da_su_dung_T6.2025.xls,546
G00146,1C25TUV,00005515,14/06/2025,555556,44444,600000,Bang_ke_hoa_don_da_su_dung_T6.2025.xls,1318
G00146,1C25TUV,00007145,20/06/2025,555556,44444,600000,Bang_ke_hoa_don_da_su_dung_T6.2025.xls,2948
G00147,1C25TUV,00000228,07/03/2025,443519,35482,479001,Bang_ke_hoa_don_da_su_dung_2024-T6.2025.xls,1019
G00148,1C25TUV,00000229,07/03/2025,3036111,242889,3279000,Bang_ke_hoa_don_da_su_dung_2024-T6.2025.xls,1020
G00149,1C25TUV,00000232,07/03/2025,962037,76963,1039000,Bang_ke_hoa_don_da_su_dung_2024-T6.2025.xls,1023
G00149,1C25TUV,00000238,07/03/2025,962037,76963,1039000,Bang_ke_hoa_don_da_su_dung_2024-T6.2025.xls,1029
G00149,1C25TUV,00001578,28/05/2025,962037,76963,1039000,Bang_ke_hoa_don_da_su_dung_2024-T6.2025.xls,2369
G00149,1C25TUV,00002401,30/05/2025,962037,76963,1039000,Bang_ke_hoa_don_da_su_dung_2024-T6.2025.xls,3190
G00149,1C25TUV,00002742,31/05/2025,962037,76963,1039000,Bang_ke_hoa_don_da_su_dung_2024-T6.2025.xls,3531
G00149,1C25TUV,00002826,01/06/2025,962037,76963,1039000,Bang_ke_hoa_don_da_su_dung_2024-T6.2025.xls,3615
G00149,1C25TUV,00003050,03/06/2025,962037,76963,1039000,Bang_ke_hoa_don_da_su_dung_2024-T6.2025.xls,3839
G00149,1C25TUV,00009585,30/06/2025,962037,76963,1039000,Bang_ke_hoa_don_da_su_dung_T6.2025 L2.xls,405
G00149,1C25TUV,00004358,09/06/2025,962037,76963,1039000,Bang_ke_hoa_don_da_su_dung_T6.2025.xls,161
G00149,1C25TUV,00004635,10/06/2025,962037,76963,1039000,Bang_ke_hoa_don_da_su_dung_T6.2025.xls,438
G00149,1C25TUV,00007450,21/06/2025,962037,76963,1039000,Bang_ke_hoa_don_da_su_dung_T6.2025.xls,3253
G00149,1C25TUV,00008819,27/06/2025,962037,76963,1039000,Bang_ke_hoa_don_da_su_dung_T6.2025.xls,4622
G00149,1C25TUV,00009002,28/06/2025,962037,76963,1039000,Bang_ke_hoa_don_da_su_dung_T6.2025.xls,4805
G00150,1C25TUV,00000249,07/03/2025,462037,36963,499000,Bang_ke_hoa_don_da_su_dung_2024-T6.2025.xls,1040
G00151,1C25TUV,00000253,07/03/2025,1794444,143556,1938000,Bang_ke_hoa_don_da_su_dung_2024-T6.2025.xls,1044
G00152,1C25TUV,00000261,08/03/2025,14470371,1157630,15628001,Bang_ke_hoa_don_da_su_dung_2024-T6.2025.xls,1052
G00153,1C25TUV,00000262,08/03/2025,6050926,484074,6535000,Bang_ke_hoa_don_da_su_dung_2024-T6.2025.xls,1053
G00154,1C25TUV,00000265,08/03/2025,1832408,146593,1979001,Bang_ke_hoa_don_da_su_dung_2024-T6.2025.xls,1056
G00155,1C25TUV,00000266,08/03/2025,2202778,176222,2379000,Bang_ke_hoa_don_da_su_dung_2024-T6.2025.xls,1057
G00155,1C25TUV,00000326,21/03/2025,2202778,176222,2379000,Bang_ke_hoa_don_da_su_dung_2024-T6.2025.xls,1117
G00156,1C25TUV,00000267,08/03/2025,11881481,950518,12831999,Bang_ke_hoa_don_da_su_dung_2024-T6.2025.xls,1058
G00157,1C25TUV,00000268,08/03/2025,9235185,738815,9974000,Bang_ke_hoa_don_da_su_dung_2024-T6.2025.xls,1059
G00158,1C25TUV,00000269,08/03/2025,10510185,840815,11351000,Bang_ke_hoa_don_da_su_dung_2024-T6.2025.xls,1060
G00159,1C25TUV,00000270,08/03/2025,8198149,655852,8854001,Bang_ke_hoa_don_da_su_dung_2024-T6.2025.xls,1061
G00160,1C25TUV,00000271,08/03/2025,13880556,1110444,14991000,Bang_ke_hoa_don_da_su_dung_2024-T6.2025.xls,1062
G00161,1C25TUV,00000272,08/03/2025,11012038,880963,11893001,Bang_ke_hoa_don_da_su_dung_2024-T6.2025.xls,1063
G00162,1C25TUV,00000273,09/03/2025,18370370,1469630,19840000,Bang_ke_hoa_don_da_su_dung_2024-T6.2025.xls,1064
G00163,1C25TUV,00000274,09/03/2025,11897222,951778,12849000,Bang_ke_hoa_don_da_su_dung_2024-T6.2025.xls,1065
G00164,1C25TUV,00000275,09/03/2025,21711111,1736889,23448000,Bang_ke_hoa_don_da_su_dung_2024-T6.2025.xls,1066
G00165,1C25TUV,00000276,09/03/2025,22838889,1827111,24666000,Bang_ke_hoa_don_da_su_dung_2024-T6.2025.xls,1067
G00166,1C25TUV,00000277,09/03/2025,19597223,1567778,21165001,Bang_ke_hoa_don_da_su_dung_2024-T6.2025.xls,1068
G00167,1C25TUV,00000278,09/03/2025,27448150,2195852,29644002,Bang_ke_hoa_don_da_su_dung_2024-T6.2025.xls,1069
G00168,1C25TUV,00000279,09/03/2025,19850001,1588000,21438001,Bang_ke_hoa_don_da_su_dung_2024-T6.2025.xls,1070
G00169,1C25TUV,00000280,09/03/2025,22837038,1826963,24664001,Bang_ke_hoa_don_da_su_dung_2024-T6.2025.xls,1071
G00170,1C25TUV,00000281,09/03/2025,17930555,1434444,19364999,Bang_ke_hoa_don_da_su_dung_2024-T6.2025.xls,1072
G00171,1C25TUV,00000282,09/03/2025,23504629,1880370,25384999,Bang_ke_hoa_don_da_su_dung_2024-T6.2025.xls,1073
G00172,1C25TUV,00000283,09/03/2025,21886113,1750889,23637002,Bang_ke_hoa_don_da_su_dung_2024-T6.2025.xls,1074
G00173,1C25TUV,00000284,09/03/2025,22448149,1795852,24244001,Bang_ke_hoa_don_da_su_dung_2024-T6.2025.xls,1075
G00174,1C25TUV,00000285,09/03/2025,26122224,2089778,28212002,Bang_ke_hoa_don_da_su_dung_2024-T6.2025.xls,1076
G00175,1C25TUV,00000286,09/03/2025,27725000,2218000,29943000,Bang_ke_hoa_don_da_su_dung_2024-T6.2025.xls,1077
G00176,1C25TUV,00000287,09/03/2025,17047223,1363778,18411001,Bang_ke_hoa_don_da_su_dung_2024-T6.2025.xls,1078
G00177,1C25TUV,00000288,10/03/2025,2477333,198187,2675520,Bang_ke_hoa_don_da_su_dung_2024-T6.2025.xls,1079
G00178,1C25TUV,00000289,11/03/2025,50728704,4058296,54787000,Bang_ke_hoa_don_da_su_dung_2024-T6.2025.xls,1080
G00179,1C25TUV,00000290,11/03/2025,25293321,2023466,27316787,Bang_ke_hoa_don_da_su_dung_2024-T6.2025.xls,1081
G00180,1C25TUV,00000291,11/03/2025,25635133,2050811,27685944,Bang_ke_hoa_don_da_su_dung_2024-T6.2025.xls,1082
G00181,1C25TUV,00000292,11/03/2025,38790740,3103259,41893999,Bang_ke_hoa_don_da_su_dung_2024-T6.2025.xls,1083
G00182,1C25TUV,00000293,11/03/2025,31848518,2547881,34396399,Bang_ke_hoa_don_da_su_dung_2024-T6.2025.xls,1084
G00183,1C25TUV,00000294,11/03/2025,36401848,2912148,39313996,Bang_ke_hoa_don_da_su_dung_2024-T6.2025.xls,1085
G00184,1C25TUV,00000295,11/03/2025,26570368,2125629,28695997,Bang_ke_hoa_don_da_su_dung_2024-T6.2025.xls,1086
G00185,1C25TUV,00000296,13/03/2025,3224000,257920,3481920,Bang_ke_hoa_don_da_su_dung_2024-T6.2025.xls,1087
G00186,1C25TUV,00000297,13/03/2025,36700923,2936074,39636997,Bang_ke_hoa_don_da_su_dung_2024-T6.2025.xls,1088
G00187,1C25TUV,00000298,13/03/2025,44146971,3531758,47678729,Bang_ke_hoa_don_da_su_dung_2024-T6.2025.xls,1089
G00188,1C25TUV,00000299,13/03/2025,52860910,4228873,57089783,Bang_ke_hoa_don_da_su_dung_2024-T6.2025.xls,1090
G00189,1C25TUV,00000300,14/03/2025,30284716,2422777,32707493,Bang_ke_hoa_don_da_su_dung_2024-T6.2025.xls,1091
G00190,1C25TUV,00000301,14/03/2025,21402778,1712222,23115000,Bang_ke_hoa_don_da_su_dung_2024-T6.2025.xls,1092
G00191,1C25TUV,00000302,14/03/2025,58346832,4667747,63014579,Bang_ke_hoa_don_da_su_dung_2024-T6.2025.xls,1093
G00192,1C25TUV,00000303,14/03/2025,79002668,6320213,85322881,Bang_ke_hoa_don_da_su_dung_2024-T6.2025.xls,1094
G00193,1C25TUV,00000304,15/03/2025,2387037,190963,2578000,Bang_ke_hoa_don_da_su_dung_2024-T6.2025.xls,1095
G00194,1C25TUV,00000305,15/03/2025,92810573,7424846,100235419,Bang_ke_hoa_don_da_su_dung_2024-T6.2025.xls,1096
G00195,1C25TUV,00000306,15/03/2025,83191894,6655352,89847246,Bang_ke_hoa_don_da_su_dung_2024-T6.2025.xls,1097
G00196,1C25TUV,00000307,15/03/2025,56717719,4537418,61255137,Bang_ke_hoa_don_da_su_dung_2024-T6.2025.xls,1098
G00197,1C25TUV,00000308,16/03/2025,61588875,4927110,66515985,Bang_ke_hoa_don_da_su_dung_2024-T6.2025.xls,1099
G00198,1C25TUV,00000309,16/03/2025,79717735,6377419,86095154,Bang_ke_hoa_don_da_su_dung_2024-T6.2025.xls,1100
G00199,1C25TUV,00000310,16/03/2025,49573439,3965875,53539314,Bang_ke_hoa_don_da_su_dung_2024-T6.2025.xls,1101
G00200,1C25TUV,00000311,16/03/2025,47529163,3802333,51331496,Bang_ke_hoa_don_da_su_dung_2024-T6.2025.xls,1102
G00201,1C25TUV,00000312,16/03/2025,50379297,4030344,54409641,Bang_ke_hoa_don_da_su_dung_2024-T6.2025.xls,1103
G00202,1C25TUV,00000313,16/03/2025,57699652,4615972,62315624,Bang_ke_hoa_don_da_su_dung_2024-T6.2025.xls,1104
G00203,1C25TUV,00000314,17/03/2025,45459740,3636779,49096519,Bang_ke_hoa_don_da_su_dung_2024-T6.2025.xls,1105
G00204,1C25TUV,00000315,17/03/2025,28301796,2264144,30565940,Bang_ke_hoa_don_da_su_dung_2024-T6.2025.xls,1106
G00205,1C25TUV,00000316,17/03/2025,28720394,2297632,31018026,Bang_ke_hoa_don_da_su_dung_2024-T6.2025.xls,1107
G00206,1C25TUV,00000320,18/03/2025,3957333,316587,4273920,Bang_ke_hoa_don_da_su_dung_2024-T6.2025.xls,1111
G00207,1C25TUV,00000321,18/03/2025,2370667,189653,2560320,Bang_ke_hoa_don_da_su_dung_2024-T6.2025.xls,1112
G00208,1C25TUV,00000325,19/03/2025,5984000,478720,6462720,Bang_ke_hoa_don_da_su_dung_2024-T6.2025.xls,1116
G00209,1C25TUV,00000329,24/03/2025,2997333,239787,3237120,Bang_ke_hoa_don_da_su_dung_2024-T6.2025.xls,1120
G00210,1C25TUV,00000330,27/03/2025,9315333,745227,10060560,Bang_ke_hoa_don_da_su_dung_2024-T6.2025.xls,1121
G00211,1C25TUV,00000331,27/03/2025,57290741,4583259,61874000,Bang_ke_hoa_don_da_su_dung_2024-T6.2025.xls,1122
G00212,1C25TUV,00000332,27/03/2025,55962037,4476963,60439000,Bang_ke_hoa_don_da_su_dung_2024-T6.2025.xls,1123
G00213,1C25TUV,00000343,27/03/2025,45244444,3619556,48864000,Bang_ke_hoa_don_da_su_dung_2024-T6.2025.xls,1134
G00214,1C25TUV,00000348,27/03/2025,65992808,5279425,71272233,Bang_ke_hoa_don_da_su_dung_2024-T6.2025.xls,1139
G00215,1C25TUV,00000349,27/03/2025,111457665,8916613,120374278,Bang_ke_hoa_don_da_su_dung_2024-T6.2025.xls,1140
G00216,1C25TUV,00000350,27/03/2025,69008208,5520657,74528865,Bang_ke_hoa_don_da_su_dung_2024-T6.2025.xls,1141
G00217,1C25TUV,00000351,27/03/2025,61970800,4957664,66928464,Bang_ke_hoa_don_da_su_dung_2024-T6.2025.xls,1142
G00218,1C25TUV,00000352,28/03/2025,53689815,4295185,57985000,Bang_ke_hoa_don_da_su_dung_2024-T6.2025.xls,1143
G00219,1C25TUV,00000355,28/03/2025,35163889,2813111,37977000,Bang_ke_hoa_don_da_su_dung_2024-T6.2025.xls,1146
G00220,1C25TUV,00000357,28/03/2025,71727778,5738222,77466000,Bang_ke_hoa_don_da_su_dung_2024-T6.2025.xls,1148
G00221,1C25TUV,00000359,28/03/2025,45218519,3617482,48836001,Bang_ke_hoa_don_da_su_dung_2024-T6.2025.xls,1150
G00222,1C25TUV,00000360,29/03/2025,4831667,386533,5218200,Bang_ke_hoa_don_da_su_dung_2024-T6.2025.xls,1151
G00223,1C25TUV,00000361,29/03/2025,905556,72444,978000,Bang_ke_hoa_don_da_su_dung_2024-T6.2025.xls,1152
G00224,1C25TUV,00000362,29/03/2025,1513981,121118,1635099,Bang_ke_hoa_don_da_su_dung_2024-T6.2025.xls,1153
G00224,1C25TUV,00000453,15/04/2025,1513981,121118,1635099,Bang_ke_hoa_don_da_su_dung_2024-T6.2025.xls,1244
G00225,1C25TUV,00000363,29/03/2025,962963,77037,1040000,Bang_ke_hoa_don_da_su_dung_2024-T6.2025.xls,1154
G00226,1C25TUV,00000364,29/03/2025,1758333,140667,1899000,Bang_ke_hoa_don_da_su_dung_2024-T6.2025.xls,1155
G00227,1C25TUV,00000365,29/03/2025,363981,29118,393099,Bang_ke_hoa_don_da_su_dung_2024-T6.2025.xls,1156
G00228,1C25TUV,00000366,29/03/2025,856574,68526,925100,Bang_ke_hoa_don_da_su_dung_2024-T6.2025.xls,1157
G00229,1C25TUV,00000367,29/03/2025,1967685,157415,2125100,Bang_ke_hoa_don_da_su_dung_2024-T6.2025.xls,1158
G00230,1C25TUV,00000368,29/03/2025,488426,39074,527500,Bang_ke_hoa_don_da_su_dung_2024-T6.2025.xls,1159
G00231,1C25TUV,00000369,29/03/2025,1270266,101621,1371887,Bang_ke_hoa_don_da_su_dung_2024-T6.2025.xls,1160
G00232,1C25TUV,00000371,30/03/2025,27112964,2169037,29282001,Bang_ke_hoa_don_da_su_dung_2024-T6.2025.xls,1162
G00233,1C25TUV,00000376,30/03/2025,78578480,6286278,84864758,Bang_ke_hoa_don_da_su_dung_2024-T6.2025.xls,1167
G00234,1C25TUV,00000381,30/03/2025,80784471,6462758,87247229,Bang_ke_hoa_don_da_su_dung_2024-T6.2025.xls,1172
G00235,1C25TUV,00000383,31/03/2025,7424074,593926,8018000,Bang_ke_hoa_don_da_su_dung_2024-T6.2025.xls,1174
G00236,1C25TUV,00000387,31/03/2025,425926,34074,460000,Bang_ke_hoa_don_da_su_dung_2024-T6.2025.xls,1178
G00237,1C25TUV,00000390,31/03/2025,185185,14815,200000,Bang_ke_hoa_don_da_su_dung_2024-T6.2025.xls,1181
G00238,1C25TUV,00000392,31/03/2025,5767593,461407,6229000,Bang_ke_hoa_don_da_su_dung_2024-T6.2025.xls,1183
G00239,1C25TUV,00000393,31/03/2025,7188444,575076,7763520,Bang_ke_hoa_don_da_su_dung_2024-T6.2025.xls,1184
G00240,1C25TUV,00000394,31/03/2025,416666,33333,449999,Bang_ke_hoa_don_da_su_dung_2024-T6.2025.xls,1185
G00241,1C25TUV,00000395,31/03/2025,1980556,158444,2139000,Bang_ke_hoa_don_da_su_dung_2024-T6.2025.xls,1186
G00242,1C25TUV,00000397,31/03/2025,3304000,264320,3568320,Bang_ke_hoa_don_da_su_dung_2024-T6.2025.xls,1188
G00243,1C25TUV,00000398,31/03/2025,170527344,13642188,184169532,Bang_ke_hoa_don_da_su_dung_2024-T6.2025.xls,1189
G00244,1C25TUV,00000399,31/03/2025,185226742,14818139,200044881,Bang_ke_hoa_don_da_su_dung_2024-T6.2025.xls,1190
G00245,1C25TUV,00000401,31/03/2025,187883270,15030662,202913932,Bang_ke_hoa_don_da_su_dung_2024-T6.2025.xls,1192
G00246,1C25TUV,00000402,31/03/2025,123872631,9909810,133782441,Bang_ke_hoa_don_da_su_dung_2024-T6.2025.xls,1193
G00247,1C25TUV,00000403,31/03/2025,120718339,9657467,130375806,Bang_ke_hoa_don_da_su_dung_2024-T6.2025.xls,1194
G00248,1C25TUV,00000406,01/04/2025,6284000,502720,6786720,Bang_ke_hoa_don_da_su_dung_2024-T6.2025.xls,1197
G00249,1C25TUV,00000407,01/04/2025,555416497,44433320,599849817,Bang_ke_hoa_don_da_su_dung_2024-T6.2025.xls,1198
G00250,1C25TUV,00000408,02/04/2025,850926,68074,919000,Bang_ke_hoa_don_da_su_dung_2024-T6.2025.xls,1199
G00251,1C25TUV,00000409,02/04/2025,300123117,24009849,324132966,Bang_ke_hoa_don_da_su_dung_2024-T6.2025.xls,1200
G00252,1C25TUV,00000410,02/04/2025,217502053,17400164,234902217,Bang_ke_hoa_don_da_su_dung_2024-T6.2025.xls,1201
G00253,1C25TUV,00000411,02/04/2025,103118237,8249459,111367696,Bang_ke_hoa_don_da_su_dung_2024-T6.2025.xls,1202
G00254,1C25TUV,00000412,02/04/2025,140857742,11268619,152126361,Bang_ke_hoa_don_da_su_dung_2024-T6.2025.xls,1203
G00255,1C25TUV,00000413,02/04/2025,134477216,10758177,145235393,Bang_ke_hoa_don_da_su_dung_2024-T6.2025.xls,1204
G00256,1C25TUV,00000414,02/04/2025,115880552,9270444,125150996,Bang_ke_hoa_don_da_su_dung_2024-T6.2025.xls,1205
G00257,1C25TUV,00000415,02/04/2025,126266790,10101343,136368133,Bang_ke_hoa_don_da_su_dung_2024-T6.2025.xls,1206
G00258,1C25TUV,00000416,02/04/2025,110727306,8858184,119585490,Bang_ke_hoa_don_da_su_dung_2024-T6.2025.xls,1207
G00259,1C25TUV,00000417,03/04/2025,5264717,421177,5685894,Bang_ke_hoa_don_da_su_dung_2024-T6.2025.xls,1208
G00260,1C25TUV,00000418,03/04/2025,1702778,136222,1839000,Bang_ke_hoa_don_da_su_dung_2024-T6.2025.xls,1209
G00260,1C25TUV,00001202,26/05/2025,1702778,136222,1839000,Bang_ke_hoa_don_da_su_dung_2024-T6.2025.xls,1993
G00260,1C25TUV,00001434,27/05/2025,1702778,136222,1839000,Bang_ke_hoa_don_da_su_dung_2024-T6.2025.xls,2225
G00260,1C25TUV,00001614,28/05/2025,1702778,136222,1839000,Bang_ke_hoa_don_da_su_dung_2024-T6.2025.xls,2405
G00260,1C25TUV,00001784,29/05/2025,1702778,136222,1839000,Bang_ke_hoa_don_da_su_dung_2024-T6.2025.xls,2575
G00260,1C25TUV,00009581,30/06/2025,1702778,136222,1839000,Bang_ke_hoa_don_da_su_dung_T6.2025 L2.xls,401
G00260,1C25TUV,00006088,16/06/2025,1702778,136222,1839000,Bang_ke_hoa_don_da_su_dung_T6.2025.xls,1891
G00260,1C25TUV,00006115,17/06/2025,1702778,136222,1839000,Bang_ke_hoa_don_da_su_dung_T6.2025.xls,1918
G00260,1C25TUV,00006116,17/06/2025,1702778,136222,1839000,Bang_ke_hoa_don_da_su_dung_T6.2025.xls,1919
G00260,1C25TUV,00006501,18/06/2025,1702778,136222,1839000,Bang_ke_hoa_don_da_su_dung_T6.2025.xls,2304
G00260,1C25TUV,00006727,19/06/2025,1702778,136222,1839000,Bang_ke_hoa_don_da_su_dung_T6.2025.xls,2530
G00260,1C25TUV,00006728,19/06/2025,1702778,136222,1839000,Bang_ke_hoa_don_da_su_dung_T6.2025.xls,2531
G00260,1C25TUV,00006729,19/06/2025,1702778,136222,1839000,Bang_ke_hoa_don_da_su_dung_T6.2025.xls,2532
G00260,1C25TUV,00006730,19/06/2025,1702778,136222,1839000,Bang_ke_hoa_don_da_su_dung_T6.2025.xls,2533
G00260,1C25TUV,00006731,19/06/2025,1702778,136222,1839000,Bang_ke_hoa_don_da_su_dung_T6.2025.xls,2534
G00260,1C25TUV,00007030,20/06/2025,1702778,136222,1839000,Bang_ke_hoa_don_da_su_dung_T6.2025.xls,2833
G00260,1C25TUV,00007031,20/06/2025,1702778,136222,1839000,Bang_ke_hoa_don_da_su_dung_T6.2025.xls,2834
G00260,1C25TUV,00008613,26/06/2025,1702778,136222,1839000,Bang_ke_hoa_don_da_su_dung_T6.2025.xls,4416
G00260,1C25TUV,00008773,27/06/2025,1702778,136222,1839000,Bang_ke_hoa_don_da_su_dung_T6.2025.xls,4576
G00260,1C25TUV,00009049,28/06/2025,1702778,136222,1839000,Bang_ke_hoa_don_da_su_dung_T6.2025.xls,4852
G00260,1C25TUV,00009050,28/06/2025,1702778,136222,1839000,Bang_ke_hoa_don_da_su_dung_T6.2025.xls,4853
G00260,1C25TUV,00009068,28/06/2025,1702778,136222,1839000,Bang_ke_hoa_don_da_su_dung_T6.2025.xls,4871
G00261,1C25TUV,00000419,03/04/2025,620370,49630,670000,Bang_ke_hoa_don_da_su_dung_2024-T6.2025.xls,1210
G00262,1C25TUV,00000420,03/04/2025,495138981,39611118,534750099,Bang_ke_hoa_don_da_su_dung_2024-T6.2025.xls,1211
G00263,1C25TUV,00000421,03/04/2025,161513889,12921111,174435000,Bang_ke_hoa_don_da_su_dung_2024-T6.2025.xls,1212
G00264,1C25TUV,00000422,04/04/2025,56278769,4502302,60781071,Bang_ke_hoa_don_da_su_dung_2024-T6.2025.xls,1213
G00265,1C25TUV,00000423,04/04/2025,481153131,38492250,519645381,Bang_ke_hoa_don_da_su_dung_2024-T6.2025.xls,1214
G00266,1C25TUV,00000424,04/04/2025,434587153,34766972,469354125,Bang_ke_hoa_don_da_su_dung_2024-T6.2025.xls,1215
G00267,1C25TUV,00000425,04/04/2025,573332851,45866628,619199479,Bang_ke_hoa_don_da_su_dung_2024-T6.2025.xls,1216
G00268,1C25TUV,00000426,04/04/2025,417448169,33395854,450844023,Bang_ke_hoa_don_da_su_dung_2024-T6.2025.xls,1217
G00269,1C25TUV,00000427,04/04/2025,810903496,64872280,875775776,Bang_ke_hoa_don_da_su_dung_2024-T6.2025.xls,1218
G00270,1C25TUV,00000428,04/04/2025,652032676,52162614,704195290,Bang_ke_hoa_don_da_su_dung_2024-T6.2025.xls,1219
G00271,1C25TUV,00000429,04/04/2025,554540166,44363213,598903379,Bang_ke_hoa_don_da_su_dung_2024-T6.2025.xls,1220
G00272,1C25TUV,00000430,04/04/2025,507902984,40632239,548535223,Bang_ke_hoa_don_da_su_dung_2024-T6.2025.xls,1221
G00273,1C25TUV,00000431,04/04/2025,745253604,59620288,804873892,Bang_ke_hoa_don_da_su_dung_2024-T6.2025.xls,1222
G00274,1C25TUV,00000432,04/04/2025,374965658,29997253,404962911,Bang_ke_hoa_don_da_su_dung_2024-T6.2025.xls,1223
G00275,1C25TUV,00000433,09/04/2025,4342667,347413,4690080,Bang_ke_hoa_don_da_su_dung_2024-T6.2025.xls,1224
G00276,1C25TUV,00000435,09/04/2025,328301612,26264129,354565741,Bang_ke_hoa_don_da_su_dung_2024-T6.2025.xls,1226
G00277,1C25TUV,00000436,10/04/2025,3450667,276053,3726720,Bang_ke_hoa_don_da_su_dung_2024-T6.2025.xls,1227
G00278,1C25TUV,00000437,10/04/2025,185185,14815,200000,Bang_ke_hoa_don_da_su_dung_2024-T6.2025.xls,1228
G00279,1C25TUV,00000438,10/04/2025,389815,31185,421000,Bang_ke_hoa_don_da_su_dung_2024-T6.2025.xls,1229
G00280,1C25TUV,00000439,10/04/2025,1100000,88000,1188000,Bang_ke_hoa_don_da_su_dung_2024-T6.2025.xls,1230
G00281,1C25TUV,00000440,10/04/2025,6012962,481037,6493999,Bang_ke_hoa_don_da_su_dung_2024-T6.2025.xls,1231
G00282,1C25TUV,00000441,14/04/2025,1831482,146519,1978001,Bang_ke_hoa_don_da_su_dung_2024-T6.2025.xls,1232
G00283,1C25TUV,00000442,14/04/2025,5433333,434667,5868000,Bang_ke_hoa_don_da_su_dung_2024-T6.2025.xls,1233
G00284,1C25TUV,00000444,14/04/2025,298681482,23894519,322576001,Bang_ke_hoa_don_da_su_dung_2024-T6.2025.xls,1235
G00285,1C25TUV,00000445,14/04/2025,618800488,49504039,668304527,Bang_ke_hoa_don_da_su_dung_2024-T6.2025.xls,1236
G00286,1C25TUV,00000446,15/04/2025,5317333,425387,5742720,Bang_ke_hoa_don_da_su_dung_2024-T6.2025.xls,1237
G00287,1C25TUV,00000447,15/04/2025,481481,38518,519999,Bang_ke_hoa_don_da_su_dung_2024-T6.2025.xls,1238
G00287,1C25TUV,00008587,26/06/2025,481481,38518,519999,Bang_ke_hoa_don_da_su_dung_T6.2025.xls,4390
G00288,1C25TUV,00000448,15/04/2025,1843657,147493,1991150,Bang_ke_hoa_don_da_su_dung_2024-T6.2025.xls,1239
G00289,1C25TUV,00000449,15/04/2025,1608380,128670,1737050,Bang_ke_hoa_don_da_su_dung_2024-T6.2025.xls,1240
G00290,1C25TUV,00000450,15/04/2025,2829768,226381,3056149,Bang_ke_hoa_don_da_su_dung_2024-T6.2025.xls,1241
G00291,1C25TUV,00000451,15/04/2025,1680648,134452,1815100,Bang_ke_hoa_don_da_su_dung_2024-T6.2025.xls,1242
G00291,1C25TUV,00000452,15/04/2025,1680648,134452,1815100,Bang_ke_hoa_don_da_su_dung_2024-T6.2025.xls,1243
G00292,1C25TUV,00000454,15/04/2025,1253889,100311,1354200,Bang_ke_hoa_don_da_su_dung_2024-T6.2025.xls,1245
G00293,1C25TUV,00000457,16/04/2025,4071296,325704,4397000,Bang_ke_hoa_don_da_su_dung_2024-T6.2025.xls,1248
G00294,1C25TUV,00000458,16/04/2025,12320193,985615,13305808,Bang_ke_hoa_don_da_su_dung_2024-T6.2025.xls,1249
G00295,1C25TUV,00000459,16/04/2025,3641526,291322,3932848,Bang_ke_hoa_don_da_su_dung_2024-T6.2025.xls,1250
G00296,1C25TUV,00000460,16/04/2025,4912037,392963,5305000,Bang_ke_hoa_don_da_su_dung_2024-T6.2025.xls,1251
G00297,1C25TUV,00000461,16/04/2025,26862563,2149005,29011568,Bang_ke_hoa_don_da_su_dung_2024-T6.2025.xls,1252
G00298,1C25TUV,00000462,16/04/2025,63963651,5117092,69080743,Bang_ke_hoa_don_da_su_dung_2024-T6.2025.xls,1253
G00299,1C25TUV,00000463,16/04/2025,141509011,11320721,152829732,Bang_ke_hoa_don_da_su_dung_2024-T6.2025.xls,1254
G00300,1C25TUV,00000465,16/04/2025,616509015,49320721,665829736,Bang_ke_hoa_don_da_su_dung_2024-T6.2025.xls,1256
G00301,1C25TUV,00000466,16/04/2025,141913732,11353099,153266831,Bang_ke_hoa_don_da_su_dung_2024-T6.2025.xls,1257
G00302,1C25TUV,00000467,16/04/2025,481481,38518,519999,Bang_ke_hoa_don_da_su_dung_2024-T6.2025.xls,1258
G00303,1C25TUV,00000469,16/04/2025,1666667,133333,1800000,Bang_ke_hoa_don_da_su_dung_2024-T6.2025.xls,1260
G00303,1C25TUV,00000527,29/04/2025,1666667,133333,1800000,Bang_ke_hoa_don_da_su_dung_2024-T6.2025.xls,1318
G00304,1C25TUV,00000470,16/04/2025,527870,42230,570100,Bang_ke_hoa_don_da_su_dung_2024-T6.2025.xls,1261
G00304,1C25TUV,00000474,17/04/2025,527870,42230,570100,Bang_ke_hoa_don_da_su_dung_2024-T6.2025.xls,1265
G00305,1C25TUV,00000473,17/04/2025,416667,33333,450000,Bang_ke_hoa_don_da_su_dung_2024-T6.2025.xls,1264
G00306,1C25TUV,00000476,17/04/2025,160197680,12815814,173013494,Bang_ke_hoa_don_da_su_dung_2024-T6.2025.xls,1267
G00307,1C25TUV,00000477,18/04/2025,10593333,847467,11440800,Bang_ke_hoa_don_da_su_dung_2024-T6.2025.xls,1268
G00308,1C25TUV,00000482,19/04/2025,485793,38863,524656,Bang_ke_hoa_don_da_su_dung_2024-T6.2025.xls,1273
G00309,1C25TUV,00000483,20/04/2025,471806,37744,509550,Bang_ke_hoa_don_da_su_dung_2024-T6.2025.xls,1274
G00309,1C25TUV,00007027,20/06/2025,471806,37744,509550,Bang_ke_hoa_don_da_su_dung_T6.2025.xls,2830
G00310,1C25TUV,00000486,21/04/2025,3678000,294240,3972240,Bang_ke_hoa_don_da_su_dung_2024-T6.2025.xls,1277
G00311,1C25TUV,00000487,21/04/2025,2343333,187467,2530800,Bang_ke_hoa_don_da_su_dung_2024-T6.2025.xls,1278
G00312,1C25TUV,00000488,21/04/2025,637963,51037,689000,Bang_ke_hoa_don_da_su_dung_2024-T6.2025.xls,1279
G00313,1C25TUV,00000489,21/04/2025,95655336,7652427,103307763,Bang_ke_hoa_don_da_su_dung_2024-T6.2025.xls,1280
G00314,1C25TUV,00000492,22/04/2025,2744668,219573,2964241,Bang_ke_hoa_don_da_su_dung_2024-T6.2025.xls,1283
G00315,1C25TUV,00000493,22/04/2025,989815,79185,1069000,Bang_ke_hoa_don_da_su_dung_2024-T6.2025.xls,1284
G00316,1C25TUV,00000498,23/04/2025,370370,29630,400000,Bang_ke_hoa_don_da_su_dung_2024-T6.2025.xls,1289
G00317,1C25TUV,00000499,23/04/2025,909306,72744,982050,Bang_ke_hoa_don_da_su_dung_2024-T6.2025.xls,1290
G00318,1C25TUV,00000501,24/04/2025,146565297,11725224,158290521,Bang_ke_hoa_don_da_su_dung_2024-T6.2025.xls,1292
G00319,1C25TUV,00000502,25/04/2025,88385185,7070815,95456000,Bang_ke_hoa_don_da_su_dung_2024-T6.2025.xls,1293
G00320,1C25TUV,00000503,25/04/2025,136232394,10898592,147130986,Bang_ke_hoa_don_da_su_dung_2024-T6.2025.xls,1294
G00321,1C25TUV,00000504,25/04/2025,2152314,172185,2324499,Bang_ke_hoa_don_da_su_dung_2024-T6.2025.xls,1295
G00322,1C25TUV,00000505,25/04/2025,3172000,253760,3425760,Bang_ke_hoa_don_da_su_dung_2024-T6.2025.xls,1296
G00323,1C25TUV,00000506,25/04/2025,2212037,176963,2389000,Bang_ke_hoa_don_da_su_dung_2024-T6.2025.xls,1297
G00323,1C25TUV,00000752,17/05/2025,2212037,176963,2389000,Bang_ke_hoa_don_da_su_dung_2024-T6.2025.xls,1543
G00324,1C25TUV,00000507,26/04/2025,3848148,307852,4156000,Bang_ke_hoa_don_da_su_dung_2024-T6.2025.xls,1298
G00325,1C25TUV,00000513,26/04/2025,59840741,4787259,64628000,Bang_ke_hoa_don_da_su_dung_2024-T6.2025.xls,1304
G00326,1C25TUV,00000514,26/04/2025,109940766,8795261,118736027,Bang_ke_hoa_don_da_su_dung_2024-T6.2025.xls,1305
G00327,1C25TUV,00000515,26/04/2025,453704,36296,490000,Bang_ke_hoa_don_da_su_dung_2024-T6.2025.xls,1306
G00328,1C25TUV,00000516,26/04/2025,138889,11111,150000,Bang_ke_hoa_don_da_su_dung_2024-T6.2025.xls,1307
G00328,1C25TUV,00000539,03/05/2025,138889,11111,150000,Bang_ke_hoa_don_da_su_dung_2024-T6.2025.xls,1330
G00328,1C25TUV,00000768,20/05/2025,138889,11111,150000,Bang_ke_hoa_don_da_su_dung_2024-T6.2025.xls,1559
G00328,1C25TUV,00002361,30/05/2025,138889,11111,150000,Bang_ke_hoa_don_da_su_dung_2024-T6.2025.xls,3150
G00328,1C25TUV,00003064,03/06/2025,138889,11111,150000,Bang_ke_hoa_don_da_su_dung_2024-T6.2025.xls,3853
G00328,1C25TUV,00008059,23/06/2025,138889,11111,150000,Bang_ke_hoa_don_da_su_dung_T6.2025.xls,3862
G00328,1C25TUV,00008060,23/06/2025,138889,11111,150000,Bang_ke_hoa_don_da_su_dung_T6.2025.xls,3863
G00328,1C25TUV,00008385,25/06/2025,138889,11111,150000,Bang_ke_hoa_don_da_su_dung_T6.2025.xls,4188
G00329,1C25TUV,00000520,28/04/2025,2796667,223733,3020400,Bang_ke_hoa_don_da_su_dung_2024-T6.2025.xls,1311
G00330,1C25TUV,00000521,28/04/2025,3396667,271733,3668400,Bang_ke_hoa_don_da_su_dung_2024-T6.2025.xls,1312
G00331,1C25TUV,00000526,29/04/2025,472730,37818,510548,Bang_ke_hoa_don_da_su_dung_2024-T6.2025.xls,1317
G00332,1C25TUV,00000528,29/04/2025,628704,50296,679000,Bang_ke_hoa_don_da_su_dung_2024-T6.2025.xls,1319
G00332,1C25TUV,00000751,16/05/2025,628704,50296,679000,Bang_ke_hoa_don_da_su_dung_2024-T6.2025.xls,1542
G00332,1C25TUV,00000824,25/05/2025,628704,50296,679000,Bang_ke_hoa_don_da_su_dung_2024-T6.2025.xls,1615
G00332,1C25TUV,00000827,25/05/2025,628704,50296,679000,Bang_ke_hoa_don_da_su_dung_2024-T6.2025.xls,1618
G00332,1C25TUV,00000828,25/05/2025,628704,50296,679000,Bang_ke_hoa_don_da_su_dung_2024-T6.2025.xls,1619
G00332,1C25TUV,00000830,25/05/2025,628704,50296,679000,Bang_ke_hoa_don_da_su_dung_2024-T6.2025.xls,1621
G00332,1C25TUV,00000834,25/05/2025,628704,50296,679000,Bang_ke_hoa_don_da_su_dung_2024-T6.2025.xls,1625
G00332,1C25TUV,00000839,25/05/2025,628704,50296,679000,Bang_ke_hoa_don_da_su_dung_2024-T6.2025.xls,1630
G00332,1C25TUV,00000844,25/05/2025,628704,50296,679000,Bang_ke_hoa_don_da_su_dung_2024-T6.2025.xls,1635
G00332,1C25TUV,00000862,25/05/2025,628704,50296,679000,Bang_ke_hoa_don_da_su_dung_2024-T6.2025.xls,1653
G00332,1C25TUV,00000866,25/05/2025,628704,50296,679000,Bang_ke_hoa_don_da_su_dung_2024-T6.2025.xls,1657
G00332,1C25TUV,00000867,25/05/2025,628704,50296,679000,Bang_ke_hoa_don_da_su_dung_2024-T6.2025.xls,1658
G00332,1C25TUV,00000868,25/05/2025,628704,50296,679000,Bang_ke_hoa_don_da_su_dung_2024-T6.2025.xls,1659
G00332,1C25TUV,00000873,25/05/2025,628704,50296,679000,Bang_ke_hoa_don_da_su_dung_2024-T6.2025.xls,1664
G00332,1C25TUV,00000876,25/05/2025,628704,50296,679000,Bang_ke_hoa_don_da_su_dung_2024-T6.2025.xls,1667
G00332,1C25TUV,00000881,25/05/2025,628704,50296,679000,Bang_ke_hoa_don_da_su_dung_2024-T6.2025.xls,1672
G00332,1C25TUV,00000882,25/05/2025,628704,50296,679000,Bang_ke_hoa_don_da_su_dung_2024-T6.2025.xls,1673
G00332,1C25TUV,00000887,25/05/2025,628704,50296,679000,Bang_ke_hoa_don_da_su_dung_2024-T6.2025.xls,1678
G00332,1C25TUV,00000891,25/05/2025,628704,50296,679000,Bang_ke_hoa_don_da_su_dung_2024-T6.2025.xls,1682
G00332,1C25TUV,00000895,25/05/2025,628704,50296,679000,Bang_ke_hoa_don_da_su_dung_2024-T6.2025.xls,1686
G00332,1C25TUV,00000901,25/05/2025,628704,50296,679000,Bang_ke_hoa_don_da_su_dung_2024-T6.2025.xls,1692
G00332,1C25TUV,00000966,25/05/2025,628704,50296,679000,Bang_ke_hoa_don_da_su_dung_2024-T6.2025.xls,1757
G00332,1C25TUV,00000967,25/05/2025,628704,50296,679000,Bang_ke_hoa_don_da_su_dung_2024-T6.2025.xls,1758
G00332,1C25TUV,00000973,25/05/2025,628704,50296,679000,Bang_ke_hoa_don_da_su_dung_2024-T6.2025.xls,1764
G00332,1C25TUV,00000974,25/05/2025,628704,50296,679000,Bang_ke_hoa_don_da_su_dung_2024-T6.2025.xls,1765
G00332,1C25TUV,00000976,25/05/2025,628704,50296,679000,Bang_ke_hoa_don_da_su_dung_2024-T6.2025.xls,1767
G00332,1C25TUV,00000990,25/05/2025,628704,50296,679000,Bang_ke_hoa_don_da_su_dung_2024-T6.2025.xls,1781
G00332,1C25TUV,00000991,25/05/2025,628704,50296,679000,Bang_ke_hoa_don_da_su_dung_2024-T6.2025.xls,1782
G00332,1C25TUV,00000992,25/05/2025,628704,50296,679000,Bang_ke_hoa_don_da_su_dung_2024-T6.2025.xls,1783
G00332,1C25TUV,00000993,25/05/2025,628704,50296,679000,Bang_ke_hoa_don_da_su_dung_2024-T6.2025.xls,1784
G00332,1C25TUV,00000994,25/05/2025,628704,50296,679000,Bang_ke_hoa_don_da_su_dung_2024-T6.2025.xls,1785
G00332,1C25TUV,00000995,25/05/2025,628704,50296,679000,Bang_ke_hoa_don_da_su_dung_2024-T6.2025.xls,1786
G00332,1C25TUV,00000996,25/05/2025,628704,50296,679000,Bang_ke_hoa_don_da_su_dung_2024-T6.2025.xls,1787
G00332,1C25TUV,00001000,25/05/2025,628704,50296,679000,Bang_ke_hoa_don_da_su_dung_2024-T6.2025.xls,1791
G00332,1C25TUV,00001001,25/05/2025,628704,50296,679000,Bang_ke_hoa_don_da_su_dung_2024-T6.2025.xls,1792
G00332,1C25TUV,00001004,25/05/2025,628704,50296,679000,Bang_ke_hoa_don_da_su_dung_2024-T6.2025.xls,1795
G00332,1C25TUV,00001005,25/05/2025,628704,50296,679000,Bang_ke_hoa_don_da_su_dung_2024-T6.2025.xls,1796
G00332,1C25TUV,00001006,25/05/2025,628704,50296,679000,Bang_ke_hoa_don_da_su_dung_2024-T6.2025.xls,1797
G00332,1C25TUV,00001014,25/05/2025,628704,50296,679000,Bang_ke_hoa_don_da_su_dung_2024-T6.2025.xls,1805
G00332,1C25TUV,00001015,25/05/2025,628704,50296,679000,Bang_ke_hoa_don_da_su_dung_2024-T6.2025.xls,1806
G00332,1C25TUV,00001017,25/05/2025,628704,50296,679000,Bang_ke_hoa_don_da_su_dung_2024-T6.2025.xls,1808
G00332,1C25TUV,00001021,25/05/2025,628704,50296,679000,Bang_ke_hoa_don_da_su_dung_2024-T6.2025.xls,1812
G00332,1C25TUV,00001026,25/05/2025,628704,50296,679000,Bang_ke_hoa_don_da_su_dung_2024-T6.2025.xls,1817
G00332,1C25TUV,00001029,25/05/2025,628704,50296,679000,Bang_ke_hoa_don_da_su_dung_2024-T6.2025.xls,1820
G00332,1C25TUV,00001035,25/05/2025,628704,50296,679000,Bang_ke_hoa_don_da_su_dung_2024-T6.2025.xls,1826
G00332,1C25TUV,00001179,26/05/2025,628704,50296,679000,Bang_ke_hoa_don_da_su_dung_2024-T6.2025.xls,1970
G00332,1C25TUV,00001182,26/05/2025,628704,50296,679000,Bang_ke_hoa_don_da_su_dung_2024-T6.2025.xls,1973
G00332,1C25TUV,00001183,26/05/2025,628704,50296,679000,Bang_ke_hoa_don_da_su_dung_2024-T6.2025.xls,1974
G00332,1C25TUV,00001185,26/05/2025,628704,50296,679000,Bang_ke_hoa_don_da_su_dung_2024-T6.2025.xls,1976
G00332,1C25TUV,00001192,26/05/2025,628704,50296,679000,Bang_ke_hoa_don_da_su_dung_2024-T6.2025.xls,1983
G00332,1C25TUV,00001259,27/05/2025,628704,50296,679000,Bang_ke_hoa_don_da_su_dung_2024-T6.2025.xls,2050
G00332,1C25TUV,00001269,27/05/2025,628704,50296,679000,Bang_ke_hoa_don_da_su_dung_2024-T6.2025.xls,2060
G00332,1C25TUV,00001275,27/05/2025,628704,50296,679000,Bang_ke_hoa_don_da_su_dung_2024-T6.2025.xls,2066
G00332,1C25TUV,00001289,27/05/2025,628704,50296,679000,Bang_ke_hoa_don_da_su_dung_2024-T6.2025.xls,2080
G00332,1C25TUV,00001290,27/05/2025,628704,50296,679000,Bang_ke_hoa_don_da_su_dung_2024-T6.2025.xls,2081
G00332,1C25TUV,00001296,27/05/2025,628704,50296,679000,Bang_ke_hoa_don_da_su_dung_2024-T6.2025.xls,2087
G00332,1C25TUV,00001297,27/05/2025,628704,50296,679000,Bang_ke_hoa_don_da_su_dung_2024-T6.2025.xls,2088
G00332,1C25TUV,00001382,27/05/2025,628704,50296,679000,Bang_ke_hoa_don_da_su_dung_2024-T6.2025.xls,2173
G00332,1C25TUV,00001383,27/05/2025,628704,50296,679000,Bang_ke_hoa_don_da_su_dung_2024-T6.2025.xls,2174
G00332,1C25TUV,00001384,27/05/2025,628704,50296,679000,Bang_ke_hoa_don_da_su_dung_2024-T6.2025.xls,2175
G00332,1C25TUV,00001385,27/05/2025,628704,50296,679000,Bang_ke_hoa_don_da_su_dung_2024-T6.2025.xls,2176
G00332,1C25TUV,00001387,27/05/2025,628704,50296,679000,Bang_ke_hoa_don_da_su_dung_2024-T6.2025.xls,2178
G00332,1C25TUV,00001388,27/05/2025,628704,50296,679000,Bang_ke_hoa_don_da_su_dung_2024-T6.2025.xls,2179
G00332,1C25TUV,00001390,27/05/2025,628704,50296,679000,Bang_ke_hoa_don_da_su_dung_2024-T6.2025.xls,2181
G00332,1C25TUV,00001392,27/05/2025,628704,50296,679000,Bang_ke_hoa_don_da_su_dung_2024-T6.2025.xls,2183
G00332,1C25TUV,00001393,27/05/2025,628704,50296,679000,Bang_ke_hoa_don_da_su_dung_2024-T6.2025.xls,2184
G00332,1C25TUV,00001395,27/05/2025,628704,50296,679000,Bang_ke_hoa_don_da_su_dung_2024-T6.2025.xls,2186
G00332,1C25TUV,00001411,27/05/2025,628704,50296,679000,Bang_ke_hoa_don_da_su_dung_2024-T6.2025.xls,2202
G00332,1C25TUV,00001415,27/05/2025,628704,50296,679000,Bang_ke_hoa_don_da_su_dung_2024-T6.2025.xls,2206
G00332,1C25TUV,00001572,28/05/2025,628704,50296,679000,Bang_ke_hoa_don_da_su_dung_2024-T6.2025.xls,2363
G00332,1C25TUV,00001577,28/05/2025,628704,50296,679000,Bang_ke_hoa_don_da_su_dung_2024-T6.2025.xls,2368
G00332,1C25TUV,00001583,28/05/2025,628704,50296,679000,Bang_ke_hoa_don_da_su_dung_2024-T6.2025.xls,2374
G00332,1C25TUV,00001584,28/05/2025,628704,50296,679000,Bang_ke_hoa_don_da_su_dung_2024-T6.2025.xls,2375
G00332,1C25TUV,00001589,28/05/2025,628704,50296,679000,Bang_ke_hoa_don_da_su_dung_2024-T6.2025.xls,2380
G00332,1C25TUV,00001590,28/05/2025,628704,50296,679000,Bang_ke_hoa_don_da_su_dung_2024-T6.2025.xls,2381
G00332,1C25TUV,00001596,28/05/2025,628704,50296,679000,Bang_ke_hoa_don_da_su_dung_2024-T6.2025.xls,2387
G00332,1C25TUV,00001603,28/05/2025,628704,50296,679000,Bang_ke_hoa_don_da_su_dung_2024-T6.2025.xls,2394
G00332,1C25TUV,00001608,28/05/2025,628704,50296,679000,Bang_ke_hoa_don_da_su_dung_2024-T6.2025.xls,2399
G00332,1C25TUV,00001641,28/05/2025,628704,50296,679000,Bang_ke_hoa_don_da_su_dung_2024-T6.2025.xls,2432
G00332,1C25TUV,00001644,28/05/2025,628704,50296,679000,Bang_ke_hoa_don_da_su_dung_2024-T6.2025.xls,2435
G00332,1C25TUV,00001698,28/05/2025,628704,50296,679000,Bang_ke_hoa_don_da_su_dung_2024-T6.2025.xls,2489
G00332,1C25TUV,00001700,28/05/2025,628704,50296,679000,Bang_ke_hoa_don_da_su_dung_2024-T6.2025.xls,2491
G00332,1C25TUV,00001701,28/05/2025,628704,50296,679000,Bang_ke_hoa_don_da_su_dung_2024-T6.2025.xls,2492
G00332,1C25TUV,00001702,28/05/2025,628704,50296,679000,Bang_ke_hoa_don_da_su_dung_2024-T6.2025.xls,2493
G00332,1C25TUV,00001703,28/05/2025,628704,50296,679000,Bang_ke_hoa_don_da_su_dung_2024-T6.2025.xls,2494
G00332,1C25TUV,00001706,28/05/2025,628704,50296,679000,Bang_ke_hoa_don_da_su_dung_2024-T6.2025.xls,2497
G00332,1C25TUV,00001708,28/05/2025,628704,50296,679000,Bang_ke_hoa_don_da_su_dung_2024-T6.2025.xls,2499
G00332,1C25TUV,00001709,28/05/2025,628704,50296,679000,Bang_ke_hoa_don_da_su_dung_2024-T6.2025.xls,2500
G00332,1C25TUV,00001714,28/05/2025,628704,50296,679000,Bang_ke_hoa_don_da_su_dung_2024-T6.2025.xls,2505
G00332,1C25TUV,00001722,28/05/2025,628704,50296,679000,Bang_ke_hoa_don_da_su_dung_2024-T6.2025.xls,2513
G00332,1C25TUV,00001724,28/05/2025,628704,50296,679000,Bang_ke_hoa_don_da_su_dung_2024-T6.2025.xls,2515
G00332,1C25TUV,00001728,28/05/2025,628704,50296,679000,Bang_ke_hoa_don_da_su_dung_2024-T6.2025.xls,2519
G00332,1C25TUV,00001729,28/05/2025,628704,50296,679000,Bang_ke_hoa_don_da_su_dung_2024-T6.2025.xls,2520
G00332,1C25TUV,00001888,29/05/2025,628704,50296,679000,Bang_ke_hoa_don_da_su_dung_2024-T6.2025.xls,2679
G00332,1C25TUV,00001889,29/05/2025,628704,50296,679000,Bang_ke_hoa_don_da_su_dung_2024-T6.2025.xls,2680
G00332,1C25TUV,00001890,29/05/2025,628704,50296,679000,Bang_ke_hoa_don_da_su_dung_2024-T6.2025.xls,2681
G00332,1C25TUV,00001891,29/05/2025,628704,50296,679000,Bang_ke_hoa_don_da_su_dung_2024-T6.2025.xls,2682
G00332,1C25TUV,00001893,29/05/2025,628704,50296,679000,Bang_ke_hoa_don_da_su_dung_2024-T6.2025.xls,2684
G00332,1C25TUV,00001894,29/05/2025,628704,50296,679000,Bang_ke_hoa_don_da_su_dung_2024-T6.2025.xls,2685
G00332,1C25TUV,00001992,29/05/2025,628704,50296,679000,Bang_ke_hoa_don_da_su_dung_2024-T6.2025.xls,2782
G00332,1C25TUV,00001993,29/05/2025,628704,50296,679000,Bang_ke_hoa_don_da_su_dung_2024-T6.2025.xls,2783
G00332,1C25TUV,00001994,29/05/2025,628704,50296,679000,Bang_ke_hoa_don_da_su_dung_2024-T6.2025.xls,2784
G00332,1C25TUV,00001995,29/05/2025,628704,50296,679000,Bang_ke_hoa_don_da_su_dung_2024-T6.2025.xls,2785
G00332,1C25TUV,00001996,29/05/2025,628704,50296,679000,Bang_ke_hoa_don_da_su_dung_2024-T6.2025.xls,2786
G00332,1C25TUV,00001997,29/05/2025,628704,50296,679000,Bang_ke_hoa_don_da_su_dung_2024-T6.2025.xls,2787
G00332,1C25TUV,00001998,29/05/2025,628704,50296,679000,Bang_ke_hoa_don_da_su_dung_2024-T6.2025.xls,2788
G00332,1C25TUV,00001999,29/05/2025,628704,50296,679000,Bang_ke_hoa_don_da_su_dung_2024-T6.2025.xls,2789
G00332,1C25TUV,00002000,29/05/2025,628704,50296,679000,Bang_ke_hoa_don_da_su_dung_2024-T6.2025.xls,2790
G00332,1C25TUV,00002001,29/05/2025,628704,50296,679000,Bang_ke_hoa_don_da_su_dung_2024-T6.2025.xls,2791
G00332,1C25TUV,00002026,29/05/2025,628704,50296,679000,Bang_ke_hoa_don_da_su_dung_2024-T6.2025.xls,2816
G00332,1C25TUV,00002400,30/05/2025,628704,50296,679000,Bang_ke_hoa_don_da_su_dung_2024-T6.2025.xls,3189
G00332,1C25TUV,00002402,30/05/2025,628704,50296,679000,Bang_ke_hoa_don_da_su_dung_2024-T6.2025.xls,3191
G00332,1C25TUV,00002403,30/05/2025,628704,50296,679000,Bang_ke_hoa_don_da_su_dung_2024-T6.2025.xls,3192
G00332,1C25TUV,00002404,30/05/2025,628704,50296,679000,Bang_ke_hoa_don_da_su_dung_2024-T6.2025.xls,3193
G00332,1C25TUV,00002405,30/05/2025,628704,50296,679000,Bang_ke_hoa_don_da_su_dung_2024-T6.2025.xls,3194
G00332,1C25TUV,00002406,30/05/2025,628704,50296,679000,Bang_ke_hoa_don_da_su_dung_2024-T6.2025.xls,3195
G00332,1C25TUV,00002407,30/05/2025,628704,50296,679000,Bang_ke_hoa_don_da_su_dung_2024-T6.2025.xls,3196
G00332,1C25TUV,00002408,30/05/2025,628704,50296,679000,Bang_ke_hoa_don_da_su_dung_2024-T6.2025.xls,3197
G00332,1C25TUV,00002409,30/05/2025,628704,50296,679000,Bang_ke_hoa_don_da_su_dung_2024-T6.2025.xls,3198
G00332,1C25TUV,00002412,30/05/2025,628704,50296,679000,Bang_ke_hoa_don_da_su_dung_2024-T6.2025.xls,3201
G00332,1C25TUV,00002480,30/05/2025,628704,50296,679000,Bang_ke_hoa_don_da_su_dung_2024-T6.2025.xls,3269
G00332,1C25TUV,00002501,30/05/2025,628704,50296,679000,Bang_ke_hoa_don_da_su_dung_2024-T6.2025.xls,3290
G00332,1C25TUV,00002502,30/05/2025,628704,50296,679000,Bang_ke_hoa_don_da_su_dung_2024-T6.2025.xls,3291
G00332,1C25TUV,00002504,30/05/2025,628704,50296,679000,Bang_ke_hoa_don_da_su_dung_2024-T6.2025.xls,3293
G00332,1C25TUV,00002505,30/05/2025,628704,50296,679000,Bang_ke_hoa_don_da_su_dung_2024-T6.2025.xls,3294
G00332,1C25TUV,00002506,30/05/2025,628704,50296,679000,Bang_ke_hoa_don_da_su_dung_2024-T6.2025.xls,3295
G00332,1C25TUV,00002507,30/05/2025,628704,50296,679000,Bang_ke_hoa_don_da_su_dung_2024-T6.2025.xls,3296
G00332,1C25TUV,00002508,30/05/2025,628704,50296,679000,Bang_ke_hoa_don_da_su_dung_2024-T6.2025.xls,3297
G00332,1C25TUV,00002509,30/05/2025,628704,50296,679000,Bang_ke_hoa_don_da_su_dung_2024-T6.2025.xls,3298
G00332,1C25TUV,00002510,30/05/2025,628704,50296,679000,Bang_ke_hoa_don_da_su_dung_2024-T6.2025.xls,3299
G00332,1C25TUV,00002511,30/05/2025,628704,50296,679000,Bang_ke_hoa_don_da_su_dung_2024-T6.2025.xls,3300
G00332,1C25TUV,00002512,30/05/2025,628704,50296,679000,Bang_ke_hoa_don_da_su_dung_2024-T6.2025.xls,3301
G00332,1C25TUV,00002513,30/05/2025,628704,50296,679000,Bang_ke_hoa_don_da_su_dung_2024-T6.2025.xls,3302
G00332,1C25TUV,00002514,30/05/2025,628704,50296,679000,Bang_ke_hoa_don_da_su_dung_2024-T6.2025.xls,3303
G00332,1C25TUV,00002516,30/05/2025,628704,50296,679000,Bang_ke_hoa_don_da_su_dung_2024-T6.2025.xls,3305
G00332,1C25TUV,00002517,30/05/2025,628704,50296,679000,Bang_ke_hoa_don_da_su_dung_2024-T6.2025.xls,3306
G00332,1C25TUV,00002518,30/05/2025,628704,50296,679000,Bang_ke_hoa_don_da_su_dung_2024-T6.2025.xls,3307
G00332,1C25TUV,00002519,30/05/2025,628704,50296,679000,Bang_ke_hoa_don_da_su_dung_2024-T6.2025.xls,3308
G00332,1C25TUV,00002520,30/05/2025,628704,50296,679000,Bang_ke_hoa_don_da_su_dung_2024-T6.2025.xls,3309
G00332,1C25TUV,00002669,31/05/2025,628704,50296,679000,Bang_ke_hoa_don_da_su_dung_2024-T6.2025.xls,3458
G00332,1C25TUV,00002670,31/05/2025,628704,50296,679000,Bang_ke_hoa_don_da_su_dung_2024-T6.2025.xls,3459
G00332,1C25TUV,00002671,31/05/2025,628704,50296,679000,Bang_ke_hoa_don_da_su_dung_2024-T6.2025.xls,3460
G00332,1C25TUV,00002674,31/05/2025,628704,50296,679000,Bang_ke_hoa_don_da_su_dung_2024-T6.2025.xls,3463
G00332,1C25TUV,00002675,31/05/2025,628704,50296,679000,Bang_ke_hoa_don_da_su_dung_2024-T6.2025.xls,3464
G00332,1C25TUV,00002676,31/05/2025,628704,50296,679000,Bang_ke_hoa_don_da_su_dung_2024-T6.2025.xls,3465
G00332,1C25TUV,00002678,31/05/2025,628704,50296,679000,Bang_ke_hoa_don_da_su_dung_2024-T6.2025.xls,3467
G00332,1C25TUV,00002689,31/05/2025,628704,50296,679000,Bang_ke_hoa_don_da_su_dung_2024-T6.2025.xls,3478
G00332,1C25TUV,00002734,31/05/2025,628704,50296,679000,Bang_ke_hoa_don_da_su_dung_2024-T6.2025.xls,3523
G00332,1C25TUV,00002735,31/05/2025,628704,50296,679000,Bang_ke_hoa_don_da_su_dung_2024-T6.2025.xls,3524
G00332,1C25TUV,00002736,31/05/2025,628704,50296,679000,Bang_ke_hoa_don_da_su_dung_2024-T6.2025.xls,3525
G00332,1C25TUV,00002737,31/05/2025,628704,50296,679000,Bang_ke_hoa_don_da_su_dung_2024-T6.2025.xls,3526
G00332,1C25TUV,00002738,31/05/2025,628704,50296,679000,Bang_ke_hoa_don_da_su_dung_2024-T6.2025.xls,3527
G00332,1C25TUV,00002739,31/05/2025,628704,50296,679000,Bang_ke_hoa_don_da_su_dung_2024-T6.2025.xls,3528
G00332,1C25TUV,00002740,31/05/2025,628704,50296,679000,Bang_ke_hoa_don_da_su_dung_2024-T6.2025.xls,3529
G00332,1C25TUV,00002741,31/05/2025,628704,50296,679000,Bang_ke_hoa_don_da_su_dung_2024-T6.2025.xls,3530
G00332,1C25TUV,00002759,01/06/2025,628704,50296,679000,Bang_ke_hoa_don_da_su_dung_2024-T6.2025.xls,3548
G00332,1C25TUV,00002764,01/06/2025,628704,50296,679000,Bang_ke_hoa_don_da_su_dung_2024-T6.2025.xls,3553
G00332,1C25TUV,00002766,01/06/2025,628704,50296,679000,Bang_ke_hoa_don_da_su_dung_2024-T6.2025.xls,3555
G00332,1C25TUV,00002769,01/06/2025,628704,50296,679000,Bang_ke_hoa_don_da_su_dung_2024-T6.2025.xls,3558
G00332,1C25TUV,00002771,01/06/2025,628704,50296,679000,Bang_ke_hoa_don_da_su_dung_2024-T6.2025.xls,3560
G00332,1C25TUV,00002772,01/06/2025,628704,50296,679000,Bang_ke_hoa_don_da_su_dung_2024-T6.2025.xls,3561
G00332,1C25TUV,00002784,01/06/2025,628704,50296,679000,Bang_ke_hoa_don_da_su_dung_2024-T6.2025.xls,3573
G00332,1C25TUV,00002788,01/06/2025,628704,50296,679000,Bang_ke_hoa_don_da_su_dung_2024-T6.2025.xls,3577
G00332,1C25TUV,00002802,01/06/2025,628704,50296,679000,Bang_ke_hoa_don_da_su_dung_2024-T6.2025.xls,3591
G00332,1C25TUV,00002808,01/06/2025,628704,50296,679000,Bang_ke_hoa_don_da_su_dung_2024-T6.2025.xls,3597
G00332,1C25TUV,00002811,01/06/2025,628704,50296,679000,Bang_ke_hoa_don_da_su_dung_2024-T6.2025.xls,3600
G00332,1C25TUV,00002850,02/06/2025,628704,50296,679000,Bang_ke_hoa_don_da_su_dung_2024-T6.2025.xls,3639
G00332,1C25TUV,00002856,02/06/2025,628704,50296,679000,Bang_ke_hoa_don_da_su_dung_2024-T6.2025.xls,3645
G00332,1C25TUV,00002858,02/06/2025,628704,50296,679000,Bang_ke_hoa_don_da_su_dung_2024-T6.2025.xls,3647
G00332,1C25TUV,00002860,02/06/2025,628704,50296,679000,Bang_ke_hoa_don_da_su_dung_2024-T6.2025.xls,3649
G00332,1C25TUV,00002863,02/06/2025,628704,50296,679000,Bang_ke_hoa_don_da_su_dung_2024-T6.2025.xls,3652
G00332,1C25TUV,00002889,02/06/2025,628704,50296,679000,Bang_ke_hoa_don_da_su_dung_2024-T6.2025.xls,3678
G00332,1C25TUV,00002905,02/06/2025,628704,50296,679000,Bang_ke_hoa_don_da_su_dung_2024-T6.2025.xls,3694
G00332,1C25TUV,00002906,02/06/2025,628704,50296,679000,Bang_ke_hoa_don_da_su_dung_2024-T6.2025.xls,3695
G00332,1C25TUV,00002909,02/06/2025,628704,50296,679000,Bang_ke_hoa_don_da_su_dung_2024-T6.2025.xls,3698
G00332,1C25TUV,00002912,02/06/2025,628704,50296,679000,Bang_ke_hoa_don_da_su_dung_2024-T6.2025.xls,3701
G00332,1C25TUV,00002928,03/06/2025,628704,50296,679000,Bang_ke_hoa_don_da_su_dung_2024-T6.2025.xls,3717
G00332,1C25TUV,00002943,03/06/2025,628704,50296,679000,Bang_ke_hoa_don_da_su_dung_2024-T6.2025.xls,3732
G00332,1C25TUV,00002945,03/06/2025,628704,50296,679000,Bang_ke_hoa_don_da_su_dung_2024-T6.2025.xls,3734
G00332,1C25TUV,00002946,03/06/2025,628704,50296,679000,Bang_ke_hoa_don_da_su_dung_2024-T6.2025.xls,3735
G00332,1C25TUV,00002950,03/06/2025,628704,50296,679000,Bang_ke_hoa_don_da_su_dung_2024-T6.2025.xls,3739
G00332,1C25TUV,00002953,03/06/2025,628704,50296,679000,Bang_ke_hoa_don_da_su_dung_2024-T6.2025.xls,3742
G00332,1C25TUV,00002957,03/06/2025,628704,50296,679000,Bang_ke_hoa_don_da_su_dung_2024-T6.2025.xls,3746
G00332,1C25TUV,00002959,03/06/2025,628704,50296,679000,Bang_ke_hoa_don_da_su_dung_2024-T6.2025.xls,3748
G00332,1C25TUV,00002960,03/06/2025,628704,50296,679000,Bang_ke_hoa_don_da_su_dung_2024-T6.2025.xls,3749
G00332,1C25TUV,00002962,03/06/2025,628704,50296,679000,Bang_ke_hoa_don_da_su_dung_2024-T6.2025.xls,3751
G00332,1C25TUV,00002964,03/06/2025,628704,50296,679000,Bang_ke_hoa_don_da_su_dung_2024-T6.2025.xls,3753
G00332,1C25TUV,00002967,03/06/2025,628704,50296,679000,Bang_ke_hoa_don_da_su_dung_2024-T6.2025.xls,3756
G00332,1C25TUV,00002974,03/06/2025,628704,50296,679000,Bang_ke_hoa_don_da_su_dung_2024-T6.2025.xls,3763
G00332,1C25TUV,00002975,03/06/2025,628704,50296,679000,Bang_ke_hoa_don_da_su_dung_2024-T6.2025.xls,3764
G00332,1C25TUV,00002976,03/06/2025,628704,50296,679000,Bang_ke_hoa_don_da_su_dung_2024-T6.2025.xls,3765
G00332,1C25TUV,00002978,03/06/2025,628704,50296,679000,Bang_ke_hoa_don_da_su_dung_2024-T6.2025.xls,3767
G00332,1C25TUV,00002991,03/06/2025,628704,50296,679000,Bang_ke_hoa_don_da_su_dung_2024-T6.2025.xls,3780
G00332,1C25TUV,00002997,03/06/2025,628704,50296,679000,Bang_ke_hoa_don_da_su_dung_2024-T6.2025.xls,3786
G00332,1C25TUV,00002999,03/06/2025,628704,50296,679000,Bang_ke_hoa_don_da_su_dung_2024-T6.2025.xls,3788
G00332,1C25TUV,00003003,03/06/2025,628704,50296,679000,Bang_ke_hoa_don_da_su_dung_2024-T6.2025.xls,3792
G00332,1C25TUV,00003004,03/06/2025,628704,50296,679000,Bang_ke_hoa_don_da_su_dung_2024-T6.2025.xls,3793
G00332,1C25TUV,00003014,03/06/2025,628704,50296,679000,Bang_ke_hoa_don_da_su_dung_2024-T6.2025.xls,3803
G00332,1C25TUV,00003036,03/06/2025,628704,50296,679000,Bang_ke_hoa_don_da_su_dung_2024-T6.2025.xls,3825
G00332,1C25TUV,00003042,03/06/2025,628704,50296,679000,Bang_ke_hoa_don_da_su_dung_2024-T6.2025.xls,3831
G00332,1C25TUV,00003043,03/06/2025,628704,50296,679000,Bang_ke_hoa_don_da_su_dung_2024-T6.2025.xls,3832
G00332,1C25TUV,00003044,03/06/2025,628704,50296,679000,Bang_ke_hoa_don_da_su_dung_2024-T6.2025.xls,3833
G00332,1C25TUV,00003049,03/06/2025,628704,50296,679000,Bang_ke_hoa_don_da_su_dung_2024-T6.2025.xls,3838
G00332,1C25TUV,00003056,03/06/2025,628704,50296,679000,Bang_ke_hoa_don_da_su_dung_2024-T6.2025.xls,3845
G00332,1C25TUV,00003060,03/06/2025,628704,50296,679000,Bang_ke_hoa_don_da_su_dung_2024-T6.2025.xls,3849
G00332,1C25TUV,00003065,03/06/2025,628704,50296,679000,Bang_ke_hoa_don_da_su_dung_2024-T6.2025.xls,3854
G00332,1C25TUV,00003099,04/06/2025,628704,50296,679000,Bang_ke_hoa_don_da_su_dung_2024-T6.2025.xls,3888
G00332,1C25TUV,00003101,04/06/2025,628704,50296,679000,Bang_ke_hoa_don_da_su_dung_2024-T6.2025.xls,3890
G00332,1C25TUV,00003102,04/06/2025,628704,50296,679000,Bang_ke_hoa_don_da_su_dung_2024-T6.2025.xls,3891
G00332,1C25TUV,00003103,04/06/2025,628704,50296,679000,Bang_ke_hoa_don_da_su_dung_2024-T6.2025.xls,3892
G00332,1C25TUV,00003107,04/06/2025,628704,50296,679000,Bang_ke_hoa_don_da_su_dung_2024-T6.2025.xls,3896
G00332,1C25TUV,00003109,04/06/2025,628704,50296,679000,Bang_ke_hoa_don_da_su_dung_2024-T6.2025.xls,3898
G00332,1C25TUV,00003116,04/06/2025,628704,50296,679000,Bang_ke_hoa_don_da_su_dung_2024-T6.2025.xls,3905
G00332,1C25TUV,00003117,04/06/2025,628704,50296,679000,Bang_ke_hoa_don_da_su_dung_2024-T6.2025.xls,3906
G00332,1C25TUV,00003119,04/06/2025,628704,50296,679000,Bang_ke_hoa_don_da_su_dung_2024-T6.2025.xls,3908
G00332,1C25TUV,00003120,04/06/2025,628704,50296,679000,Bang_ke_hoa_don_da_su_dung_2024-T6.2025.xls,3909
G00332,1C25TUV,00003122,04/06/2025,628704,50296,679000,Bang_ke_hoa_don_da_su_dung_2024-T6.2025.xls,3911
G00332,1C25TUV,00003123,04/06/2025,628704,50296,679000,Bang_ke_hoa_don_da_su_dung_2024-T6.2025.xls,3912
G00332,1C25TUV,00003124,04/06/2025,628704,50296,679000,Bang_ke_hoa_don_da_su_dung_2024-T6.2025.xls,3913
G00332,1C25TUV,00003128,04/06/2025,628704,50296,679000,Bang_ke_hoa_don_da_su_dung_2024-T6.2025.xls,3917
G00332,1C25TUV,00003130,04/06/2025,628704,50296,679000,Bang_ke_hoa_don_da_su_dung_2024-T6.2025.xls,3919
G00332,1C25TUV,00003133,04/06/2025,628704,50296,679000,Bang_ke_hoa_don_da_su_dung_2024-T6.2025.xls,3922
G00332,1C25TUV,00003135,04/06/2025,628704,50296,679000,Bang_ke_hoa_don_da_su_dung_2024-T6.2025.xls,3924
G00332,1C25TUV,00003141,04/06/2025,628704,50296,679000,Bang_ke_hoa_don_da_su_dung_2024-T6.2025.xls,3930
G00332,1C25TUV,00003143,04/06/2025,628704,50296,679000,Bang_ke_hoa_don_da_su_dung_2024-T6.2025.xls,3932
G00332,1C25TUV,00003148,04/06/2025,628704,50296,679000,Bang_ke_hoa_don_da_su_dung_2024-T6.2025.xls,3937
G00332,1C25TUV,00003154,04/06/2025,628704,50296,679000,Bang_ke_hoa_don_da_su_dung_2024-T6.2025.xls,3943
G00332,1C25TUV,00003166,04/06/2025,628704,50296,679000,Bang_ke_hoa_don_da_su_dung_2024-T6.2025.xls,3955
G00332,1C25TUV,00003167,04/06/2025,628704,50296,679000,Bang_ke_hoa_don_da_su_dung_2024-T6.2025.xls,3956
G00332,1C25TUV,00003194,04/06/2025,628704,50296,679000,Bang_ke_hoa_don_da_su_dung_2024-T6.2025.xls,3983
G00332,1C25TUV,00003195,04/06/2025,628704,50296,679000,Bang_ke_hoa_don_da_su_dung_2024-T6.2025.xls,3984
G00332,1C25TUV,00003198,04/06/2025,628704,50296,679000,Bang_ke_hoa_don_da_su_dung_2024-T6.2025.xls,3987
G00332,1C25TUV,00003201,04/06/2025,628704,50296,679000,Bang_ke_hoa_don_da_su_dung_2024-T6.2025.xls,3990
G00332,1C25TUV,00003204,04/06/2025,628704,50296,679000,Bang_ke_hoa_don_da_su_dung_2024-T6.2025.xls,3993
G00332,1C25TUV,00003205,04/06/2025,628704,50296,679000,Bang_ke_hoa_don_da_su_dung_2024-T6.2025.xls,3994
G00332,1C25TUV,00003209,04/06/2025,628704,50296,679000,Bang_ke_hoa_don_da_su_dung_2024-T6.2025.xls,3998
G00332,1C25TUV,00003212,04/06/2025,628704,50296,679000,Bang_ke_hoa_don_da_su_dung_2024-T6.2025.xls,4001
G00332,1C25TUV,00003214,04/06/2025,628704,50296,679000,Bang_ke_hoa_don_da_su_dung_2024-T6.2025.xls,4003
G00332,1C25TUV,00003229,05/06/2025,628704,50296,679000,Bang_ke_hoa_don_da_su_dung_2024-T6.2025.xls,4018
G00332,1C25TUV,00003233,05/06/2025,628704,50296,679000,Bang_ke_hoa_don_da_su_dung_2024-T6.2025.xls,4022
G00332,1C25TUV,00003284,05/06/2025,628704,50296,679000,Bang_ke_hoa_don_da_su_dung_2024-T6.2025.xls,4073
G00332,1C25TUV,00003286,05/06/2025,628704,50296,679000,Bang_ke_hoa_don_da_su_dung_2024-T6.2025.xls,4075
G00332,1C25TUV,00003289,05/06/2025,628704,50296,679000,Bang_ke_hoa_don_da_su_dung_2024-T6.2025.xls,4078
G00332,1C25TUV,00003291,05/06/2025,628704,50296,679000,Bang_ke_hoa_don_da_su_dung_2024-T6.2025.xls,4080
G00332,1C25TUV,00003292,05/06/2025,628704,50296,679000,Bang_ke_hoa_don_da_su_dung_2024-T6.2025.xls,4081
G00332,1C25TUV,00003293,05/06/2025,628704,50296,679000,Bang_ke_hoa_don_da_su_dung_2024-T6.2025.xls,4082
G00332,1C25TUV,00003295,05/06/2025,628704,50296,679000,Bang_ke_hoa_don_da_su_dung_2024-T6.2025.xls,4084
G00332,1C25TUV,00003296,05/06/2025,628704,50296,679000,Bang_ke_hoa_don_da_su_dung_2024-T6.2025.xls,4085
G00332,1C25TUV,00003297,05/06/2025,628704,50296,679000,Bang_ke_hoa_don_da_su_dung_2024-T6.2025.xls,4086
G00332,1C25TUV,00003298,05/06/2025,628704,50296,679000,Bang_ke_hoa_don_da_su_dung_2024-T6.2025.xls,4087
G00332,1C25TUV,00003299,05/06/2025,628704,50296,679000,Bang_ke_hoa_don_da_su_dung_2024-T6.2025.xls,4088
G00332,1C25TUV,00003300,05/06/2025,628704,50296,679000,Bang_ke_hoa_don_da_su_dung_2024-T6.2025.xls,4089
G00332,1C25TUV,00003303,05/06/2025,628704,50296,679000,Bang_ke_hoa_don_da_su_dung_2024-T6.2025.xls,4092
G00332,1C25TUV,00003304,05/06/2025,628704,50296,679000,Bang_ke_hoa_don_da_su_dung_2024-T6.2025.xls,4093
G00332,1C25TUV,00003306,05/06/2025,628704,50296,679000,Bang_ke_hoa_don_da_su_dung_2024-T6.2025.xls,4095
G00332,1C25TUV,00003308,05/06/2025,628704,50296,679000,Bang_ke_hoa_don_da_su_dung_2024-T6.2025.xls,4097
G00332,1C25TUV,00003309,05/06/2025,628704,50296,679000,Bang_ke_hoa_don_da_su_dung_2024-T6.2025.xls,4098
G00332,1C25TUV,00003311,05/06/2025,628704,50296,679000,Bang_ke_hoa_don_da_su_dung_2024-T6.2025.xls,4100
G00332,1C25TUV,00003313,05/06/2025,628704,50296,679000,Bang_ke_hoa_don_da_su_dung_2024-T6.2025.xls,4102
G00332,1C25TUV,00003316,05/06/2025,628704,50296,679000,Bang_ke_hoa_don_da_su_dung_2024-T6.2025.xls,4105
G00332,1C25TUV,00003317,05/06/2025,628704,50296,679000,Bang_ke_hoa_don_da_su_dung_2024-T6.2025.xls,4106
G00332,1C25TUV,00003319,05/06/2025,628704,50296,679000,Bang_ke_hoa_don_da_su_dung_2024-T6.2025.xls,4108
G00332,1C25TUV,00003321,05/06/2025,628704,50296,679000,Bang_ke_hoa_don_da_su_dung_2024-T6.2025.xls,4110
G00332,1C25TUV,00003322,05/06/2025,628704,50296,679000,Bang_ke_hoa_don_da_su_dung_2024-T6.2025.xls,4111
G00332,1C25TUV,00003324,05/06/2025,628704,50296,679000,Bang_ke_hoa_don_da_su_dung_2024-T6.2025.xls,4113
G00332,1C25TUV,00003325,05/06/2025,628704,50296,679000,Bang_ke_hoa_don_da_su_dung_2024-T6.2025.xls,4114
G00332,1C25TUV,00003326,05/06/2025,628704,50296,679000,Bang_ke_hoa_don_da_su_dung_2024-T6.2025.xls,4115
G00332,1C25TUV,00003327,05/06/2025,628704,50296,679000,Bang_ke_hoa_don_da_su_dung_2024-T6.2025.xls,4116
G00332,1C25TUV,00003328,05/06/2025,628704,50296,679000,Bang_ke_hoa_don_da_su_dung_2024-T6.2025.xls,4117
G00332,1C25TUV,00003330,05/06/2025,628704,50296,679000,Bang_ke_hoa_don_da_su_dung_2024-T6.2025.xls,4119
G00332,1C25TUV,00003331,05/06/2025,628704,50296,679000,Bang_ke_hoa_don_da_su_dung_2024-T6.2025.xls,4120
G00332,1C25TUV,00003335,05/06/2025,628704,50296,679000,Bang_ke_hoa_don_da_su_dung_2024-T6.2025.xls,4124
G00332,1C25TUV,00003338,05/06/2025,628704,50296,679000,Bang_ke_hoa_don_da_su_dung_2024-T6.2025.xls,4127
G00332,1C25TUV,00003340,05/06/2025,628704,50296,679000,Bang_ke_hoa_don_da_su_dung_2024-T6.2025.xls,4129
G00332,1C25TUV,00003347,05/06/2025,628704,50296,679000,Bang_ke_hoa_don_da_su_dung_2024-T6.2025.xls,4136
G00332,1C25TUV,00003350,05/06/2025,628704,50296,679000,Bang_ke_hoa_don_da_su_dung_2024-T6.2025.xls,4139
G00332,1C25TUV,00003351,05/06/2025,628704,50296,679000,Bang_ke_hoa_don_da_su_dung_2024-T6.2025.xls,4140
G00332,1C25TUV,00003352,05/06/2025,628704,50296,679000,Bang_ke_hoa_don_da_su_dung_2024-T6.2025.xls,4141
G00332,1C25TUV,00003353,05/06/2025,628704,50296,679000,Bang_ke_hoa_don_da_su_dung_2024-T6.2025.xls,4142
G00332,1C25TUV,00003379,05/06/2025,628704,50296,679000,Bang_ke_hoa_don_da_su_dung_2024-T6.2025.xls,4168
G00332,1C25TUV,00003380,05/06/2025,628704,50296,679000,Bang_ke_hoa_don_da_su_dung_2024-T6.2025.xls,4169
G00332,1C25TUV,00003382,05/06/2025,628704,50296,679000,Bang_ke_hoa_don_da_su_dung_2024-T6.2025.xls,4171
G00332,1C25TUV,00003386,05/06/2025,628704,50296,679000,Bang_ke_hoa_don_da_su_dung_2024-T6.2025.xls,4175
G00332,1C25TUV,00003388,05/06/2025,628704,50296,679000,Bang_ke_hoa_don_da_su_dung_2024-T6.2025.xls,4177
G00332,1C25TUV,00003390,05/06/2025,628704,50296,679000,Bang_ke_hoa_don_da_su_dung_2024-T6.2025.xls,4179
G00332,1C25TUV,00003393,05/06/2025,628704,50296,679000,Bang_ke_hoa_don_da_su_dung_2024-T6.2025.xls,4182
G00332,1C25TUV,00003396,05/06/2025,628704,50296,679000,Bang_ke_hoa_don_da_su_dung_2024-T6.2025.xls,4185
G00332,1C25TUV,00003472,06/06/2025,628704,50296,679000,Bang_ke_hoa_don_da_su_dung_2024-T6.2025.xls,4261
G00332,1C25TUV,00003479,06/06/2025,628704,50296,679000,Bang_ke_hoa_don_da_su_dung_2024-T6.2025.xls,4268
G00332,1C25TUV,00003485,06/06/2025,628704,50296,679000,Bang_ke_hoa_don_da_su_dung_2024-T6.2025.xls,4274
G00332,1C25TUV,00003519,06/06/2025,628704,50296,679000,Bang_ke_hoa_don_da_su_dung_2024-T6.2025.xls,4308
G00332,1C25TUV,00003520,06/06/2025,628704,50296,679000,Bang_ke_hoa_don_da_su_dung_2024-T6.2025.xls,4309
G00332,1C25TUV,00003521,06/06/2025,628704,50296,679000,Bang_ke_hoa_don_da_su_dung_2024-T6.2025.xls,4310
G00332,1C25TUV,00003522,06/06/2025,628704,50296,679000,Bang_ke_hoa_don_da_su_dung_2024-T6.2025.xls,4311
G00332,1C25TUV,00003523,06/06/2025,628704,50296,679000,Bang_ke_hoa_don_da_su_dung_2024-T6.2025.xls,4312
G00332,1C25TUV,00003524,06/06/2025,628704,50296,679000,Bang_ke_hoa_don_da_su_dung_2024-T6.2025.xls,4313
G00332,1C25TUV,00003525,06/06/2025,628704,50296,679000,Bang_ke_hoa_don_da_su_dung_2024-T6.2025.xls,4314
G00332,1C25TUV,00003526,06/06/2025,628704,50296,679000,Bang_ke_hoa_don_da_su_dung_2024-T6.2025.xls,4315
G00332,1C25TUV,00003527,06/06/2025,628704,50296,679000,Bang_ke_hoa_don_da_su_dung_2024-T6.2025.xls,4316
G00332,1C25TUV,00003533,06/06/2025,628704,50296,679000,Bang_ke_hoa_don_da_su_dung_2024-T6.2025.xls,4322
G00332,1C25TUV,00003534,06/06/2025,628704,50296,679000,Bang_ke_hoa_don_da_su_dung_2024-T6.2025.xls,4323
G00332,1C25TUV,00003535,06/06/2025,628704,50296,679000,Bang_ke_hoa_don_da_su_dung_2024-T6.2025.xls,4324
G00332,1C25TUV,00003537,06/06/2025,628704,50296,679000,Bang_ke_hoa_don_da_su_dung_2024-T6.2025.xls,4326
G00332,1C25TUV,00003539,06/06/2025,628704,50296,679000,Bang_ke_hoa_don_da_su_dung_2024-T6.2025.xls,4328
G00332,1C25TUV,00003540,06/06/2025,628704,50296,679000,Bang_ke_hoa_don_da_su_dung_2024-T6.2025.xls,4329
G00332,1C25TUV,00003541,06/06/2025,628704,50296,679000,Bang_ke_hoa_don_da_su_dung_2024-T6.2025.xls,4330
G00332,1C25TUV,00003543,06/06/2025,628704,50296,679000,Bang_ke_hoa_don_da_su_dung_2024-T6.2025.xls,4332
G00332,1C25TUV,00003544,06/06/2025,628704,50296,679000,Bang_ke_hoa_don_da_su_dung_2024-T6.2025.xls,4333
G00332,1C25TUV,00003550,06/06/2025,628704,50296,679000,Bang_ke_hoa_don_da_su_dung_2024-T6.2025.xls,4339
G00332,1C25TUV,00003551,06/06/2025,628704,50296,679000,Bang_ke_hoa_don_da_su_dung_2024-T6.2025.xls,4340
G00332,1C25TUV,00003552,06/06/2025,628704,50296,679000,Bang_ke_hoa_don_da_su_dung_2024-T6.2025.xls,4341
G00332,1C25TUV,00003553,06/06/2025,628704,50296,679000,Bang_ke_hoa_don_da_su_dung_2024-T6.2025.xls,4342
G00332,1C25TUV,00003554,06/06/2025,628704,50296,679000,Bang_ke_hoa_don_da_su_dung_2024-T6.2025.xls,4343
G00332,1C25TUV,00003555,06/06/2025,628704,50296,679000,Bang_ke_hoa_don_da_su_dung_2024-T6.2025.xls,4344
G00332,1C25TUV,00003556,06/06/2025,628704,50296,679000,Bang_ke_hoa_don_da_su_dung_2024-T6.2025.xls,4345
G00332,1C25TUV,00003557,06/06/2025,628704,50296,679000,Bang_ke_hoa_don_da_su_dung_2024-T6.2025.xls,4346
G00332,1C25TUV,00003559,06/06/2025,628704,50296,679000,Bang_ke_hoa_don_da_su_dung_2024-T6.2025.xls,4348
G00332,1C25TUV,00003563,06/06/2025,628704,50296,679000,Bang_ke_hoa_don_da_su_dung_2024-T6.2025.xls,4352
G00332,1C25TUV,00003565,06/06/2025,628704,50296,679000,Bang_ke_hoa_don_da_su_dung_2024-T6.2025.xls,4354
G00332,1C25TUV,00003583,06/06/2025,628704,50296,679000,Bang_ke_hoa_don_da_su_dung_2024-T6.2025.xls,4372
G00332,1C25TUV,00003584,06/06/2025,628704,50296,679000,Bang_ke_hoa_don_da_su_dung_2024-T6.2025.xls,4373
G00332,1C25TUV,00003643,06/06/2025,628704,50296,679000,Bang_ke_hoa_don_da_su_dung_2024-T6.2025.xls,4432
G00332,1C25TUV,00003645,06/06/2025,628704,50296,679000,Bang_ke_hoa_don_da_su_dung_2024-T6.2025.xls,4434
G00332,1C25TUV,00003649,06/06/2025,628704,50296,679000,Bang_ke_hoa_don_da_su_dung_2024-T6.2025.xls,4438
G00332,1C25TUV,00003650,06/06/2025,628704,50296,679000,Bang_ke_hoa_don_da_su_dung_2024-T6.2025.xls,4439
G00332,1C25TUV,00003652,06/06/2025,628704,50296,679000,Bang_ke_hoa_don_da_su_dung_2024-T6.2025.xls,4441
G00332,1C25TUV,00003653,06/06/2025,628704,50296,679000,Bang_ke_hoa_don_da_su_dung_2024-T6.2025.xls,4442
G00332,1C25TUV,00003654,06/06/2025,628704,50296,679000,Bang_ke_hoa_don_da_su_dung_2024-T6.2025.xls,4443
G00332,1C25TUV,00003657,06/06/2025,628704,50296,679000,Bang_ke_hoa_don_da_su_dung_2024-T6.2025.xls,4446
G00332,1C25TUV,00003658,06/06/2025,628704,50296,679000,Bang_ke_hoa_don_da_su_dung_2024-T6.2025.xls,4447
G00332,1C25TUV,00003660,06/06/2025,628704,50296,679000,Bang_ke_hoa_don_da_su_dung_2024-T6.2025.xls,4449
G00332,1C25TUV,00003661,06/06/2025,628704,50296,679000,Bang_ke_hoa_don_da_su_dung_2024-T6.2025.xls,4450
G00332,1C25TUV,00003662,06/06/2025,628704,50296,679000,Bang_ke_hoa_don_da_su_dung_2024-T6.2025.xls,4451
G00332,1C25TUV,00003663,06/06/2025,628704,50296,679000,Bang_ke_hoa_don_da_su_dung_2024-T6.2025.xls,4452
G00332,1C25TUV,00003778,07/06/2025,628704,50296,679000,Bang_ke_hoa_don_da_su_dung_2024-T6.2025.xls,4567
G00332,1C25TUV,00003780,07/06/2025,628704,50296,679000,Bang_ke_hoa_don_da_su_dung_2024-T6.2025.xls,4569
G00332,1C25TUV,00003783,07/06/2025,628704,50296,679000,Bang_ke_hoa_don_da_su_dung_2024-T6.2025.xls,4572
G00332,1C25TUV,00003784,07/06/2025,628704,50296,679000,Bang_ke_hoa_don_da_su_dung_2024-T6.2025.xls,4573
G00332,1C25TUV,00003799,07/06/2025,628704,50296,679000,Bang_ke_hoa_don_da_su_dung_2024-T6.2025.xls,4588
G00332,1C25TUV,00003803,07/06/2025,628704,50296,679000,Bang_ke_hoa_don_da_su_dung_2024-T6.2025.xls,4592
G00332,1C25TUV,00003805,07/06/2025,628704,50296,679000,Bang_ke_hoa_don_da_su_dung_2024-T6.2025.xls,4594
G00332,1C25TUV,00003806,07/06/2025,628704,50296,679000,Bang_ke_hoa_don_da_su_dung_2024-T6.2025.xls,4595
G00332,1C25TUV,00003807,07/06/2025,628704,50296,679000,Bang_ke_hoa_don_da_su_dung_2024-T6.2025.xls,4596
G00332,1C25TUV,00003808,07/06/2025,628704,50296,679000,Bang_ke_hoa_don_da_su_dung_2024-T6.2025.xls,4597
G00332,1C25TUV,00003809,07/06/2025,628704,50296,679000,Bang_ke_hoa_don_da_su_dung_2024-T6.2025.xls,4598
G00332,1C25TUV,00003810,07/06/2025,628704,50296,679000,Bang_ke_hoa_don_da_su_dung_2024-T6.2025.xls,4599
G00332,1C25TUV,00003811,07/06/2025,628704,50296,679000,Bang_ke_hoa_don_da_su_dung_2024-T6.2025.xls,4600
G00332,1C25TUV,00003812,07/06/2025,628704,50296,679000,Bang_ke_hoa_don_da_su_dung_2024-T6.2025.xls,4601
G00332,1C25TUV,00003890,07/06/2025,628704,50296,679000,Bang_ke_hoa_don_da_su_dung_2024-T6.2025.xls,4679
G00332,1C25TUV,00003892,07/06/2025,628704,50296,679000,Bang_ke_hoa_don_da_su_dung_2024-T6.2025.xls,4681
G00332,1C25TUV,00003893,07/06/2025,628704,50296,679000,Bang_ke_hoa_don_da_su_dung_2024-T6.2025.xls,4682
G00332,1C25TUV,00003929,08/06/2025,628704,50296,679000,Bang_ke_hoa_don_da_su_dung_2024-T6.2025.xls,4718
G00332,1C25TUV,00004032,08/06/2025,628704,50296,679000,Bang_ke_hoa_don_da_su_dung_2024-T6.2025.xls,4821
G00332,1C25TUV,00004086,08/06/2025,628704,50296,679000,Bang_ke_hoa_don_da_su_dung_2024-T6.2025.xls,4875
G00332,1C25TUV,00004087,08/06/2025,628704,50296,679000,Bang_ke_hoa_don_da_su_dung_2024-T6.2025.xls,4876
G00332,1C25TUV,00004088,08/06/2025,628704,50296,679000,Bang_ke_hoa_don_da_su_dung_2024-T6.2025.xls,4877
G00332,1C25TUV,00009192,29/06/2025,628704,50296,679000,Bang_ke_hoa_don_da_su_dung_T6.2025 L2.xls,12
G00332,1C25TUV,00009193,29/06/2025,628704,50296,679000,Bang_ke_hoa_don_da_su_dung_T6.2025 L2.xls,13
G00332,1C25TUV,00009194,29/06/2025,628704,50296,679000,Bang_ke_hoa_don_da_su_dung_T6.2025 L2.xls,14
G00332,1C25TUV,00009197,29/06/2025,628704,50296,679000,Bang_ke_hoa_don_da_su_dung_T6.2025 L2.xls,17
G00332,1C25TUV,00009205,29/06/2025,628704,50296,679000,Bang_ke_hoa_don_da_su_dung_T6.2025 L2.xls,25
G00332,1C25TUV,00009225,29/06/2025,628704,50296,679000,Bang_ke_hoa_don_da_su_dung_T6.2025 L2.xls,45
G00332,1C25TUV,00009226,29/06/2025,628704,50296,679000,Bang_ke_hoa_don_da_su_dung_T6.2025 L2.xls,46
G00332,1C25TUV,00009227,29/06/2025,628704,50296,679000,Bang_ke_hoa_don_da_su_dung_T6.2025 L2.xls,47
G00332,1C25TUV,00009229,29/06/2025,628704,50296,679000,Bang_ke_hoa_don_da_su_dung_T6.2025 L2.xls,49
G00332,1C25TUV,00009230,29/06/2025,628704,50296,679000,Bang_ke_hoa_don_da_su_dung_T6.2025 L2.xls,50
G00332,1C25TUV,00009232,29/06/2025,628704,50296,679000,Bang_ke_hoa_don_da_su_dung_T6.2025 L2.xls,52
G00332,1C25TUV,00009242,29/06/2025,628704,50296,679000,Bang_ke_hoa_don_da_su_dung_T6.2025 L2.xls,62
G00332,1C25TUV,00009244,29/06/2025,628704,50296,679000,Bang_ke_hoa_don_da_su_dung_T6.2025 L2.xls,64
G00332,1C25TUV,00009246,29/06/2025,628704,50296,679000,Bang_ke_hoa_don_da_su_dung_T6.2025 L2.xls,66
G00332,1C25TUV,00009247,29/06/2025,628704,50296,679000,Bang_ke_hoa_don_da_su_dung_T6.2025 L2.xls,67
G00332,1C25TUV,00009248,29/06/2025,628704,50296,679000,Bang_ke_hoa_don_da_su_dung_T6.2025 L2.xls,68
G00332,1C25TUV,00009249,29/06/2025,628704,50296,679000,Bang_ke_hoa_don_da_su_dung_T6.2025 L2.xls,69
G00332,1C25TUV,00009250,29/06/2025,628704,50296,679000,Bang_ke_hoa_don_da_su_dung_T6.2025 L2.xls,70
G00332,1C25TUV,00009251,29/06/2025,628704,50296,679000,Bang_ke_hoa_don_da_su_dung_T6.2025 L2.xls,71
G00332,1C25TUV,00009253,29/06/2025,628704,50296,679000,Bang_ke_hoa_don_da_su_dung_T6.2025 L2.xls,73
G00332,1C25TUV,00009254,29/06/2025,628704,50296,679000,Bang_ke_hoa_don_da_su_dung_T6.2025 L2.xls,74
G00332,1C25TUV,00009257,29/06/2025,628704,50296,679000,Bang_ke_hoa_don_da_su_dung_T6.2025 L2.xls,77
G00332,1C25TUV,00009266,29/06/2025,628704,50296,679000,Bang_ke_hoa_don_da_su_dung_T6.2025 L2.xls,86
G00332,1C25TUV,00009267,29/06/2025,628704,50296,679000,Bang_ke_hoa_don_da_su_dung_T6.2025 L2.xls,87
G00332,1C25TUV,00009473,30/06/2025,628704,50296,679000,Bang_ke_hoa_don_da_su_dung_T6.2025 L2.xls,293
G00332,1C25TUV,00009478,30/06/2025,628704,50296,679000,Bang_ke_hoa_don_da_su_dung_T6.2025 L2.xls,298
G00332,1C25TUV,00009492,30/06/2025,628704,50296,679000,Bang_ke_hoa_don_da_su_dung_T6.2025 L2.xls,312
G00332,1C25TUV,00009493,30/06/2025,628704,50296,679000,Bang_ke_hoa_don_da_su_dung_T6.2025 L2.xls,313
G00332,1C25TUV,00009494,30/06/2025,628704,50296,679000,Bang_ke_hoa_don_da_su_dung_T6.2025 L2.xls,314
G00332,1C25TUV,00009496,30/06/2025,628704,50296,679000,Bang_ke_hoa_don_da_su_dung_T6.2025 L2.xls,316
G00332,1C25TUV,00009498,30/06/2025,628704,50296,679000,Bang_ke_hoa_don_da_su_dung_T6.2025 L2.xls,318
G00332,1C25TUV,00009499,30/06/2025,628704,50296,679000,Bang_ke_hoa_don_da_su_dung_T6.2025 L2.xls,319
G00332,1C25TUV,00009500,30/06/2025,628704,50296,679000,Bang_ke_hoa_don_da_su_dung_T6.2025 L2.xls,320
G00332,1C25TUV,00009503,30/06/2025,628704,50296,679000,Bang_ke_hoa_don_da_su_dung_T6.2025 L2.xls,323
G00332,1C25TUV,00009504,30/06/2025,628704,50296,679000,Bang_ke_hoa_don_da_su_dung_T6.2025 L2.xls,324
G00332,1C25TUV,00009505,30/06/2025,628704,50296,679000,Bang_ke_hoa_don_da_su_dung_T6.2025 L2.xls,325
G00332,1C25TUV,00009507,30/06/2025,628704,50296,679000,Bang_ke_hoa_don_da_su_dung_T6.2025 L2.xls,327
G00332,1C25TUV,00009509,30/06/2025,628704,50296,679000,Bang_ke_hoa_don_da_su_dung_T6.2025 L2.xls,329
G00332,1C25TUV,00009510,30/06/2025,628704,50296,679000,Bang_ke_hoa_don_da_su_dung_T6.2025 L2.xls,330
G00332,1C25TUV,00009512,30/06/2025,628704,50296,679000,Bang_ke_hoa_don_da_su_dung_T6.2025 L2.xls,332
G00332,1C25TUV,00009516,30/06/2025,628704,50296,679000,Bang_ke_hoa_don_da_su_dung_T6.2025 L2.xls,336
G00332,1C25TUV,00009517,30/06/2025,628704,50296,679000,Bang_ke_hoa_don_da_su_dung_T6.2025 L2.xls,337
G00332,1C25TUV,00009518,30/06/2025,628704,50296,679000,Bang_ke_hoa_don_da_su_dung_T6.2025 L2.xls,338
G00332,1C25TUV,00009521,30/06/2025,628704,50296,679000,Bang_ke_hoa_don_da_su_dung_T6.2025 L2.xls,341
G00332,1C25TUV,00009524,30/06/2025,628704,50296,679000,Bang_ke_hoa_don_da_su_dung_T6.2025 L2.xls,344
G00332,1C25TUV,00009525,30/06/2025,628704,50296,679000,Bang_ke_hoa_don_da_su_dung_T6.2025 L2.xls,345
G00332,1C25TUV,00009527,30/06/2025,628704,50296,679000,Bang_ke_hoa_don_da_su_dung_T6.2025 L2.xls,347
G00332,1C25TUV,00009528,30/06/2025,628704,50296,679000,Bang_ke_hoa_don_da_su_dung_T6.2025 L2.xls,348
G00332,1C25TUV,00009529,30/06/2025,628704,50296,679000,Bang_ke_hoa_don_da_su_dung_T6.2025 L2.xls,349
G00332,1C25TUV,00009530,30/06/2025,628704,50296,679000,Bang_ke_hoa_don_da_su_dung_T6.2025 L2.xls,350
G00332,1C25TUV,00009534,30/06/2025,628704,50296,679000,Bang_ke_hoa_don_da_su_dung_T6.2025 L2.xls,354
G00332,1C25TUV,00009535,30/06/2025,628704,50296,679000,Bang_ke_hoa_don_da_su_dung_T6.2025 L2.xls,355
G00332,1C25TUV,00009549,30/06/2025,628704,50296,679000,Bang_ke_hoa_don_da_su_dung_T6.2025 L2.xls,369
G00332,1C25TUV,00009566,30/06/2025,628704,50296,679000,Bang_ke_hoa_don_da_su_dung_T6.2025 L2.xls,386
G00332,1C25TUV,00009587,30/06/2025,628704,50296,679000,Bang_ke_hoa_don_da_su_dung_T6.2025 L2.xls,407
G00332,1C25TUV,00009602,30/06/2025,628704,50296,679000,Bang_ke_hoa_don_da_su_dung_T6.2025 L2.xls,422
G00332,1C25TUV,00004234,09/06/2025,628704,50296,679000,Bang_ke_hoa_don_da_su_dung_T6.2025.xls,37
G00332,1C25TUV,00004434,10/06/2025,628704,50296,679000,Bang_ke_hoa_don_da_su_dung_T6.2025.xls,237
G00332,1C25TUV,00004437,10/06/2025,628704,50296,679000,Bang_ke_hoa_don_da_su_dung_T6.2025.xls,240
G00332,1C25TUV,00004442,10/06/2025,628704,50296,679000,Bang_ke_hoa_don_da_su_dung_T6.2025.xls,245
G00332,1C25TUV,00004443,10/06/2025,628704,50296,679000,Bang_ke_hoa_don_da_su_dung_T6.2025.xls,246
G00332,1C25TUV,00004444,10/06/2025,628704,50296,679000,Bang_ke_hoa_don_da_su_dung_T6.2025.xls,247
G00332,1C25TUV,00004451,10/06/2025,628704,50296,679000,Bang_ke_hoa_don_da_su_dung_T6.2025.xls,254
G00332,1C25TUV,00004495,10/06/2025,628704,50296,679000,Bang_ke_hoa_don_da_su_dung_T6.2025.xls,298
G00332,1C25TUV,00004504,10/06/2025,628704,50296,679000,Bang_ke_hoa_don_da_su_dung_T6.2025.xls,307
G00332,1C25TUV,00004722,11/06/2025,628704,50296,679000,Bang_ke_hoa_don_da_su_dung_T6.2025.xls,525
G00332,1C25TUV,00004758,11/06/2025,628704,50296,679000,Bang_ke_hoa_don_da_su_dung_T6.2025.xls,561
G00332,1C25TUV,00004798,11/06/2025,628704,50296,679000,Bang_ke_hoa_don_da_su_dung_T6.2025.xls,601
G00332,1C25TUV,00004801,11/06/2025,628704,50296,679000,Bang_ke_hoa_don_da_su_dung_T6.2025.xls,604
G00332,1C25TUV,00004817,11/06/2025,628704,50296,679000,Bang_ke_hoa_don_da_su_dung_T6.2025.xls,620
G00332,1C25TUV,00004853,11/06/2025,628704,50296,679000,Bang_ke_hoa_don_da_su_dung_T6.2025.xls,656
G00332,1C25TUV,00004946,12/06/2025,628704,50296,679000,Bang_ke_hoa_don_da_su_dung_T6.2025.xls,749
G00332,1C25TUV,00004952,12/06/2025,628704,50296,679000,Bang_ke_hoa_don_da_su_dung_T6.2025.xls,755
G00332,1C25TUV,00004954,12/06/2025,628704,50296,679000,Bang_ke_hoa_don_da_su_dung_T6.2025.xls,757
G00332,1C25TUV,00004955,12/06/2025,628704,50296,679000,Bang_ke_hoa_don_da_su_dung_T6.2025.xls,758
G00332,1C25TUV,00004958,12/06/2025,628704,50296,679000,Bang_ke_hoa_don_da_su_dung_T6.2025.xls,761
G00332,1C25TUV,00004961,12/06/2025,628704,50296,679000,Bang_ke_hoa_don_da_su_dung_T6.2025.xls,764
G00332,1C25TUV,00004962,12/06/2025,628704,50296,679000,Bang_ke_hoa_don_da_su_dung_T6.2025.xls,765
G00332,1C25TUV,00004963,12/06/2025,628704,50296,679000,Bang_ke_hoa_don_da_su_dung_T6.2025.xls,766
G00332,1C25TUV,00004964,12/06/2025,628704,50296,679000,Bang_ke_hoa_don_da_su_dung_T6.2025.xls,767
G00332,1C25TUV,00004965,12/06/2025,628704,50296,679000,Bang_ke_hoa_don_da_su_dung_T6.2025.xls,768
G00332,1C25TUV,00004971,12/06/2025,628704,50296,679000,Bang_ke_hoa_don_da_su_dung_T6.2025.xls,774
G00332,1C25TUV,00004996,12/06/2025,628704,50296,679000,Bang_ke_hoa_don_da_su_dung_T6.2025.xls,799
G00332,1C25TUV,00005015,12/06/2025,628704,50296,679000,Bang_ke_hoa_don_da_su_dung_T6.2025.xls,818
G00332,1C25TUV,00005041,12/06/2025,628704,50296,679000,Bang_ke_hoa_don_da_su_dung_T6.2025.xls,844
G00332,1C25TUV,00005042,12/06/2025,628704,50296,679000,Bang_ke_hoa_don_da_su_dung_T6.2025.xls,845
G00332,1C25TUV,00005043,12/06/2025,628704,50296,679000,Bang_ke_hoa_don_da_su_dung_T6.2025.xls,846
G00332,1C25TUV,00005044,12/06/2025,628704,50296,679000,Bang_ke_hoa_don_da_su_dung_T6.2025.xls,847
G00332,1C25TUV,00005046,12/06/2025,628704,50296,679000,Bang_ke_hoa_don_da_su_dung_T6.2025.xls,849
G00332,1C25TUV,00005047,12/06/2025,628704,50296,679000,Bang_ke_hoa_don_da_su_dung_T6.2025.xls,850
G00332,1C25TUV,00005049,12/06/2025,628704,50296,679000,Bang_ke_hoa_don_da_su_dung_T6.2025.xls,852
G00332,1C25TUV,00005050,12/06/2025,628704,50296,679000,Bang_ke_hoa_don_da_su_dung_T6.2025.xls,853
G00332,1C25TUV,00005051,12/06/2025,628704,50296,679000,Bang_ke_hoa_don_da_su_dung_T6.2025.xls,854
G00332,1C25TUV,00005052,12/06/2025,628704,50296,679000,Bang_ke_hoa_don_da_su_dung_T6.2025.xls,855
G00332,1C25TUV,00005053,12/06/2025,628704,50296,679000,Bang_ke_hoa_don_da_su_dung_T6.2025.xls,856
G00332,1C25TUV,00005054,12/06/2025,628704,50296,679000,Bang_ke_hoa_don_da_su_dung_T6.2025.xls,857
G00332,1C25TUV,00005055,12/06/2025,628704,50296,679000,Bang_ke_hoa_don_da_su_dung_T6.2025.xls,858
G00332,1C25TUV,00005056,12/06/2025,628704,50296,679000,Bang_ke_hoa_don_da_su_dung_T6.2025.xls,859
G00332,1C25TUV,00005057,12/06/2025,628704,50296,679000,Bang_ke_hoa_don_da_su_dung_T6.2025.xls,860
G00332,1C25TUV,00005058,12/06/2025,628704,50296,679000,Bang_ke_hoa_don_da_su_dung_T6.2025.xls,861
G00332,1C25TUV,00005059,12/06/2025,628704,50296,679000,Bang_ke_hoa_don_da_su_dung_T6.2025.xls,862
G00332,1C25TUV,00005060,12/06/2025,628704,50296,679000,Bang_ke_hoa_don_da_su_dung_T6.2025.xls,863
G00332,1C25TUV,00005061,12/06/2025,628704,50296,679000,Bang_ke_hoa_don_da_su_dung_T6.2025.xls,864
G00332,1C25TUV,00005066,12/06/2025,628704,50296,679000,Bang_ke_hoa_don_da_su_dung_T6.2025.xls,869
G00332,1C25TUV,00005069,12/06/2025,628704,50296,679000,Bang_ke_hoa_don_da_su_dung_T6.2025.xls,872
G00332,1C25TUV,00005070,12/06/2025,628704,50296,679000,Bang_ke_hoa_don_da_su_dung_T6.2025.xls,873
G00332,1C25TUV,00005071,12/06/2025,628704,50296,679000,Bang_ke_hoa_don_da_su_dung_T6.2025.xls,874
G00332,1C25TUV,00005072,12/06/2025,628704,50296,679000,Bang_ke_hoa_don_da_su_dung_T6.2025.xls,875
G00332,1C25TUV,00005073,12/06/2025,628704,50296,679000,Bang_ke_hoa_don_da_su_dung_T6.2025.xls,876
G00332,1C25TUV,00005077,12/06/2025,628704,50296,679000,Bang_ke_hoa_don_da_su_dung_T6.2025.xls,880
G00332,1C25TUV,00005086,12/06/2025,628704,50296,679000,Bang_ke_hoa_don_da_su_dung_T6.2025.xls,889
G00332,1C25TUV,00005089,12/06/2025,628704,50296,679000,Bang_ke_hoa_don_da_su_dung_T6.2025.xls,892
G00332,1C25TUV,00005093,12/06/2025,628704,50296,679000,Bang_ke_hoa_don_da_su_dung_T6.2025.xls,896
G00332,1C25TUV,00005097,12/06/2025,628704,50296,679000,Bang_ke_hoa_don_da_su_dung_T6.2025.xls,900
G00332,1C25TUV,00005098,12/06/2025,628704,50296,679000,Bang_ke_hoa_don_da_su_dung_T6.2025.xls,901
G00332,1C25TUV,00005115,12/06/2025,628704,50296,679000,Bang_ke_hoa_don_da_su_dung_T6.2025.xls,918
G00332,1C25TUV,00005123,12/06/2025,628704,50296,679000,Bang_ke_hoa_don_da_su_dung_T6.2025.xls,926
G00332,1C25TUV,00005138,12/06/2025,628704,50296,679000,Bang_ke_hoa_don_da_su_dung_T6.2025.xls,941
G00332,1C25TUV,00005165,13/06/2025,628704,50296,679000,Bang_ke_hoa_don_da_su_dung_T6.2025.xls,968
G00332,1C25TUV,00005167,13/06/2025,628704,50296,679000,Bang_ke_hoa_don_da_su_dung_T6.2025.xls,970
G00332,1C25TUV,00005174,13/06/2025,628704,50296,679000,Bang_ke_hoa_don_da_su_dung_T6.2025.xls,977
G00332,1C25TUV,00005177,13/06/2025,628704,50296,679000,Bang_ke_hoa_don_da_su_dung_T6.2025.xls,980
G00332,1C25TUV,00005178,13/06/2025,628704,50296,679000,Bang_ke_hoa_don_da_su_dung_T6.2025.xls,981
G00332,1C25TUV,00005180,13/06/2025,628704,50296,679000,Bang_ke_hoa_don_da_su_dung_T6.2025.xls,983
G00332,1C25TUV,00005196,13/06/2025,628704,50296,679000,Bang_ke_hoa_don_da_su_dung_T6.2025.xls,999
G00332,1C25TUV,00005199,13/06/2025,628704,50296,679000,Bang_ke_hoa_don_da_su_dung_T6.2025.xls,1002
G00332,1C25TUV,00005203,13/06/2025,628704,50296,679000,Bang_ke_hoa_don_da_su_dung_T6.2025.xls,1006
G00332,1C25TUV,00005205,13/06/2025,628704,50296,679000,Bang_ke_hoa_don_da_su_dung_T6.2025.xls,1008
G00332,1C25TUV,00005208,13/06/2025,628704,50296,679000,Bang_ke_hoa_don_da_su_dung_T6.2025.xls,1011
G00332,1C25TUV,00005209,13/06/2025,628704,50296,679000,Bang_ke_hoa_don_da_su_dung_T6.2025.xls,1012
G00332,1C25TUV,00005210,13/06/2025,628704,50296,679000,Bang_ke_hoa_don_da_su_dung_T6.2025.xls,1013
G00332,1C25TUV,00005211,13/06/2025,628704,50296,679000,Bang_ke_hoa_don_da_su_dung_T6.2025.xls,1014
G00332,1C25TUV,00005216,13/06/2025,628704,50296,679000,Bang_ke_hoa_don_da_su_dung_T6.2025.xls,1019
G00332,1C25TUV,00005217,13/06/2025,628704,50296,679000,Bang_ke_hoa_don_da_su_dung_T6.2025.xls,1020
G00332,1C25TUV,00005218,13/06/2025,628704,50296,679000,Bang_ke_hoa_don_da_su_dung_T6.2025.xls,1021
G00332,1C25TUV,00005219,13/06/2025,628704,50296,679000,Bang_ke_hoa_don_da_su_dung_T6.2025.xls,1022
G00332,1C25TUV,00005222,13/06/2025,628704,50296,679000,Bang_ke_hoa_don_da_su_dung_T6.2025.xls,1025
G00332,1C25TUV,00005223,13/06/2025,628704,50296,679000,Bang_ke_hoa_don_da_su_dung_T6.2025.xls,1026
G00332,1C25TUV,00005246,13/06/2025,628704,50296,679000,Bang_ke_hoa_don_da_su_dung_T6.2025.xls,1049
G00332,1C25TUV,00005249,13/06/2025,628704,50296,679000,Bang_ke_hoa_don_da_su_dung_T6.2025.xls,1052
G00332,1C25TUV,00005251,13/06/2025,628704,50296,679000,Bang_ke_hoa_don_da_su_dung_T6.2025.xls,1054
G00332,1C25TUV,00005263,13/06/2025,628704,50296,679000,Bang_ke_hoa_don_da_su_dung_T6.2025.xls,1066
G00332,1C25TUV,00005273,13/06/2025,628704,50296,679000,Bang_ke_hoa_don_da_su_dung_T6.2025.xls,1076
G00332,1C25TUV,00005286,13/06/2025,628704,50296,679000,Bang_ke_hoa_don_da_su_dung_T6.2025.xls,1089
G00332,1C25TUV,00005300,13/06/2025,628704,50296,679000,Bang_ke_hoa_don_da_su_dung_T6.2025.xls,1103
G00332,1C25TUV,00005304,13/06/2025,628704,50296,679000,Bang_ke_hoa_don_da_su_dung_T6.2025.xls,1107
G00332,1C25TUV,00005316,13/06/2025,628704,50296,679000,Bang_ke_hoa_don_da_su_dung_T6.2025.xls,1119
G00332,1C25TUV,00005331,13/06/2025,628704,50296,679000,Bang_ke_hoa_don_da_su_dung_T6.2025.xls,1134
G00332,1C25TUV,00005333,13/06/2025,628704,50296,679000,Bang_ke_hoa_don_da_su_dung_T6.2025.xls,1136
G00332,1C25TUV,00005334,13/06/2025,628704,50296,679000,Bang_ke_hoa_don_da_su_dung_T6.2025.xls,1137
G00332,1C25TUV,00005335,13/06/2025,628704,50296,679000,Bang_ke_hoa_don_da_su_dung_T6.2025.xls,1138
G00332,1C25TUV,00005336,13/06/2025,628704,50296,679000,Bang_ke_hoa_don_da_su_dung_T6.2025.xls,1139
G00332,1C25TUV,00005337,13/06/2025,628704,50296,679000,Bang_ke_hoa_don_da_su_dung_T6.2025.xls,1140
G00332,1C25TUV,00005338,13/06/2025,628704,50296,679000,Bang_ke_hoa_don_da_su_dung_T6.2025.xls,1141
G00332,1C25TUV,00005339,13/06/2025,628704,50296,679000,Bang_ke_hoa_don_da_su_dung_T6.2025.xls,1142
G00332,1C25TUV,00005340,13/06/2025,628704,50296,679000,Bang_ke_hoa_don_da_su_dung_T6.2025.xls,1143
G00332,1C25TUV,00005341,13/06/2025,628704,50296,679000,Bang_ke_hoa_don_da_su_dung_T6.2025.xls,1144
G00332,1C25TUV,00005342,13/06/2025,628704,50296,679000,Bang_ke_hoa_don_da_su_dung_T6.2025.xls,1145
G00332,1C25TUV,00005343,13/06/2025,628704,50296,679000,Bang_ke_hoa_don_da_su_dung_T6.2025.xls,1146
G00332,1C25TUV,00005344,13/06/2025,628704,50296,679000,Bang_ke_hoa_don_da_su_dung_T6.2025.xls,1147
G00332,1C25TUV,00005345,13/06/2025,628704,50296,679000,Bang_ke_hoa_don_da_su_dung_T6.2025.xls,1148
G00332,1C25TUV,00005346,13/06/2025,628704,50296,679000,Bang_ke_hoa_don_da_su_dung_T6.2025.xls,1149
G00332,1C25TUV,00005349,13/06/2025,628704,50296,679000,Bang_ke_hoa_don_da_su_dung_T6.2025.xls,1152
G00332,1C25TUV,00005373,14/06/2025,628704,50296,679000,Bang_ke_hoa_don_da_su_dung_T6.2025.xls,1176
G00332,1C25TUV,00005375,14/06/2025,628704,50296,679000,Bang_ke_hoa_don_da_su_dung_T6.2025.xls,1178
G00332,1C25TUV,00005376,14/06/2025,628704,50296,679000,Bang_ke_hoa_don_da_su_dung_T6.2025.xls,1179
G00332,1C25TUV,00005377,14/06/2025,628704,50296,679000,Bang_ke_hoa_don_da_su_dung_T6.2025.xls,1180
G00332,1C25TUV,00005378,14/06/2025,628704,50296,679000,Bang_ke_hoa_don_da_su_dung_T6.2025.xls,1181
G00332,1C25TUV,00005379,14/06/2025,628704,50296,679000,Bang_ke_hoa_don_da_su_dung_T6.2025.xls,1182
G00332,1C25TUV,00005380,14/06/2025,628704,50296,679000,Bang_ke_hoa_don_da_su_dung_T6.2025.xls,1183
G00332,1C25TUV,00005381,14/06/2025,628704,50296,679000,Bang_ke_hoa_don_da_su_dung_T6.2025.xls,1184
G00332,1C25TUV,00005382,14/06/2025,628704,50296,679000,Bang_ke_hoa_don_da_su_dung_T6.2025.xls,1185
G00332,1C25TUV,00005383,14/06/2025,628704,50296,679000,Bang_ke_hoa_don_da_su_dung_T6.2025.xls,1186
G00332,1C25TUV,00005384,14/06/2025,628704,50296,679000,Bang_ke_hoa_don_da_su_dung_T6.2025.xls,1187
G00332,1C25TUV,00005385,14/06/2025,628704,50296,679000,Bang_ke_hoa_don_da_su_dung_T6.2025.xls,1188
G00332,1C25TUV,00005386,14/06/2025,628704,50296,679000,Bang_ke_hoa_don_da_su_dung_T6.2025.xls,1189
G00332,1C25TUV,00005387,14/06/2025,628704,50296,679000,Bang_ke_hoa_don_da_su_dung_T6.2025.xls,1190
G00332,1C25TUV,00005388,14/06/2025,628704,50296,679000,Bang_ke_hoa_don_da_su_dung_T6.2025.xls,1191
G00332,1C25TUV,00005389,14/06/2025,628704,50296,679000,Bang_ke_hoa_don_da_su_dung_T6.2025.xls,1192
G00332,1C25TUV,00005390,14/06/2025,628704,50296,679000,Bang_ke_hoa_don_da_su_dung_T6.2025.xls,1193
G00332,1C25TUV,00005391,14/06/2025,628704,50296,679000,Bang_ke_hoa_don_da_su_dung_T6.2025.xls,1194
G00332,1C25TUV,00005392,14/06/2025,628704,50296,679000,Bang_ke_hoa_don_da_su_dung_T6.2025.xls,1195
G00332,1C25TUV,00005393,14/06/2025,628704,50296,679000,Bang_ke_hoa_don_da_su_dung_T6.2025.xls,1196
G00332,1C25TUV,00005394,14/06/2025,628704,50296,679000,Bang_ke_hoa_don_da_su_dung_T6.2025.xls,1197
G00332,1C25TUV,00005396,14/06/2025,628704,50296,679000,Bang_ke_hoa_don_da_su_dung_T6.2025.xls,1199
G00332,1C25TUV,00005397,14/06/2025,628704,50296,679000,Bang_ke_hoa_don_da_su_dung_T6.2025.xls,1200
G00332,1C25TUV,00005398,14/06/2025,628704,50296,679000,Bang_ke_hoa_don_da_su_dung_T6.2025.xls,1201
G00332,1C25TUV,00005399,14/06/2025,628704,50296,679000,Bang_ke_hoa_don_da_su_dung_T6.2025.xls,1202
G00332,1C25TUV,00005400,14/06/2025,628704,50296,679000,Bang_ke_hoa_don_da_su_dung_T6.2025.xls,1203
G00332,1C25TUV,00005401,14/06/2025,628704,50296,679000,Bang_ke_hoa_don_da_su_dung_T6.2025.xls,1204
G00332,1C25TUV,00005402,14/06/2025,628704,50296,679000,Bang_ke_hoa_don_da_su_dung_T6.2025.xls,1205
G00332,1C25TUV,00005403,14/06/2025,628704,50296,679000,Bang_ke_hoa_don_da_su_dung_T6.2025.xls,1206
G00332,1C25TUV,00005404,14/06/2025,628704,50296,679000,Bang_ke_hoa_don_da_su_dung_T6.2025.xls,1207
G00332,1C25TUV,00005405,14/06/2025,628704,50296,679000,Bang_ke_hoa_don_da_su_dung_T6.2025.xls,1208
G00332,1C25TUV,00005406,14/06/2025,628704,50296,679000,Bang_ke_hoa_don_da_su_dung_T6.2025.xls,1209
G00332,1C25TUV,00005407,14/06/2025,628704,50296,679000,Bang_ke_hoa_don_da_su_dung_T6.2025.xls,1210
G00332,1C25TUV,00005408,14/06/2025,628704,50296,679000,Bang_ke_hoa_don_da_su_dung_T6.2025.xls,1211
G00332,1C25TUV,00005409,14/06/2025,628704,50296,679000,Bang_ke_hoa_don_da_su_dung_T6.2025.xls,1212
G00332,1C25TUV,00005410,14/06/2025,628704,50296,679000,Bang_ke_hoa_don_da_su_dung_T6.2025.xls,1213
G00332,1C25TUV,00005411,14/06/2025,628704,50296,679000,Bang_ke_hoa_don_da_su_dung_T6.2025.xls,1214
G00332,1C25TUV,00005412,14/06/2025,628704,50296,679000,Bang_ke_hoa_don_da_su_dung_T6.2025.xls,1215
G00332,1C25TUV,00005413,14/06/2025,628704,50296,679000,Bang_ke_hoa_don_da_su_dung_T6.2025.xls,1216
G00332,1C25TUV,00005415,14/06/2025,628704,50296,679000,Bang_ke_hoa_don_da_su_dung_T6.2025.xls,1218
G00332,1C25TUV,00005416,14/06/2025,628704,50296,679000,Bang_ke_hoa_don_da_su_dung_T6.2025.xls,1219
G00332,1C25TUV,00005417,14/06/2025,628704,50296,679000,Bang_ke_hoa_don_da_su_dung_T6.2025.xls,1220
G00332,1C25TUV,00005418,14/06/2025,628704,50296,679000,Bang_ke_hoa_don_da_su_dung_T6.2025.xls,1221
G00332,1C25TUV,00005420,14/06/2025,628704,50296,679000,Bang_ke_hoa_don_da_su_dung_T6.2025.xls,1223
G00332,1C25TUV,00005421,14/06/2025,628704,50296,679000,Bang_ke_hoa_don_da_su_dung_T6.2025.xls,1224
G00332,1C25TUV,00005422,14/06/2025,628704,50296,679000,Bang_ke_hoa_don_da_su_dung_T6.2025.xls,1225
G00332,1C25TUV,00005423,14/06/2025,628704,50296,679000,Bang_ke_hoa_don_da_su_dung_T6.2025.xls,1226
G00332,1C25TUV,00005424,14/06/2025,628704,50296,679000,Bang_ke_hoa_don_da_su_dung_T6.2025.xls,1227
G00332,1C25TUV,00005425,14/06/2025,628704,50296,679000,Bang_ke_hoa_don_da_su_dung_T6.2025.xls,1228
G00332,1C25TUV,00005426,14/06/2025,628704,50296,679000,Bang_ke_hoa_don_da_su_dung_T6.2025.xls,1229
G00332,1C25TUV,00005427,14/06/2025,628704,50296,679000,Bang_ke_hoa_don_da_su_dung_T6.2025.xls,1230
G00332,1C25TUV,00005428,14/06/2025,628704,50296,679000,Bang_ke_hoa_don_da_su_dung_T6.2025.xls,1231
G00332,1C25TUV,00005429,14/06/2025,628704,50296,679000,Bang_ke_hoa_don_da_su_dung_T6.2025.xls,1232
G00332,1C25TUV,00005430,14/06/2025,628704,50296,679000,Bang_ke_hoa_don_da_su_dung_T6.2025.xls,1233
G00332,1C25TUV,00005431,14/06/2025,628704,50296,679000,Bang_ke_hoa_don_da_su_dung_T6.2025.xls,1234
G00332,1C25TUV,00005432,14/06/2025,628704,50296,679000,Bang_ke_hoa_don_da_su_dung_T6.2025.xls,1235
G00332,1C25TUV,00005433,14/06/2025,628704,50296,679000,Bang_ke_hoa_don_da_su_dung_T6.2025.xls,1236
G00332,1C25TUV,00005435,14/06/2025,628704,50296,679000,Bang_ke_hoa_don_da_su_dung_T6.2025.xls,1238
G00332,1C25TUV,00005437,14/06/2025,628704,50296,679000,Bang_ke_hoa_don_da_su_dung_T6.2025.xls,1240
G00332,1C25TUV,00005438,14/06/2025,628704,50296,679000,Bang_ke_hoa_don_da_su_dung_T6.2025.xls,1241
G00332,1C25TUV,00005439,14/06/2025,628704,50296,679000,Bang_ke_hoa_don_da_su_dung_T6.2025.xls,1242
G00332,1C25TUV,00005441,14/06/2025,628704,50296,679000,Bang_ke_hoa_don_da_su_dung_T6.2025.xls,1244
G00332,1C25TUV,00005442,14/06/2025,628704,50296,679000,Bang_ke_hoa_don_da_su_dung_T6.2025.xls,1245
G00332,1C25TUV,00005443,14/06/2025,628704,50296,679000,Bang_ke_hoa_don_da_su_dung_T6.2025.xls,1246
G00332,1C25TUV,00005444,14/06/2025,628704,50296,679000,Bang_ke_hoa_don_da_su_dung_T6.2025.xls,1247
G00332,1C25TUV,00005445,14/06/2025,628704,50296,679000,Bang_ke_hoa_don_da_su_dung_T6.2025.xls,1248
G00332,1C25TUV,00005446,14/06/2025,628704,50296,679000,Bang_ke_hoa_don_da_su_dung_T6.2025.xls,1249
G00332,1C25TUV,00005447,14/06/2025,628704,50296,679000,Bang_ke_hoa_don_da_su_dung_T6.2025.xls,1250
G00332,1C25TUV,00005448,14/06/2025,628704,50296,679000,Bang_ke_hoa_don_da_su_dung_T6.2025.xls,1251
G00332,1C25TUV,00005449,14/06/2025,628704,50296,679000,Bang_ke_hoa_don_da_su_dung_T6.2025.xls,1252
G00332,1C25TUV,00005450,14/06/2025,628704,50296,679000,Bang_ke_hoa_don_da_su_dung_T6.2025.xls,1253
G00332,1C25TUV,00005451,14/06/2025,628704,50296,679000,Bang_ke_hoa_don_da_su_dung_T6.2025.xls,1254
G00332,1C25TUV,00005452,14/06/2025,628704,50296,679000,Bang_ke_hoa_don_da_su_dung_T6.2025.xls,1255
G00332,1C25TUV,00005453,14/06/2025,628704,50296,679000,Bang_ke_hoa_don_da_su_dung_T6.2025.xls,1256
G00332,1C25TUV,00005454,14/06/2025,628704,50296,679000,Bang_ke_hoa_don_da_su_dung_T6.2025.xls,1257
G00332,1C25TUV,00005455,14/06/2025,628704,50296,679000,Bang_ke_hoa_don_da_su_dung_T6.2025.xls,1258
G00332,1C25TUV,00005456,14/06/2025,628704,50296,679000,Bang_ke_hoa_don_da_su_dung_T6.2025.xls,1259
G00332,1C25TUV,00005457,14/06/2025,628704,50296,679000,Bang_ke_hoa_don_da_su_dung_T6.2025.xls,1260
G00332,1C25TUV,00005458,14/06/2025,628704,50296,679000,Bang_ke_hoa_don_da_su_dung_T6.2025.xls,1261
G00332,1C25TUV,00005459,14/06/2025,628704,50296,679000,Bang_ke_hoa_don_da_su_dung_T6.2025.xls,1262
G00332,1C25TUV,00005460,14/06/2025,628704,50296,679000,Bang_ke_hoa_don_da_su_dung_T6.2025.xls,1263
G00332,1C25TUV,00005461,14/06/2025,628704,50296,679000,Bang_ke_hoa_don_da_su_dung_T6.2025.xls,1264
G00332,1C25TUV,00005462,14/06/2025,628704,50296,679000,Bang_ke_hoa_don_da_su_dung_T6.2025.xls,1265
G00332,1C25TUV,00005463,14/06/2025,628704,50296,679000,Bang_ke_hoa_don_da_su_dung_T6.2025.xls,1266
G00332,1C25TUV,00005464,14/06/2025,628704,50296,679000,Bang_ke_hoa_don_da_su_dung_T6.2025.xls,1267
G00332,1C25TUV,00005465,14/06/2025,628704,50296,679000,Bang_ke_hoa_don_da_su_dung_T6.2025.xls,1268
G00332,1C25TUV,00005467,14/06/2025,628704,50296,679000,Bang_ke_hoa_don_da_su_dung_T6.2025.xls,1270
G00332,1C25TUV,00005468,14/06/2025,628704,50296,679000,Bang_ke_hoa_don_da_su_dung_T6.2025.xls,1271
G00332,1C25TUV,00005470,14/06/2025,628704,50296,679000,Bang_ke_hoa_don_da_su_dung_T6.2025.xls,1273
G00332,1C25TUV,00005472,14/06/2025,628704,50296,679000,Bang_ke_hoa_don_da_su_dung_T6.2025.xls,1275
G00332,1C25TUV,00005475,14/06/2025,628704,50296,679000,Bang_ke_hoa_don_da_su_dung_T6.2025.xls,1278
G00332,1C25TUV,00005476,14/06/2025,628704,50296,679000,Bang_ke_hoa_don_da_su_dung_T6.2025.xls,1279
G00332,1C25TUV,00005477,14/06/2025,628704,50296,679000,Bang_ke_hoa_don_da_su_dung_T6.2025.xls,1280
G00332,1C25TUV,00005480,14/06/2025,628704,50296,679000,Bang_ke_hoa_don_da_su_dung_T6.2025.xls,1283
G00332,1C25TUV,00005494,14/06/2025,628704,50296,679000,Bang_ke_hoa_don_da_su_dung_T6.2025.xls,1297
G00332,1C25TUV,00005509,14/06/2025,628704,50296,679000,Bang_ke_hoa_don_da_su_dung_T6.2025.xls,1312
G00332,1C25TUV,00005510,14/06/2025,628704,50296,679000,Bang_ke_hoa_don_da_su_dung_T6.2025.xls,1313
G00332,1C25TUV,00005512,14/06/2025,628704,50296,679000,Bang_ke_hoa_don_da_su_dung_T6.2025.xls,1315
G00332,1C25TUV,00005530,14/06/2025,628704,50296,679000,Bang_ke_hoa_don_da_su_dung_T6.2025.xls,1333
G00332,1C25TUV,00005537,14/06/2025,628704,50296,679000,Bang_ke_hoa_don_da_su_dung_T6.2025.xls,1340
G00332,1C25TUV,00005538,14/06/2025,628704,50296,679000,Bang_ke_hoa_don_da_su_dung_T6.2025.xls,1341
G00332,1C25TUV,00005560,14/06/2025,628704,50296,679000,Bang_ke_hoa_don_da_su_dung_T6.2025.xls,1363
G00332,1C25TUV,00005561,14/06/2025,628704,50296,679000,Bang_ke_hoa_don_da_su_dung_T6.2025.xls,1364
G00332,1C25TUV,00005562,14/06/2025,628704,50296,679000,Bang_ke_hoa_don_da_su_dung_T6.2025.xls,1365
G00332,1C25TUV,00005563,14/06/2025,628704,50296,679000,Bang_ke_hoa_don_da_su_dung_T6.2025.xls,1366
G00332,1C25TUV,00005566,14/06/2025,628704,50296,679000,Bang_ke_hoa_don_da_su_dung_T6.2025.xls,1369
G00332,1C25TUV,00005567,14/06/2025,628704,50296,679000,Bang_ke_hoa_don_da_su_dung_T6.2025.xls,1370
G00332,1C25TUV,00005569,14/06/2025,628704,50296,679000,Bang_ke_hoa_don_da_su_dung_T6.2025.xls,1372
G00332,1C25TUV,00005578,14/06/2025,628704,50296,679000,Bang_ke_hoa_don_da_su_dung_T6.2025.xls,1381
G00332,1C25TUV,00005579,14/06/2025,628704,50296,679000,Bang_ke_hoa_don_da_su_dung_T6.2025.xls,1382
G00332,1C25TUV,00005580,14/06/2025,628704,50296,679000,Bang_ke_hoa_don_da_su_dung_T6.2025.xls,1383
G00332,1C25TUV,00005582,14/06/2025,628704,50296,679000,Bang_ke_hoa_don_da_su_dung_T6.2025.xls,1385
G00332,1C25TUV,00005592,14/06/2025,628704,50296,679000,Bang_ke_hoa_don_da_su_dung_T6.2025.xls,1395
G00332,1C25TUV,00005593,14/06/2025,628704,50296,679000,Bang_ke_hoa_don_da_su_dung_T6.2025.xls,1396
G00332,1C25TUV,00005602,14/06/2025,628704,50296,679000,Bang_ke_hoa_don_da_su_dung_T6.2025.xls,1405
G00332,1C25TUV,00005603,14/06/2025,628704,50296,679000,Bang_ke_hoa_don_da_su_dung_T6.2025.xls,1406
G00332,1C25TUV,00005604,14/06/2025,628704,50296,679000,Bang_ke_hoa_don_da_su_dung_T6.2025.xls,1407
G00332,1C25TUV,00005606,14/06/2025,628704,50296,679000,Bang_ke_hoa_don_da_su_dung_T6.2025.xls,1409
G00332,1C25TUV,00005608,14/06/2025,628704,50296,679000,Bang_ke_hoa_don_da_su_dung_T6.2025.xls,1411
G00332,1C25TUV,00005609,14/06/2025,628704,50296,679000,Bang_ke_hoa_don_da_su_dung_T6.2025.xls,1412
G00332,1C25TUV,00005610,14/06/2025,628704,50296,679000,Bang_ke_hoa_don_da_su_dung_T6.2025.xls,1413
G00332,1C25TUV,00005613,14/06/2025,628704,50296,679000,Bang_ke_hoa_don_da_su_dung_T6.2025.xls,1416
G00332,1C25TUV,00005620,14/06/2025,628704,50296,679000,Bang_ke_hoa_don_da_su_dung_T6.2025.xls,1423
G00332,1C25TUV,00005626,14/06/2025,628704,50296,679000,Bang_ke_hoa_don_da_su_dung_T6.2025.xls,1429
G00332,1C25TUV,00005638,14/06/2025,628704,50296,679000,Bang_ke_hoa_don_da_su_dung_T6.2025.xls,1441
G00332,1C25TUV,00005643,14/06/2025,628704,50296,679000,Bang_ke_hoa_don_da_su_dung_T6.2025.xls,1446
G00332,1C25TUV,00005654,14/06/2025,628704,50296,679000,Bang_ke_hoa_don_da_su_dung_T6.2025.xls,1457
G00332,1C25TUV,00005658,14/06/2025,628704,50296,679000,Bang_ke_hoa_don_da_su_dung_T6.2025.xls,1461
G00332,1C25TUV,00005667,15/06/2025,628704,50296,679000,Bang_ke_hoa_don_da_su_dung_T6.2025.xls,1470
G00332,1C25TUV,00005668,15/06/2025,628704,50296,679000,Bang_ke_hoa_don_da_su_dung_T6.2025.xls,1471
G00332,1C25TUV,00005669,15/06/2025,628704,50296,679000,Bang_ke_hoa_don_da_su_dung_T6.2025.xls,1472
G00332,1C25TUV,00005670,15/06/2025,628704,50296,679000,Bang_ke_hoa_don_da_su_dung_T6.2025.xls,1473
G00332,1C25TUV,00005671,15/06/2025,628704,50296,679000,Bang_ke_hoa_don_da_su_dung_T6.2025.xls,1474
G00332,1C25TUV,00005672,15/06/2025,628704,50296,679000,Bang_ke_hoa_don_da_su_dung_T6.2025.xls,1475
G00332,1C25TUV,00005673,15/06/2025,628704,50296,679000,Bang_ke_hoa_don_da_su_dung_T6.2025.xls,1476
G00332,1C25TUV,00005674,15/06/2025,628704,50296,679000,Bang_ke_hoa_don_da_su_dung_T6.2025.xls,1477
G00332,1C25TUV,00005675,15/06/2025,628704,50296,679000,Bang_ke_hoa_don_da_su_dung_T6.2025.xls,1478
G00332,1C25TUV,00005676,15/06/2025,628704,50296,679000,Bang_ke_hoa_don_da_su_dung_T6.2025.xls,1479
G00332,1C25TUV,00005677,15/06/2025,628704,50296,679000,Bang_ke_hoa_don_da_su_dung_T6.2025.xls,1480
G00332,1C25TUV,00005678,15/06/2025,628704,50296,679000,Bang_ke_hoa_don_da_su_dung_T6.2025.xls,1481
G00332,1C25TUV,00005679,15/06/2025,628704,50296,679000,Bang_ke_hoa_don_da_su_dung_T6.2025.xls,1482
G00332,1C25TUV,00005680,15/06/2025,628704,50296,679000,Bang_ke_hoa_don_da_su_dung_T6.2025.xls,1483
G00332,1C25TUV,00005682,15/06/2025,628704,50296,679000,Bang_ke_hoa_don_da_su_dung_T6.2025.xls,1485
G00332,1C25TUV,00005683,15/06/2025,628704,50296,679000,Bang_ke_hoa_don_da_su_dung_T6.2025.xls,1486
G00332,1C25TUV,00005684,15/06/2025,628704,50296,679000,Bang_ke_hoa_don_da_su_dung_T6.2025.xls,1487
G00332,1C25TUV,00005685,15/06/2025,628704,50296,679000,Bang_ke_hoa_don_da_su_dung_T6.2025.xls,1488
G00332,1C25TUV,00005686,15/06/2025,628704,50296,679000,Bang_ke_hoa_don_da_su_dung_T6.2025.xls,1489
G00332,1C25TUV,00005687,15/06/2025,628704,50296,679000,Bang_ke_hoa_don_da_su_dung_T6.2025.xls,1490
G00332,1C25TUV,00005688,15/06/2025,628704,50296,679000,Bang_ke_hoa_don_da_su_dung_T6.2025.xls,1491
G00332,1C25TUV,00005690,15/06/2025,628704,50296,679000,Bang_ke_hoa_don_da_su_dung_T6.2025.xls,1493
G00332,1C25TUV,00005691,15/06/2025,628704,50296,679000,Bang_ke_hoa_don_da_su_dung_T6.2025.xls,1494
G00332,1C25TUV,00005692,15/06/2025,628704,50296,679000,Bang_ke_hoa_don_da_su_dung_T6.2025.xls,1495
G00332,1C25TUV,00005693,15/06/2025,628704,50296,679000,Bang_ke_hoa_don_da_su_dung_T6.2025.xls,1496
G00332,1C25TUV,00005694,15/06/2025,628704,50296,679000,Bang_ke_hoa_don_da_su_dung_T6.2025.xls,1497
G00332,1C25TUV,00005695,15/06/2025,628704,50296,679000,Bang_ke_hoa_don_da_su_dung_T6.2025.xls,1498
G00332,1C25TUV,00005696,15/06/2025,628704,50296,679000,Bang_ke_hoa_don_da_su_dung_T6.2025.xls,1499
G00332,1C25TUV,00005697,15/06/2025,628704,50296,679000,Bang_ke_hoa_don_da_su_dung_T6.2025.xls,1500
G00332,1C25TUV,00005698,15/06/2025,628704,50296,679000,Bang_ke_hoa_don_da_su_dung_T6.2025.xls,1501
G00332,1C25TUV,00005699,15/06/2025,628704,50296,679000,Bang_ke_hoa_don_da_su_dung_T6.2025.xls,1502
G00332,1C25TUV,00005700,15/06/2025,628704,50296,679000,Bang_ke_hoa_don_da_su_dung_T6.2025.xls,1503
G00332,1C25TUV,00005701,15/06/2025,628704,50296,679000,Bang_ke_hoa_don_da_su_dung_T6.2025.xls,1504
G00332,1C25TUV,00005702,15/06/2025,628704,50296,679000,Bang_ke_hoa_don_da_su_dung_T6.2025.xls,1505
G00332,1C25TUV,00005703,15/06/2025,628704,50296,679000,Bang_ke_hoa_don_da_su_dung_T6.2025.xls,1506
G00332,1C25TUV,00005704,15/06/2025,628704,50296,679000,Bang_ke_hoa_don_da_su_dung_T6.2025.xls,1507
G00332,1C25TUV,00005705,15/06/2025,628704,50296,679000,Bang_ke_hoa_don_da_su_dung_T6.2025.xls,1508
G00332,1C25TUV,00005706,15/06/2025,628704,50296,679000,Bang_ke_hoa_don_da_su_dung_T6.2025.xls,1509
G00332,1C25TUV,00005707,15/06/2025,628704,50296,679000,Bang_ke_hoa_don_da_su_dung_T6.2025.xls,1510
G00332,1C25TUV,00005708,15/06/2025,628704,50296,679000,Bang_ke_hoa_don_da_su_dung_T6.2025.xls,1511
G00332,1C25TUV,00005709,15/06/2025,628704,50296,679000,Bang_ke_hoa_don_da_su_dung_T6.2025.xls,1512
G00332,1C25TUV,00005710,15/06/2025,628704,50296,679000,Bang_ke_hoa_don_da_su_dung_T6.2025.xls,1513
G00332,1C25TUV,00005712,15/06/2025,628704,50296,679000,Bang_ke_hoa_don_da_su_dung_T6.2025.xls,1515
G00332,1C25TUV,00005713,15/06/2025,628704,50296,679000,Bang_ke_hoa_don_da_su_dung_T6.2025.xls,1516
G00332,1C25TUV,00005716,15/06/2025,628704,50296,679000,Bang_ke_hoa_don_da_su_dung_T6.2025.xls,1519
G00332,1C25TUV,00005718,15/06/2025,628704,50296,679000,Bang_ke_hoa_don_da_su_dung_T6.2025.xls,1521
G00332,1C25TUV,00005719,15/06/2025,628704,50296,679000,Bang_ke_hoa_don_da_su_dung_T6.2025.xls,1522
G00332,1C25TUV,00005720,15/06/2025,628704,50296,679000,Bang_ke_hoa_don_da_su_dung_T6.2025.xls,1523
G00332,1C25TUV,00005721,15/06/2025,628704,50296,679000,Bang_ke_hoa_don_da_su_dung_T6.2025.xls,1524
G00332,1C25TUV,00005724,15/06/2025,628704,50296,679000,Bang_ke_hoa_don_da_su_dung_T6.2025.xls,1527
G00332,1C25TUV,00005725,15/06/2025,628704,50296,679000,Bang_ke_hoa_don_da_su_dung_T6.2025.xls,1528
G00332,1C25TUV,00005734,15/06/2025,628704,50296,679000,Bang_ke_hoa_don_da_su_dung_T6.2025.xls,1537
G00332,1C25TUV,00005735,15/06/2025,628704,50296,679000,Bang_ke_hoa_don_da_su_dung_T6.2025.xls,1538
G00332,1C25TUV,00005736,15/06/2025,628704,50296,679000,Bang_ke_hoa_don_da_su_dung_T6.2025.xls,1539
G00332,1C25TUV,00005737,15/06/2025,628704,50296,679000,Bang_ke_hoa_don_da_su_dung_T6.2025.xls,1540
G00332,1C25TUV,00005739,15/06/2025,628704,50296,679000,Bang_ke_hoa_don_da_su_dung_T6.2025.xls,1542
G00332,1C25TUV,00005740,15/06/2025,628704,50296,679000,Bang_ke_hoa_don_da_su_dung_T6.2025.xls,1543
G00332,1C25TUV,00005741,15/06/2025,628704,50296,679000,Bang_ke_hoa_don_da_su_dung_T6.2025.xls,1544
G00332,1C25TUV,00005748,15/06/2025,628704,50296,679000,Bang_ke_hoa_don_da_su_dung_T6.2025.xls,1551
G00332,1C25TUV,00005750,15/06/2025,628704,50296,679000,Bang_ke_hoa_don_da_su_dung_T6.2025.xls,1553
G00332,1C25TUV,00005755,15/06/2025,628704,50296,679000,Bang_ke_hoa_don_da_su_dung_T6.2025.xls,1558
G00332,1C25TUV,00005757,15/06/2025,628704,50296,679000,Bang_ke_hoa_don_da_su_dung_T6.2025.xls,1560
G00332,1C25TUV,00005766,15/06/2025,628704,50296,679000,Bang_ke_hoa_don_da_su_dung_T6.2025.xls,1569
G00332,1C25TUV,00005769,15/06/2025,628704,50296,679000,Bang_ke_hoa_don_da_su_dung_T6.2025.xls,1572
G00332,1C25TUV,00005770,15/06/2025,628704,50296,679000,Bang_ke_hoa_don_da_su_dung_T6.2025.xls,1573
G00332,1C25TUV,00005771,15/06/2025,628704,50296,679000,Bang_ke_hoa_don_da_su_dung_T6.2025.xls,1574
G00332,1C25TUV,00005772,15/06/2025,628704,50296,679000,Bang_ke_hoa_don_da_su_dung_T6.2025.xls,1575
G00332,1C25TUV,00005789,15/06/2025,628704,50296,679000,Bang_ke_hoa_don_da_su_dung_T6.2025.xls,1592
G00332,1C25TUV,00005791,15/06/2025,628704,50296,679000,Bang_ke_hoa_don_da_su_dung_T6.2025.xls,1594
G00332,1C25TUV,00005798,15/06/2025,628704,50296,679000,Bang_ke_hoa_don_da_su_dung_T6.2025.xls,1601
G00332,1C25TUV,00005799,15/06/2025,628704,50296,679000,Bang_ke_hoa_don_da_su_dung_T6.2025.xls,1602
G00332,1C25TUV,00005801,15/06/2025,628704,50296,679000,Bang_ke_hoa_don_da_su_dung_T6.2025.xls,1604
G00332,1C25TUV,00005803,15/06/2025,628704,50296,679000,Bang_ke_hoa_don_da_su_dung_T6.2025.xls,1606
G00332,1C25TUV,00005805,15/06/2025,628704,50296,679000,Bang_ke_hoa_don_da_su_dung_T6.2025.xls,1608
G00332,1C25TUV,00005806,15/06/2025,628704,50296,679000,Bang_ke_hoa_don_da_su_dung_T6.2025.xls,1609
G00332,1C25TUV,00005807,15/06/2025,628704,50296,679000,Bang_ke_hoa_don_da_su_dung_T6.2025.xls,1610
G00332,1C25TUV,00005808,15/06/2025,628704,50296,679000,Bang_ke_hoa_don_da_su_dung_T6.2025.xls,1611
G00332,1C25TUV,00005809,15/06/2025,628704,50296,679000,Bang_ke_hoa_don_da_su_dung_T6.2025.xls,1612
G00332,1C25TUV,00005810,15/06/2025,628704,50296,679000,Bang_ke_hoa_don_da_su_dung_T6.2025.xls,1613
G00332,1C25TUV,00005816,15/06/2025,628704,50296,679000,Bang_ke_hoa_don_da_su_dung_T6.2025.xls,1619
G00332,1C25TUV,00005817,15/06/2025,628704,50296,679000,Bang_ke_hoa_don_da_su_dung_T6.2025.xls,1620
G00332,1C25TUV,00005818,15/06/2025,628704,50296,679000,Bang_ke_hoa_don_da_su_dung_T6.2025.xls,1621
G00332,1C25TUV,00005819,15/06/2025,628704,50296,679000,Bang_ke_hoa_don_da_su_dung_T6.2025.xls,1622
G00332,1C25TUV,00005820,15/06/2025,628704,50296,679000,Bang_ke_hoa_don_da_su_dung_T6.2025.xls,1623
G00332,1C25TUV,00005822,15/06/2025,628704,50296,679000,Bang_ke_hoa_don_da_su_dung_T6.2025.xls,1625
G00332,1C25TUV,00005828,15/06/2025,628704,50296,679000,Bang_ke_hoa_don_da_su_dung_T6.2025.xls,1631
G00332,1C25TUV,00005833,15/06/2025,628704,50296,679000,Bang_ke_hoa_don_da_su_dung_T6.2025.xls,1636
G00332,1C25TUV,00005834,15/06/2025,628704,50296,679000,Bang_ke_hoa_don_da_su_dung_T6.2025.xls,1637
G00332,1C25TUV,00005837,15/06/2025,628704,50296,679000,Bang_ke_hoa_don_da_su_dung_T6.2025.xls,1640
G00332,1C25TUV,00005839,15/06/2025,628704,50296,679000,Bang_ke_hoa_don_da_su_dung_T6.2025.xls,1642
G00332,1C25TUV,00005843,15/06/2025,628704,50296,679000,Bang_ke_hoa_don_da_su_dung_T6.2025.xls,1646
G00332,1C25TUV,00005886,16/06/2025,628704,50296,679000,Bang_ke_hoa_don_da_su_dung_T6.2025.xls,1689
G00332,1C25TUV,00005889,16/06/2025,628704,50296,679000,Bang_ke_hoa_don_da_su_dung_T6.2025.xls,1692
G00332,1C25TUV,00005890,16/06/2025,628704,50296,679000,Bang_ke_hoa_don_da_su_dung_T6.2025.xls,1693
G00332,1C25TUV,00005891,16/06/2025,628704,50296,679000,Bang_ke_hoa_don_da_su_dung_T6.2025.xls,1694
G00332,1C25TUV,00005895,16/06/2025,628704,50296,679000,Bang_ke_hoa_don_da_su_dung_T6.2025.xls,1698
G00332,1C25TUV,00005896,16/06/2025,628704,50296,679000,Bang_ke_hoa_don_da_su_dung_T6.2025.xls,1699
G00332,1C25TUV,00005897,16/06/2025,628704,50296,679000,Bang_ke_hoa_don_da_su_dung_T6.2025.xls,1700
G00332,1C25TUV,00005898,16/06/2025,628704,50296,679000,Bang_ke_hoa_don_da_su_dung_T6.2025.xls,1701
G00332,1C25TUV,00005901,16/06/2025,628704,50296,679000,Bang_ke_hoa_don_da_su_dung_T6.2025.xls,1704
G00332,1C25TUV,00005902,16/06/2025,628704,50296,679000,Bang_ke_hoa_don_da_su_dung_T6.2025.xls,1705
G00332,1C25TUV,00005903,16/06/2025,628704,50296,679000,Bang_ke_hoa_don_da_su_dung_T6.2025.xls,1706
G00332,1C25TUV,00005909,16/06/2025,628704,50296,679000,Bang_ke_hoa_don_da_su_dung_T6.2025.xls,1712
G00332,1C25TUV,00005911,16/06/2025,628704,50296,679000,Bang_ke_hoa_don_da_su_dung_T6.2025.xls,1714
G00332,1C25TUV,00005913,16/06/2025,628704,50296,679000,Bang_ke_hoa_don_da_su_dung_T6.2025.xls,1716
G00332,1C25TUV,00005916,16/06/2025,628704,50296,679000,Bang_ke_hoa_don_da_su_dung_T6.2025.xls,1719
G00332,1C25TUV,00005919,16/06/2025,628704,50296,679000,Bang_ke_hoa_don_da_su_dung_T6.2025.xls,1722
G00332,1C25TUV,00005924,16/06/2025,628704,50296,679000,Bang_ke_hoa_don_da_su_dung_T6.2025.xls,1727
G00332,1C25TUV,00005927,16/06/2025,628704,50296,679000,Bang_ke_hoa_don_da_su_dung_T6.2025.xls,1730
G00332,1C25TUV,00005934,16/06/2025,628704,50296,679000,Bang_ke_hoa_don_da_su_dung_T6.2025.xls,1737
G00332,1C25TUV,00005935,16/06/2025,628704,50296,679000,Bang_ke_hoa_don_da_su_dung_T6.2025.xls,1738
G00332,1C25TUV,00005936,16/06/2025,628704,50296,679000,Bang_ke_hoa_don_da_su_dung_T6.2025.xls,1739
G00332,1C25TUV,00005937,16/06/2025,628704,50296,679000,Bang_ke_hoa_don_da_su_dung_T6.2025.xls,1740
G00332,1C25TUV,00005938,16/06/2025,628704,50296,679000,Bang_ke_hoa_don_da_su_dung_T6.2025.xls,1741
G00332,1C25TUV,00005941,16/06/2025,628704,50296,679000,Bang_ke_hoa_don_da_su_dung_T6.2025.xls,1744
G00332,1C25TUV,00005945,16/06/2025,628704,50296,679000,Bang_ke_hoa_don_da_su_dung_T6.2025.xls,1748
G00332,1C25TUV,00005946,16/06/2025,628704,50296,679000,Bang_ke_hoa_don_da_su_dung_T6.2025.xls,1749
G00332,1C25TUV,00005956,16/06/2025,628704,50296,679000,Bang_ke_hoa_don_da_su_dung_T6.2025.xls,1759
G00332,1C25TUV,00005957,16/06/2025,628704,50296,679000,Bang_ke_hoa_don_da_su_dung_T6.2025.xls,1760
G00332,1C25TUV,00005972,16/06/2025,628704,50296,679000,Bang_ke_hoa_don_da_su_dung_T6.2025.xls,1775
G00332,1C25TUV,00006002,16/06/2025,628704,50296,679000,Bang_ke_hoa_don_da_su_dung_T6.2025.xls,1805
G00332,1C25TUV,00006003,16/06/2025,628704,50296,679000,Bang_ke_hoa_don_da_su_dung_T6.2025.xls,1806
G00332,1C25TUV,00006004,16/06/2025,628704,50296,679000,Bang_ke_hoa_don_da_su_dung_T6.2025.xls,1807
G00332,1C25TUV,00006005,16/06/2025,628704,50296,679000,Bang_ke_hoa_don_da_su_dung_T6.2025.xls,1808
G00332,1C25TUV,00006006,16/06/2025,628704,50296,679000,Bang_ke_hoa_don_da_su_dung_T6.2025.xls,1809
G00332,1C25TUV,00006007,16/06/2025,628704,50296,679000,Bang_ke_hoa_don_da_su_dung_T6.2025.xls,1810
G00332,1C25TUV,00006008,16/06/2025,628704,50296,679000,Bang_ke_hoa_don_da_su_dung_T6.2025.xls,1811
G00332,1C25TUV,00006009,16/06/2025,628704,50296,679000,Bang_ke_hoa_don_da_su_dung_T6.2025.xls,1812
G00332,1C25TUV,00006010,16/06/2025,628704,50296,679000,Bang_ke_hoa_don_da_su_dung_T6.2025.xls,1813
G00332,1C25TUV,00006014,16/06/2025,628704,50296,679000,Bang_ke_hoa_don_da_su_dung_T6.2025.xls,1817
G00332,1C25TUV,00006016,16/06/2025,628704,50296,679000,Bang_ke_hoa_don_da_su_dung_T6.2025.xls,1819
G00332,1C25TUV,00006017,16/06/2025,628704,50296,679000,Bang_ke_hoa_don_da_su_dung_T6.2025.xls,1820
G00332,1C25TUV,00006020,16/06/2025,628704,50296,679000,Bang_ke_hoa_don_da_su_dung_T6.2025.xls,1823
G00332,1C25TUV,00006021,16/06/2025,628704,50296,679000,Bang_ke_hoa_don_da_su_dung_T6.2025.xls,1824
G00332,1C25TUV,00006023,16/06/2025,628704,50296,679000,Bang_ke_hoa_don_da_su_dung_T6.2025.xls,1826
G00332,1C25TUV,00006025,16/06/2025,628704,50296,679000,Bang_ke_hoa_don_da_su_dung_T6.2025.xls,1828
G00332,1C25TUV,00006026,16/06/2025,628704,50296,679000,Bang_ke_hoa_don_da_su_dung_T6.2025.xls,1829
G00332,1C25TUV,00006027,16/06/2025,628704,50296,679000,Bang_ke_hoa_don_da_su_dung_T6.2025.xls,1830
G00332,1C25TUV,00006028,16/06/2025,628704,50296,679000,Bang_ke_hoa_don_da_su_dung_T6.2025.xls,1831
G00332,1C25TUV,00006029,16/06/2025,628704,50296,679000,Bang_ke_hoa_don_da_su_dung_T6.2025.xls,1832
G00332,1C25TUV,00006032,16/06/2025,628704,50296,679000,Bang_ke_hoa_don_da_su_dung_T6.2025.xls,1835
G00332,1C25TUV,00006033,16/06/2025,628704,50296,679000,Bang_ke_hoa_don_da_su_dung_T6.2025.xls,1836
G00332,1C25TUV,00006035,16/06/2025,628704,50296,679000,Bang_ke_hoa_don_da_su_dung_T6.2025.xls,1838
G00332,1C25TUV,00006036,16/06/2025,628704,50296,679000,Bang_ke_hoa_don_da_su_dung_T6.2025.xls,1839
G00332,1C25TUV,00006037,16/06/2025,628704,50296,679000,Bang_ke_hoa_don_da_su_dung_T6.2025.xls,1840
G00332,1C25TUV,00006040,16/06/2025,628704,50296,679000,Bang_ke_hoa_don_da_su_dung_T6.2025.xls,1843
G00332,1C25TUV,00006041,16/06/2025,628704,50296,679000,Bang_ke_hoa_don_da_su_dung_T6.2025.xls,1844
G00332,1C25TUV,00006043,16/06/2025,628704,50296,679000,Bang_ke_hoa_don_da_su_dung_T6.2025.xls,1846
G00332,1C25TUV,00006045,16/06/2025,628704,50296,679000,Bang_ke_hoa_don_da_su_dung_T6.2025.xls,1848
G00332,1C25TUV,00006048,16/06/2025,628704,50296,679000,Bang_ke_hoa_don_da_su_dung_T6.2025.xls,1851
G00332,1C25TUV,00006058,16/06/2025,628704,50296,679000,Bang_ke_hoa_don_da_su_dung_T6.2025.xls,1861
G00332,1C25TUV,00006059,16/06/2025,628704,50296,679000,Bang_ke_hoa_don_da_su_dung_T6.2025.xls,1862
G00332,1C25TUV,00006063,16/06/2025,628704,50296,679000,Bang_ke_hoa_don_da_su_dung_T6.2025.xls,1866
G00332,1C25TUV,00006064,16/06/2025,628704,50296,679000,Bang_ke_hoa_don_da_su_dung_T6.2025.xls,1867
G00332,1C25TUV,00006081,16/06/2025,628704,50296,679000,Bang_ke_hoa_don_da_su_dung_T6.2025.xls,1884
G00332,1C25TUV,00006086,16/06/2025,628704,50296,679000,Bang_ke_hoa_don_da_su_dung_T6.2025.xls,1889
G00332,1C25TUV,00006087,16/06/2025,628704,50296,679000,Bang_ke_hoa_don_da_su_dung_T6.2025.xls,1890
G00332,1C25TUV,00006130,17/06/2025,628704,50296,679000,Bang_ke_hoa_don_da_su_dung_T6.2025.xls,1933
G00332,1C25TUV,00006132,17/06/2025,628704,50296,679000,Bang_ke_hoa_don_da_su_dung_T6.2025.xls,1935
G00332,1C25TUV,00006133,17/06/2025,628704,50296,679000,Bang_ke_hoa_don_da_su_dung_T6.2025.xls,1936
G00332,1C25TUV,00006135,17/06/2025,628704,50296,679000,Bang_ke_hoa_don_da_su_dung_T6.2025.xls,1938
G00332,1C25TUV,00006136,17/06/2025,628704,50296,679000,Bang_ke_hoa_don_da_su_dung_T6.2025.xls,1939
G00332,1C25TUV,00006138,17/06/2025,628704,50296,679000,Bang_ke_hoa_don_da_su_dung_T6.2025.xls,1941
G00332,1C25TUV,00006140,17/06/2025,628704,50296,679000,Bang_ke_hoa_don_da_su_dung_T6.2025.xls,1943
G00332,1C25TUV,00006143,17/06/2025,628704,50296,679000,Bang_ke_hoa_don_da_su_dung_T6.2025.xls,1946
G00332,1C25TUV,00006144,17/06/2025,628704,50296,679000,Bang_ke_hoa_don_da_su_dung_T6.2025.xls,1947
G00332,1C25TUV,00006146,17/06/2025,628704,50296,679000,Bang_ke_hoa_don_da_su_dung_T6.2025.xls,1949
G00332,1C25TUV,00006147,17/06/2025,628704,50296,679000,Bang_ke_hoa_don_da_su_dung_T6.2025.xls,1950
G00332,1C25TUV,00006148,17/06/2025,628704,50296,679000,Bang_ke_hoa_don_da_su_dung_T6.2025.xls,1951
G00332,1C25TUV,00006151,17/06/2025,628704,50296,679000,Bang_ke_hoa_don_da_su_dung_T6.2025.xls,1954
G00332,1C25TUV,00006152,17/06/2025,628704,50296,679000,Bang_ke_hoa_don_da_su_dung_T6.2025.xls,1955
G00332,1C25TUV,00006153,17/06/2025,628704,50296,679000,Bang_ke_hoa_don_da_su_dung_T6.2025.xls,1956
G00332,1C25TUV,00006154,17/06/2025,628704,50296,679000,Bang_ke_hoa_don_da_su_dung_T6.2025.xls,1957
G00332,1C25TUV,00006158,17/06/2025,628704,50296,679000,Bang_ke_hoa_don_da_su_dung_T6.2025.xls,1961
G00332,1C25TUV,00006171,17/06/2025,628704,50296,679000,Bang_ke_hoa_don_da_su_dung_T6.2025.xls,1974
G00332,1C25TUV,00006186,17/06/2025,628704,50296,679000,Bang_ke_hoa_don_da_su_dung_T6.2025.xls,1989
G00332,1C25TUV,00006194,17/06/2025,628704,50296,679000,Bang_ke_hoa_don_da_su_dung_T6.2025.xls,1997
G00332,1C25TUV,00006196,17/06/2025,628704,50296,679000,Bang_ke_hoa_don_da_su_dung_T6.2025.xls,1999
G00332,1C25TUV,00006197,17/06/2025,628704,50296,679000,Bang_ke_hoa_don_da_su_dung_T6.2025.xls,2000
G00332,1C25TUV,00006202,17/06/2025,628704,50296,679000,Bang_ke_hoa_don_da_su_dung_T6.2025.xls,2005
G00332,1C25TUV,00006209,17/06/2025,628704,50296,679000,Bang_ke_hoa_don_da_su_dung_T6.2025.xls,2012
G00332,1C25TUV,00006215,17/06/2025,628704,50296,679000,Bang_ke_hoa_don_da_su_dung_T6.2025.xls,2018
G00332,1C25TUV,00006220,17/06/2025,628704,50296,679000,Bang_ke_hoa_don_da_su_dung_T6.2025.xls,2023
G00332,1C25TUV,00006221,17/06/2025,628704,50296,679000,Bang_ke_hoa_don_da_su_dung_T6.2025.xls,2024
G00332,1C25TUV,00006223,17/06/2025,628704,50296,679000,Bang_ke_hoa_don_da_su_dung_T6.2025.xls,2026
G00332,1C25TUV,00006239,17/06/2025,628704,50296,679000,Bang_ke_hoa_don_da_su_dung_T6.2025.xls,2042
G00332,1C25TUV,00006240,17/06/2025,628704,50296,679000,Bang_ke_hoa_don_da_su_dung_T6.2025.xls,2043
G00332,1C25TUV,00006245,17/06/2025,628704,50296,679000,Bang_ke_hoa_don_da_su_dung_T6.2025.xls,2048
G00332,1C25TUV,00006246,17/06/2025,628704,50296,679000,Bang_ke_hoa_don_da_su_dung_T6.2025.xls,2049
G00332,1C25TUV,00006250,17/06/2025,628704,50296,679000,Bang_ke_hoa_don_da_su_dung_T6.2025.xls,2053
G00332,1C25TUV,00006251,17/06/2025,628704,50296,679000,Bang_ke_hoa_don_da_su_dung_T6.2025.xls,2054
G00332,1C25TUV,00006254,17/06/2025,628704,50296,679000,Bang_ke_hoa_don_da_su_dung_T6.2025.xls,2057
G00332,1C25TUV,00006258,17/06/2025,628704,50296,679000,Bang_ke_hoa_don_da_su_dung_T6.2025.xls,2061
G00332,1C25TUV,00006259,17/06/2025,628704,50296,679000,Bang_ke_hoa_don_da_su_dung_T6.2025.xls,2062
G00332,1C25TUV,00006260,17/06/2025,628704,50296,679000,Bang_ke_hoa_don_da_su_dung_T6.2025.xls,2063
G00332,1C25TUV,00006261,17/06/2025,628704,50296,679000,Bang_ke_hoa_don_da_su_dung_T6.2025.xls,2064
G00332,1C25TUV,00006262,17/06/2025,628704,50296,679000,Bang_ke_hoa_don_da_su_dung_T6.2025.xls,2065
G00332,1C25TUV,00006264,17/06/2025,628704,50296,679000,Bang_ke_hoa_don_da_su_dung_T6.2025.xls,2067
G00332,1C25TUV,00006266,17/06/2025,628704,50296,679000,Bang_ke_hoa_don_da_su_dung_T6.2025.xls,2069
G00332,1C25TUV,00006267,17/06/2025,628704,50296,679000,Bang_ke_hoa_don_da_su_dung_T6.2025.xls,2070
G00332,1C25TUV,00006269,17/06/2025,628704,50296,679000,Bang_ke_hoa_don_da_su_dung_T6.2025.xls,2072
G00332,1C25TUV,00006270,17/06/2025,628704,50296,679000,Bang_ke_hoa_don_da_su_dung_T6.2025.xls,2073
G00332,1C25TUV,00006271,17/06/2025,628704,50296,679000,Bang_ke_hoa_don_da_su_dung_T6.2025.xls,2074
G00332,1C25TUV,00006272,17/06/2025,628704,50296,679000,Bang_ke_hoa_don_da_su_dung_T6.2025.xls,2075
G00332,1C25TUV,00006276,17/06/2025,628704,50296,679000,Bang_ke_hoa_don_da_su_dung_T6.2025.xls,2079
G00332,1C25TUV,00006278,17/06/2025,628704,50296,679000,Bang_ke_hoa_don_da_su_dung_T6.2025.xls,2081
G00332,1C25TUV,00006279,17/06/2025,628704,50296,679000,Bang_ke_hoa_don_da_su_dung_T6.2025.xls,2082
G00332,1C25TUV,00006280,17/06/2025,628704,50296,679000,Bang_ke_hoa_don_da_su_dung_T6.2025.xls,2083
G00332,1C25TUV,00006282,17/06/2025,628704,50296,679000,Bang_ke_hoa_don_da_su_dung_T6.2025.xls,2085
G00332,1C25TUV,00006283,17/06/2025,628704,50296,679000,Bang_ke_hoa_don_da_su_dung_T6.2025.xls,2086
G00332,1C25TUV,00006286,17/06/2025,628704,50296,679000,Bang_ke_hoa_don_da_su_dung_T6.2025.xls,2089
G00332,1C25TUV,00006368,17/06/2025,628704,50296,679000,Bang_ke_hoa_don_da_su_dung_T6.2025.xls,2171
G00332,1C25TUV,00006372,17/06/2025,628704,50296,679000,Bang_ke_hoa_don_da_su_dung_T6.2025.xls,2175
G00332,1C25TUV,00006380,18/06/2025,628704,50296,679000,Bang_ke_hoa_don_da_su_dung_T6.2025.xls,2183
G00332,1C25TUV,00006381,18/06/2025,628704,50296,679000,Bang_ke_hoa_don_da_su_dung_T6.2025.xls,2184
G00332,1C25TUV,00006382,18/06/2025,628704,50296,679000,Bang_ke_hoa_don_da_su_dung_T6.2025.xls,2185
G00332,1C25TUV,00006383,18/06/2025,628704,50296,679000,Bang_ke_hoa_don_da_su_dung_T6.2025.xls,2186
G00332,1C25TUV,00006384,18/06/2025,628704,50296,679000,Bang_ke_hoa_don_da_su_dung_T6.2025.xls,2187
G00332,1C25TUV,00006390,18/06/2025,628704,50296,679000,Bang_ke_hoa_don_da_su_dung_T6.2025.xls,2193
G00332,1C25TUV,00006391,18/06/2025,628704,50296,679000,Bang_ke_hoa_don_da_su_dung_T6.2025.xls,2194
G00332,1C25TUV,00006393,18/06/2025,628704,50296,679000,Bang_ke_hoa_don_da_su_dung_T6.2025.xls,2196
G00332,1C25TUV,00006396,18/06/2025,628704,50296,679000,Bang_ke_hoa_don_da_su_dung_T6.2025.xls,2199
G00332,1C25TUV,00006397,18/06/2025,628704,50296,679000,Bang_ke_hoa_don_da_su_dung_T6.2025.xls,2200
G00332,1C25TUV,00006399,18/06/2025,628704,50296,679000,Bang_ke_hoa_don_da_su_dung_T6.2025.xls,2202
G00332,1C25TUV,00006400,18/06/2025,628704,50296,679000,Bang_ke_hoa_don_da_su_dung_T6.2025.xls,2203
G00332,1C25TUV,00006408,18/06/2025,628704,50296,679000,Bang_ke_hoa_don_da_su_dung_T6.2025.xls,2211
G00332,1C25TUV,00006410,18/06/2025,628704,50296,679000,Bang_ke_hoa_don_da_su_dung_T6.2025.xls,2213
G00332,1C25TUV,00006411,18/06/2025,628704,50296,679000,Bang_ke_hoa_don_da_su_dung_T6.2025.xls,2214
G00332,1C25TUV,00006415,18/06/2025,628704,50296,679000,Bang_ke_hoa_don_da_su_dung_T6.2025.xls,2218
G00332,1C25TUV,00006419,18/06/2025,628704,50296,679000,Bang_ke_hoa_don_da_su_dung_T6.2025.xls,2222
G00332,1C25TUV,00006432,18/06/2025,628704,50296,679000,Bang_ke_hoa_don_da_su_dung_T6.2025.xls,2235
G00332,1C25TUV,00006443,18/06/2025,628704,50296,679000,Bang_ke_hoa_don_da_su_dung_T6.2025.xls,2246
G00332,1C25TUV,00006445,18/06/2025,628704,50296,679000,Bang_ke_hoa_don_da_su_dung_T6.2025.xls,2248
G00332,1C25TUV,00006454,18/06/2025,628704,50296,679000,Bang_ke_hoa_don_da_su_dung_T6.2025.xls,2257
G00332,1C25TUV,00006463,18/06/2025,628704,50296,679000,Bang_ke_hoa_don_da_su_dung_T6.2025.xls,2266
G00332,1C25TUV,00006464,18/06/2025,628704,50296,679000,Bang_ke_hoa_don_da_su_dung_T6.2025.xls,2267
G00332,1C25TUV,00006465,18/06/2025,628704,50296,679000,Bang_ke_hoa_don_da_su_dung_T6.2025.xls,2268
G00332,1C25TUV,00006470,18/06/2025,628704,50296,679000,Bang_ke_hoa_don_da_su_dung_T6.2025.xls,2273
G00332,1C25TUV,00006471,18/06/2025,628704,50296,679000,Bang_ke_hoa_don_da_su_dung_T6.2025.xls,2274
G00332,1C25TUV,00006480,18/06/2025,628704,50296,679000,Bang_ke_hoa_don_da_su_dung_T6.2025.xls,2283
G00332,1C25TUV,00006483,18/06/2025,628704,50296,679000,Bang_ke_hoa_don_da_su_dung_T6.2025.xls,2286
G00332,1C25TUV,00006485,18/06/2025,628704,50296,679000,Bang_ke_hoa_don_da_su_dung_T6.2025.xls,2288
G00332,1C25TUV,00006491,18/06/2025,628704,50296,679000,Bang_ke_hoa_don_da_su_dung_T6.2025.xls,2294
G00332,1C25TUV,00006534,18/06/2025,628704,50296,679000,Bang_ke_hoa_don_da_su_dung_T6.2025.xls,2337
G00332,1C25TUV,00006535,18/06/2025,628704,50296,679000,Bang_ke_hoa_don_da_su_dung_T6.2025.xls,2338
G00332,1C25TUV,00006538,18/06/2025,628704,50296,679000,Bang_ke_hoa_don_da_su_dung_T6.2025.xls,2341
G00332,1C25TUV,00006539,18/06/2025,628704,50296,679000,Bang_ke_hoa_don_da_su_dung_T6.2025.xls,2342
G00332,1C25TUV,00006542,18/06/2025,628704,50296,679000,Bang_ke_hoa_don_da_su_dung_T6.2025.xls,2345
G00332,1C25TUV,00006546,18/06/2025,628704,50296,679000,Bang_ke_hoa_don_da_su_dung_T6.2025.xls,2349
G00332,1C25TUV,00006547,18/06/2025,628704,50296,679000,Bang_ke_hoa_don_da_su_dung_T6.2025.xls,2350
G00332,1C25TUV,00006549,18/06/2025,628704,50296,679000,Bang_ke_hoa_don_da_su_dung_T6.2025.xls,2352
G00332,1C25TUV,00006552,18/06/2025,628704,50296,679000,Bang_ke_hoa_don_da_su_dung_T6.2025.xls,2355
G00332,1C25TUV,00006656,18/06/2025,628704,50296,679000,Bang_ke_hoa_don_da_su_dung_T6.2025.xls,2459
G00332,1C25TUV,00006660,18/06/2025,628704,50296,679000,Bang_ke_hoa_don_da_su_dung_T6.2025.xls,2463
G00332,1C25TUV,00006662,18/06/2025,628704,50296,679000,Bang_ke_hoa_don_da_su_dung_T6.2025.xls,2465
G00332,1C25TUV,00006671,18/06/2025,628704,50296,679000,Bang_ke_hoa_don_da_su_dung_T6.2025.xls,2474
G00332,1C25TUV,00006674,18/06/2025,628704,50296,679000,Bang_ke_hoa_don_da_su_dung_T6.2025.xls,2477
G00332,1C25TUV,00006678,18/06/2025,628704,50296,679000,Bang_ke_hoa_don_da_su_dung_T6.2025.xls,2481
G00332,1C25TUV,00006679,18/06/2025,628704,50296,679000,Bang_ke_hoa_don_da_su_dung_T6.2025.xls,2482
G00332,1C25TUV,00006681,18/06/2025,628704,50296,679000,Bang_ke_hoa_don_da_su_dung_T6.2025.xls,2484
G00332,1C25TUV,00006683,18/06/2025,628704,50296,679000,Bang_ke_hoa_don_da_su_dung_T6.2025.xls,2486
G00332,1C25TUV,00006693,18/06/2025,628704,50296,679000,Bang_ke_hoa_don_da_su_dung_T6.2025.xls,2496
G00332,1C25TUV,00006696,18/06/2025,628704,50296,679000,Bang_ke_hoa_don_da_su_dung_T6.2025.xls,2499
G00332,1C25TUV,00006697,18/06/2025,628704,50296,679000,Bang_ke_hoa_don_da_su_dung_T6.2025.xls,2500
G00332,1C25TUV,00006702,18/06/2025,628704,50296,679000,Bang_ke_hoa_don_da_su_dung_T6.2025.xls,2505
G00332,1C25TUV,00006705,18/06/2025,628704,50296,679000,Bang_ke_hoa_don_da_su_dung_T6.2025.xls,2508
G00332,1C25TUV,00006710,19/06/2025,628704,50296,679000,Bang_ke_hoa_don_da_su_dung_T6.2025.xls,2513
G00332,1C25TUV,00006738,19/06/2025,628704,50296,679000,Bang_ke_hoa_don_da_su_dung_T6.2025.xls,2541
G00332,1C25TUV,00006739,19/06/2025,628704,50296,679000,Bang_ke_hoa_don_da_su_dung_T6.2025.xls,2542
G00332,1C25TUV,00006745,19/06/2025,628704,50296,679000,Bang_ke_hoa_don_da_su_dung_T6.2025.xls,2548
G00332,1C25TUV,00006747,19/06/2025,628704,50296,679000,Bang_ke_hoa_don_da_su_dung_T6.2025.xls,2550
G00332,1C25TUV,00006749,19/06/2025,628704,50296,679000,Bang_ke_hoa_don_da_su_dung_T6.2025.xls,2552
G00332,1C25TUV,00006753,19/06/2025,628704,50296,679000,Bang_ke_hoa_don_da_su_dung_T6.2025.xls,2556
G00332,1C25TUV,00006761,19/06/2025,628704,50296,679000,Bang_ke_hoa_don_da_su_dung_T6.2025.xls,2564
G00332,1C25TUV,00006762,19/06/2025,628704,50296,679000,Bang_ke_hoa_don_da_su_dung_T6.2025.xls,2565
G00332,1C25TUV,00006766,19/06/2025,628704,50296,679000,Bang_ke_hoa_don_da_su_dung_T6.2025.xls,2569
G00332,1C25TUV,00006769,19/06/2025,628704,50296,679000,Bang_ke_hoa_don_da_su_dung_T6.2025.xls,2572
G00332,1C25TUV,00006772,19/06/2025,628704,50296,679000,Bang_ke_hoa_don_da_su_dung_T6.2025.xls,2575
G00332,1C25TUV,00006774,19/06/2025,628704,50296,679000,Bang_ke_hoa_don_da_su_dung_T6.2025.xls,2577
G00332,1C25TUV,00006775,19/06/2025,628704,50296,679000,Bang_ke_hoa_don_da_su_dung_T6.2025.xls,2578
G00332,1C25TUV,00006776,19/06/2025,628704,50296,679000,Bang_ke_hoa_don_da_su_dung_T6.2025.xls,2579
G00332,1C25TUV,00006782,19/06/2025,628704,50296,679000,Bang_ke_hoa_don_da_su_dung_T6.2025.xls,2585
G00332,1C25TUV,00006783,19/06/2025,628704,50296,679000,Bang_ke_hoa_don_da_su_dung_T6.2025.xls,2586
G00332,1C25TUV,00006787,19/06/2025,628704,50296,679000,Bang_ke_hoa_don_da_su_dung_T6.2025.xls,2590
G00332,1C25TUV,00006790,19/06/2025,628704,50296,679000,Bang_ke_hoa_don_da_su_dung_T6.2025.xls,2593
G00332,1C25TUV,00006791,19/06/2025,628704,50296,679000,Bang_ke_hoa_don_da_su_dung_T6.2025.xls,2594
G00332,1C25TUV,00006792,19/06/2025,628704,50296,679000,Bang_ke_hoa_don_da_su_dung_T6.2025.xls,2595
G00332,1C25TUV,00006793,19/06/2025,628704,50296,679000,Bang_ke_hoa_don_da_su_dung_T6.2025.xls,2596
G00332,1C25TUV,00006797,19/06/2025,628704,50296,679000,Bang_ke_hoa_don_da_su_dung_T6.2025.xls,2600
G00332,1C25TUV,00006804,19/06/2025,628704,50296,679000,Bang_ke_hoa_don_da_su_dung_T6.2025.xls,2607
G00332,1C25TUV,00006805,19/06/2025,628704,50296,679000,Bang_ke_hoa_don_da_su_dung_T6.2025.xls,2608
G00332,1C25TUV,00006808,19/06/2025,628704,50296,679000,Bang_ke_hoa_don_da_su_dung_T6.2025.xls,2611
G00332,1C25TUV,00006809,19/06/2025,628704,50296,679000,Bang_ke_hoa_don_da_su_dung_T6.2025.xls,2612
G00332,1C25TUV,00006810,19/06/2025,628704,50296,679000,Bang_ke_hoa_don_da_su_dung_T6.2025.xls,2613
G00332,1C25TUV,00006814,19/06/2025,628704,50296,679000,Bang_ke_hoa_don_da_su_dung_T6.2025.xls,2617
G00332,1C25TUV,00006818,19/06/2025,628704,50296,679000,Bang_ke_hoa_don_da_su_dung_T6.2025.xls,2621
G00332,1C25TUV,00006819,19/06/2025,628704,50296,679000,Bang_ke_hoa_don_da_su_dung_T6.2025.xls,2622
G00332,1C25TUV,00006829,19/06/2025,628704,50296,679000,Bang_ke_hoa_don_da_su_dung_T6.2025.xls,2632
G00332,1C25TUV,00006837,19/06/2025,628704,50296,679000,Bang_ke_hoa_don_da_su_dung_T6.2025.xls,2640
G00332,1C25TUV,00006868,19/06/2025,628704,50296,679000,Bang_ke_hoa_don_da_su_dung_T6.2025.xls,2671
G00332,1C25TUV,00006869,19/06/2025,628704,50296,679000,Bang_ke_hoa_don_da_su_dung_T6.2025.xls,2672
G00332,1C25TUV,00006904,19/06/2025,628704,50296,679000,Bang_ke_hoa_don_da_su_dung_T6.2025.xls,2707
G00332,1C25TUV,00006928,19/06/2025,628704,50296,679000,Bang_ke_hoa_don_da_su_dung_T6.2025.xls,2731
G00332,1C25TUV,00006975,19/06/2025,628704,50296,679000,Bang_ke_hoa_don_da_su_dung_T6.2025.xls,2778
G00332,1C25TUV,00006982,19/06/2025,628704,50296,679000,Bang_ke_hoa_don_da_su_dung_T6.2025.xls,2785
G00332,1C25TUV,00006987,19/06/2025,628704,50296,679000,Bang_ke_hoa_don_da_su_dung_T6.2025.xls,2790
G00332,1C25TUV,00006992,19/06/2025,628704,50296,679000,Bang_ke_hoa_don_da_su_dung_T6.2025.xls,2795
G00332,1C25TUV,00006997,19/06/2025,628704,50296,679000,Bang_ke_hoa_don_da_su_dung_T6.2025.xls,2800
G00332,1C25TUV,00006998,19/06/2025,628704,50296,679000,Bang_ke_hoa_don_da_su_dung_T6.2025.xls,2801
G00332,1C25TUV,00006999,19/06/2025,628704,50296,679000,Bang_ke_hoa_don_da_su_dung_T6.2025.xls,2802
G00332,1C25TUV,00007001,19/06/2025,628704,50296,679000,Bang_ke_hoa_don_da_su_dung_T6.2025.xls,2804
G00332,1C25TUV,00007007,19/06/2025,628704,50296,679000,Bang_ke_hoa_don_da_su_dung_T6.2025.xls,2810
G00332,1C25TUV,00007008,19/06/2025,628704,50296,679000,Bang_ke_hoa_don_da_su_dung_T6.2025.xls,2811
G00332,1C25TUV,00007013,19/06/2025,628704,50296,679000,Bang_ke_hoa_don_da_su_dung_T6.2025.xls,2816
G00332,1C25TUV,00007037,20/06/2025,628704,50296,679000,Bang_ke_hoa_don_da_su_dung_T6.2025.xls,2840
G00332,1C25TUV,00007040,20/06/2025,628704,50296,679000,Bang_ke_hoa_don_da_su_dung_T6.2025.xls,2843
G00332,1C25TUV,00007041,20/06/2025,628704,50296,679000,Bang_ke_hoa_don_da_su_dung_T6.2025.xls,2844
G00332,1C25TUV,00007042,20/06/2025,628704,50296,679000,Bang_ke_hoa_don_da_su_dung_T6.2025.xls,2845
G00332,1C25TUV,00007043,20/06/2025,628704,50296,679000,Bang_ke_hoa_don_da_su_dung_T6.2025.xls,2846
G00332,1C25TUV,00007044,20/06/2025,628704,50296,679000,Bang_ke_hoa_don_da_su_dung_T6.2025.xls,2847
G00332,1C25TUV,00007045,20/06/2025,628704,50296,679000,Bang_ke_hoa_don_da_su_dung_T6.2025.xls,2848
G00332,1C25TUV,00007046,20/06/2025,628704,50296,679000,Bang_ke_hoa_don_da_su_dung_T6.2025.xls,2849
G00332,1C25TUV,00007047,20/06/2025,628704,50296,679000,Bang_ke_hoa_don_da_su_dung_T6.2025.xls,2850
G00332,1C25TUV,00007048,20/06/2025,628704,50296,679000,Bang_ke_hoa_don_da_su_dung_T6.2025.xls,2851
G00332,1C25TUV,00007049,20/06/2025,628704,50296,679000,Bang_ke_hoa_don_da_su_dung_T6.2025.xls,2852
G00332,1C25TUV,00007051,20/06/2025,628704,50296,679000,Bang_ke_hoa_don_da_su_dung_T6.2025.xls,2854
G00332,1C25TUV,00007052,20/06/2025,628704,50296,679000,Bang_ke_hoa_don_da_su_dung_T6.2025.xls,2855
G00332,1C25TUV,00007053,20/06/2025,628704,50296,679000,Bang_ke_hoa_don_da_su_dung_T6.2025.xls,2856
G00332,1C25TUV,00007054,20/06/2025,628704,50296,679000,Bang_ke_hoa_don_da_su_dung_T6.2025.xls,2857
G00332,1C25TUV,00007055,20/06/2025,628704,50296,679000,Bang_ke_hoa_don_da_su_dung_T6.2025.xls,2858
G00332,1C25TUV,00007057,20/06/2025,628704,50296,679000,Bang_ke_hoa_don_da_su_dung_T6.2025.xls,2860
G00332,1C25TUV,00007059,20/06/2025,628704,50296,679000,Bang_ke_hoa_don_da_su_dung_T6.2025.xls,2862
G00332,1C25TUV,00007060,20/06/2025,628704,50296,679000,Bang_ke_hoa_don_da_su_dung_T6.2025.xls,2863
G00332,1C25TUV,00007062,20/06/2025,628704,50296,679000,Bang_ke_hoa_don_da_su_dung_T6.2025.xls,2865
G00332,1C25TUV,00007063,20/06/2025,628704,50296,679000,Bang_ke_hoa_don_da_su_dung_T6.2025.xls,2866
G00332,1C25TUV,00007065,20/06/2025,628704,50296,679000,Bang_ke_hoa_don_da_su_dung_T6.2025.xls,2868
G00332,1C25TUV,00007066,20/06/2025,628704,50296,679000,Bang_ke_hoa_don_da_su_dung_T6.2025.xls,2869
G00332,1C25TUV,00007067,20/06/2025,628704,50296,679000,Bang_ke_hoa_don_da_su_dung_T6.2025.xls,2870
G00332,1C25TUV,00007070,20/06/2025,628704,50296,679000,Bang_ke_hoa_don_da_su_dung_T6.2025.xls,2873
G00332,1C25TUV,00007076,20/06/2025,628704,50296,679000,Bang_ke_hoa_don_da_su_dung_T6.2025.xls,2879
G00332,1C25TUV,00007078,20/06/2025,628704,50296,679000,Bang_ke_hoa_don_da_su_dung_T6.2025.xls,2881
G00332,1C25TUV,00007079,20/06/2025,628704,50296,679000,Bang_ke_hoa_don_da_su_dung_T6.2025.xls,2882
G00332,1C25TUV,00007080,20/06/2025,628704,50296,679000,Bang_ke_hoa_don_da_su_dung_T6.2025.xls,2883
G00332,1C25TUV,00007081,20/06/2025,628704,50296,679000,Bang_ke_hoa_don_da_su_dung_T6.2025.xls,2884
G00332,1C25TUV,00007082,20/06/2025,628704,50296,679000,Bang_ke_hoa_don_da_su_dung_T6.2025.xls,2885
G00332,1C25TUV,00007083,20/06/2025,628704,50296,679000,Bang_ke_hoa_don_da_su_dung_T6.2025.xls,2886
G00332,1C25TUV,00007084,20/06/2025,628704,50296,679000,Bang_ke_hoa_don_da_su_dung_T6.2025.xls,2887
G00332,1C25TUV,00007085,20/06/2025,628704,50296,679000,Bang_ke_hoa_don_da_su_dung_T6.2025.xls,2888
G00332,1C25TUV,00007087,20/06/2025,628704,50296,679000,Bang_ke_hoa_don_da_su_dung_T6.2025.xls,2890
G00332,1C25TUV,00007088,20/06/2025,628704,50296,679000,Bang_ke_hoa_don_da_su_dung_T6.2025.xls,2891
G00332,1C25TUV,00007089,20/06/2025,628704,50296,679000,Bang_ke_hoa_don_da_su_dung_T6.2025.xls,2892
G00332,1C25TUV,00007091,20/06/2025,628704,50296,679000,Bang_ke_hoa_don_da_su_dung_T6.2025.xls,2894
G00332,1C25TUV,00007093,20/06/2025,628704,50296,679000,Bang_ke_hoa_don_da_su_dung_T6.2025.xls,2896
G00332,1C25TUV,00007094,20/06/2025,628704,50296,679000,Bang_ke_hoa_don_da_su_dung_T6.2025.xls,2897
G00332,1C25TUV,00007096,20/06/2025,628704,50296,679000,Bang_ke_hoa_don_da_su_dung_T6.2025.xls,2899
G00332,1C25TUV,00007097,20/06/2025,628704,50296,679000,Bang_ke_hoa_don_da_su_dung_T6.2025.xls,2900
G00332,1C25TUV,00007098,20/06/2025,628704,50296,679000,Bang_ke_hoa_don_da_su_dung_T6.2025.xls,2901
G00332,1C25TUV,00007101,20/06/2025,628704,50296,679000,Bang_ke_hoa_don_da_su_dung_T6.2025.xls,2904
G00332,1C25TUV,00007104,20/06/2025,628704,50296,679000,Bang_ke_hoa_don_da_su_dung_T6.2025.xls,2907
G00332,1C25TUV,00007105,20/06/2025,628704,50296,679000,Bang_ke_hoa_don_da_su_dung_T6.2025.xls,2908
G00332,1C25TUV,00007108,20/06/2025,628704,50296,679000,Bang_ke_hoa_don_da_su_dung_T6.2025.xls,2911
G00332,1C25TUV,00007109,20/06/2025,628704,50296,679000,Bang_ke_hoa_don_da_su_dung_T6.2025.xls,2912
G00332,1C25TUV,00007119,20/06/2025,628704,50296,679000,Bang_ke_hoa_don_da_su_dung_T6.2025.xls,2922
G00332,1C25TUV,00007154,20/06/2025,628704,50296,679000,Bang_ke_hoa_don_da_su_dung_T6.2025.xls,2957
G00332,1C25TUV,00007194,20/06/2025,628704,50296,679000,Bang_ke_hoa_don_da_su_dung_T6.2025.xls,2997
G00332,1C25TUV,00007224,20/06/2025,628704,50296,679000,Bang_ke_hoa_don_da_su_dung_T6.2025.xls,3027
G00332,1C25TUV,00007226,20/06/2025,628704,50296,679000,Bang_ke_hoa_don_da_su_dung_T6.2025.xls,3029
G00332,1C25TUV,00007228,20/06/2025,628704,50296,679000,Bang_ke_hoa_don_da_su_dung_T6.2025.xls,3031
G00332,1C25TUV,00007229,20/06/2025,628704,50296,679000,Bang_ke_hoa_don_da_su_dung_T6.2025.xls,3032
G00332,1C25TUV,00007230,20/06/2025,628704,50296,679000,Bang_ke_hoa_don_da_su_dung_T6.2025.xls,3033
G00332,1C25TUV,00007231,20/06/2025,628704,50296,679000,Bang_ke_hoa_don_da_su_dung_T6.2025.xls,3034
G00332,1C25TUV,00007232,20/06/2025,628704,50296,679000,Bang_ke_hoa_don_da_su_dung_T6.2025.xls,3035
G00332,1C25TUV,00007233,20/06/2025,628704,50296,679000,Bang_ke_hoa_don_da_su_dung_T6.2025.xls,3036
G00332,1C25TUV,00007234,20/06/2025,628704,50296,679000,Bang_ke_hoa_don_da_su_dung_T6.2025.xls,3037
G00332,1C25TUV,00007236,20/06/2025,628704,50296,679000,Bang_ke_hoa_don_da_su_dung_T6.2025.xls,3039
G00332,1C25TUV,00007238,20/06/2025,628704,50296,679000,Bang_ke_hoa_don_da_su_dung_T6.2025.xls,3041
G00332,1C25TUV,00007242,20/06/2025,628704,50296,679000,Bang_ke_hoa_don_da_su_dung_T6.2025.xls,3045
G00332,1C25TUV,00007243,20/06/2025,628704,50296,679000,Bang_ke_hoa_don_da_su_dung_T6.2025.xls,3046
G00332,1C25TUV,00007246,20/06/2025,628704,50296,679000,Bang_ke_hoa_don_da_su_dung_T6.2025.xls,3049
G00332,1C25TUV,00007252,20/06/2025,628704,50296,679000,Bang_ke_hoa_don_da_su_dung_T6.2025.xls,3055
G00332,1C25TUV,00007253,20/06/2025,628704,50296,679000,Bang_ke_hoa_don_da_su_dung_T6.2025.xls,3056
G00332,1C25TUV,00007254,20/06/2025,628704,50296,679000,Bang_ke_hoa_don_da_su_dung_T6.2025.xls,3057
G00332,1C25TUV,00007255,20/06/2025,628704,50296,679000,Bang_ke_hoa_don_da_su_dung_T6.2025.xls,3058
G00332,1C25TUV,00007256,20/06/2025,628704,50296,679000,Bang_ke_hoa_don_da_su_dung_T6.2025.xls,3059
G00332,1C25TUV,00007260,20/06/2025,628704,50296,679000,Bang_ke_hoa_don_da_su_dung_T6.2025.xls,3063
G00332,1C25TUV,00007264,20/06/2025,628704,50296,679000,Bang_ke_hoa_don_da_su_dung_T6.2025.xls,3067
G00332,1C25TUV,00007266,20/06/2025,628704,50296,679000,Bang_ke_hoa_don_da_su_dung_T6.2025.xls,3069
G00332,1C25TUV,00007267,20/06/2025,628704,50296,679000,Bang_ke_hoa_don_da_su_dung_T6.2025.xls,3070
G00332,1C25TUV,00007268,20/06/2025,628704,50296,679000,Bang_ke_hoa_don_da_su_dung_T6.2025.xls,3071
G00332,1C25TUV,00007272,20/06/2025,628704,50296,679000,Bang_ke_hoa_don_da_su_dung_T6.2025.xls,3075
G00332,1C25TUV,00007274,20/06/2025,628704,50296,679000,Bang_ke_hoa_don_da_su_dung_T6.2025.xls,3077
G00332,1C25TUV,00007284,20/06/2025,628704,50296,679000,Bang_ke_hoa_don_da_su_dung_T6.2025.xls,3087
G00332,1C25TUV,00007288,20/06/2025,628704,50296,679000,Bang_ke_hoa_don_da_su_dung_T6.2025.xls,3091
G00332,1C25TUV,00007292,20/06/2025,628704,50296,679000,Bang_ke_hoa_don_da_su_dung_T6.2025.xls,3095
G00332,1C25TUV,00007294,20/06/2025,628704,50296,679000,Bang_ke_hoa_don_da_su_dung_T6.2025.xls,3097
G00332,1C25TUV,00007301,20/06/2025,628704,50296,679000,Bang_ke_hoa_don_da_su_dung_T6.2025.xls,3104
G00332,1C25TUV,00007306,20/06/2025,628704,50296,679000,Bang_ke_hoa_don_da_su_dung_T6.2025.xls,3109
G00332,1C25TUV,00007310,20/06/2025,628704,50296,679000,Bang_ke_hoa_don_da_su_dung_T6.2025.xls,3113
G00332,1C25TUV,00007318,20/06/2025,628704,50296,679000,Bang_ke_hoa_don_da_su_dung_T6.2025.xls,3121
G00332,1C25TUV,00007319,20/06/2025,628704,50296,679000,Bang_ke_hoa_don_da_su_dung_T6.2025.xls,3122
G00332,1C25TUV,00007320,20/06/2025,628704,50296,679000,Bang_ke_hoa_don_da_su_dung_T6.2025.xls,3123
G00332,1C25TUV,00007323,20/06/2025,628704,50296,679000,Bang_ke_hoa_don_da_su_dung_T6.2025.xls,3126
G00332,1C25TUV,00007328,20/06/2025,628704,50296,679000,Bang_ke_hoa_don_da_su_dung_T6.2025.xls,3131
G00332,1C25TUV,00007345,21/06/2025,628704,50296,679000,Bang_ke_hoa_don_da_su_dung_T6.2025.xls,3148
G00332,1C25TUV,00007348,21/06/2025,628704,50296,679000,Bang_ke_hoa_don_da_su_dung_T6.2025.xls,3151
G00332,1C25TUV,00007349,21/06/2025,628704,50296,679000,Bang_ke_hoa_don_da_su_dung_T6.2025.xls,3152
G00332,1C25TUV,00007350,21/06/2025,628704,50296,679000,Bang_ke_hoa_don_da_su_dung_T6.2025.xls,3153
G00332,1C25TUV,00007351,21/06/2025,628704,50296,679000,Bang_ke_hoa_don_da_su_dung_T6.2025.xls,3154
G00332,1C25TUV,00007352,21/06/2025,628704,50296,679000,Bang_ke_hoa_don_da_su_dung_T6.2025.xls,3155
G00332,1C25TUV,00007353,21/06/2025,628704,50296,679000,Bang_ke_hoa_don_da_su_dung_T6.2025.xls,3156
G00332,1C25TUV,00007354,21/06/2025,628704,50296,679000,Bang_ke_hoa_don_da_su_dung_T6.2025.xls,3157
G00332,1C25TUV,00007355,21/06/2025,628704,50296,679000,Bang_ke_hoa_don_da_su_dung_T6.2025.xls,3158
G00332,1C25TUV,00007356,21/06/2025,628704,50296,679000,Bang_ke_hoa_don_da_su_dung_T6.2025.xls,3159
G00332,1C25TUV,00007357,21/06/2025,628704,50296,679000,Bang_ke_hoa_don_da_su_dung_T6.2025.xls,3160
G00332,1C25TUV,00007358,21/06/2025,628704,50296,679000,Bang_ke_hoa_don_da_su_dung_T6.2025.xls,3161
G00332,1C25TUV,00007360,21/06/2025,628704,50296,679000,Bang_ke_hoa_don_da_su_dung_T6.2025.xls,3163
G00332,1C25TUV,00007361,21/06/2025,628704,50296,679000,Bang_ke_hoa_don_da_su_dung_T6.2025.xls,3164
G00332,1C25TUV,00007362,21/06/2025,628704,50296,679000,Bang_ke_hoa_don_da_su_dung_T6.2025.xls,3165
G00332,1C25TUV,00007363,21/06/2025,628704,50296,679000,Bang_ke_hoa_don_da_su_dung_T6.2025.xls,3166
G00332,1C25TUV,00007366,21/06/2025,628704,50296,679000,Bang_ke_hoa_don_da_su_dung_T6.2025.xls,3169
G00332,1C25TUV,00007367,21/06/2025,628704,50296,679000,Bang_ke_hoa_don_da_su_dung_T6.2025.xls,3170
G00332,1C25TUV,00007368,21/06/2025,628704,50296,679000,Bang_ke_hoa_don_da_su_dung_T6.2025.xls,3171
G00332,1C25TUV,00007369,21/06/2025,628704,50296,679000,Bang_ke_hoa_don_da_su_dung_T6.2025.xls,3172
G00332,1C25TUV,00007370,21/06/2025,628704,50296,679000,Bang_ke_hoa_don_da_su_dung_T6.2025.xls,3173
G00332,1C25TUV,00007375,21/06/2025,628704,50296,679000,Bang_ke_hoa_don_da_su_dung_T6.2025.xls,3178
G00332,1C25TUV,00007378,21/06/2025,628704,50296,679000,Bang_ke_hoa_don_da_su_dung_T6.2025.xls,3181
G00332,1C25TUV,00007379,21/06/2025,628704,50296,679000,Bang_ke_hoa_don_da_su_dung_T6.2025.xls,3182
G00332,1C25TUV,00007383,21/06/2025,628704,50296,679000,Bang_ke_hoa_don_da_su_dung_T6.2025.xls,3186
G00332,1C25TUV,00007384,21/06/2025,628704,50296,679000,Bang_ke_hoa_don_da_su_dung_T6.2025.xls,3187
G00332,1C25TUV,00007432,21/06/2025,628704,50296,679000,Bang_ke_hoa_don_da_su_dung_T6.2025.xls,3235
G00332,1C25TUV,00007451,21/06/2025,628704,50296,679000,Bang_ke_hoa_don_da_su_dung_T6.2025.xls,3254
G00332,1C25TUV,00007452,21/06/2025,628704,50296,679000,Bang_ke_hoa_don_da_su_dung_T6.2025.xls,3255
G00332,1C25TUV,00007453,21/06/2025,628704,50296,679000,Bang_ke_hoa_don_da_su_dung_T6.2025.xls,3256
G00332,1C25TUV,00007458,21/06/2025,628704,50296,679000,Bang_ke_hoa_don_da_su_dung_T6.2025.xls,3261
G00332,1C25TUV,00007460,21/06/2025,628704,50296,679000,Bang_ke_hoa_don_da_su_dung_T6.2025.xls,3263
G00332,1C25TUV,00007463,21/06/2025,628704,50296,679000,Bang_ke_hoa_don_da_su_dung_T6.2025.xls,3266
G00332,1C25TUV,00007464,21/06/2025,628704,50296,679000,Bang_ke_hoa_don_da_su_dung_T6.2025.xls,3267
G00332,1C25TUV,00007465,21/06/2025,628704,50296,679000,Bang_ke_hoa_don_da_su_dung_T6.2025.xls,3268
G00332,1C25TUV,00007467,21/06/2025,628704,50296,679000,Bang_ke_hoa_don_da_su_dung_T6.2025.xls,3270
G00332,1C25TUV,00007469,21/06/2025,628704,50296,679000,Bang_ke_hoa_don_da_su_dung_T6.2025.xls,3272
G00332,1C25TUV,00007470,21/06/2025,628704,50296,679000,Bang_ke_hoa_don_da_su_dung_T6.2025.xls,3273
G00332,1C25TUV,00007478,21/06/2025,628704,50296,679000,Bang_ke_hoa_don_da_su_dung_T6.2025.xls,3281
G00332,1C25TUV,00007479,21/06/2025,628704,50296,679000,Bang_ke_hoa_don_da_su_dung_T6.2025.xls,3282
G00332,1C25TUV,00007481,21/06/2025,628704,50296,679000,Bang_ke_hoa_don_da_su_dung_T6.2025.xls,3284
G00332,1C25TUV,00007483,21/06/2025,628704,50296,679000,Bang_ke_hoa_don_da_su_dung_T6.2025.xls,3286
G00332,1C25TUV,00007484,21/06/2025,628704,50296,679000,Bang_ke_hoa_don_da_su_dung_T6.2025.xls,3287
G00332,1C25TUV,00007485,21/06/2025,628704,50296,679000,Bang_ke_hoa_don_da_su_dung_T6.2025.xls,3288
G00332,1C25TUV,00007489,21/06/2025,628704,50296,679000,Bang_ke_hoa_don_da_su_dung_T6.2025.xls,3292
G00332,1C25TUV,00007492,21/06/2025,628704,50296,679000,Bang_ke_hoa_don_da_su_dung_T6.2025.xls,3295
G00332,1C25TUV,00007497,21/06/2025,628704,50296,679000,Bang_ke_hoa_don_da_su_dung_T6.2025.xls,3300
G00332,1C25TUV,00007499,21/06/2025,628704,50296,679000,Bang_ke_hoa_don_da_su_dung_T6.2025.xls,3302
G00332,1C25TUV,00007503,21/06/2025,628704,50296,679000,Bang_ke_hoa_don_da_su_dung_T6.2025.xls,3306
G00332,1C25TUV,00007506,21/06/2025,628704,50296,679000,Bang_ke_hoa_don_da_su_dung_T6.2025.xls,3309
G00332,1C25TUV,00007507,21/06/2025,628704,50296,679000,Bang_ke_hoa_don_da_su_dung_T6.2025.xls,3310
G00332,1C25TUV,00007509,21/06/2025,628704,50296,679000,Bang_ke_hoa_don_da_su_dung_T6.2025.xls,3312
G00332,1C25TUV,00007510,21/06/2025,628704,50296,679000,Bang_ke_hoa_don_da_su_dung_T6.2025.xls,3313
G00332,1C25TUV,00007511,21/06/2025,628704,50296,679000,Bang_ke_hoa_don_da_su_dung_T6.2025.xls,3314
G00332,1C25TUV,00007512,21/06/2025,628704,50296,679000,Bang_ke_hoa_don_da_su_dung_T6.2025.xls,3315
G00332,1C25TUV,00007513,21/06/2025,628704,50296,679000,Bang_ke_hoa_don_da_su_dung_T6.2025.xls,3316
G00332,1C25TUV,00007514,21/06/2025,628704,50296,679000,Bang_ke_hoa_don_da_su_dung_T6.2025.xls,3317
G00332,1C25TUV,00007516,21/06/2025,628704,50296,679000,Bang_ke_hoa_don_da_su_dung_T6.2025.xls,3319
G00332,1C25TUV,00007519,21/06/2025,628704,50296,679000,Bang_ke_hoa_don_da_su_dung_T6.2025.xls,3322
G00332,1C25TUV,00007521,21/06/2025,628704,50296,679000,Bang_ke_hoa_don_da_su_dung_T6.2025.xls,3324
G00332,1C25TUV,00007523,21/06/2025,628704,50296,679000,Bang_ke_hoa_don_da_su_dung_T6.2025.xls,3326
G00332,1C25TUV,00007525,21/06/2025,628704,50296,679000,Bang_ke_hoa_don_da_su_dung_T6.2025.xls,3328
G00332,1C25TUV,00007529,21/06/2025,628704,50296,679000,Bang_ke_hoa_don_da_su_dung_T6.2025.xls,3332
G00332,1C25TUV,00007552,21/06/2025,628704,50296,679000,Bang_ke_hoa_don_da_su_dung_T6.2025.xls,3355
G00332,1C25TUV,00007574,21/06/2025,628704,50296,679000,Bang_ke_hoa_don_da_su_dung_T6.2025.xls,3377
G00332,1C25TUV,00007576,21/06/2025,628704,50296,679000,Bang_ke_hoa_don_da_su_dung_T6.2025.xls,3379
G00332,1C25TUV,00007581,21/06/2025,628704,50296,679000,Bang_ke_hoa_don_da_su_dung_T6.2025.xls,3384
G00332,1C25TUV,00007586,21/06/2025,628704,50296,679000,Bang_ke_hoa_don_da_su_dung_T6.2025.xls,3389
G00332,1C25TUV,00007587,21/06/2025,628704,50296,679000,Bang_ke_hoa_don_da_su_dung_T6.2025.xls,3390
G00332,1C25TUV,00007593,21/06/2025,628704,50296,679000,Bang_ke_hoa_don_da_su_dung_T6.2025.xls,3396
G00332,1C25TUV,00007596,21/06/2025,628704,50296,679000,Bang_ke_hoa_don_da_su_dung_T6.2025.xls,3399
G00332,1C25TUV,00007599,21/06/2025,628704,50296,679000,Bang_ke_hoa_don_da_su_dung_T6.2025.xls,3402
G00332,1C25TUV,00007604,22/06/2025,628704,50296,679000,Bang_ke_hoa_don_da_su_dung_T6.2025.xls,3407
G00332,1C25TUV,00007605,22/06/2025,628704,50296,679000,Bang_ke_hoa_don_da_su_dung_T6.2025.xls,3408
G00332,1C25TUV,00007607,22/06/2025,628704,50296,679000,Bang_ke_hoa_don_da_su_dung_T6.2025.xls,3410
G00332,1C25TUV,00007609,22/06/2025,628704,50296,679000,Bang_ke_hoa_don_da_su_dung_T6.2025.xls,3412
G00332,1C25TUV,00007611,22/06/2025,628704,50296,679000,Bang_ke_hoa_don_da_su_dung_T6.2025.xls,3414
G00332,1C25TUV,00007614,22/06/2025,628704,50296,679000,Bang_ke_hoa_don_da_su_dung_T6.2025.xls,3417
G00332,1C25TUV,00007618,22/06/2025,628704,50296,679000,Bang_ke_hoa_don_da_su_dung_T6.2025.xls,3421
G00332,1C25TUV,00007622,22/06/2025,628704,50296,679000,Bang_ke_hoa_don_da_su_dung_T6.2025.xls,3425
G00332,1C25TUV,00007629,22/06/2025,628704,50296,679000,Bang_ke_hoa_don_da_su_dung_T6.2025.xls,3432
G00332,1C25TUV,00007694,22/06/2025,628704,50296,679000,Bang_ke_hoa_don_da_su_dung_T6.2025.xls,3497
G00332,1C25TUV,00007697,22/06/2025,628704,50296,679000,Bang_ke_hoa_don_da_su_dung_T6.2025.xls,3500
G00332,1C25TUV,00007698,22/06/2025,628704,50296,679000,Bang_ke_hoa_don_da_su_dung_T6.2025.xls,3501
G00332,1C25TUV,00007699,22/06/2025,628704,50296,679000,Bang_ke_hoa_don_da_su_dung_T6.2025.xls,3502
G00332,1C25TUV,00007701,22/06/2025,628704,50296,679000,Bang_ke_hoa_don_da_su_dung_T6.2025.xls,3504
G00332,1C25TUV,00007702,22/06/2025,628704,50296,679000,Bang_ke_hoa_don_da_su_dung_T6.2025.xls,3505
G00332,1C25TUV,00007703,22/06/2025,628704,50296,679000,Bang_ke_hoa_don_da_su_dung_T6.2025.xls,3506
G00332,1C25TUV,00007705,22/06/2025,628704,50296,679000,Bang_ke_hoa_don_da_su_dung_T6.2025.xls,3508
G00332,1C25TUV,00007707,22/06/2025,628704,50296,679000,Bang_ke_hoa_don_da_su_dung_T6.2025.xls,3510
G00332,1C25TUV,00007710,22/06/2025,628704,50296,679000,Bang_ke_hoa_don_da_su_dung_T6.2025.xls,3513
G00332,1C25TUV,00007713,22/06/2025,628704,50296,679000,Bang_ke_hoa_don_da_su_dung_T6.2025.xls,3516
G00332,1C25TUV,00007715,22/06/2025,628704,50296,679000,Bang_ke_hoa_don_da_su_dung_T6.2025.xls,3518
G00332,1C25TUV,00007717,22/06/2025,628704,50296,679000,Bang_ke_hoa_don_da_su_dung_T6.2025.xls,3520
G00332,1C25TUV,00007720,22/06/2025,628704,50296,679000,Bang_ke_hoa_don_da_su_dung_T6.2025.xls,3523
G00332,1C25TUV,00007721,22/06/2025,628704,50296,679000,Bang_ke_hoa_don_da_su_dung_T6.2025.xls,3524
G00332,1C25TUV,00007722,22/06/2025,628704,50296,679000,Bang_ke_hoa_don_da_su_dung_T6.2025.xls,3525
G00332,1C25TUV,00007723,22/06/2025,628704,50296,679000,Bang_ke_hoa_don_da_su_dung_T6.2025.xls,3526
G00332,1C25TUV,00007724,22/06/2025,628704,50296,679000,Bang_ke_hoa_don_da_su_dung_T6.2025.xls,3527
G00332,1C25TUV,00007725,22/06/2025,628704,50296,679000,Bang_ke_hoa_don_da_su_dung_T6.2025.xls,3528
G00332,1C25TUV,00007726,22/06/2025,628704,50296,679000,Bang_ke_hoa_don_da_su_dung_T6.2025.xls,3529
G00332,1C25TUV,00007730,22/06/2025,628704,50296,679000,Bang_ke_hoa_don_da_su_dung_T6.2025.xls,3533
G00332,1C25TUV,00007736,22/06/2025,628704,50296,679000,Bang_ke_hoa_don_da_su_dung_T6.2025.xls,3539
G00332,1C25TUV,00007737,22/06/2025,628704,50296,679000,Bang_ke_hoa_don_da_su_dung_T6.2025.xls,3540
G00332,1C25TUV,00007738,22/06/2025,628704,50296,679000,Bang_ke_hoa_don_da_su_dung_T6.2025.xls,3541
G00332,1C25TUV,00007744,22/06/2025,628704,50296,679000,Bang_ke_hoa_don_da_su_dung_T6.2025.xls,3547
G00332,1C25TUV,00007746,22/06/2025,628704,50296,679000,Bang_ke_hoa_don_da_su_dung_T6.2025.xls,3549
G00332,1C25TUV,00007788,22/06/2025,628704,50296,679000,Bang_ke_hoa_don_da_su_dung_T6.2025.xls,3591
G00332,1C25TUV,00007789,22/06/2025,628704,50296,679000,Bang_ke_hoa_don_da_su_dung_T6.2025.xls,3592
G00332,1C25TUV,00007792,22/06/2025,628704,50296,679000,Bang_ke_hoa_don_da_su_dung_T6.2025.xls,3595
G00332,1C25TUV,00007801,22/06/2025,628704,50296,679000,Bang_ke_hoa_don_da_su_dung_T6.2025.xls,3604
G00332,1C25TUV,00007802,22/06/2025,628704,50296,679000,Bang_ke_hoa_don_da_su_dung_T6.2025.xls,3605
G00332,1C25TUV,00007807,22/06/2025,628704,50296,679000,Bang_ke_hoa_don_da_su_dung_T6.2025.xls,3610
G00332,1C25TUV,00007808,22/06/2025,628704,50296,679000,Bang_ke_hoa_don_da_su_dung_T6.2025.xls,3611
G00332,1C25TUV,00007819,22/06/2025,628704,50296,679000,Bang_ke_hoa_don_da_su_dung_T6.2025.xls,3622
G00332,1C25TUV,00007882,23/06/2025,628704,50296,679000,Bang_ke_hoa_don_da_su_dung_T6.2025.xls,3685
G00332,1C25TUV,00007884,23/06/2025,628704,50296,679000,Bang_ke_hoa_don_da_su_dung_T6.2025.xls,3687
G00332,1C25TUV,00007890,23/06/2025,628704,50296,679000,Bang_ke_hoa_don_da_su_dung_T6.2025.xls,3693
G00332,1C25TUV,00007893,23/06/2025,628704,50296,679000,Bang_ke_hoa_don_da_su_dung_T6.2025.xls,3696
G00332,1C25TUV,00007894,23/06/2025,628704,50296,679000,Bang_ke_hoa_don_da_su_dung_T6.2025.xls,3697
G00332,1C25TUV,00007895,23/06/2025,628704,50296,679000,Bang_ke_hoa_don_da_su_dung_T6.2025.xls,3698
G00332,1C25TUV,00007898,23/06/2025,628704,50296,679000,Bang_ke_hoa_don_da_su_dung_T6.2025.xls,3701
G00332,1C25TUV,00007899,23/06/2025,628704,50296,679000,Bang_ke_hoa_don_da_su_dung_T6.2025.xls,3702
G00332,1C25TUV,00007900,23/06/2025,628704,50296,679000,Bang_ke_hoa_don_da_su_dung_T6.2025.xls,3703
G00332,1C25TUV,00007901,23/06/2025,628704,50296,679000,Bang_ke_hoa_don_da_su_dung_T6.2025.xls,3704
G00332,1C25TUV,00007902,23/06/2025,628704,50296,679000,Bang_ke_hoa_don_da_su_dung_T6.2025.xls,3705
G00332,1C25TUV,00007903,23/06/2025,628704,50296,679000,Bang_ke_hoa_don_da_su_dung_T6.2025.xls,3706
G00332,1C25TUV,00007904,23/06/2025,628704,50296,679000,Bang_ke_hoa_don_da_su_dung_T6.2025.xls,3707
G00332,1C25TUV,00007905,23/06/2025,628704,50296,679000,Bang_ke_hoa_don_da_su_dung_T6.2025.xls,3708
G00332,1C25TUV,00007907,23/06/2025,628704,50296,679000,Bang_ke_hoa_don_da_su_dung_T6.2025.xls,3710
G00332,1C25TUV,00007908,23/06/2025,628704,50296,679000,Bang_ke_hoa_don_da_su_dung_T6.2025.xls,3711
G00332,1C25TUV,00007928,23/06/2025,628704,50296,679000,Bang_ke_hoa_don_da_su_dung_T6.2025.xls,3731
G00332,1C25TUV,00007942,23/06/2025,628704,50296,679000,Bang_ke_hoa_don_da_su_dung_T6.2025.xls,3745
G00332,1C25TUV,00007946,23/06/2025,628704,50296,679000,Bang_ke_hoa_don_da_su_dung_T6.2025.xls,3749
G00332,1C25TUV,00007947,23/06/2025,628704,50296,679000,Bang_ke_hoa_don_da_su_dung_T6.2025.xls,3750
G00332,1C25TUV,00007948,23/06/2025,628704,50296,679000,Bang_ke_hoa_don_da_su_dung_T6.2025.xls,3751
G00332,1C25TUV,00007953,23/06/2025,628704,50296,679000,Bang_ke_hoa_don_da_su_dung_T6.2025.xls,3756
G00332,1C25TUV,00007954,23/06/2025,628704,50296,679000,Bang_ke_hoa_don_da_su_dung_T6.2025.xls,3757
G00332,1C25TUV,00007960,23/06/2025,628704,50296,679000,Bang_ke_hoa_don_da_su_dung_T6.2025.xls,3763
G00332,1C25TUV,00007962,23/06/2025,628704,50296,679000,Bang_ke_hoa_don_da_su_dung_T6.2025.xls,3765
G00332,1C25TUV,00007974,23/06/2025,628704,50296,679000,Bang_ke_hoa_don_da_su_dung_T6.2025.xls,3777
G00332,1C25TUV,00007977,23/06/2025,628704,50296,679000,Bang_ke_hoa_don_da_su_dung_T6.2025.xls,3780
G00332,1C25TUV,00007978,23/06/2025,628704,50296,679000,Bang_ke_hoa_don_da_su_dung_T6.2025.xls,3781
G00332,1C25TUV,00007980,23/06/2025,628704,50296,679000,Bang_ke_hoa_don_da_su_dung_T6.2025.xls,3783
G00332,1C25TUV,00007981,23/06/2025,628704,50296,679000,Bang_ke_hoa_don_da_su_dung_T6.2025.xls,3784
G00332,1C25TUV,00007982,23/06/2025,628704,50296,679000,Bang_ke_hoa_don_da_su_dung_T6.2025.xls,3785
G00332,1C25TUV,00007983,23/06/2025,628704,50296,679000,Bang_ke_hoa_don_da_su_dung_T6.2025.xls,3786
G00332,1C25TUV,00007987,23/06/2025,628704,50296,679000,Bang_ke_hoa_don_da_su_dung_T6.2025.xls,3790
G00332,1C25TUV,00007990,23/06/2025,628704,50296,679000,Bang_ke_hoa_don_da_su_dung_T6.2025.xls,3793
G00332,1C25TUV,00007991,23/06/2025,628704,50296,679000,Bang_ke_hoa_don_da_su_dung_T6.2025.xls,3794
G00332,1C25TUV,00007992,23/06/2025,628704,50296,679000,Bang_ke_hoa_don_da_su_dung_T6.2025.xls,3795
G00332,1C25TUV,00007993,23/06/2025,628704,50296,679000,Bang_ke_hoa_don_da_su_dung_T6.2025.xls,3796
G00332,1C25TUV,00008004,23/06/2025,628704,50296,679000,Bang_ke_hoa_don_da_su_dung_T6.2025.xls,3807
G00332,1C25TUV,00008192,24/06/2025,628704,50296,679000,Bang_ke_hoa_don_da_su_dung_T6.2025.xls,3995
G00332,1C25TUV,00008194,24/06/2025,628704,50296,679000,Bang_ke_hoa_don_da_su_dung_T6.2025.xls,3997
G00332,1C25TUV,00008202,24/06/2025,628704,50296,679000,Bang_ke_hoa_don_da_su_dung_T6.2025.xls,4005
G00332,1C25TUV,00008219,24/06/2025,628704,50296,679000,Bang_ke_hoa_don_da_su_dung_T6.2025.xls,4022
G00332,1C25TUV,00008220,24/06/2025,628704,50296,679000,Bang_ke_hoa_don_da_su_dung_T6.2025.xls,4023
G00332,1C25TUV,00008221,24/06/2025,628704,50296,679000,Bang_ke_hoa_don_da_su_dung_T6.2025.xls,4024
G00332,1C25TUV,00008222,24/06/2025,628704,50296,679000,Bang_ke_hoa_don_da_su_dung_T6.2025.xls,4025
G00332,1C25TUV,00008224,24/06/2025,628704,50296,679000,Bang_ke_hoa_don_da_su_dung_T6.2025.xls,4027
G00332,1C25TUV,00008225,24/06/2025,628704,50296,679000,Bang_ke_hoa_don_da_su_dung_T6.2025.xls,4028
G00332,1C25TUV,00008227,24/06/2025,628704,50296,679000,Bang_ke_hoa_don_da_su_dung_T6.2025.xls,4030
G00332,1C25TUV,00008228,24/06/2025,628704,50296,679000,Bang_ke_hoa_don_da_su_dung_T6.2025.xls,4031
G00332,1C25TUV,00008229,24/06/2025,628704,50296,679000,Bang_ke_hoa_don_da_su_dung_T6.2025.xls,4032
G00332,1C25TUV,00008230,24/06/2025,628704,50296,679000,Bang_ke_hoa_don_da_su_dung_T6.2025.xls,4033
G00332,1C25TUV,00008231,24/06/2025,628704,50296,679000,Bang_ke_hoa_don_da_su_dung_T6.2025.xls,4034
G00332,1C25TUV,00008232,24/06/2025,628704,50296,679000,Bang_ke_hoa_don_da_su_dung_T6.2025.xls,4035
G00332,1C25TUV,00008233,24/06/2025,628704,50296,679000,Bang_ke_hoa_don_da_su_dung_T6.2025.xls,4036
G00332,1C25TUV,00008237,24/06/2025,628704,50296,679000,Bang_ke_hoa_don_da_su_dung_T6.2025.xls,4040
G00332,1C25TUV,00008238,24/06/2025,628704,50296,679000,Bang_ke_hoa_don_da_su_dung_T6.2025.xls,4041
G00332,1C25TUV,00008239,24/06/2025,628704,50296,679000,Bang_ke_hoa_don_da_su_dung_T6.2025.xls,4042
G00332,1C25TUV,00008241,24/06/2025,628704,50296,679000,Bang_ke_hoa_don_da_su_dung_T6.2025.xls,4044
G00332,1C25TUV,00008242,24/06/2025,628704,50296,679000,Bang_ke_hoa_don_da_su_dung_T6.2025.xls,4045
G00332,1C25TUV,00008244,24/06/2025,628704,50296,679000,Bang_ke_hoa_don_da_su_dung_T6.2025.xls,4047
G00332,1C25TUV,00008248,24/06/2025,628704,50296,679000,Bang_ke_hoa_don_da_su_dung_T6.2025.xls,4051
G00332,1C25TUV,00008249,24/06/2025,628704,50296,679000,Bang_ke_hoa_don_da_su_dung_T6.2025.xls,4052
G00332,1C25TUV,00008251,24/06/2025,628704,50296,679000,Bang_ke_hoa_don_da_su_dung_T6.2025.xls,4054
G00332,1C25TUV,00008255,24/06/2025,628704,50296,679000,Bang_ke_hoa_don_da_su_dung_T6.2025.xls,4058
G00332,1C25TUV,00008257,24/06/2025,628704,50296,679000,Bang_ke_hoa_don_da_su_dung_T6.2025.xls,4060
G00332,1C25TUV,00008258,24/06/2025,628704,50296,679000,Bang_ke_hoa_don_da_su_dung_T6.2025.xls,4061
G00332,1C25TUV,00008260,24/06/2025,628704,50296,679000,Bang_ke_hoa_don_da_su_dung_T6.2025.xls,4063
G00332,1C25TUV,00008261,24/06/2025,628704,50296,679000,Bang_ke_hoa_don_da_su_dung_T6.2025.xls,4064
G00332,1C25TUV,00008263,24/06/2025,628704,50296,679000,Bang_ke_hoa_don_da_su_dung_T6.2025.xls,4066
G00332,1C25TUV,00008264,24/06/2025,628704,50296,679000,Bang_ke_hoa_don_da_su_dung_T6.2025.xls,4067
G00332,1C25TUV,00008265,24/06/2025,628704,50296,679000,Bang_ke_hoa_don_da_su_dung_T6.2025.xls,4068
G00332,1C25TUV,00008266,24/06/2025,628704,50296,679000,Bang_ke_hoa_don_da_su_dung_T6.2025.xls,4069
G00332,1C25TUV,00008268,24/06/2025,628704,50296,679000,Bang_ke_hoa_don_da_su_dung_T6.2025.xls,4071
G00332,1C25TUV,00008269,24/06/2025,628704,50296,679000,Bang_ke_hoa_don_da_su_dung_T6.2025.xls,4072
G00332,1C25TUV,00008270,24/06/2025,628704,50296,679000,Bang_ke_hoa_don_da_su_dung_T6.2025.xls,4073
G00332,1C25TUV,00008273,24/06/2025,628704,50296,679000,Bang_ke_hoa_don_da_su_dung_T6.2025.xls,4076
G00332,1C25TUV,00008275,24/06/2025,628704,50296,679000,Bang_ke_hoa_don_da_su_dung_T6.2025.xls,4078
G00332,1C25TUV,00008276,24/06/2025,628704,50296,679000,Bang_ke_hoa_don_da_su_dung_T6.2025.xls,4079
G00332,1C25TUV,00008277,24/06/2025,628704,50296,679000,Bang_ke_hoa_don_da_su_dung_T6.2025.xls,4080
G00332,1C25TUV,00008279,24/06/2025,628704,50296,679000,Bang_ke_hoa_don_da_su_dung_T6.2025.xls,4082
G00332,1C25TUV,00008283,24/06/2025,628704,50296,679000,Bang_ke_hoa_don_da_su_dung_T6.2025.xls,4086
G00332,1C25TUV,00008287,24/06/2025,628704,50296,679000,Bang_ke_hoa_don_da_su_dung_T6.2025.xls,4090
G00332,1C25TUV,00008295,24/06/2025,628704,50296,679000,Bang_ke_hoa_don_da_su_dung_T6.2025.xls,4098
G00332,1C25TUV,00008297,24/06/2025,628704,50296,679000,Bang_ke_hoa_don_da_su_dung_T6.2025.xls,4100
G00332,1C25TUV,00008298,24/06/2025,628704,50296,679000,Bang_ke_hoa_don_da_su_dung_T6.2025.xls,4101
G00332,1C25TUV,00008299,24/06/2025,628704,50296,679000,Bang_ke_hoa_don_da_su_dung_T6.2025.xls,4102
G00332,1C25TUV,00008315,24/06/2025,628704,50296,679000,Bang_ke_hoa_don_da_su_dung_T6.2025.xls,4118
G00332,1C25TUV,00008320,24/06/2025,628704,50296,679000,Bang_ke_hoa_don_da_su_dung_T6.2025.xls,4123
G00332,1C25TUV,00008327,24/06/2025,628704,50296,679000,Bang_ke_hoa_don_da_su_dung_T6.2025.xls,4130
G00332,1C25TUV,00008335,24/06/2025,628704,50296,679000,Bang_ke_hoa_don_da_su_dung_T6.2025.xls,4138
G00332,1C25TUV,00008350,24/06/2025,628704,50296,679000,Bang_ke_hoa_don_da_su_dung_T6.2025.xls,4153
G00332,1C25TUV,00008351,24/06/2025,628704,50296,679000,Bang_ke_hoa_don_da_su_dung_T6.2025.xls,4154
G00332,1C25TUV,00008474,25/06/2025,628704,50296,679000,Bang_ke_hoa_don_da_su_dung_T6.2025.xls,4277
G00332,1C25TUV,00008477,25/06/2025,628704,50296,679000,Bang_ke_hoa_don_da_su_dung_T6.2025.xls,4280
G00332,1C25TUV,00008479,25/06/2025,628704,50296,679000,Bang_ke_hoa_don_da_su_dung_T6.2025.xls,4282
G00332,1C25TUV,00008480,25/06/2025,628704,50296,679000,Bang_ke_hoa_don_da_su_dung_T6.2025.xls,4283
G00332,1C25TUV,00008483,25/06/2025,628704,50296,679000,Bang_ke_hoa_don_da_su_dung_T6.2025.xls,4286
G00332,1C25TUV,00008495,25/06/2025,628704,50296,679000,Bang_ke_hoa_don_da_su_dung_T6.2025.xls,4298
G00332,1C25TUV,00008496,25/06/2025,628704,50296,679000,Bang_ke_hoa_don_da_su_dung_T6.2025.xls,4299
G00332,1C25TUV,00008497,25/06/2025,628704,50296,679000,Bang_ke_hoa_don_da_su_dung_T6.2025.xls,4300
G00332,1C25TUV,00008498,25/06/2025,628704,50296,679000,Bang_ke_hoa_don_da_su_dung_T6.2025.xls,4301
G00332,1C25TUV,00008499,25/06/2025,628704,50296,679000,Bang_ke_hoa_don_da_su_dung_T6.2025.xls,4302
G00332,1C25TUV,00008500,25/06/2025,628704,50296,679000,Bang_ke_hoa_don_da_su_dung_T6.2025.xls,4303
G00332,1C25TUV,00008501,25/06/2025,628704,50296,679000,Bang_ke_hoa_don_da_su_dung_T6.2025.xls,4304
G00332,1C25TUV,00008502,25/06/2025,628704,50296,679000,Bang_ke_hoa_don_da_su_dung_T6.2025.xls,4305
G00332,1C25TUV,00008503,25/06/2025,628704,50296,679000,Bang_ke_hoa_don_da_su_dung_T6.2025.xls,4306
G00332,1C25TUV,00008504,25/06/2025,628704,50296,679000,Bang_ke_hoa_don_da_su_dung_T6.2025.xls,4307
G00332,1C25TUV,00008505,25/06/2025,628704,50296,679000,Bang_ke_hoa_don_da_su_dung_T6.2025.xls,4308
G00332,1C25TUV,00008506,25/06/2025,628704,50296,679000,Bang_ke_hoa_don_da_su_dung_T6.2025.xls,4309
G00332,1C25TUV,00008507,25/06/2025,628704,50296,679000,Bang_ke_hoa_don_da_su_dung_T6.2025.xls,4310
G00332,1C25TUV,00008508,25/06/2025,628704,50296,679000,Bang_ke_hoa_don_da_su_dung_T6.2025.xls,4311
G00332,1C25TUV,00008509,25/06/2025,628704,50296,679000,Bang_ke_hoa_don_da_su_dung_T6.2025.xls,4312
G00332,1C25TUV,00008511,25/06/2025,628704,50296,679000,Bang_ke_hoa_don_da_su_dung_T6.2025.xls,4314
G00332,1C25TUV,00008512,25/06/2025,628704,50296,679000,Bang_ke_hoa_don_da_su_dung_T6.2025.xls,4315
G00332,1C25TUV,00008513,25/06/2025,628704,50296,679000,Bang_ke_hoa_don_da_su_dung_T6.2025.xls,4316
G00332,1C25TUV,00008514,25/06/2025,628704,50296,679000,Bang_ke_hoa_don_da_su_dung_T6.2025.xls,4317
G00332,1C25TUV,00008516,25/06/2025,628704,50296,679000,Bang_ke_hoa_don_da_su_dung_T6.2025.xls,4319
G00332,1C25TUV,00008517,25/06/2025,628704,50296,679000,Bang_ke_hoa_don_da_su_dung_T6.2025.xls,4320
G00332,1C25TUV,00008519,25/06/2025,628704,50296,679000,Bang_ke_hoa_don_da_su_dung_T6.2025.xls,4322
G00332,1C25TUV,00008520,25/06/2025,628704,50296,679000,Bang_ke_hoa_don_da_su_dung_T6.2025.xls,4323
G00332,1C25TUV,00008521,25/06/2025,628704,50296,679000,Bang_ke_hoa_don_da_su_dung_T6.2025.xls,4324
G00332,1C25TUV,00008522,25/06/2025,628704,50296,679000,Bang_ke_hoa_don_da_su_dung_T6.2025.xls,4325
G00332,1C25TUV,00008525,25/06/2025,628704,50296,679000,Bang_ke_hoa_don_da_su_dung_T6.2025.xls,4328
G00332,1C25TUV,00008526,25/06/2025,628704,50296,679000,Bang_ke_hoa_don_da_su_dung_T6.2025.xls,4329
G00332,1C25TUV,00008527,25/06/2025,628704,50296,679000,Bang_ke_hoa_don_da_su_dung_T6.2025.xls,4330
G00332,1C25TUV,00008536,25/06/2025,628704,50296,679000,Bang_ke_hoa_don_da_su_dung_T6.2025.xls,4339
G00332,1C25TUV,00008537,25/06/2025,628704,50296,679000,Bang_ke_hoa_don_da_su_dung_T6.2025.xls,4340
G00332,1C25TUV,00008538,25/06/2025,628704,50296,679000,Bang_ke_hoa_don_da_su_dung_T6.2025.xls,4341
G00332,1C25TUV,00008540,25/06/2025,628704,50296,679000,Bang_ke_hoa_don_da_su_dung_T6.2025.xls,4343
G00332,1C25TUV,00008548,25/06/2025,628704,50296,679000,Bang_ke_hoa_don_da_su_dung_T6.2025.xls,4351
G00332,1C25TUV,00008552,25/06/2025,628704,50296,679000,Bang_ke_hoa_don_da_su_dung_T6.2025.xls,4355
G00332,1C25TUV,00008559,25/06/2025,628704,50296,679000,Bang_ke_hoa_don_da_su_dung_T6.2025.xls,4362
G00332,1C25TUV,00008620,26/06/2025,628704,50296,679000,Bang_ke_hoa_don_da_su_dung_T6.2025.xls,4423
G00332,1C25TUV,00008662,26/06/2025,628704,50296,679000,Bang_ke_hoa_don_da_su_dung_T6.2025.xls,4465
G00332,1C25TUV,00008666,26/06/2025,628704,50296,679000,Bang_ke_hoa_don_da_su_dung_T6.2025.xls,4469
G00332,1C25TUV,00008667,26/06/2025,628704,50296,679000,Bang_ke_hoa_don_da_su_dung_T6.2025.xls,4470
G00332,1C25TUV,00008669,26/06/2025,628704,50296,679000,Bang_ke_hoa_don_da_su_dung_T6.2025.xls,4472
G00332,1C25TUV,00008671,26/06/2025,628704,50296,679000,Bang_ke_hoa_don_da_su_dung_T6.2025.xls,4474
G00332,1C25TUV,00008672,26/06/2025,628704,50296,679000,Bang_ke_hoa_don_da_su_dung_T6.2025.xls,4475
G00332,1C25TUV,00008673,26/06/2025,628704,50296,679000,Bang_ke_hoa_don_da_su_dung_T6.2025.xls,4476
G00332,1C25TUV,00008676,26/06/2025,628704,50296,679000,Bang_ke_hoa_don_da_su_dung_T6.2025.xls,4479
G00332,1C25TUV,00008679,26/06/2025,628704,50296,679000,Bang_ke_hoa_don_da_su_dung_T6.2025.xls,4482
G00332,1C25TUV,00008680,26/06/2025,628704,50296,679000,Bang_ke_hoa_don_da_su_dung_T6.2025.xls,4483
G00332,1C25TUV,00008684,26/06/2025,628704,50296,679000,Bang_ke_hoa_don_da_su_dung_T6.2025.xls,4487
G00332,1C25TUV,00008687,26/06/2025,628704,50296,679000,Bang_ke_hoa_don_da_su_dung_T6.2025.xls,4490
G00332,1C25TUV,00008688,26/06/2025,628704,50296,679000,Bang_ke_hoa_don_da_su_dung_T6.2025.xls,4491
G00332,1C25TUV,00008690,26/06/2025,628704,50296,679000,Bang_ke_hoa_don_da_su_dung_T6.2025.xls,4493
G00332,1C25TUV,00008694,26/06/2025,628704,50296,679000,Bang_ke_hoa_don_da_su_dung_T6.2025.xls,4497
G00332,1C25TUV,00008695,26/06/2025,628704,50296,679000,Bang_ke_hoa_don_da_su_dung_T6.2025.xls,4498
G00332,1C25TUV,00008700,26/06/2025,628704,50296,679000,Bang_ke_hoa_don_da_su_dung_T6.2025.xls,4503
G00332,1C25TUV,00008705,26/06/2025,628704,50296,679000,Bang_ke_hoa_don_da_su_dung_T6.2025.xls,4508
G00332,1C25TUV,00008706,26/06/2025,628704,50296,679000,Bang_ke_hoa_don_da_su_dung_T6.2025.xls,4509
G00332,1C25TUV,00008709,26/06/2025,628704,50296,679000,Bang_ke_hoa_don_da_su_dung_T6.2025.xls,4512
G00332,1C25TUV,00008710,26/06/2025,628704,50296,679000,Bang_ke_hoa_don_da_su_dung_T6.2025.xls,4513
G00332,1C25TUV,00008711,26/06/2025,628704,50296,679000,Bang_ke_hoa_don_da_su_dung_T6.2025.xls,4514
G00332,1C25TUV,00008712,26/06/2025,628704,50296,679000,Bang_ke_hoa_don_da_su_dung_T6.2025.xls,4515
G00332,1C25TUV,00008713,26/06/2025,628704,50296,679000,Bang_ke_hoa_don_da_su_dung_T6.2025.xls,4516
G00332,1C25TUV,00008714,26/06/2025,628704,50296,679000,Bang_ke_hoa_don_da_su_dung_T6.2025.xls,4517
G00332,1C25TUV,00008715,26/06/2025,628704,50296,679000,Bang_ke_hoa_don_da_su_dung_T6.2025.xls,4518
G00332,1C25TUV,00008763,26/06/2025,628704,50296,679000,Bang_ke_hoa_don_da_su_dung_T6.2025.xls,4566
G00332,1C25TUV,00008764,26/06/2025,628704,50296,679000,Bang_ke_hoa_don_da_su_dung_T6.2025.xls,4567
G00332,1C25TUV,00008793,27/06/2025,628704,50296,679000,Bang_ke_hoa_don_da_su_dung_T6.2025.xls,4596
G00332,1C25TUV,00008798,27/06/2025,628704,50296,679000,Bang_ke_hoa_don_da_su_dung_T6.2025.xls,4601
G00332,1C25TUV,00008861,27/06/2025,628704,50296,679000,Bang_ke_hoa_don_da_su_dung_T6.2025.xls,4664
G00332,1C25TUV,00008865,27/06/2025,628704,50296,679000,Bang_ke_hoa_don_da_su_dung_T6.2025.xls,4668
G00332,1C25TUV,00008866,27/06/2025,628704,50296,679000,Bang_ke_hoa_don_da_su_dung_T6.2025.xls,4669
G00332,1C25TUV,00008869,27/06/2025,628704,50296,679000,Bang_ke_hoa_don_da_su_dung_T6.2025.xls,4672
G00332,1C25TUV,00008870,27/06/2025,628704,50296,679000,Bang_ke_hoa_don_da_su_dung_T6.2025.xls,4673
G00332,1C25TUV,00008871,27/06/2025,628704,50296,679000,Bang_ke_hoa_don_da_su_dung_T6.2025.xls,4674
G00332,1C25TUV,00008876,27/06/2025,628704,50296,679000,Bang_ke_hoa_don_da_su_dung_T6.2025.xls,4679
G00332,1C25TUV,00008877,27/06/2025,628704,50296,679000,Bang_ke_hoa_don_da_su_dung_T6.2025.xls,4680
G00332,1C25TUV,00008878,27/06/2025,628704,50296,679000,Bang_ke_hoa_don_da_su_dung_T6.2025.xls,4681
G00332,1C25TUV,00008880,27/06/2025,628704,50296,679000,Bang_ke_hoa_don_da_su_dung_T6.2025.xls,4683
G00332,1C25TUV,00008882,27/06/2025,628704,50296,679000,Bang_ke_hoa_don_da_su_dung_T6.2025.xls,4685
G00332,1C25TUV,00008883,27/06/2025,628704,50296,679000,Bang_ke_hoa_don_da_su_dung_T6.2025.xls,4686
G00332,1C25TUV,00008886,27/06/2025,628704,50296,679000,Bang_ke_hoa_don_da_su_dung_T6.2025.xls,4689
G00332,1C25TUV,00008889,27/06/2025,628704,50296,679000,Bang_ke_hoa_don_da_su_dung_T6.2025.xls,4692
G00332,1C25TUV,00008890,27/06/2025,628704,50296,679000,Bang_ke_hoa_don_da_su_dung_T6.2025.xls,4693
G00332,1C25TUV,00008897,27/06/2025,628704,50296,679000,Bang_ke_hoa_don_da_su_dung_T6.2025.xls,4700
G00332,1C25TUV,00008898,27/06/2025,628704,50296,679000,Bang_ke_hoa_don_da_su_dung_T6.2025.xls,4701
G00332,1C25TUV,00008899,27/06/2025,628704,50296,679000,Bang_ke_hoa_don_da_su_dung_T6.2025.xls,4702
G00332,1C25TUV,00008900,27/06/2025,628704,50296,679000,Bang_ke_hoa_don_da_su_dung_T6.2025.xls,4703
G00332,1C25TUV,00008901,27/06/2025,628704,50296,679000,Bang_ke_hoa_don_da_su_dung_T6.2025.xls,4704
G00332,1C25TUV,00008902,27/06/2025,628704,50296,679000,Bang_ke_hoa_don_da_su_dung_T6.2025.xls,4705
G00332,1C25TUV,00008943,27/06/2025,628704,50296,679000,Bang_ke_hoa_don_da_su_dung_T6.2025.xls,4746
G00332,1C25TUV,00008960,27/06/2025,628704,50296,679000,Bang_ke_hoa_don_da_su_dung_T6.2025.xls,4763
G00332,1C25TUV,00008964,27/06/2025,628704,50296,679000,Bang_ke_hoa_don_da_su_dung_T6.2025.xls,4767
G00332,1C25TUV,00008980,27/06/2025,628704,50296,679000,Bang_ke_hoa_don_da_su_dung_T6.2025.xls,4783
G00332,1C25TUV,00008981,27/06/2025,628704,50296,679000,Bang_ke_hoa_don_da_su_dung_T6.2025.xls,4784
G00332,1C25TUV,00008982,27/06/2025,628704,50296,679000,Bang_ke_hoa_don_da_su_dung_T6.2025.xls,4785
G00332,1C25TUV,00008984,27/06/2025,628704,50296,679000,Bang_ke_hoa_don_da_su_dung_T6.2025.xls,4787
G00332,1C25TUV,00009028,28/06/2025,628704,50296,679000,Bang_ke_hoa_don_da_su_dung_T6.2025.xls,4831
G00332,1C25TUV,00009078,28/06/2025,628704,50296,679000,Bang_ke_hoa_don_da_su_dung_T6.2025.xls,4881
G00332,1C25TUV,00009081,28/06/2025,628704,50296,679000,Bang_ke_hoa_don_da_su_dung_T6.2025.xls,4884
G00332,1C25TUV,00009083,28/06/2025,628704,50296,679000,Bang_ke_hoa_don_da_su_dung_T6.2025.xls,4886
G00332,1C25TUV,00009087,28/06/2025,628704,50296,679000,Bang_ke_hoa_don_da_su_dung_T6.2025.xls,4890
G00332,1C25TUV,00009088,28/06/2025,628704,50296,679000,Bang_ke_hoa_don_da_su_dung_T6.2025.xls,4891
G00332,1C25TUV,00009091,28/06/2025,628704,50296,679000,Bang_ke_hoa_don_da_su_dung_T6.2025.xls,4894
G00332,1C25TUV,00009092,28/06/2025,628704,50296,679000,Bang_ke_hoa_don_da_su_dung_T6.2025.xls,4895
G00332,1C25TUV,00009138,28/06/2025,628704,50296,679000,Bang_ke_hoa_don_da_su_dung_T6.2025.xls,4941
G00332,1C25TUV,00009145,28/06/2025,628704,50296,679000,Bang_ke_hoa_don_da_su_dung_T6.2025.xls,4948
G00332,1C25TUV,00009146,28/06/2025,628704,50296,679000,Bang_ke_hoa_don_da_su_dung_T6.2025.xls,4949
G00332,1C25TUV,00009148,28/06/2025,628704,50296,679000,Bang_ke_hoa_don_da_su_dung_T6.2025.xls,4951
G00332,1C25TUV,00009153,28/06/2025,628704,50296,679000,Bang_ke_hoa_don_da_su_dung_T6.2025.xls,4956
G00332,1C25TUV,00009155,28/06/2025,628704,50296,679000,Bang_ke_hoa_don_da_su_dung_T6.2025.xls,4958
G00332,1C25TUV,00009160,28/06/2025,628704,50296,679000,Bang_ke_hoa_don_da_su_dung_T6.2025.xls,4963
G00332,1C25TUV,00009168,28/06/2025,628704,50296,679000,Bang_ke_hoa_don_da_su_dung_T6.2025.xls,4971
G00332,1C25TUV,00009174,28/06/2025,628704,50296,679000,Bang_ke_hoa_don_da_su_dung_T6.2025.xls,4977
G00333,1C25TUV,00000529,29/04/2025,592593,47407,640000,Bang_ke_hoa_don_da_su_dung_2024-T6.2025.xls,1320
G00334,1C25TUV,00000530,29/04/2025,94444,7556,102000,Bang_ke_hoa_don_da_su_dung_2024-T6.2025.xls,1321
G00335,1C25TUV,00000531,30/04/2025,11635185,930815,12566000,Bang_ke_hoa_don_da_su_dung_2024-T6.2025.xls,1322
G00336,1C25TUV,00000532,30/04/2025,117668475,9413478,127081953,Bang_ke_hoa_don_da_su_dung_2024-T6.2025.xls,1323
G00337,1C25TUV,00000533,01/05/2025,4828704,386296,5215000,Bang_ke_hoa_don_da_su_dung_2024-T6.2025.xls,1324
G00338,1C25TUV,00000535,02/05/2025,24359362,1948749,26308111,Bang_ke_hoa_don_da_su_dung_2024-T6.2025.xls,1326
G00339,1C25TUV,00000537,03/05/2025,2890000,231200,3121200,Bang_ke_hoa_don_da_su_dung_2024-T6.2025.xls,1328
G00340,1C25TUV,00000542,03/05/2025,138491235,11079299,149570534,Bang_ke_hoa_don_da_su_dung_2024-T6.2025.xls,1333
G00341,1C25TUV,00000703,05/05/2025,499074,39926,539000,Bang_ke_hoa_don_da_su_dung_2024-T6.2025.xls,1494
G00341,1C25TUV,00000833,25/05/2025,499074,39926,539000,Bang_ke_hoa_don_da_su_dung_2024-T6.2025.xls,1624
G00341,1C25TUV,00000852,25/05/2025,499074,39926,539000,Bang_ke_hoa_don_da_su_dung_2024-T6.2025.xls,1643
G00341,1C25TUV,00000856,25/05/2025,499074,39926,539000,Bang_ke_hoa_don_da_su_dung_2024-T6.2025.xls,1647
G00341,1C25TUV,00000859,25/05/2025,499074,39926,539000,Bang_ke_hoa_don_da_su_dung_2024-T6.2025.xls,1650
G00341,1C25TUV,00000902,25/05/2025,499074,39926,539000,Bang_ke_hoa_don_da_su_dung_2024-T6.2025.xls,1693
G00341,1C25TUV,00000906,25/05/2025,499074,39926,539000,Bang_ke_hoa_don_da_su_dung_2024-T6.2025.xls,1697
G00341,1C25TUV,00000968,25/05/2025,499074,39926,539000,Bang_ke_hoa_don_da_su_dung_2024-T6.2025.xls,1759
G00341,1C25TUV,00000980,25/05/2025,499074,39926,539000,Bang_ke_hoa_don_da_su_dung_2024-T6.2025.xls,1771
G00341,1C25TUV,00000982,25/05/2025,499074,39926,539000,Bang_ke_hoa_don_da_su_dung_2024-T6.2025.xls,1773
G00341,1C25TUV,00001008,25/05/2025,499074,39926,539000,Bang_ke_hoa_don_da_su_dung_2024-T6.2025.xls,1799
G00341,1C25TUV,00001012,25/05/2025,499074,39926,539000,Bang_ke_hoa_don_da_su_dung_2024-T6.2025.xls,1803
G00341,1C25TUV,00001016,25/05/2025,499074,39926,539000,Bang_ke_hoa_don_da_su_dung_2024-T6.2025.xls,1807
G00341,1C25TUV,00001020,25/05/2025,499074,39926,539000,Bang_ke_hoa_don_da_su_dung_2024-T6.2025.xls,1811
G00341,1C25TUV,00001025,25/05/2025,499074,39926,539000,Bang_ke_hoa_don_da_su_dung_2024-T6.2025.xls,1816
G00341,1C25TUV,00001176,26/05/2025,499074,39926,539000,Bang_ke_hoa_don_da_su_dung_2024-T6.2025.xls,1967
G00341,1C25TUV,00001181,26/05/2025,499074,39926,539000,Bang_ke_hoa_don_da_su_dung_2024-T6.2025.xls,1972
G00341,1C25TUV,00001187,26/05/2025,499074,39926,539000,Bang_ke_hoa_don_da_su_dung_2024-T6.2025.xls,1978
G00341,1C25TUV,00001272,27/05/2025,499074,39926,539000,Bang_ke_hoa_don_da_su_dung_2024-T6.2025.xls,2063
G00341,1C25TUV,00001273,27/05/2025,499074,39926,539000,Bang_ke_hoa_don_da_su_dung_2024-T6.2025.xls,2064
G00341,1C25TUV,00001285,27/05/2025,499074,39926,539000,Bang_ke_hoa_don_da_su_dung_2024-T6.2025.xls,2076
G00341,1C25TUV,00001287,27/05/2025,499074,39926,539000,Bang_ke_hoa_don_da_su_dung_2024-T6.2025.xls,2078
G00341,1C25TUV,00001288,27/05/2025,499074,39926,539000,Bang_ke_hoa_don_da_su_dung_2024-T6.2025.xls,2079
G00341,1C25TUV,00001291,27/05/2025,499074,39926,539000,Bang_ke_hoa_don_da_su_dung_2024-T6.2025.xls,2082
G00341,1C25TUV,00001293,27/05/2025,499074,39926,539000,Bang_ke_hoa_don_da_su_dung_2024-T6.2025.xls,2084
G00341,1C25TUV,00001298,27/05/2025,499074,39926,539000,Bang_ke_hoa_don_da_su_dung_2024-T6.2025.xls,2089
G00341,1C25TUV,00001301,27/05/2025,499074,39926,539000,Bang_ke_hoa_don_da_su_dung_2024-T6.2025.xls,2092
G00341,1C25TUV,00001397,27/05/2025,499074,39926,539000,Bang_ke_hoa_don_da_su_dung_2024-T6.2025.xls,2188
G00341,1C25TUV,00001398,27/05/2025,499074,39926,539000,Bang_ke_hoa_don_da_su_dung_2024-T6.2025.xls,2189
G00341,1C25TUV,00001570,28/05/2025,499074,39926,539000,Bang_ke_hoa_don_da_su_dung_2024-T6.2025.xls,2361
G00341,1C25TUV,00001571,28/05/2025,499074,39926,539000,Bang_ke_hoa_don_da_su_dung_2024-T6.2025.xls,2362
G00341,1C25TUV,00001575,28/05/2025,499074,39926,539000,Bang_ke_hoa_don_da_su_dung_2024-T6.2025.xls,2366
G00341,1C25TUV,00001576,28/05/2025,499074,39926,539000,Bang_ke_hoa_don_da_su_dung_2024-T6.2025.xls,2367
G00341,1C25TUV,00001580,28/05/2025,499074,39926,539000,Bang_ke_hoa_don_da_su_dung_2024-T6.2025.xls,2371
G00341,1C25TUV,00001582,28/05/2025,499074,39926,539000,Bang_ke_hoa_don_da_su_dung_2024-T6.2025.xls,2373
G00341,1C25TUV,00001591,28/05/2025,499074,39926,539000,Bang_ke_hoa_don_da_su_dung_2024-T6.2025.xls,2382
G00341,1C25TUV,00001593,28/05/2025,499074,39926,539000,Bang_ke_hoa_don_da_su_dung_2024-T6.2025.xls,2384
G00341,1C25TUV,00001601,28/05/2025,499074,39926,539000,Bang_ke_hoa_don_da_su_dung_2024-T6.2025.xls,2392
G00341,1C25TUV,00001606,28/05/2025,499074,39926,539000,Bang_ke_hoa_don_da_su_dung_2024-T6.2025.xls,2397
G00341,1C25TUV,00001609,28/05/2025,499074,39926,539000,Bang_ke_hoa_don_da_su_dung_2024-T6.2025.xls,2400
G00341,1C25TUV,00001639,28/05/2025,499074,39926,539000,Bang_ke_hoa_don_da_su_dung_2024-T6.2025.xls,2430
G00341,1C25TUV,00001730,28/05/2025,499074,39926,539000,Bang_ke_hoa_don_da_su_dung_2024-T6.2025.xls,2521
G00341,1C25TUV,00001795,29/05/2025,499074,39926,539000,Bang_ke_hoa_don_da_su_dung_2024-T6.2025.xls,2586
G00341,1C25TUV,00001861,29/05/2025,499074,39926,539000,Bang_ke_hoa_don_da_su_dung_2024-T6.2025.xls,2652
G00341,1C25TUV,00001956,29/05/2025,499074,39926,539000,Bang_ke_hoa_don_da_su_dung_2024-T6.2025.xls,2746
G00341,1C25TUV,00001957,29/05/2025,499074,39926,539000,Bang_ke_hoa_don_da_su_dung_2024-T6.2025.xls,2747
G00341,1C25TUV,00001958,29/05/2025,499074,39926,539000,Bang_ke_hoa_don_da_su_dung_2024-T6.2025.xls,2748
G00341,1C25TUV,00001959,29/05/2025,499074,39926,539000,Bang_ke_hoa_don_da_su_dung_2024-T6.2025.xls,2749
G00341,1C25TUV,00001960,29/05/2025,499074,39926,539000,Bang_ke_hoa_don_da_su_dung_2024-T6.2025.xls,2750
G00341,1C25TUV,00001961,29/05/2025,499074,39926,539000,Bang_ke_hoa_don_da_su_dung_2024-T6.2025.xls,2751
G00341,1C25TUV,00001962,29/05/2025,499074,39926,539000,Bang_ke_hoa_don_da_su_dung_2024-T6.2025.xls,2752
G00341,1C25TUV,00001963,29/05/2025,499074,39926,539000,Bang_ke_hoa_don_da_su_dung_2024-T6.2025.xls,2753
G00341,1C25TUV,00001964,29/05/2025,499074,39926,539000,Bang_ke_hoa_don_da_su_dung_2024-T6.2025.xls,2754
G00341,1C25TUV,00001965,29/05/2025,499074,39926,539000,Bang_ke_hoa_don_da_su_dung_2024-T6.2025.xls,2755
G00341,1C25TUV,00001966,29/05/2025,499074,39926,539000,Bang_ke_hoa_don_da_su_dung_2024-T6.2025.xls,2756
G00341,1C25TUV,00001967,29/05/2025,499074,39926,539000,Bang_ke_hoa_don_da_su_dung_2024-T6.2025.xls,2757
G00341,1C25TUV,00001968,29/05/2025,499074,39926,539000,Bang_ke_hoa_don_da_su_dung_2024-T6.2025.xls,2758
G00341,1C25TUV,00001969,29/05/2025,499074,39926,539000,Bang_ke_hoa_don_da_su_dung_2024-T6.2025.xls,2759
G00341,1C25TUV,00001970,29/05/2025,499074,39926,539000,Bang_ke_hoa_don_da_su_dung_2024-T6.2025.xls,2760
G00341,1C25TUV,00001971,29/05/2025,499074,39926,539000,Bang_ke_hoa_don_da_su_dung_2024-T6.2025.xls,2761
G00341,1C25TUV,00001972,29/05/2025,499074,39926,539000,Bang_ke_hoa_don_da_su_dung_2024-T6.2025.xls,2762
G00341,1C25TUV,00002364,30/05/2025,499074,39926,539000,Bang_ke_hoa_don_da_su_dung_2024-T6.2025.xls,3153
G00341,1C25TUV,00002366,30/05/2025,499074,39926,539000,Bang_ke_hoa_don_da_su_dung_2024-T6.2025.xls,3155
G00341,1C25TUV,00002367,30/05/2025,499074,39926,539000,Bang_ke_hoa_don_da_su_dung_2024-T6.2025.xls,3156
G00341,1C25TUV,00002368,30/05/2025,499074,39926,539000,Bang_ke_hoa_don_da_su_dung_2024-T6.2025.xls,3157
G00341,1C25TUV,00002369,30/05/2025,499074,39926,539000,Bang_ke_hoa_don_da_su_dung_2024-T6.2025.xls,3158
G00341,1C25TUV,00002370,30/05/2025,499074,39926,539000,Bang_ke_hoa_don_da_su_dung_2024-T6.2025.xls,3159
G00341,1C25TUV,00002371,30/05/2025,499074,39926,539000,Bang_ke_hoa_don_da_su_dung_2024-T6.2025.xls,3160
G00341,1C25TUV,00002372,30/05/2025,499074,39926,539000,Bang_ke_hoa_don_da_su_dung_2024-T6.2025.xls,3161
G00341,1C25TUV,00002373,30/05/2025,499074,39926,539000,Bang_ke_hoa_don_da_su_dung_2024-T6.2025.xls,3162
G00341,1C25TUV,00002374,30/05/2025,499074,39926,539000,Bang_ke_hoa_don_da_su_dung_2024-T6.2025.xls,3163
G00341,1C25TUV,00002375,30/05/2025,499074,39926,539000,Bang_ke_hoa_don_da_su_dung_2024-T6.2025.xls,3164
G00341,1C25TUV,00002376,30/05/2025,499074,39926,539000,Bang_ke_hoa_don_da_su_dung_2024-T6.2025.xls,3165
G00341,1C25TUV,00002523,30/05/2025,499074,39926,539000,Bang_ke_hoa_don_da_su_dung_2024-T6.2025.xls,3312
G00341,1C25TUV,00002524,30/05/2025,499074,39926,539000,Bang_ke_hoa_don_da_su_dung_2024-T6.2025.xls,3313
G00341,1C25TUV,00002525,30/05/2025,499074,39926,539000,Bang_ke_hoa_don_da_su_dung_2024-T6.2025.xls,3314
G00341,1C25TUV,00002526,30/05/2025,499074,39926,539000,Bang_ke_hoa_don_da_su_dung_2024-T6.2025.xls,3315
G00341,1C25TUV,00002654,31/05/2025,499074,39926,539000,Bang_ke_hoa_don_da_su_dung_2024-T6.2025.xls,3443
G00341,1C25TUV,00002656,31/05/2025,499074,39926,539000,Bang_ke_hoa_don_da_su_dung_2024-T6.2025.xls,3445
G00341,1C25TUV,00002667,31/05/2025,499074,39926,539000,Bang_ke_hoa_don_da_su_dung_2024-T6.2025.xls,3456
G00341,1C25TUV,00002688,31/05/2025,499074,39926,539000,Bang_ke_hoa_don_da_su_dung_2024-T6.2025.xls,3477
G00341,1C25TUV,00002708,31/05/2025,499074,39926,539000,Bang_ke_hoa_don_da_su_dung_2024-T6.2025.xls,3497
G00341,1C25TUV,00002709,31/05/2025,499074,39926,539000,Bang_ke_hoa_don_da_su_dung_2024-T6.2025.xls,3498
G00341,1C25TUV,00002710,31/05/2025,499074,39926,539000,Bang_ke_hoa_don_da_su_dung_2024-T6.2025.xls,3499
G00341,1C25TUV,00002711,31/05/2025,499074,39926,539000,Bang_ke_hoa_don_da_su_dung_2024-T6.2025.xls,3500
G00341,1C25TUV,00002712,31/05/2025,499074,39926,539000,Bang_ke_hoa_don_da_su_dung_2024-T6.2025.xls,3501
G00341,1C25TUV,00002713,31/05/2025,499074,39926,539000,Bang_ke_hoa_don_da_su_dung_2024-T6.2025.xls,3502
G00341,1C25TUV,00002762,01/06/2025,499074,39926,539000,Bang_ke_hoa_don_da_su_dung_2024-T6.2025.xls,3551
G00341,1C25TUV,00002787,01/06/2025,499074,39926,539000,Bang_ke_hoa_don_da_su_dung_2024-T6.2025.xls,3576
G00341,1C25TUV,00002809,01/06/2025,499074,39926,539000,Bang_ke_hoa_don_da_su_dung_2024-T6.2025.xls,3598
G00341,1C25TUV,00002812,01/06/2025,499074,39926,539000,Bang_ke_hoa_don_da_su_dung_2024-T6.2025.xls,3601
G00341,1C25TUV,00002814,01/06/2025,499074,39926,539000,Bang_ke_hoa_don_da_su_dung_2024-T6.2025.xls,3603
G00341,1C25TUV,00002816,01/06/2025,499074,39926,539000,Bang_ke_hoa_don_da_su_dung_2024-T6.2025.xls,3605
G00341,1C25TUV,00002823,01/06/2025,499074,39926,539000,Bang_ke_hoa_don_da_su_dung_2024-T6.2025.xls,3612
G00341,1C25TUV,00002824,01/06/2025,499074,39926,539000,Bang_ke_hoa_don_da_su_dung_2024-T6.2025.xls,3613
G00341,1C25TUV,00002825,01/06/2025,499074,39926,539000,Bang_ke_hoa_don_da_su_dung_2024-T6.2025.xls,3614
G00341,1C25TUV,00002828,01/06/2025,499074,39926,539000,Bang_ke_hoa_don_da_su_dung_2024-T6.2025.xls,3617
G00341,1C25TUV,00002834,02/06/2025,499074,39926,539000,Bang_ke_hoa_don_da_su_dung_2024-T6.2025.xls,3623
G00341,1C25TUV,00002835,02/06/2025,499074,39926,539000,Bang_ke_hoa_don_da_su_dung_2024-T6.2025.xls,3624
G00341,1C25TUV,00002841,02/06/2025,499074,39926,539000,Bang_ke_hoa_don_da_su_dung_2024-T6.2025.xls,3630
G00341,1C25TUV,00002842,02/06/2025,499074,39926,539000,Bang_ke_hoa_don_da_su_dung_2024-T6.2025.xls,3631
G00341,1C25TUV,00002844,02/06/2025,499074,39926,539000,Bang_ke_hoa_don_da_su_dung_2024-T6.2025.xls,3633
G00341,1C25TUV,00002846,02/06/2025,499074,39926,539000,Bang_ke_hoa_don_da_su_dung_2024-T6.2025.xls,3635
G00341,1C25TUV,00002862,02/06/2025,499074,39926,539000,Bang_ke_hoa_don_da_su_dung_2024-T6.2025.xls,3651
G00341,1C25TUV,00002864,02/06/2025,499074,39926,539000,Bang_ke_hoa_don_da_su_dung_2024-T6.2025.xls,3653
G00341,1C25TUV,00002865,02/06/2025,499074,39926,539000,Bang_ke_hoa_don_da_su_dung_2024-T6.2025.xls,3654
G00341,1C25TUV,00002866,02/06/2025,499074,39926,539000,Bang_ke_hoa_don_da_su_dung_2024-T6.2025.xls,3655
G00341,1C25TUV,00002867,02/06/2025,499074,39926,539000,Bang_ke_hoa_don_da_su_dung_2024-T6.2025.xls,3656
G00341,1C25TUV,00002868,02/06/2025,499074,39926,539000,Bang_ke_hoa_don_da_su_dung_2024-T6.2025.xls,3657
G00341,1C25TUV,00002873,02/06/2025,499074,39926,539000,Bang_ke_hoa_don_da_su_dung_2024-T6.2025.xls,3662
G00341,1C25TUV,00002901,02/06/2025,499074,39926,539000,Bang_ke_hoa_don_da_su_dung_2024-T6.2025.xls,3690
G00341,1C25TUV,00002910,02/06/2025,499074,39926,539000,Bang_ke_hoa_don_da_su_dung_2024-T6.2025.xls,3699
G00341,1C25TUV,00002911,02/06/2025,499074,39926,539000,Bang_ke_hoa_don_da_su_dung_2024-T6.2025.xls,3700
G00341,1C25TUV,00002993,03/06/2025,499074,39926,539000,Bang_ke_hoa_don_da_su_dung_2024-T6.2025.xls,3782
G00341,1C25TUV,00003017,03/06/2025,499074,39926,539000,Bang_ke_hoa_don_da_su_dung_2024-T6.2025.xls,3806
G00341,1C25TUV,00003018,03/06/2025,499074,39926,539000,Bang_ke_hoa_don_da_su_dung_2024-T6.2025.xls,3807
G00341,1C25TUV,00003022,03/06/2025,499074,39926,539000,Bang_ke_hoa_don_da_su_dung_2024-T6.2025.xls,3811
G00341,1C25TUV,00003028,03/06/2025,499074,39926,539000,Bang_ke_hoa_don_da_su_dung_2024-T6.2025.xls,3817
G00341,1C25TUV,00003029,03/06/2025,499074,39926,539000,Bang_ke_hoa_don_da_su_dung_2024-T6.2025.xls,3818
G00341,1C25TUV,00003031,03/06/2025,499074,39926,539000,Bang_ke_hoa_don_da_su_dung_2024-T6.2025.xls,3820
G00341,1C25TUV,00003039,03/06/2025,499074,39926,539000,Bang_ke_hoa_don_da_su_dung_2024-T6.2025.xls,3828
G00341,1C25TUV,00003041,03/06/2025,499074,39926,539000,Bang_ke_hoa_don_da_su_dung_2024-T6.2025.xls,3830
G00341,1C25TUV,00003046,03/06/2025,499074,39926,539000,Bang_ke_hoa_don_da_su_dung_2024-T6.2025.xls,3835
G00341,1C25TUV,00003047,03/06/2025,499074,39926,539000,Bang_ke_hoa_don_da_su_dung_2024-T6.2025.xls,3836
G00341,1C25TUV,00003048,03/06/2025,499074,39926,539000,Bang_ke_hoa_don_da_su_dung_2024-T6.2025.xls,3837
G00341,1C25TUV,00003053,03/06/2025,499074,39926,539000,Bang_ke_hoa_don_da_su_dung_2024-T6.2025.xls,3842
G00341,1C25TUV,00003058,03/06/2025,499074,39926,539000,Bang_ke_hoa_don_da_su_dung_2024-T6.2025.xls,3847
G00341,1C25TUV,00003059,03/06/2025,499074,39926,539000,Bang_ke_hoa_don_da_su_dung_2024-T6.2025.xls,3848
G00341,1C25TUV,00003061,03/06/2025,499074,39926,539000,Bang_ke_hoa_don_da_su_dung_2024-T6.2025.xls,3850
G00341,1C25TUV,00003163,04/06/2025,499074,39926,539000,Bang_ke_hoa_don_da_su_dung_2024-T6.2025.xls,3952
G00341,1C25TUV,00003169,04/06/2025,499074,39926,539000,Bang_ke_hoa_don_da_su_dung_2024-T6.2025.xls,3958
G00341,1C25TUV,00003171,04/06/2025,499074,39926,539000,Bang_ke_hoa_don_da_su_dung_2024-T6.2025.xls,3960
G00341,1C25TUV,00003180,04/06/2025,499074,39926,539000,Bang_ke_hoa_don_da_su_dung_2024-T6.2025.xls,3969
G00341,1C25TUV,00003181,04/06/2025,499074,39926,539000,Bang_ke_hoa_don_da_su_dung_2024-T6.2025.xls,3970
G00341,1C25TUV,00003186,04/06/2025,499074,39926,539000,Bang_ke_hoa_don_da_su_dung_2024-T6.2025.xls,3975
G00341,1C25TUV,00003189,04/06/2025,499074,39926,539000,Bang_ke_hoa_don_da_su_dung_2024-T6.2025.xls,3978
G00341,1C25TUV,00003190,04/06/2025,499074,39926,539000,Bang_ke_hoa_don_da_su_dung_2024-T6.2025.xls,3979
G00341,1C25TUV,00003191,04/06/2025,499074,39926,539000,Bang_ke_hoa_don_da_su_dung_2024-T6.2025.xls,3980
G00341,1C25TUV,00003200,04/06/2025,499074,39926,539000,Bang_ke_hoa_don_da_su_dung_2024-T6.2025.xls,3989
G00341,1C25TUV,00003202,04/06/2025,499074,39926,539000,Bang_ke_hoa_don_da_su_dung_2024-T6.2025.xls,3991
G00341,1C25TUV,00003203,04/06/2025,499074,39926,539000,Bang_ke_hoa_don_da_su_dung_2024-T6.2025.xls,3992
G00341,1C25TUV,00003207,04/06/2025,499074,39926,539000,Bang_ke_hoa_don_da_su_dung_2024-T6.2025.xls,3996
G00341,1C25TUV,00003210,04/06/2025,499074,39926,539000,Bang_ke_hoa_don_da_su_dung_2024-T6.2025.xls,3999
G00341,1C25TUV,00003356,05/06/2025,499074,39926,539000,Bang_ke_hoa_don_da_su_dung_2024-T6.2025.xls,4145
G00341,1C25TUV,00003357,05/06/2025,499074,39926,539000,Bang_ke_hoa_don_da_su_dung_2024-T6.2025.xls,4146
G00341,1C25TUV,00003364,05/06/2025,499074,39926,539000,Bang_ke_hoa_don_da_su_dung_2024-T6.2025.xls,4153
G00341,1C25TUV,00003365,05/06/2025,499074,39926,539000,Bang_ke_hoa_don_da_su_dung_2024-T6.2025.xls,4154
G00341,1C25TUV,00003366,05/06/2025,499074,39926,539000,Bang_ke_hoa_don_da_su_dung_2024-T6.2025.xls,4155
G00341,1C25TUV,00003367,05/06/2025,499074,39926,539000,Bang_ke_hoa_don_da_su_dung_2024-T6.2025.xls,4156
G00341,1C25TUV,00003375,05/06/2025,499074,39926,539000,Bang_ke_hoa_don_da_su_dung_2024-T6.2025.xls,4164
G00341,1C25TUV,00003383,05/06/2025,499074,39926,539000,Bang_ke_hoa_don_da_su_dung_2024-T6.2025.xls,4172
G00341,1C25TUV,00003581,06/06/2025,499074,39926,539000,Bang_ke_hoa_don_da_su_dung_2024-T6.2025.xls,4370
G00341,1C25TUV,00003587,06/06/2025,499074,39926,539000,Bang_ke_hoa_don_da_su_dung_2024-T6.2025.xls,4376
G00341,1C25TUV,00003591,06/06/2025,499074,39926,539000,Bang_ke_hoa_don_da_su_dung_2024-T6.2025.xls,4380
G00341,1C25TUV,00003594,06/06/2025,499074,39926,539000,Bang_ke_hoa_don_da_su_dung_2024-T6.2025.xls,4383
G00341,1C25TUV,00003602,06/06/2025,499074,39926,539000,Bang_ke_hoa_don_da_su_dung_2024-T6.2025.xls,4391
G00341,1C25TUV,00003603,06/06/2025,499074,39926,539000,Bang_ke_hoa_don_da_su_dung_2024-T6.2025.xls,4392
G00341,1C25TUV,00003608,06/06/2025,499074,39926,539000,Bang_ke_hoa_don_da_su_dung_2024-T6.2025.xls,4397
G00341,1C25TUV,00003612,06/06/2025,499074,39926,539000,Bang_ke_hoa_don_da_su_dung_2024-T6.2025.xls,4401
G00341,1C25TUV,00003620,06/06/2025,499074,39926,539000,Bang_ke_hoa_don_da_su_dung_2024-T6.2025.xls,4409
G00341,1C25TUV,00003628,06/06/2025,499074,39926,539000,Bang_ke_hoa_don_da_su_dung_2024-T6.2025.xls,4417
G00341,1C25TUV,00003632,06/06/2025,499074,39926,539000,Bang_ke_hoa_don_da_su_dung_2024-T6.2025.xls,4421
G00341,1C25TUV,00003633,06/06/2025,499074,39926,539000,Bang_ke_hoa_don_da_su_dung_2024-T6.2025.xls,4422
G00341,1C25TUV,00003634,06/06/2025,499074,39926,539000,Bang_ke_hoa_don_da_su_dung_2024-T6.2025.xls,4423
G00341,1C25TUV,00003638,06/06/2025,499074,39926,539000,Bang_ke_hoa_don_da_su_dung_2024-T6.2025.xls,4427
G00341,1C25TUV,00003639,06/06/2025,499074,39926,539000,Bang_ke_hoa_don_da_su_dung_2024-T6.2025.xls,4428
G00341,1C25TUV,00003640,06/06/2025,499074,39926,539000,Bang_ke_hoa_don_da_su_dung_2024-T6.2025.xls,4429
G00341,1C25TUV,00003651,06/06/2025,499074,39926,539000,Bang_ke_hoa_don_da_su_dung_2024-T6.2025.xls,4440
G00341,1C25TUV,00003655,06/06/2025,499074,39926,539000,Bang_ke_hoa_don_da_su_dung_2024-T6.2025.xls,4444
G00341,1C25TUV,00003656,06/06/2025,499074,39926,539000,Bang_ke_hoa_don_da_su_dung_2024-T6.2025.xls,4445
G00341,1C25TUV,00003659,06/06/2025,499074,39926,539000,Bang_ke_hoa_don_da_su_dung_2024-T6.2025.xls,4448
G00341,1C25TUV,00003664,06/06/2025,499074,39926,539000,Bang_ke_hoa_don_da_su_dung_2024-T6.2025.xls,4453
G00341,1C25TUV,00003774,07/06/2025,499074,39926,539000,Bang_ke_hoa_don_da_su_dung_2024-T6.2025.xls,4563
G00341,1C25TUV,00003833,07/06/2025,499074,39926,539000,Bang_ke_hoa_don_da_su_dung_2024-T6.2025.xls,4622
G00341,1C25TUV,00003835,07/06/2025,499074,39926,539000,Bang_ke_hoa_don_da_su_dung_2024-T6.2025.xls,4624
G00341,1C25TUV,00003839,07/06/2025,499074,39926,539000,Bang_ke_hoa_don_da_su_dung_2024-T6.2025.xls,4628
G00341,1C25TUV,00003840,07/06/2025,499074,39926,539000,Bang_ke_hoa_don_da_su_dung_2024-T6.2025.xls,4629
G00341,1C25TUV,00003841,07/06/2025,499074,39926,539000,Bang_ke_hoa_don_da_su_dung_2024-T6.2025.xls,4630
G00341,1C25TUV,00003842,07/06/2025,499074,39926,539000,Bang_ke_hoa_don_da_su_dung_2024-T6.2025.xls,4631
G00341,1C25TUV,00003849,07/06/2025,499074,39926,539000,Bang_ke_hoa_don_da_su_dung_2024-T6.2025.xls,4638
G00341,1C25TUV,00003850,07/06/2025,499074,39926,539000,Bang_ke_hoa_don_da_su_dung_2024-T6.2025.xls,4639
G00341,1C25TUV,00003859,07/06/2025,499074,39926,539000,Bang_ke_hoa_don_da_su_dung_2024-T6.2025.xls,4648
G00341,1C25TUV,00003861,07/06/2025,499074,39926,539000,Bang_ke_hoa_don_da_su_dung_2024-T6.2025.xls,4650
G00341,1C25TUV,00003866,07/06/2025,499074,39926,539000,Bang_ke_hoa_don_da_su_dung_2024-T6.2025.xls,4655
G00341,1C25TUV,00003867,07/06/2025,499074,39926,539000,Bang_ke_hoa_don_da_su_dung_2024-T6.2025.xls,4656
G00341,1C25TUV,00003870,07/06/2025,499074,39926,539000,Bang_ke_hoa_don_da_su_dung_2024-T6.2025.xls,4659
G00341,1C25TUV,00003875,07/06/2025,499074,39926,539000,Bang_ke_hoa_don_da_su_dung_2024-T6.2025.xls,4664
G00341,1C25TUV,00003876,07/06/2025,499074,39926,539000,Bang_ke_hoa_don_da_su_dung_2024-T6.2025.xls,4665
G00341,1C25TUV,00003883,07/06/2025,499074,39926,539000,Bang_ke_hoa_don_da_su_dung_2024-T6.2025.xls,4672
G00341,1C25TUV,00003899,07/06/2025,499074,39926,539000,Bang_ke_hoa_don_da_su_dung_2024-T6.2025.xls,4688
G00341,1C25TUV,00004057,08/06/2025,499074,39926,539000,Bang_ke_hoa_don_da_su_dung_2024-T6.2025.xls,4846
G00341,1C25TUV,00004058,08/06/2025,499074,39926,539000,Bang_ke_hoa_don_da_su_dung_2024-T6.2025.xls,4847
G00341,1C25TUV,00004119,08/06/2025,499074,39926,539000,Bang_ke_hoa_don_da_su_dung_2024-T6.2025.xls,4908
G00341,1C25TUV,00004125,08/06/2025,499074,39926,539000,Bang_ke_hoa_don_da_su_dung_2024-T6.2025.xls,4914
G00341,1C25TUV,00004126,08/06/2025,499074,39926,539000,Bang_ke_hoa_don_da_su_dung_2024-T6.2025.xls,4915
G00341,1C25TUV,00004129,08/06/2025,499074,39926,539000,Bang_ke_hoa_don_da_su_dung_2024-T6.2025.xls,4918
G00341,1C25TUV,00004131,08/06/2025,499074,39926,539000,Bang_ke_hoa_don_da_su_dung_2024-T6.2025.xls,4920
G00341,1C25TUV,00004132,08/06/2025,499074,39926,539000,Bang_ke_hoa_don_da_su_dung_2024-T6.2025.xls,4921
G00341,1C25TUV,00004141,08/06/2025,499074,39926,539000,Bang_ke_hoa_don_da_su_dung_2024-T6.2025.xls,4930
G00341,1C25TUV,00004146,08/06/2025,499074,39926,539000,Bang_ke_hoa_don_da_su_dung_2024-T6.2025.xls,4935
G00341,1C25TUV,00004148,08/06/2025,499074,39926,539000,Bang_ke_hoa_don_da_su_dung_2024-T6.2025.xls,4937
G00341,1C25TUV,00004149,08/06/2025,499074,39926,539000,Bang_ke_hoa_don_da_su_dung_2024-T6.2025.xls,4938
G00341,1C25TUV,00004155,08/06/2025,499074,39926,539000,Bang_ke_hoa_don_da_su_dung_2024-T6.2025.xls,4944
G00341,1C25TUV,00004156,08/06/2025,499074,39926,539000,Bang_ke_hoa_don_da_su_dung_2024-T6.2025.xls,4945
G00341,1C25TUV,00004157,08/06/2025,499074,39926,539000,Bang_ke_hoa_don_da_su_dung_2024-T6.2025.xls,4946
G00341,1C25TUV,00004164,08/06/2025,499074,39926,539000,Bang_ke_hoa_don_da_su_dung_2024-T6.2025.xls,4953
G00341,1C25TUV,00004171,08/06/2025,499074,39926,539000,Bang_ke_hoa_don_da_su_dung_2024-T6.2025.xls,4960
G00341,1C25TUV,00004172,08/06/2025,499074,39926,539000,Bang_ke_hoa_don_da_su_dung_2024-T6.2025.xls,4961
G00341,1C25TUV,00004184,08/06/2025,499074,39926,539000,Bang_ke_hoa_don_da_su_dung_2024-T6.2025.xls,4973
G00341,1C25TUV,00004186,08/06/2025,499074,39926,539000,Bang_ke_hoa_don_da_su_dung_2024-T6.2025.xls,4975
G00341,1C25TUV,00009290,29/06/2025,499074,39926,539000,Bang_ke_hoa_don_da_su_dung_T6.2025 L2.xls,110
G00341,1C25TUV,00009572,30/06/2025,499074,39926,539000,Bang_ke_hoa_don_da_su_dung_T6.2025 L2.xls,392
G00341,1C25TUV,00004312,09/06/2025,499074,39926,539000,Bang_ke_hoa_don_da_su_dung_T6.2025.xls,115
G00341,1C25TUV,00004316,09/06/2025,499074,39926,539000,Bang_ke_hoa_don_da_su_dung_T6.2025.xls,119
G00341,1C25TUV,00004331,09/06/2025,499074,39926,539000,Bang_ke_hoa_don_da_su_dung_T6.2025.xls,134
G00341,1C25TUV,00004337,09/06/2025,499074,39926,539000,Bang_ke_hoa_don_da_su_dung_T6.2025.xls,140
G00341,1C25TUV,00004338,09/06/2025,499074,39926,539000,Bang_ke_hoa_don_da_su_dung_T6.2025.xls,141
G00341,1C25TUV,00004340,09/06/2025,499074,39926,539000,Bang_ke_hoa_don_da_su_dung_T6.2025.xls,143
G00341,1C25TUV,00004341,09/06/2025,499074,39926,539000,Bang_ke_hoa_don_da_su_dung_T6.2025.xls,144
G00341,1C25TUV,00004346,09/06/2025,499074,39926,539000,Bang_ke_hoa_don_da_su_dung_T6.2025.xls,149
G00341,1C25TUV,00004355,09/06/2025,499074,39926,539000,Bang_ke_hoa_don_da_su_dung_T6.2025.xls,158
G00341,1C25TUV,00004368,09/06/2025,499074,39926,539000,Bang_ke_hoa_don_da_su_dung_T6.2025.xls,171
G00341,1C25TUV,00004602,10/06/2025,499074,39926,539000,Bang_ke_hoa_don_da_su_dung_T6.2025.xls,405
G00341,1C25TUV,00004605,10/06/2025,499074,39926,539000,Bang_ke_hoa_don_da_su_dung_T6.2025.xls,408
G00341,1C25TUV,00004610,10/06/2025,499074,39926,539000,Bang_ke_hoa_don_da_su_dung_T6.2025.xls,413
G00341,1C25TUV,00004611,10/06/2025,499074,39926,539000,Bang_ke_hoa_don_da_su_dung_T6.2025.xls,414
G00341,1C25TUV,00004614,10/06/2025,499074,39926,539000,Bang_ke_hoa_don_da_su_dung_T6.2025.xls,417
G00341,1C25TUV,00004619,10/06/2025,499074,39926,539000,Bang_ke_hoa_don_da_su_dung_T6.2025.xls,422
G00341,1C25TUV,00004629,10/06/2025,499074,39926,539000,Bang_ke_hoa_don_da_su_dung_T6.2025.xls,432
G00341,1C25TUV,00004632,10/06/2025,499074,39926,539000,Bang_ke_hoa_don_da_su_dung_T6.2025.xls,435
G00341,1C25TUV,00004634,10/06/2025,499074,39926,539000,Bang_ke_hoa_don_da_su_dung_T6.2025.xls,437
G00341,1C25TUV,00004636,10/06/2025,499074,39926,539000,Bang_ke_hoa_don_da_su_dung_T6.2025.xls,439
G00341,1C25TUV,00004642,10/06/2025,499074,39926,539000,Bang_ke_hoa_don_da_su_dung_T6.2025.xls,445
G00341,1C25TUV,00004644,10/06/2025,499074,39926,539000,Bang_ke_hoa_don_da_su_dung_T6.2025.xls,447
G00341,1C25TUV,00004649,10/06/2025,499074,39926,539000,Bang_ke_hoa_don_da_su_dung_T6.2025.xls,452
G00341,1C25TUV,00004652,10/06/2025,499074,39926,539000,Bang_ke_hoa_don_da_su_dung_T6.2025.xls,455
G00341,1C25TUV,00004654,10/06/2025,499074,39926,539000,Bang_ke_hoa_don_da_su_dung_T6.2025.xls,457
G00341,1C25TUV,00004656,10/06/2025,499074,39926,539000,Bang_ke_hoa_don_da_su_dung_T6.2025.xls,459
G00341,1C25TUV,00004749,11/06/2025,499074,39926,539000,Bang_ke_hoa_don_da_su_dung_T6.2025.xls,552
G00341,1C25TUV,00004835,11/06/2025,499074,39926,539000,Bang_ke_hoa_don_da_su_dung_T6.2025.xls,638
G00341,1C25TUV,00004838,11/06/2025,499074,39926,539000,Bang_ke_hoa_don_da_su_dung_T6.2025.xls,641
G00341,1C25TUV,00004839,11/06/2025,499074,39926,539000,Bang_ke_hoa_don_da_su_dung_T6.2025.xls,642
G00341,1C25TUV,00004844,11/06/2025,499074,39926,539000,Bang_ke_hoa_don_da_su_dung_T6.2025.xls,647
G00341,1C25TUV,00004845,11/06/2025,499074,39926,539000,Bang_ke_hoa_don_da_su_dung_T6.2025.xls,648
G00341,1C25TUV,00004849,11/06/2025,499074,39926,539000,Bang_ke_hoa_don_da_su_dung_T6.2025.xls,652
G00341,1C25TUV,00004850,11/06/2025,499074,39926,539000,Bang_ke_hoa_don_da_su_dung_T6.2025.xls,653
G00341,1C25TUV,00004860,11/06/2025,499074,39926,539000,Bang_ke_hoa_don_da_su_dung_T6.2025.xls,663
G00341,1C25TUV,00004861,11/06/2025,499074,39926,539000,Bang_ke_hoa_don_da_su_dung_T6.2025.xls,664
G00341,1C25TUV,00004865,11/06/2025,499074,39926,539000,Bang_ke_hoa_don_da_su_dung_T6.2025.xls,668
G00341,1C25TUV,00004873,11/06/2025,499074,39926,539000,Bang_ke_hoa_don_da_su_dung_T6.2025.xls,676
G00341,1C25TUV,00004874,11/06/2025,499074,39926,539000,Bang_ke_hoa_don_da_su_dung_T6.2025.xls,677
G00341,1C25TUV,00004876,11/06/2025,499074,39926,539000,Bang_ke_hoa_don_da_su_dung_T6.2025.xls,679
G00341,1C25TUV,00004881,11/06/2025,499074,39926,539000,Bang_ke_hoa_don_da_su_dung_T6.2025.xls,684
G00341,1C25TUV,00004888,11/06/2025,499074,39926,539000,Bang_ke_hoa_don_da_su_dung_T6.2025.xls,691
G00341,1C25TUV,00004893,11/06/2025,499074,39926,539000,Bang_ke_hoa_don_da_su_dung_T6.2025.xls,696
G00341,1C25TUV,00004894,11/06/2025,499074,39926,539000,Bang_ke_hoa_don_da_su_dung_T6.2025.xls,697
G00341,1C25TUV,00004895,11/06/2025,499074,39926,539000,Bang_ke_hoa_don_da_su_dung_T6.2025.xls,698
G00341,1C25TUV,00004899,11/06/2025,499074,39926,539000,Bang_ke_hoa_don_da_su_dung_T6.2025.xls,702
G00341,1C25TUV,00004900,11/06/2025,499074,39926,539000,Bang_ke_hoa_don_da_su_dung_T6.2025.xls,703
G00341,1C25TUV,00005074,12/06/2025,499074,39926,539000,Bang_ke_hoa_don_da_su_dung_T6.2025.xls,877
G00341,1C25TUV,00005076,12/06/2025,499074,39926,539000,Bang_ke_hoa_don_da_su_dung_T6.2025.xls,879
G00341,1C25TUV,00005095,12/06/2025,499074,39926,539000,Bang_ke_hoa_don_da_su_dung_T6.2025.xls,898
G00341,1C25TUV,00005096,12/06/2025,499074,39926,539000,Bang_ke_hoa_don_da_su_dung_T6.2025.xls,899
G00341,1C25TUV,00005099,12/06/2025,499074,39926,539000,Bang_ke_hoa_don_da_su_dung_T6.2025.xls,902
G00341,1C25TUV,00005100,12/06/2025,499074,39926,539000,Bang_ke_hoa_don_da_su_dung_T6.2025.xls,903
G00341,1C25TUV,00005101,12/06/2025,499074,39926,539000,Bang_ke_hoa_don_da_su_dung_T6.2025.xls,904
G00341,1C25TUV,00005104,12/06/2025,499074,39926,539000,Bang_ke_hoa_don_da_su_dung_T6.2025.xls,907
G00341,1C25TUV,00005109,12/06/2025,499074,39926,539000,Bang_ke_hoa_don_da_su_dung_T6.2025.xls,912
G00341,1C25TUV,00005112,12/06/2025,499074,39926,539000,Bang_ke_hoa_don_da_su_dung_T6.2025.xls,915
G00341,1C25TUV,00005114,12/06/2025,499074,39926,539000,Bang_ke_hoa_don_da_su_dung_T6.2025.xls,917
G00341,1C25TUV,00005117,12/06/2025,499074,39926,539000,Bang_ke_hoa_don_da_su_dung_T6.2025.xls,920
G00341,1C25TUV,00005119,12/06/2025,499074,39926,539000,Bang_ke_hoa_don_da_su_dung_T6.2025.xls,922
G00341,1C25TUV,00005122,12/06/2025,499074,39926,539000,Bang_ke_hoa_don_da_su_dung_T6.2025.xls,925
G00341,1C25TUV,00005124,12/06/2025,499074,39926,539000,Bang_ke_hoa_don_da_su_dung_T6.2025.xls,927
G00341,1C25TUV,00005135,12/06/2025,499074,39926,539000,Bang_ke_hoa_don_da_su_dung_T6.2025.xls,938
G00341,1C25TUV,00005137,12/06/2025,499074,39926,539000,Bang_ke_hoa_don_da_su_dung_T6.2025.xls,940
G00341,1C25TUV,00005282,13/06/2025,499074,39926,539000,Bang_ke_hoa_don_da_su_dung_T6.2025.xls,1085
G00341,1C25TUV,00005283,13/06/2025,499074,39926,539000,Bang_ke_hoa_don_da_su_dung_T6.2025.xls,1086
G00341,1C25TUV,00005287,13/06/2025,499074,39926,539000,Bang_ke_hoa_don_da_su_dung_T6.2025.xls,1090
G00341,1C25TUV,00005291,13/06/2025,499074,39926,539000,Bang_ke_hoa_don_da_su_dung_T6.2025.xls,1094
G00341,1C25TUV,00005296,13/06/2025,499074,39926,539000,Bang_ke_hoa_don_da_su_dung_T6.2025.xls,1099
G00341,1C25TUV,00005297,13/06/2025,499074,39926,539000,Bang_ke_hoa_don_da_su_dung_T6.2025.xls,1100
G00341,1C25TUV,00005299,13/06/2025,499074,39926,539000,Bang_ke_hoa_don_da_su_dung_T6.2025.xls,1102
G00341,1C25TUV,00005301,13/06/2025,499074,39926,539000,Bang_ke_hoa_don_da_su_dung_T6.2025.xls,1104
G00341,1C25TUV,00005308,13/06/2025,499074,39926,539000,Bang_ke_hoa_don_da_su_dung_T6.2025.xls,1111
G00341,1C25TUV,00005314,13/06/2025,499074,39926,539000,Bang_ke_hoa_don_da_su_dung_T6.2025.xls,1117
G00341,1C25TUV,00005317,13/06/2025,499074,39926,539000,Bang_ke_hoa_don_da_su_dung_T6.2025.xls,1120
G00341,1C25TUV,00005321,13/06/2025,499074,39926,539000,Bang_ke_hoa_don_da_su_dung_T6.2025.xls,1124
G00341,1C25TUV,00005323,13/06/2025,499074,39926,539000,Bang_ke_hoa_don_da_su_dung_T6.2025.xls,1126
G00341,1C25TUV,00005325,13/06/2025,499074,39926,539000,Bang_ke_hoa_don_da_su_dung_T6.2025.xls,1128
G00341,1C25TUV,00005329,13/06/2025,499074,39926,539000,Bang_ke_hoa_don_da_su_dung_T6.2025.xls,1132
G00341,1C25TUV,00005350,13/06/2025,499074,39926,539000,Bang_ke_hoa_don_da_su_dung_T6.2025.xls,1153
G00341,1C25TUV,00005481,14/06/2025,499074,39926,539000,Bang_ke_hoa_don_da_su_dung_T6.2025.xls,1284
G00341,1C25TUV,00005482,14/06/2025,499074,39926,539000,Bang_ke_hoa_don_da_su_dung_T6.2025.xls,1285
G00341,1C25TUV,00005483,14/06/2025,499074,39926,539000,Bang_ke_hoa_don_da_su_dung_T6.2025.xls,1286
G00341,1C25TUV,00005484,14/06/2025,499074,39926,539000,Bang_ke_hoa_don_da_su_dung_T6.2025.xls,1287
G00341,1C25TUV,00005486,14/06/2025,499074,39926,539000,Bang_ke_hoa_don_da_su_dung_T6.2025.xls,1289
G00341,1C25TUV,00005495,14/06/2025,499074,39926,539000,Bang_ke_hoa_don_da_su_dung_T6.2025.xls,1298
G00341,1C25TUV,00005498,14/06/2025,499074,39926,539000,Bang_ke_hoa_don_da_su_dung_T6.2025.xls,1301
G00341,1C25TUV,00005499,14/06/2025,499074,39926,539000,Bang_ke_hoa_don_da_su_dung_T6.2025.xls,1302
G00341,1C25TUV,00005501,14/06/2025,499074,39926,539000,Bang_ke_hoa_don_da_su_dung_T6.2025.xls,1304
G00341,1C25TUV,00005502,14/06/2025,499074,39926,539000,Bang_ke_hoa_don_da_su_dung_T6.2025.xls,1305
G00341,1C25TUV,00005506,14/06/2025,499074,39926,539000,Bang_ke_hoa_don_da_su_dung_T6.2025.xls,1309
G00341,1C25TUV,00005521,14/06/2025,499074,39926,539000,Bang_ke_hoa_don_da_su_dung_T6.2025.xls,1324
G00341,1C25TUV,00005522,14/06/2025,499074,39926,539000,Bang_ke_hoa_don_da_su_dung_T6.2025.xls,1325
G00341,1C25TUV,00005524,14/06/2025,499074,39926,539000,Bang_ke_hoa_don_da_su_dung_T6.2025.xls,1327
G00341,1C25TUV,00005525,14/06/2025,499074,39926,539000,Bang_ke_hoa_don_da_su_dung_T6.2025.xls,1328
G00341,1C25TUV,00005528,14/06/2025,499074,39926,539000,Bang_ke_hoa_don_da_su_dung_T6.2025.xls,1331
G00341,1C25TUV,00005532,14/06/2025,499074,39926,539000,Bang_ke_hoa_don_da_su_dung_T6.2025.xls,1335
G00341,1C25TUV,00005588,14/06/2025,499074,39926,539000,Bang_ke_hoa_don_da_su_dung_T6.2025.xls,1391
G00341,1C25TUV,00005597,14/06/2025,499074,39926,539000,Bang_ke_hoa_don_da_su_dung_T6.2025.xls,1400
G00341,1C25TUV,00005727,15/06/2025,499074,39926,539000,Bang_ke_hoa_don_da_su_dung_T6.2025.xls,1530
G00341,1C25TUV,00005743,15/06/2025,499074,39926,539000,Bang_ke_hoa_don_da_su_dung_T6.2025.xls,1546
G00341,1C25TUV,00005745,15/06/2025,499074,39926,539000,Bang_ke_hoa_don_da_su_dung_T6.2025.xls,1548
G00341,1C25TUV,00005746,15/06/2025,499074,39926,539000,Bang_ke_hoa_don_da_su_dung_T6.2025.xls,1549
G00341,1C25TUV,00005747,15/06/2025,499074,39926,539000,Bang_ke_hoa_don_da_su_dung_T6.2025.xls,1550
G00341,1C25TUV,00005751,15/06/2025,499074,39926,539000,Bang_ke_hoa_don_da_su_dung_T6.2025.xls,1554
G00341,1C25TUV,00005756,15/06/2025,499074,39926,539000,Bang_ke_hoa_don_da_su_dung_T6.2025.xls,1559
G00341,1C25TUV,00005758,15/06/2025,499074,39926,539000,Bang_ke_hoa_don_da_su_dung_T6.2025.xls,1561
G00341,1C25TUV,00005764,15/06/2025,499074,39926,539000,Bang_ke_hoa_don_da_su_dung_T6.2025.xls,1567
G00341,1C25TUV,00005765,15/06/2025,499074,39926,539000,Bang_ke_hoa_don_da_su_dung_T6.2025.xls,1568
G00341,1C25TUV,00005768,15/06/2025,499074,39926,539000,Bang_ke_hoa_don_da_su_dung_T6.2025.xls,1571
G00341,1C25TUV,00005775,15/06/2025,499074,39926,539000,Bang_ke_hoa_don_da_su_dung_T6.2025.xls,1578
G00341,1C25TUV,00006046,16/06/2025,499074,39926,539000,Bang_ke_hoa_don_da_su_dung_T6.2025.xls,1849
G00341,1C25TUV,00006047,16/06/2025,499074,39926,539000,Bang_ke_hoa_don_da_su_dung_T6.2025.xls,1850
G00341,1C25TUV,00006049,16/06/2025,499074,39926,539000,Bang_ke_hoa_don_da_su_dung_T6.2025.xls,1852
G00341,1C25TUV,00006050,16/06/2025,499074,39926,539000,Bang_ke_hoa_don_da_su_dung_T6.2025.xls,1853
G00341,1C25TUV,00006051,16/06/2025,499074,39926,539000,Bang_ke_hoa_don_da_su_dung_T6.2025.xls,1854
G00341,1C25TUV,00006052,16/06/2025,499074,39926,539000,Bang_ke_hoa_don_da_su_dung_T6.2025.xls,1855
G00341,1C25TUV,00006057,16/06/2025,499074,39926,539000,Bang_ke_hoa_don_da_su_dung_T6.2025.xls,1860
G00341,1C25TUV,00006061,16/06/2025,499074,39926,539000,Bang_ke_hoa_don_da_su_dung_T6.2025.xls,1864
G00341,1C25TUV,00006065,16/06/2025,499074,39926,539000,Bang_ke_hoa_don_da_su_dung_T6.2025.xls,1868
G00341,1C25TUV,00006066,16/06/2025,499074,39926,539000,Bang_ke_hoa_don_da_su_dung_T6.2025.xls,1869
G00341,1C25TUV,00006067,16/06/2025,499074,39926,539000,Bang_ke_hoa_don_da_su_dung_T6.2025.xls,1870
G00341,1C25TUV,00006068,16/06/2025,499074,39926,539000,Bang_ke_hoa_don_da_su_dung_T6.2025.xls,1871
G00341,1C25TUV,00006071,16/06/2025,499074,39926,539000,Bang_ke_hoa_don_da_su_dung_T6.2025.xls,1874
G00341,1C25TUV,00006076,16/06/2025,499074,39926,539000,Bang_ke_hoa_don_da_su_dung_T6.2025.xls,1879
G00341,1C25TUV,00006077,16/06/2025,499074,39926,539000,Bang_ke_hoa_don_da_su_dung_T6.2025.xls,1880
G00341,1C25TUV,00006083,16/06/2025,499074,39926,539000,Bang_ke_hoa_don_da_su_dung_T6.2025.xls,1886
G00341,1C25TUV,00006084,16/06/2025,499074,39926,539000,Bang_ke_hoa_don_da_su_dung_T6.2025.xls,1887
G00341,1C25TUV,00006149,17/06/2025,499074,39926,539000,Bang_ke_hoa_don_da_su_dung_T6.2025.xls,1952
G00341,1C25TUV,00006150,17/06/2025,499074,39926,539000,Bang_ke_hoa_don_da_su_dung_T6.2025.xls,1953
G00341,1C25TUV,00006157,17/06/2025,499074,39926,539000,Bang_ke_hoa_don_da_su_dung_T6.2025.xls,1960
G00341,1C25TUV,00006161,17/06/2025,499074,39926,539000,Bang_ke_hoa_don_da_su_dung_T6.2025.xls,1964
G00341,1C25TUV,00006162,17/06/2025,499074,39926,539000,Bang_ke_hoa_don_da_su_dung_T6.2025.xls,1965
G00341,1C25TUV,00006163,17/06/2025,499074,39926,539000,Bang_ke_hoa_don_da_su_dung_T6.2025.xls,1966
G00341,1C25TUV,00006166,17/06/2025,499074,39926,539000,Bang_ke_hoa_don_da_su_dung_T6.2025.xls,1969
G00341,1C25TUV,00006170,17/06/2025,499074,39926,539000,Bang_ke_hoa_don_da_su_dung_T6.2025.xls,1973
G00341,1C25TUV,00006173,17/06/2025,499074,39926,539000,Bang_ke_hoa_don_da_su_dung_T6.2025.xls,1976
G00341,1C25TUV,00006174,17/06/2025,499074,39926,539000,Bang_ke_hoa_don_da_su_dung_T6.2025.xls,1977
G00341,1C25TUV,00006175,17/06/2025,499074,39926,539000,Bang_ke_hoa_don_da_su_dung_T6.2025.xls,1978
G00341,1C25TUV,00006176,17/06/2025,499074,39926,539000,Bang_ke_hoa_don_da_su_dung_T6.2025.xls,1979
G00341,1C25TUV,00006180,17/06/2025,499074,39926,539000,Bang_ke_hoa_don_da_su_dung_T6.2025.xls,1983
G00341,1C25TUV,00006181,17/06/2025,499074,39926,539000,Bang_ke_hoa_don_da_su_dung_T6.2025.xls,1984
G00341,1C25TUV,00006182,17/06/2025,499074,39926,539000,Bang_ke_hoa_don_da_su_dung_T6.2025.xls,1985
G00341,1C25TUV,00006183,17/06/2025,499074,39926,539000,Bang_ke_hoa_don_da_su_dung_T6.2025.xls,1986
G00341,1C25TUV,00006184,17/06/2025,499074,39926,539000,Bang_ke_hoa_don_da_su_dung_T6.2025.xls,1987
G00341,1C25TUV,00006187,17/06/2025,499074,39926,539000,Bang_ke_hoa_don_da_su_dung_T6.2025.xls,1990
G00341,1C25TUV,00006188,17/06/2025,499074,39926,539000,Bang_ke_hoa_don_da_su_dung_T6.2025.xls,1991
G00341,1C25TUV,00006189,17/06/2025,499074,39926,539000,Bang_ke_hoa_don_da_su_dung_T6.2025.xls,1992
G00341,1C25TUV,00006190,17/06/2025,499074,39926,539000,Bang_ke_hoa_don_da_su_dung_T6.2025.xls,1993
G00341,1C25TUV,00006191,17/06/2025,499074,39926,539000,Bang_ke_hoa_don_da_su_dung_T6.2025.xls,1994
G00341,1C25TUV,00006192,17/06/2025,499074,39926,539000,Bang_ke_hoa_don_da_su_dung_T6.2025.xls,1995
G00341,1C25TUV,00006193,17/06/2025,499074,39926,539000,Bang_ke_hoa_don_da_su_dung_T6.2025.xls,1996
G00341,1C25TUV,00006198,17/06/2025,499074,39926,539000,Bang_ke_hoa_don_da_su_dung_T6.2025.xls,2001
G00341,1C25TUV,00006199,17/06/2025,499074,39926,539000,Bang_ke_hoa_don_da_su_dung_T6.2025.xls,2002
G00341,1C25TUV,00006200,17/06/2025,499074,39926,539000,Bang_ke_hoa_don_da_su_dung_T6.2025.xls,2003
G00341,1C25TUV,00006205,17/06/2025,499074,39926,539000,Bang_ke_hoa_don_da_su_dung_T6.2025.xls,2008
G00341,1C25TUV,00006208,17/06/2025,499074,39926,539000,Bang_ke_hoa_don_da_su_dung_T6.2025.xls,2011
G00341,1C25TUV,00006211,17/06/2025,499074,39926,539000,Bang_ke_hoa_don_da_su_dung_T6.2025.xls,2014
G00341,1C25TUV,00006212,17/06/2025,499074,39926,539000,Bang_ke_hoa_don_da_su_dung_T6.2025.xls,2015
G00341,1C25TUV,00006214,17/06/2025,499074,39926,539000,Bang_ke_hoa_don_da_su_dung_T6.2025.xls,2017
G00341,1C25TUV,00006218,17/06/2025,499074,39926,539000,Bang_ke_hoa_don_da_su_dung_T6.2025.xls,2021
G00341,1C25TUV,00006219,17/06/2025,499074,39926,539000,Bang_ke_hoa_don_da_su_dung_T6.2025.xls,2022
G00341,1C25TUV,00006226,17/06/2025,499074,39926,539000,Bang_ke_hoa_don_da_su_dung_T6.2025.xls,2029
G00341,1C25TUV,00006287,17/06/2025,499074,39926,539000,Bang_ke_hoa_don_da_su_dung_T6.2025.xls,2090
G00341,1C25TUV,00006388,18/06/2025,499074,39926,539000,Bang_ke_hoa_don_da_su_dung_T6.2025.xls,2191
G00341,1C25TUV,00006389,18/06/2025,499074,39926,539000,Bang_ke_hoa_don_da_su_dung_T6.2025.xls,2192
G00341,1C25TUV,00006402,18/06/2025,499074,39926,539000,Bang_ke_hoa_don_da_su_dung_T6.2025.xls,2205
G00341,1C25TUV,00006406,18/06/2025,499074,39926,539000,Bang_ke_hoa_don_da_su_dung_T6.2025.xls,2209
G00341,1C25TUV,00006414,18/06/2025,499074,39926,539000,Bang_ke_hoa_don_da_su_dung_T6.2025.xls,2217
G00341,1C25TUV,00006421,18/06/2025,499074,39926,539000,Bang_ke_hoa_don_da_su_dung_T6.2025.xls,2224
G00341,1C25TUV,00006422,18/06/2025,499074,39926,539000,Bang_ke_hoa_don_da_su_dung_T6.2025.xls,2225
G00341,1C25TUV,00006426,18/06/2025,499074,39926,539000,Bang_ke_hoa_don_da_su_dung_T6.2025.xls,2229
G00341,1C25TUV,00006427,18/06/2025,499074,39926,539000,Bang_ke_hoa_don_da_su_dung_T6.2025.xls,2230
G00341,1C25TUV,00006431,18/06/2025,499074,39926,539000,Bang_ke_hoa_don_da_su_dung_T6.2025.xls,2234
G00341,1C25TUV,00006433,18/06/2025,499074,39926,539000,Bang_ke_hoa_don_da_su_dung_T6.2025.xls,2236
G00341,1C25TUV,00006435,18/06/2025,499074,39926,539000,Bang_ke_hoa_don_da_su_dung_T6.2025.xls,2238
G00341,1C25TUV,00006446,18/06/2025,499074,39926,539000,Bang_ke_hoa_don_da_su_dung_T6.2025.xls,2249
G00341,1C25TUV,00006450,18/06/2025,499074,39926,539000,Bang_ke_hoa_don_da_su_dung_T6.2025.xls,2253
G00341,1C25TUV,00006452,18/06/2025,499074,39926,539000,Bang_ke_hoa_don_da_su_dung_T6.2025.xls,2255
G00341,1C25TUV,00006453,18/06/2025,499074,39926,539000,Bang_ke_hoa_don_da_su_dung_T6.2025.xls,2256
G00341,1C25TUV,00006458,18/06/2025,499074,39926,539000,Bang_ke_hoa_don_da_su_dung_T6.2025.xls,2261
G00341,1C25TUV,00006461,18/06/2025,499074,39926,539000,Bang_ke_hoa_don_da_su_dung_T6.2025.xls,2264
G00341,1C25TUV,00006467,18/06/2025,499074,39926,539000,Bang_ke_hoa_don_da_su_dung_T6.2025.xls,2270
G00341,1C25TUV,00006468,18/06/2025,499074,39926,539000,Bang_ke_hoa_don_da_su_dung_T6.2025.xls,2271
G00341,1C25TUV,00006475,18/06/2025,499074,39926,539000,Bang_ke_hoa_don_da_su_dung_T6.2025.xls,2278
G00341,1C25TUV,00006484,18/06/2025,499074,39926,539000,Bang_ke_hoa_don_da_su_dung_T6.2025.xls,2287
G00341,1C25TUV,00006488,18/06/2025,499074,39926,539000,Bang_ke_hoa_don_da_su_dung_T6.2025.xls,2291
G00341,1C25TUV,00006492,18/06/2025,499074,39926,539000,Bang_ke_hoa_don_da_su_dung_T6.2025.xls,2295
G00341,1C25TUV,00006615,18/06/2025,499074,39926,539000,Bang_ke_hoa_don_da_su_dung_T6.2025.xls,2418
G00341,1C25TUV,00006744,19/06/2025,499074,39926,539000,Bang_ke_hoa_don_da_su_dung_T6.2025.xls,2547
G00341,1C25TUV,00006752,19/06/2025,499074,39926,539000,Bang_ke_hoa_don_da_su_dung_T6.2025.xls,2555
G00341,1C25TUV,00006755,19/06/2025,499074,39926,539000,Bang_ke_hoa_don_da_su_dung_T6.2025.xls,2558
G00341,1C25TUV,00006758,19/06/2025,499074,39926,539000,Bang_ke_hoa_don_da_su_dung_T6.2025.xls,2561
G00341,1C25TUV,00006765,19/06/2025,499074,39926,539000,Bang_ke_hoa_don_da_su_dung_T6.2025.xls,2568
G00341,1C25TUV,00006767,19/06/2025,499074,39926,539000,Bang_ke_hoa_don_da_su_dung_T6.2025.xls,2570
G00341,1C25TUV,00006770,19/06/2025,499074,39926,539000,Bang_ke_hoa_don_da_su_dung_T6.2025.xls,2573
G00341,1C25TUV,00006771,19/06/2025,499074,39926,539000,Bang_ke_hoa_don_da_su_dung_T6.2025.xls,2574
G00341,1C25TUV,00006773,19/06/2025,499074,39926,539000,Bang_ke_hoa_don_da_su_dung_T6.2025.xls,2576
G00341,1C25TUV,00006777,19/06/2025,499074,39926,539000,Bang_ke_hoa_don_da_su_dung_T6.2025.xls,2580
G00341,1C25TUV,00006778,19/06/2025,499074,39926,539000,Bang_ke_hoa_don_da_su_dung_T6.2025.xls,2581
G00341,1C25TUV,00006780,19/06/2025,499074,39926,539000,Bang_ke_hoa_don_da_su_dung_T6.2025.xls,2583
G00341,1C25TUV,00006784,19/06/2025,499074,39926,539000,Bang_ke_hoa_don_da_su_dung_T6.2025.xls,2587
G00341,1C25TUV,00006785,19/06/2025,499074,39926,539000,Bang_ke_hoa_don_da_su_dung_T6.2025.xls,2588
G00341,1C25TUV,00006786,19/06/2025,499074,39926,539000,Bang_ke_hoa_don_da_su_dung_T6.2025.xls,2589
G00341,1C25TUV,00006788,19/06/2025,499074,39926,539000,Bang_ke_hoa_don_da_su_dung_T6.2025.xls,2591
G00341,1C25TUV,00006796,19/06/2025,499074,39926,539000,Bang_ke_hoa_don_da_su_dung_T6.2025.xls,2599
G00341,1C25TUV,00006800,19/06/2025,499074,39926,539000,Bang_ke_hoa_don_da_su_dung_T6.2025.xls,2603
G00341,1C25TUV,00006803,19/06/2025,499074,39926,539000,Bang_ke_hoa_don_da_su_dung_T6.2025.xls,2606
G00341,1C25TUV,00006806,19/06/2025,499074,39926,539000,Bang_ke_hoa_don_da_su_dung_T6.2025.xls,2609
G00341,1C25TUV,00006812,19/06/2025,499074,39926,539000,Bang_ke_hoa_don_da_su_dung_T6.2025.xls,2615
G00341,1C25TUV,00006813,19/06/2025,499074,39926,539000,Bang_ke_hoa_don_da_su_dung_T6.2025.xls,2616
G00341,1C25TUV,00006820,19/06/2025,499074,39926,539000,Bang_ke_hoa_don_da_su_dung_T6.2025.xls,2623
G00341,1C25TUV,00006823,19/06/2025,499074,39926,539000,Bang_ke_hoa_don_da_su_dung_T6.2025.xls,2626
G00341,1C25TUV,00006825,19/06/2025,499074,39926,539000,Bang_ke_hoa_don_da_su_dung_T6.2025.xls,2628
G00341,1C25TUV,00006826,19/06/2025,499074,39926,539000,Bang_ke_hoa_don_da_su_dung_T6.2025.xls,2629
G00341,1C25TUV,00006828,19/06/2025,499074,39926,539000,Bang_ke_hoa_don_da_su_dung_T6.2025.xls,2631
G00341,1C25TUV,00006830,19/06/2025,499074,39926,539000,Bang_ke_hoa_don_da_su_dung_T6.2025.xls,2633
G00341,1C25TUV,00006831,19/06/2025,499074,39926,539000,Bang_ke_hoa_don_da_su_dung_T6.2025.xls,2634
G00341,1C25TUV,00006835,19/06/2025,499074,39926,539000,Bang_ke_hoa_don_da_su_dung_T6.2025.xls,2638
G00341,1C25TUV,00006841,19/06/2025,499074,39926,539000,Bang_ke_hoa_don_da_su_dung_T6.2025.xls,2644
G00341,1C25TUV,00006852,19/06/2025,499074,39926,539000,Bang_ke_hoa_don_da_su_dung_T6.2025.xls,2655
G00341,1C25TUV,00007050,20/06/2025,499074,39926,539000,Bang_ke_hoa_don_da_su_dung_T6.2025.xls,2853
G00341,1C25TUV,00007058,20/06/2025,499074,39926,539000,Bang_ke_hoa_don_da_su_dung_T6.2025.xls,2861
G00341,1C25TUV,00007064,20/06/2025,499074,39926,539000,Bang_ke_hoa_don_da_su_dung_T6.2025.xls,2867
G00341,1C25TUV,00007068,20/06/2025,499074,39926,539000,Bang_ke_hoa_don_da_su_dung_T6.2025.xls,2871
G00341,1C25TUV,00007069,20/06/2025,499074,39926,539000,Bang_ke_hoa_don_da_su_dung_T6.2025.xls,2872
G00341,1C25TUV,00007071,20/06/2025,499074,39926,539000,Bang_ke_hoa_don_da_su_dung_T6.2025.xls,2874
G00341,1C25TUV,00007072,20/06/2025,499074,39926,539000,Bang_ke_hoa_don_da_su_dung_T6.2025.xls,2875
G00341,1C25TUV,00007074,20/06/2025,499074,39926,539000,Bang_ke_hoa_don_da_su_dung_T6.2025.xls,2877
G00341,1C25TUV,00007075,20/06/2025,499074,39926,539000,Bang_ke_hoa_don_da_su_dung_T6.2025.xls,2878
G00341,1C25TUV,00007077,20/06/2025,499074,39926,539000,Bang_ke_hoa_don_da_su_dung_T6.2025.xls,2880
G00341,1C25TUV,00007090,20/06/2025,499074,39926,539000,Bang_ke_hoa_don_da_su_dung_T6.2025.xls,2893
G00341,1C25TUV,00007113,20/06/2025,499074,39926,539000,Bang_ke_hoa_don_da_su_dung_T6.2025.xls,2916
G00341,1C25TUV,00007117,20/06/2025,499074,39926,539000,Bang_ke_hoa_don_da_su_dung_T6.2025.xls,2920
G00341,1C25TUV,00007143,20/06/2025,499074,39926,539000,Bang_ke_hoa_don_da_su_dung_T6.2025.xls,2946
G00341,1C25TUV,00007346,21/06/2025,499074,39926,539000,Bang_ke_hoa_don_da_su_dung_T6.2025.xls,3149
G00341,1C25TUV,00007359,21/06/2025,499074,39926,539000,Bang_ke_hoa_don_da_su_dung_T6.2025.xls,3162
G00341,1C25TUV,00007371,21/06/2025,499074,39926,539000,Bang_ke_hoa_don_da_su_dung_T6.2025.xls,3174
G00341,1C25TUV,00007376,21/06/2025,499074,39926,539000,Bang_ke_hoa_don_da_su_dung_T6.2025.xls,3179
G00341,1C25TUV,00007380,21/06/2025,499074,39926,539000,Bang_ke_hoa_don_da_su_dung_T6.2025.xls,3183
G00341,1C25TUV,00007381,21/06/2025,499074,39926,539000,Bang_ke_hoa_don_da_su_dung_T6.2025.xls,3184
G00341,1C25TUV,00007389,21/06/2025,499074,39926,539000,Bang_ke_hoa_don_da_su_dung_T6.2025.xls,3192
G00341,1C25TUV,00007394,21/06/2025,499074,39926,539000,Bang_ke_hoa_don_da_su_dung_T6.2025.xls,3197
G00341,1C25TUV,00007589,21/06/2025,499074,39926,539000,Bang_ke_hoa_don_da_su_dung_T6.2025.xls,3392
G00341,1C25TUV,00007606,22/06/2025,499074,39926,539000,Bang_ke_hoa_don_da_su_dung_T6.2025.xls,3409
G00341,1C25TUV,00007610,22/06/2025,499074,39926,539000,Bang_ke_hoa_don_da_su_dung_T6.2025.xls,3413
G00341,1C25TUV,00007628,22/06/2025,499074,39926,539000,Bang_ke_hoa_don_da_su_dung_T6.2025.xls,3431
G00341,1C25TUV,00007635,22/06/2025,499074,39926,539000,Bang_ke_hoa_don_da_su_dung_T6.2025.xls,3438
G00341,1C25TUV,00007971,23/06/2025,499074,39926,539000,Bang_ke_hoa_don_da_su_dung_T6.2025.xls,3774
G00341,1C25TUV,00008054,23/06/2025,499074,39926,539000,Bang_ke_hoa_don_da_su_dung_T6.2025.xls,3857
G00341,1C25TUV,00008056,23/06/2025,499074,39926,539000,Bang_ke_hoa_don_da_su_dung_T6.2025.xls,3859
G00341,1C25TUV,00008326,24/06/2025,499074,39926,539000,Bang_ke_hoa_don_da_su_dung_T6.2025.xls,4129
G00341,1C25TUV,00008355,24/06/2025,499074,39926,539000,Bang_ke_hoa_don_da_su_dung_T6.2025.xls,4158
G00341,1C25TUV,00008441,25/06/2025,499074,39926,539000,Bang_ke_hoa_don_da_su_dung_T6.2025.xls,4244
G00341,1C25TUV,00008484,25/06/2025,499074,39926,539000,Bang_ke_hoa_don_da_su_dung_T6.2025.xls,4287
G00341,1C25TUV,00008881,27/06/2025,499074,39926,539000,Bang_ke_hoa_don_da_su_dung_T6.2025.xls,4684
G00341,1C25TUV,00008991,28/06/2025,499074,39926,539000,Bang_ke_hoa_don_da_su_dung_T6.2025.xls,4794
G00341,1C25TUV,00009182,28/06/2025,499074,39926,539000,Bang_ke_hoa_don_da_su_dung_T6.2025.xls,4985
G00342,1C25TUV,00000705,06/05/2025,4435333,354827,4790160,Bang_ke_hoa_don_da_su_dung_2024-T6.2025.xls,1496
G00343,1C25TUV,00000708,06/05/2025,2994676,239574,3234250,Bang_ke_hoa_don_da_su_dung_2024-T6.2025.xls,1499
G00344,1C25TUV,00000711,07/05/2025,9981481,798518,10779999,Bang_ke_hoa_don_da_su_dung_2024-T6.2025.xls,1502
G00345,1C25TUV,00000712,07/05/2025,686111,54889,741000,Bang_ke_hoa_don_da_su_dung_2024-T6.2025.xls,1503
G00346,1C25TUV,00000713,07/05/2025,129630,10370,140000,Bang_ke_hoa_don_da_su_dung_2024-T6.2025.xls,1504
G00346,1C25TUV,00002028,29/05/2025,129630,10370,140000,Bang_ke_hoa_don_da_su_dung_2024-T6.2025.xls,2818
G00346,1C25TUV,00004411,09/06/2025,129630,10370,140000,Bang_ke_hoa_don_da_su_dung_T6.2025.xls,214
G00346,1C25TUV,00005149,12/06/2025,129630,10370,140000,Bang_ke_hoa_don_da_su_dung_T6.2025.xls,952
G00346,1C25TUV,00005150,12/06/2025,129630,10370,140000,Bang_ke_hoa_don_da_su_dung_T6.2025.xls,953
G00346,1C25TUV,00005151,12/06/2025,129630,10370,140000,Bang_ke_hoa_don_da_su_dung_T6.2025.xls,954
G00346,1C25TUV,00005360,13/06/2025,129630,10370,140000,Bang_ke_hoa_don_da_su_dung_T6.2025.xls,1163
G00346,1C25TUV,00005361,13/06/2025,129630,10370,140000,Bang_ke_hoa_don_da_su_dung_T6.2025.xls,1164
G00346,1C25TUV,00007023,19/06/2025,129630,10370,140000,Bang_ke_hoa_don_da_su_dung_T6.2025.xls,2826
G00346,1C25TUV,00008183,24/06/2025,129630,10370,140000,Bang_ke_hoa_don_da_su_dung_T6.2025.xls,3986
G00347,1C25TUV,00000714,07/05/2025,92593,7407,100000,Bang_ke_hoa_don_da_su_dung_2024-T6.2025.xls,1505
G00348,1C25TUV,00000715,08/05/2025,2758332,220667,2978999,Bang_ke_hoa_don_da_su_dung_2024-T6.2025.xls,1506
G00348,1C25TUV,00002937,03/06/2025,2758332,220667,2978999,Bang_ke_hoa_don_da_su_dung_2024-T6.2025.xls,3726
G00349,1C25TUV,00000717,08/05/2025,191984061,15358725,207342786,Bang_ke_hoa_don_da_su_dung_2024-T6.2025.xls,1508
G00350,1C25TUV,00000718,08/05/2025,561204,44896,606100,Bang_ke_hoa_don_da_su_dung_2024-T6.2025.xls,1509
G00350,1C25TUV,00000726,10/05/2025,561204,44896,606100,Bang_ke_hoa_don_da_su_dung_2024-T6.2025.xls,1517
G00350,1C25TUV,00000757,18/05/2025,561204,44896,606100,Bang_ke_hoa_don_da_su_dung_2024-T6.2025.xls,1548
G00350,1C25TUV,00001532,27/05/2025,561204,44896,606100,Bang_ke_hoa_don_da_su_dung_2024-T6.2025.xls,2323
G00350,1C25TUV,00003917,07/06/2025,561204,44896,606100,Bang_ke_hoa_don_da_su_dung_2024-T6.2025.xls,4706
G00350,1C25TUV,00004407,09/06/2025,561204,44896,606100,Bang_ke_hoa_don_da_su_dung_T6.2025.xls,210
G00350,1C25TUV,00004408,09/06/2025,561204,44896,606100,Bang_ke_hoa_don_da_su_dung_T6.2025.xls,211
G00350,1C25TUV,00004830,11/06/2025,561204,44896,606100,Bang_ke_hoa_don_da_su_dung_T6.2025.xls,633
G00350,1C25TUV,00005039,12/06/2025,561204,44896,606100,Bang_ke_hoa_don_da_su_dung_T6.2025.xls,842
G00351,1C25TUV,00000719,09/05/2025,106481,8518,114999,Bang_ke_hoa_don_da_su_dung_2024-T6.2025.xls,1510
G00352,1C25TUV,00000722,10/05/2025,5808667,464693,6273360,Bang_ke_hoa_don_da_su_dung_2024-T6.2025.xls,1513
G00353,1C25TUV,00000723,10/05/2025,1527778,122222,1650000,Bang_ke_hoa_don_da_su_dung_2024-T6.2025.xls,1514
G00354,1C25TUV,00000725,10/05/2025,138276969,11062158,149339127,Bang_ke_hoa_don_da_su_dung_2024-T6.2025.xls,1516
G00355,1C25TUV,00000730,11/05/2025,470744,37660,508404,Bang_ke_hoa_don_da_su_dung_2024-T6.2025.xls,1521
G00356,1C25TUV,00000733,13/05/2025,375000,30000,405000,Bang_ke_hoa_don_da_su_dung_2024-T6.2025.xls,1524
G00357,1C25TUV,00000734,13/05/2025,4690000,375200,5065200,Bang_ke_hoa_don_da_su_dung_2024-T6.2025.xls,1525
G00358,1C25TUV,00000739,14/05/2025,453704,36296,490000,Bang_ke_hoa_don_da_su_dung_2024-T6.2025.xls,1530
G00359,1C25TUV,00000740,15/05/2025,9432667,754613,10187280,Bang_ke_hoa_don_da_su_dung_2024-T6.2025.xls,1531
G00360,1C25TUV,00000743,15/05/2025,1696033,135683,1831716,Bang_ke_hoa_don_da_su_dung_2024-T6.2025.xls,1534
G00361,1C25TUV,00000747,15/05/2025,462963,37037,500000,Bang_ke_hoa_don_da_su_dung_2024-T6.2025.xls,1538
G00361,1C25TUV,00000977,25/05/2025,462963,37037,500000,Bang_ke_hoa_don_da_su_dung_2024-T6.2025.xls,1768
G00361,1C25TUV,00001189,26/05/2025,462963,37037,500000,Bang_ke_hoa_don_da_su_dung_2024-T6.2025.xls,1980
G00361,1C25TUV,00001573,28/05/2025,462963,37037,500000,Bang_ke_hoa_don_da_su_dung_2024-T6.2025.xls,2364
G00361,1C25TUV,00002902,02/06/2025,462963,37037,500000,Bang_ke_hoa_don_da_su_dung_2024-T6.2025.xls,3691
G00361,1C25TUV,00002954,03/06/2025,462963,37037,500000,Bang_ke_hoa_don_da_su_dung_2024-T6.2025.xls,3743
G00361,1C25TUV,00003623,06/06/2025,462963,37037,500000,Bang_ke_hoa_don_da_su_dung_2024-T6.2025.xls,4412
G00361,1C25TUV,00003855,07/06/2025,462963,37037,500000,Bang_ke_hoa_don_da_su_dung_2024-T6.2025.xls,4644
G00361,1C25TUV,00004133,08/06/2025,462963,37037,500000,Bang_ke_hoa_don_da_su_dung_2024-T6.2025.xls,4922
G00361,1C25TUV,00005107,12/06/2025,462963,37037,500000,Bang_ke_hoa_don_da_su_dung_T6.2025.xls,910
G00361,1C25TUV,00005185,13/06/2025,462963,37037,500000,Bang_ke_hoa_don_da_su_dung_T6.2025.xls,988
G00361,1C25TUV,00006227,17/06/2025,462963,37037,500000,Bang_ke_hoa_don_da_su_dung_T6.2025.xls,2030
G00361,1C25TUV,00006587,18/06/2025,462963,37037,500000,Bang_ke_hoa_don_da_su_dung_T6.2025.xls,2390
G00361,1C25TUV,00006675,18/06/2025,462963,37037,500000,Bang_ke_hoa_don_da_su_dung_T6.2025.xls,2478
G00361,1C25TUV,00006851,19/06/2025,462963,37037,500000,Bang_ke_hoa_don_da_su_dung_T6.2025.xls,2654
G00362,1C25TUV,00000750,16/05/2025,1682688,134615,1817303,Bang_ke_hoa_don_da_su_dung_2024-T6.2025.xls,1541
G00363,1C25TUV,00000759,19/05/2025,94766836,7581347,102348183,Bang_ke_hoa_don_da_su_dung_2024-T6.2025.xls,1550
G00364,1C25TUV,00000762,19/05/2025,2573148,205852,2779000,Bang_ke_hoa_don_da_su_dung_2024-T6.2025.xls,1553
G00365,1C25TUV,00000763,19/05/2025,222222,17778,240000,Bang_ke_hoa_don_da_su_dung_2024-T6.2025.xls,1554
G00366,1C25TUV,00000764,20/05/2025,2295370,183630,2479000,Bang_ke_hoa_don_da_su_dung_2024-T6.2025.xls,1555
G00366,1C25TUV,00000832,25/05/2025,2295370,183630,2479000,Bang_ke_hoa_don_da_su_dung_2024-T6.2025.xls,1623
G00366,1C25TUV,00000864,25/05/2025,2295370,183630,2479000,Bang_ke_hoa_don_da_su_dung_2024-T6.2025.xls,1655
G00366,1C25TUV,00000872,25/05/2025,2295370,183630,2479000,Bang_ke_hoa_don_da_su_dung_2024-T6.2025.xls,1663
G00366,1C25TUV,00000889,25/05/2025,2295370,183630,2479000,Bang_ke_hoa_don_da_su_dung_2024-T6.2025.xls,1680
G00366,1C25TUV,00000892,25/05/2025,2295370,183630,2479000,Bang_ke_hoa_don_da_su_dung_2024-T6.2025.xls,1683
G00366,1C25TUV,00000894,25/05/2025,2295370,183630,2479000,Bang_ke_hoa_don_da_su_dung_2024-T6.2025.xls,1685
G00366,1C25TUV,00001276,27/05/2025,2295370,183630,2479000,Bang_ke_hoa_don_da_su_dung_2024-T6.2025.xls,2067
G00366,1C25TUV,00001300,27/05/2025,2295370,183630,2479000,Bang_ke_hoa_don_da_su_dung_2024-T6.2025.xls,2091
G00366,1C25TUV,00001371,27/05/2025,2295370,183630,2479000,Bang_ke_hoa_don_da_su_dung_2024-T6.2025.xls,2162
G00366,1C25TUV,00001379,27/05/2025,2295370,183630,2479000,Bang_ke_hoa_don_da_su_dung_2024-T6.2025.xls,2170
G00366,1C25TUV,00001605,28/05/2025,2295370,183630,2479000,Bang_ke_hoa_don_da_su_dung_2024-T6.2025.xls,2396
G00366,1C25TUV,00001645,28/05/2025,2295370,183630,2479000,Bang_ke_hoa_don_da_su_dung_2024-T6.2025.xls,2436
G00366,1C25TUV,00001697,28/05/2025,2295370,183630,2479000,Bang_ke_hoa_don_da_su_dung_2024-T6.2025.xls,2488
G00366,1C25TUV,00001699,28/05/2025,2295370,183630,2479000,Bang_ke_hoa_don_da_su_dung_2024-T6.2025.xls,2490
G00366,1C25TUV,00001707,28/05/2025,2295370,183630,2479000,Bang_ke_hoa_don_da_su_dung_2024-T6.2025.xls,2498
G00366,1C25TUV,00001726,28/05/2025,2295370,183630,2479000,Bang_ke_hoa_don_da_su_dung_2024-T6.2025.xls,2517
G00366,1C25TUV,00002393,30/05/2025,2295370,183630,2479000,Bang_ke_hoa_don_da_su_dung_2024-T6.2025.xls,3182
G00366,1C25TUV,00002394,30/05/2025,2295370,183630,2479000,Bang_ke_hoa_don_da_su_dung_2024-T6.2025.xls,3183
G00366,1C25TUV,00002395,30/05/2025,2295370,183630,2479000,Bang_ke_hoa_don_da_su_dung_2024-T6.2025.xls,3184
G00366,1C25TUV,00002549,30/05/2025,2295370,183630,2479000,Bang_ke_hoa_don_da_su_dung_2024-T6.2025.xls,3338
G00366,1C25TUV,00002550,30/05/2025,2295370,183630,2479000,Bang_ke_hoa_don_da_su_dung_2024-T6.2025.xls,3339
G00366,1C25TUV,00002655,31/05/2025,2295370,183630,2479000,Bang_ke_hoa_don_da_su_dung_2024-T6.2025.xls,3444
G00366,1C25TUV,00002672,31/05/2025,2295370,183630,2479000,Bang_ke_hoa_don_da_su_dung_2024-T6.2025.xls,3461
G00366,1C25TUV,00002731,31/05/2025,2295370,183630,2479000,Bang_ke_hoa_don_da_su_dung_2024-T6.2025.xls,3520
G00366,1C25TUV,00002753,01/06/2025,2295370,183630,2479000,Bang_ke_hoa_don_da_su_dung_2024-T6.2025.xls,3542
G00366,1C25TUV,00002781,01/06/2025,2295370,183630,2479000,Bang_ke_hoa_don_da_su_dung_2024-T6.2025.xls,3570
G00366,1C25TUV,00002829,01/06/2025,2295370,183630,2479000,Bang_ke_hoa_don_da_su_dung_2024-T6.2025.xls,3618
G00366,1C25TUV,00002836,02/06/2025,2295370,183630,2479000,Bang_ke_hoa_don_da_su_dung_2024-T6.2025.xls,3625
G00366,1C25TUV,00002838,02/06/2025,2295370,183630,2479000,Bang_ke_hoa_don_da_su_dung_2024-T6.2025.xls,3627
G00366,1C25TUV,00002880,02/06/2025,2295370,183630,2479000,Bang_ke_hoa_don_da_su_dung_2024-T6.2025.xls,3669
G00366,1C25TUV,00002907,02/06/2025,2295370,183630,2479000,Bang_ke_hoa_don_da_su_dung_2024-T6.2025.xls,3696
G00366,1C25TUV,00002917,02/06/2025,2295370,183630,2479000,Bang_ke_hoa_don_da_su_dung_2024-T6.2025.xls,3706
G00366,1C25TUV,00002983,03/06/2025,2295370,183630,2479000,Bang_ke_hoa_don_da_su_dung_2024-T6.2025.xls,3772
G00366,1C25TUV,00003020,03/06/2025,2295370,183630,2479000,Bang_ke_hoa_don_da_su_dung_2024-T6.2025.xls,3809
G00366,1C25TUV,00003160,04/06/2025,2295370,183630,2479000,Bang_ke_hoa_don_da_su_dung_2024-T6.2025.xls,3949
G00366,1C25TUV,00003211,04/06/2025,2295370,183630,2479000,Bang_ke_hoa_don_da_su_dung_2024-T6.2025.xls,4000
G00366,1C25TUV,00003355,05/06/2025,2295370,183630,2479000,Bang_ke_hoa_don_da_su_dung_2024-T6.2025.xls,4144
G00366,1C25TUV,00003385,05/06/2025,2295370,183630,2479000,Bang_ke_hoa_don_da_su_dung_2024-T6.2025.xls,4174
G00366,1C25TUV,00003404,05/06/2025,2295370,183630,2479000,Bang_ke_hoa_don_da_su_dung_2024-T6.2025.xls,4193
G00366,1C25TUV,00003447,06/06/2025,2295370,183630,2479000,Bang_ke_hoa_don_da_su_dung_2024-T6.2025.xls,4236
G00366,1C25TUV,00003545,06/06/2025,2295370,183630,2479000,Bang_ke_hoa_don_da_su_dung_2024-T6.2025.xls,4334
G00366,1C25TUV,00003567,06/06/2025,2295370,183630,2479000,Bang_ke_hoa_don_da_su_dung_2024-T6.2025.xls,4356
G00366,1C25TUV,00003590,06/06/2025,2295370,183630,2479000,Bang_ke_hoa_don_da_su_dung_2024-T6.2025.xls,4379
G00366,1C25TUV,00003595,06/06/2025,2295370,183630,2479000,Bang_ke_hoa_don_da_su_dung_2024-T6.2025.xls,4384
G00366,1C25TUV,00003599,06/06/2025,2295370,183630,2479000,Bang_ke_hoa_don_da_su_dung_2024-T6.2025.xls,4388
G00366,1C25TUV,00003614,06/06/2025,2295370,183630,2479000,Bang_ke_hoa_don_da_su_dung_2024-T6.2025.xls,4403
G00366,1C25TUV,00003852,07/06/2025,2295370,183630,2479000,Bang_ke_hoa_don_da_su_dung_2024-T6.2025.xls,4641
G00366,1C25TUV,00003881,07/06/2025,2295370,183630,2479000,Bang_ke_hoa_don_da_su_dung_2024-T6.2025.xls,4670
G00366,1C25TUV,00003884,07/06/2025,2295370,183630,2479000,Bang_ke_hoa_don_da_su_dung_2024-T6.2025.xls,4673
G00366,1C25TUV,00004084,08/06/2025,2295370,183630,2479000,Bang_ke_hoa_don_da_su_dung_2024-T6.2025.xls,4873
G00366,1C25TUV,00004124,08/06/2025,2295370,183630,2479000,Bang_ke_hoa_don_da_su_dung_2024-T6.2025.xls,4913
G00366,1C25TUV,00004150,08/06/2025,2295370,183630,2479000,Bang_ke_hoa_don_da_su_dung_2024-T6.2025.xls,4939
G00366,1C25TUV,00004153,08/06/2025,2295370,183630,2479000,Bang_ke_hoa_don_da_su_dung_2024-T6.2025.xls,4942
G00366,1C25TUV,00004181,08/06/2025,2295370,183630,2479000,Bang_ke_hoa_don_da_su_dung_2024-T6.2025.xls,4970
G00366,1C25TUV,00009273,29/06/2025,2295370,183630,2479000,Bang_ke_hoa_don_da_su_dung_T6.2025 L2.xls,93
G00366,1C25TUV,00009329,29/06/2025,2295370,183630,2479000,Bang_ke_hoa_don_da_su_dung_T6.2025 L2.xls,149
G00366,1C25TUV,00009526,30/06/2025,2295370,183630,2479000,Bang_ke_hoa_don_da_su_dung_T6.2025 L2.xls,346
G00366,1C25TUV,00009616,30/06/2025,2295370,183630,2479000,Bang_ke_hoa_don_da_su_dung_T6.2025 L2.xls,436
G00366,1C25TUV,00004299,09/06/2025,2295370,183630,2479000,Bang_ke_hoa_don_da_su_dung_T6.2025.xls,102
G00366,1C25TUV,00004313,09/06/2025,2295370,183630,2479000,Bang_ke_hoa_don_da_su_dung_T6.2025.xls,116
G00366,1C25TUV,00004329,09/06/2025,2295370,183630,2479000,Bang_ke_hoa_don_da_su_dung_T6.2025.xls,132
G00366,1C25TUV,00004330,09/06/2025,2295370,183630,2479000,Bang_ke_hoa_don_da_su_dung_T6.2025.xls,133
G00366,1C25TUV,00004356,09/06/2025,2295370,183630,2479000,Bang_ke_hoa_don_da_su_dung_T6.2025.xls,159
G00366,1C25TUV,00004360,09/06/2025,2295370,183630,2479000,Bang_ke_hoa_don_da_su_dung_T6.2025.xls,163
G00366,1C25TUV,00004369,09/06/2025,2295370,183630,2479000,Bang_ke_hoa_don_da_su_dung_T6.2025.xls,172
G00366,1C25TUV,00004574,10/06/2025,2295370,183630,2479000,Bang_ke_hoa_don_da_su_dung_T6.2025.xls,377
G00366,1C25TUV,00004607,10/06/2025,2295370,183630,2479000,Bang_ke_hoa_don_da_su_dung_T6.2025.xls,410
G00366,1C25TUV,00004617,10/06/2025,2295370,183630,2479000,Bang_ke_hoa_don_da_su_dung_T6.2025.xls,420
G00366,1C25TUV,00004627,10/06/2025,2295370,183630,2479000,Bang_ke_hoa_don_da_su_dung_T6.2025.xls,430
G00366,1C25TUV,00004631,10/06/2025,2295370,183630,2479000,Bang_ke_hoa_don_da_su_dung_T6.2025.xls,434
G00366,1C25TUV,00004648,10/06/2025,2295370,183630,2479000,Bang_ke_hoa_don_da_su_dung_T6.2025.xls,451
G00366,1C25TUV,00004650,10/06/2025,2295370,183630,2479000,Bang_ke_hoa_don_da_su_dung_T6.2025.xls,453
G00366,1C25TUV,00004651,10/06/2025,2295370,183630,2479000,Bang_ke_hoa_don_da_su_dung_T6.2025.xls,454
G00366,1C25TUV,00004846,11/06/2025,2295370,183630,2479000,Bang_ke_hoa_don_da_su_dung_T6.2025.xls,649
G00366,1C25TUV,00004866,11/06/2025,2295370,183630,2479000,Bang_ke_hoa_don_da_su_dung_T6.2025.xls,669
G00366,1C25TUV,00004875,11/06/2025,2295370,183630,2479000,Bang_ke_hoa_don_da_su_dung_T6.2025.xls,678
G00366,1C25TUV,00004890,11/06/2025,2295370,183630,2479000,Bang_ke_hoa_don_da_su_dung_T6.2025.xls,693
G00366,1C25TUV,00004891,11/06/2025,2295370,183630,2479000,Bang_ke_hoa_don_da_su_dung_T6.2025.xls,694
G00366,1C25TUV,00005062,12/06/2025,2295370,183630,2479000,Bang_ke_hoa_don_da_su_dung_T6.2025.xls,865
G00366,1C25TUV,00005102,12/06/2025,2295370,183630,2479000,Bang_ke_hoa_don_da_su_dung_T6.2025.xls,905
G00366,1C25TUV,00005116,12/06/2025,2295370,183630,2479000,Bang_ke_hoa_don_da_su_dung_T6.2025.xls,919
G00366,1C25TUV,00005491,14/06/2025,2295370,183630,2479000,Bang_ke_hoa_don_da_su_dung_T6.2025.xls,1294
G00366,1C25TUV,00005526,14/06/2025,2295370,183630,2479000,Bang_ke_hoa_don_da_su_dung_T6.2025.xls,1329
G00366,1C25TUV,00005723,15/06/2025,2295370,183630,2479000,Bang_ke_hoa_don_da_su_dung_T6.2025.xls,1526
G00366,1C25TUV,00005730,15/06/2025,2295370,183630,2479000,Bang_ke_hoa_don_da_su_dung_T6.2025.xls,1533
G00366,1C25TUV,00005742,15/06/2025,2295370,183630,2479000,Bang_ke_hoa_don_da_su_dung_T6.2025.xls,1545
G00366,1C25TUV,00005888,16/06/2025,2295370,183630,2479000,Bang_ke_hoa_don_da_su_dung_T6.2025.xls,1691
G00366,1C25TUV,00006131,17/06/2025,2295370,183630,2479000,Bang_ke_hoa_don_da_su_dung_T6.2025.xls,1934
G00366,1C25TUV,00006207,17/06/2025,2295370,183630,2479000,Bang_ke_hoa_don_da_su_dung_T6.2025.xls,2010
G00366,1C25TUV,00006370,17/06/2025,2295370,183630,2479000,Bang_ke_hoa_don_da_su_dung_T6.2025.xls,2173
G00366,1C25TUV,00006377,17/06/2025,2295370,183630,2479000,Bang_ke_hoa_don_da_su_dung_T6.2025.xls,2180
G00366,1C25TUV,00006385,18/06/2025,2295370,183630,2479000,Bang_ke_hoa_don_da_su_dung_T6.2025.xls,2188
G00366,1C25TUV,00006405,18/06/2025,2295370,183630,2479000,Bang_ke_hoa_don_da_su_dung_T6.2025.xls,2208
G00366,1C25TUV,00006473,18/06/2025,2295370,183630,2479000,Bang_ke_hoa_don_da_su_dung_T6.2025.xls,2276
G00366,1C25TUV,00006474,18/06/2025,2295370,183630,2479000,Bang_ke_hoa_don_da_su_dung_T6.2025.xls,2277
G00366,1C25TUV,00006479,18/06/2025,2295370,183630,2479000,Bang_ke_hoa_don_da_su_dung_T6.2025.xls,2282
G00366,1C25TUV,00006494,18/06/2025,2295370,183630,2479000,Bang_ke_hoa_don_da_su_dung_T6.2025.xls,2297
G00366,1C25TUV,00006499,18/06/2025,2295370,183630,2479000,Bang_ke_hoa_don_da_su_dung_T6.2025.xls,2302
G00366,1C25TUV,00006676,18/06/2025,2295370,183630,2479000,Bang_ke_hoa_don_da_su_dung_T6.2025.xls,2479
G00366,1C25TUV,00006677,18/06/2025,2295370,183630,2479000,Bang_ke_hoa_don_da_su_dung_T6.2025.xls,2480
G00366,1C25TUV,00006741,19/06/2025,2295370,183630,2479000,Bang_ke_hoa_don_da_su_dung_T6.2025.xls,2544
G00366,1C25TUV,00006802,19/06/2025,2295370,183630,2479000,Bang_ke_hoa_don_da_su_dung_T6.2025.xls,2605
G00366,1C25TUV,00006834,19/06/2025,2295370,183630,2479000,Bang_ke_hoa_don_da_su_dung_T6.2025.xls,2637
G00366,1C25TUV,00007118,20/06/2025,2295370,183630,2479000,Bang_ke_hoa_don_da_su_dung_T6.2025.xls,2921
G00366,1C25TUV,00007290,20/06/2025,2295370,183630,2479000,Bang_ke_hoa_don_da_su_dung_T6.2025.xls,3093
G00366,1C25TUV,00007325,20/06/2025,2295370,183630,2479000,Bang_ke_hoa_don_da_su_dung_T6.2025.xls,3128
G00366,1C25TUV,00007403,21/06/2025,2295370,183630,2479000,Bang_ke_hoa_don_da_su_dung_T6.2025.xls,3206
G00366,1C25TUV,00007421,21/06/2025,2295370,183630,2479000,Bang_ke_hoa_don_da_su_dung_T6.2025.xls,3224
G00366,1C25TUV,00007486,21/06/2025,2295370,183630,2479000,Bang_ke_hoa_don_da_su_dung_T6.2025.xls,3289
G00366,1C25TUV,00007518,21/06/2025,2295370,183630,2479000,Bang_ke_hoa_don_da_su_dung_T6.2025.xls,3321
G00366,1C25TUV,00007619,22/06/2025,2295370,183630,2479000,Bang_ke_hoa_don_da_su_dung_T6.2025.xls,3422
G00366,1C25TUV,00007634,22/06/2025,2295370,183630,2479000,Bang_ke_hoa_don_da_su_dung_T6.2025.xls,3437
G00366,1C25TUV,00007650,22/06/2025,2295370,183630,2479000,Bang_ke_hoa_don_da_su_dung_T6.2025.xls,3453
G00366,1C25TUV,00007658,22/06/2025,2295370,183630,2479000,Bang_ke_hoa_don_da_su_dung_T6.2025.xls,3461
G00366,1C25TUV,00007673,22/06/2025,2295370,183630,2479000,Bang_ke_hoa_don_da_su_dung_T6.2025.xls,3476
G00366,1C25TUV,00007695,22/06/2025,2295370,183630,2479000,Bang_ke_hoa_don_da_su_dung_T6.2025.xls,3498
G00366,1C25TUV,00007729,22/06/2025,2295370,183630,2479000,Bang_ke_hoa_don_da_su_dung_T6.2025.xls,3532
G00366,1C25TUV,00007743,22/06/2025,2295370,183630,2479000,Bang_ke_hoa_don_da_su_dung_T6.2025.xls,3546
G00366,1C25TUV,00007747,22/06/2025,2295370,183630,2479000,Bang_ke_hoa_don_da_su_dung_T6.2025.xls,3550
G00366,1C25TUV,00008020,23/06/2025,2295370,183630,2479000,Bang_ke_hoa_don_da_su_dung_T6.2025.xls,3823
G00366,1C25TUV,00008032,23/06/2025,2295370,183630,2479000,Bang_ke_hoa_don_da_su_dung_T6.2025.xls,3835
G00366,1C25TUV,00008039,23/06/2025,2295370,183630,2479000,Bang_ke_hoa_don_da_su_dung_T6.2025.xls,3842
G00366,1C25TUV,00008042,23/06/2025,2295370,183630,2479000,Bang_ke_hoa_don_da_su_dung_T6.2025.xls,3845
G00366,1C25TUV,00008190,24/06/2025,2295370,183630,2479000,Bang_ke_hoa_don_da_su_dung_T6.2025.xls,3993
G00366,1C25TUV,00008317,24/06/2025,2295370,183630,2479000,Bang_ke_hoa_don_da_su_dung_T6.2025.xls,4120
G00366,1C25TUV,00008376,24/06/2025,2295370,183630,2479000,Bang_ke_hoa_don_da_su_dung_T6.2025.xls,4179
G00366,1C25TUV,00008381,24/06/2025,2295370,183630,2479000,Bang_ke_hoa_don_da_su_dung_T6.2025.xls,4184
G00366,1C25TUV,00008475,25/06/2025,2295370,183630,2479000,Bang_ke_hoa_don_da_su_dung_T6.2025.xls,4278
G00366,1C25TUV,00008494,25/06/2025,2295370,183630,2479000,Bang_ke_hoa_don_da_su_dung_T6.2025.xls,4297
G00366,1C25TUV,00008557,25/06/2025,2295370,183630,2479000,Bang_ke_hoa_don_da_su_dung_T6.2025.xls,4360
G00366,1C25TUV,00008702,26/06/2025,2295370,183630,2479000,Bang_ke_hoa_don_da_su_dung_T6.2025.xls,4505
G00366,1C25TUV,00008786,27/06/2025,2295370,183630,2479000,Bang_ke_hoa_don_da_su_dung_T6.2025.xls,4589
G00366,1C25TUV,00008830,27/06/2025,2295370,183630,2479000,Bang_ke_hoa_don_da_su_dung_T6.2025.xls,4633
G00366,1C25TUV,00009042,28/06/2025,2295370,183630,2479000,Bang_ke_hoa_don_da_su_dung_T6.2025.xls,4845
G00366,1C25TUV,00009172,28/06/2025,2295370,183630,2479000,Bang_ke_hoa_don_da_su_dung_T6.2025.xls,4975
G00366,1C25TUV,00009183,28/06/2025,2295370,183630,2479000,Bang_ke_hoa_don_da_su_dung_T6.2025.xls,4986
G00367,1C25TUV,00000765,20/05/2025,1039491,83159,1122650,Bang_ke_hoa_don_da_su_dung_2024-T6.2025.xls,1556
G00368,1C25TUV,00000769,20/05/2025,3379630,270370,3650000,Bang_ke_hoa_don_da_su_dung_2024-T6.2025.xls,1560
G00369,1C25TUV,00000773,22/05/2025,8101333,648107,8749440,Bang_ke_hoa_don_da_su_dung_2024-T6.2025.xls,1564
G00370,1C25TUV,00000776,22/05/2025,1296296,103704,1400000,Bang_ke_hoa_don_da_su_dung_2024-T6.2025.xls,1567
G00371,1C25TUV,00000779,23/05/2025,1212628,97010,1309638,Bang_ke_hoa_don_da_su_dung_2024-T6.2025.xls,1570
G00372,1C25TUV,00000781,23/05/2025,91574074,7325926,98900000,Bang_ke_hoa_don_da_su_dung_2024-T6.2025.xls,1572
G00373,1C25TUV,00000782,23/05/2025,83333,6667,90000,Bang_ke_hoa_don_da_su_dung_2024-T6.2025.xls,1573
G00374,1C25TUV,00000783,24/05/2025,9168000,733440,9901440,Bang_ke_hoa_don_da_su_dung_2024-T6.2025.xls,1574
G00375,1C25TUV,00000792,24/05/2025,124990557,9999245,134989802,Bang_ke_hoa_don_da_su_dung_2024-T6.2025.xls,1583
G00376,1C25TUV,00000826,25/05/2025,509258,40741,549999,Bang_ke_hoa_don_da_su_dung_2024-T6.2025.xls,1617
G00376,1C25TUV,00002749,01/06/2025,509258,40741,549999,Bang_ke_hoa_don_da_su_dung_2024-T6.2025.xls,3538
G00376,1C25TUV,00003263,05/06/2025,509258,40741,549999,Bang_ke_hoa_don_da_su_dung_2024-T6.2025.xls,4052
G00376,1C25TUV,00004925,12/06/2025,509258,40741,549999,Bang_ke_hoa_don_da_su_dung_T6.2025.xls,728
G00376,1C25TUV,00006236,17/06/2025,509258,40741,549999,Bang_ke_hoa_don_da_su_dung_T6.2025.xls,2039
G00377,1C25TUV,00000829,25/05/2025,221296,17704,239000,Bang_ke_hoa_don_da_su_dung_2024-T6.2025.xls,1620
G00377,1C25TUV,00001011,25/05/2025,221296,17704,239000,Bang_ke_hoa_don_da_su_dung_2024-T6.2025.xls,1802
G00377,1C25TUV,00001186,26/05/2025,221296,17704,239000,Bang_ke_hoa_don_da_su_dung_2024-T6.2025.xls,1977
G00377,1C25TUV,00001188,26/05/2025,221296,17704,239000,Bang_ke_hoa_don_da_su_dung_2024-T6.2025.xls,1979
G00377,1C25TUV,00001283,27/05/2025,221296,17704,239000,Bang_ke_hoa_don_da_su_dung_2024-T6.2025.xls,2074
G00377,1C25TUV,00001900,29/05/2025,221296,17704,239000,Bang_ke_hoa_don_da_su_dung_2024-T6.2025.xls,2691
G00377,1C25TUV,00001901,29/05/2025,221296,17704,239000,Bang_ke_hoa_don_da_su_dung_2024-T6.2025.xls,2692
G00377,1C25TUV,00002002,29/05/2025,221296,17704,239000,Bang_ke_hoa_don_da_su_dung_2024-T6.2025.xls,2792
G00377,1C25TUV,00002411,30/05/2025,221296,17704,239000,Bang_ke_hoa_don_da_su_dung_2024-T6.2025.xls,3200
G00377,1C25TUV,00002488,30/05/2025,221296,17704,239000,Bang_ke_hoa_don_da_su_dung_2024-T6.2025.xls,3277
G00377,1C25TUV,00002776,01/06/2025,221296,17704,239000,Bang_ke_hoa_don_da_su_dung_2024-T6.2025.xls,3565
G00377,1C25TUV,00002786,01/06/2025,221296,17704,239000,Bang_ke_hoa_don_da_su_dung_2024-T6.2025.xls,3575
G00377,1C25TUV,00002818,01/06/2025,221296,17704,239000,Bang_ke_hoa_don_da_su_dung_2024-T6.2025.xls,3607
G00377,1C25TUV,00003040,03/06/2025,221296,17704,239000,Bang_ke_hoa_don_da_su_dung_2024-T6.2025.xls,3829
G00377,1C25TUV,00003647,06/06/2025,221296,17704,239000,Bang_ke_hoa_don_da_su_dung_2024-T6.2025.xls,4436
G00377,1C25TUV,00009255,29/06/2025,221296,17704,239000,Bang_ke_hoa_don_da_su_dung_T6.2025 L2.xls,75
G00377,1C25TUV,00009264,29/06/2025,221296,17704,239000,Bang_ke_hoa_don_da_su_dung_T6.2025 L2.xls,84
G00377,1C25TUV,00009275,29/06/2025,221296,17704,239000,Bang_ke_hoa_don_da_su_dung_T6.2025 L2.xls,95
G00377,1C25TUV,00009306,29/06/2025,221296,17704,239000,Bang_ke_hoa_don_da_su_dung_T6.2025 L2.xls,126
G00377,1C25TUV,00009324,29/06/2025,221296,17704,239000,Bang_ke_hoa_don_da_su_dung_T6.2025 L2.xls,144
G00377,1C25TUV,00009523,30/06/2025,221296,17704,239000,Bang_ke_hoa_don_da_su_dung_T6.2025 L2.xls,343
G00377,1C25TUV,00004413,09/06/2025,221296,17704,239000,Bang_ke_hoa_don_da_su_dung_T6.2025.xls,216
G00377,1C25TUV,00004423,10/06/2025,221296,17704,239000,Bang_ke_hoa_don_da_su_dung_T6.2025.xls,226
G00377,1C25TUV,00004425,10/06/2025,221296,17704,239000,Bang_ke_hoa_don_da_su_dung_T6.2025.xls,228
G00377,1C25TUV,00004426,10/06/2025,221296,17704,239000,Bang_ke_hoa_don_da_su_dung_T6.2025.xls,229
G00377,1C25TUV,00004429,10/06/2025,221296,17704,239000,Bang_ke_hoa_don_da_su_dung_T6.2025.xls,232
G00377,1C25TUV,00004438,10/06/2025,221296,17704,239000,Bang_ke_hoa_don_da_su_dung_T6.2025.xls,241
G00377,1C25TUV,00004458,10/06/2025,221296,17704,239000,Bang_ke_hoa_don_da_su_dung_T6.2025.xls,261
G00377,1C25TUV,00004465,10/06/2025,221296,17704,239000,Bang_ke_hoa_don_da_su_dung_T6.2025.xls,268
G00377,1C25TUV,00004472,10/06/2025,221296,17704,239000,Bang_ke_hoa_don_da_su_dung_T6.2025.xls,275
G00377,1C25TUV,00004724,11/06/2025,221296,17704,239000,Bang_ke_hoa_don_da_su_dung_T6.2025.xls,527
G00377,1C25TUV,00004733,11/06/2025,221296,17704,239000,Bang_ke_hoa_don_da_su_dung_T6.2025.xls,536
G00377,1C25TUV,00004734,11/06/2025,221296,17704,239000,Bang_ke_hoa_don_da_su_dung_T6.2025.xls,537
G00377,1C25TUV,00004752,11/06/2025,221296,17704,239000,Bang_ke_hoa_don_da_su_dung_T6.2025.xls,555
G00377,1C25TUV,00004764,11/06/2025,221296,17704,239000,Bang_ke_hoa_don_da_su_dung_T6.2025.xls,567
G00377,1C25TUV,00004765,11/06/2025,221296,17704,239000,Bang_ke_hoa_don_da_su_dung_T6.2025.xls,568
G00377,1C25TUV,00004938,12/06/2025,221296,17704,239000,Bang_ke_hoa_don_da_su_dung_T6.2025.xls,741
G00377,1C25TUV,00004969,12/06/2025,221296,17704,239000,Bang_ke_hoa_don_da_su_dung_T6.2025.xls,772
G00377,1C25TUV,00004986,12/06/2025,221296,17704,239000,Bang_ke_hoa_don_da_su_dung_T6.2025.xls,789
G00377,1C25TUV,00004987,12/06/2025,221296,17704,239000,Bang_ke_hoa_don_da_su_dung_T6.2025.xls,790
G00377,1C25TUV,00005080,12/06/2025,221296,17704,239000,Bang_ke_hoa_don_da_su_dung_T6.2025.xls,883
G00377,1C25TUV,00005136,12/06/2025,221296,17704,239000,Bang_ke_hoa_don_da_su_dung_T6.2025.xls,939
G00377,1C25TUV,00005158,13/06/2025,221296,17704,239000,Bang_ke_hoa_don_da_su_dung_T6.2025.xls,961
G00377,1C25TUV,00005173,13/06/2025,221296,17704,239000,Bang_ke_hoa_don_da_su_dung_T6.2025.xls,976
G00377,1C25TUV,00005176,13/06/2025,221296,17704,239000,Bang_ke_hoa_don_da_su_dung_T6.2025.xls,979
G00377,1C25TUV,00005182,13/06/2025,221296,17704,239000,Bang_ke_hoa_don_da_su_dung_T6.2025.xls,985
G00377,1C25TUV,00005183,13/06/2025,221296,17704,239000,Bang_ke_hoa_don_da_su_dung_T6.2025.xls,986
G00377,1C25TUV,00005184,13/06/2025,221296,17704,239000,Bang_ke_hoa_don_da_su_dung_T6.2025.xls,987
G00377,1C25TUV,00005202,13/06/2025,221296,17704,239000,Bang_ke_hoa_don_da_su_dung_T6.2025.xls,1005
G00377,1C25TUV,00005204,13/06/2025,221296,17704,239000,Bang_ke_hoa_don_da_su_dung_T6.2025.xls,1007
G00377,1C25TUV,00005214,13/06/2025,221296,17704,239000,Bang_ke_hoa_don_da_su_dung_T6.2025.xls,1017
G00377,1C25TUV,00005220,13/06/2025,221296,17704,239000,Bang_ke_hoa_don_da_su_dung_T6.2025.xls,1023
G00377,1C25TUV,00005295,13/06/2025,221296,17704,239000,Bang_ke_hoa_don_da_su_dung_T6.2025.xls,1098
G00377,1C25TUV,00005322,13/06/2025,221296,17704,239000,Bang_ke_hoa_don_da_su_dung_T6.2025.xls,1125
G00377,1C25TUV,00005330,13/06/2025,221296,17704,239000,Bang_ke_hoa_don_da_su_dung_T6.2025.xls,1133
G00377,1C25TUV,00005419,14/06/2025,221296,17704,239000,Bang_ke_hoa_don_da_su_dung_T6.2025.xls,1222
G00377,1C25TUV,00005466,14/06/2025,221296,17704,239000,Bang_ke_hoa_don_da_su_dung_T6.2025.xls,1269
G00377,1C25TUV,00005513,14/06/2025,221296,17704,239000,Bang_ke_hoa_don_da_su_dung_T6.2025.xls,1316
G00377,1C25TUV,00005535,14/06/2025,221296,17704,239000,Bang_ke_hoa_don_da_su_dung_T6.2025.xls,1338
G00377,1C25TUV,00005565,14/06/2025,221296,17704,239000,Bang_ke_hoa_don_da_su_dung_T6.2025.xls,1368
G00377,1C25TUV,00005601,14/06/2025,221296,17704,239000,Bang_ke_hoa_don_da_su_dung_T6.2025.xls,1404
G00377,1C25TUV,00005607,14/06/2025,221296,17704,239000,Bang_ke_hoa_don_da_su_dung_T6.2025.xls,1410
G00377,1C25TUV,00005624,14/06/2025,221296,17704,239000,Bang_ke_hoa_don_da_su_dung_T6.2025.xls,1427
G00377,1C25TUV,00005630,14/06/2025,221296,17704,239000,Bang_ke_hoa_don_da_su_dung_T6.2025.xls,1433
G00377,1C25TUV,00005642,14/06/2025,221296,17704,239000,Bang_ke_hoa_don_da_su_dung_T6.2025.xls,1445
G00377,1C25TUV,00005646,14/06/2025,221296,17704,239000,Bang_ke_hoa_don_da_su_dung_T6.2025.xls,1449
G00377,1C25TUV,00005656,14/06/2025,221296,17704,239000,Bang_ke_hoa_don_da_su_dung_T6.2025.xls,1459
G00377,1C25TUV,00005666,15/06/2025,221296,17704,239000,Bang_ke_hoa_don_da_su_dung_T6.2025.xls,1469
G00377,1C25TUV,00005689,15/06/2025,221296,17704,239000,Bang_ke_hoa_don_da_su_dung_T6.2025.xls,1492
G00377,1C25TUV,00005714,15/06/2025,221296,17704,239000,Bang_ke_hoa_don_da_su_dung_T6.2025.xls,1517
G00377,1C25TUV,00005749,15/06/2025,221296,17704,239000,Bang_ke_hoa_don_da_su_dung_T6.2025.xls,1552
G00377,1C25TUV,00005856,15/06/2025,221296,17704,239000,Bang_ke_hoa_don_da_su_dung_T6.2025.xls,1659
G00377,1C25TUV,00005959,16/06/2025,221296,17704,239000,Bang_ke_hoa_don_da_su_dung_T6.2025.xls,1762
G00377,1C25TUV,00005968,16/06/2025,221296,17704,239000,Bang_ke_hoa_don_da_su_dung_T6.2025.xls,1771
G00377,1C25TUV,00005979,16/06/2025,221296,17704,239000,Bang_ke_hoa_don_da_su_dung_T6.2025.xls,1782
G00377,1C25TUV,00006055,16/06/2025,221296,17704,239000,Bang_ke_hoa_don_da_su_dung_T6.2025.xls,1858
G00377,1C25TUV,00006185,17/06/2025,221296,17704,239000,Bang_ke_hoa_don_da_su_dung_T6.2025.xls,1988
G00377,1C25TUV,00006206,17/06/2025,221296,17704,239000,Bang_ke_hoa_don_da_su_dung_T6.2025.xls,2009
G00377,1C25TUV,00006217,17/06/2025,221296,17704,239000,Bang_ke_hoa_don_da_su_dung_T6.2025.xls,2020
G00377,1C25TUV,00006289,17/06/2025,221296,17704,239000,Bang_ke_hoa_don_da_su_dung_T6.2025.xls,2092
G00377,1C25TUV,00006308,17/06/2025,221296,17704,239000,Bang_ke_hoa_don_da_su_dung_T6.2025.xls,2111
G00377,1C25TUV,00006338,17/06/2025,221296,17704,239000,Bang_ke_hoa_don_da_su_dung_T6.2025.xls,2141
G00377,1C25TUV,00006345,17/06/2025,221296,17704,239000,Bang_ke_hoa_don_da_su_dung_T6.2025.xls,2148
G00377,1C25TUV,00006371,17/06/2025,221296,17704,239000,Bang_ke_hoa_don_da_su_dung_T6.2025.xls,2174
G00377,1C25TUV,00006412,18/06/2025,221296,17704,239000,Bang_ke_hoa_don_da_su_dung_T6.2025.xls,2215
G00377,1C25TUV,00006424,18/06/2025,221296,17704,239000,Bang_ke_hoa_don_da_su_dung_T6.2025.xls,2227
G00377,1C25TUV,00006428,18/06/2025,221296,17704,239000,Bang_ke_hoa_don_da_su_dung_T6.2025.xls,2231
G00377,1C25TUV,00006437,18/06/2025,221296,17704,239000,Bang_ke_hoa_don_da_su_dung_T6.2025.xls,2240
G00377,1C25TUV,00006449,18/06/2025,221296,17704,239000,Bang_ke_hoa_don_da_su_dung_T6.2025.xls,2252
G00377,1C25TUV,00006472,18/06/2025,221296,17704,239000,Bang_ke_hoa_don_da_su_dung_T6.2025.xls,2275
G00377,1C25TUV,00006476,18/06/2025,221296,17704,239000,Bang_ke_hoa_don_da_su_dung_T6.2025.xls,2279
G00377,1C25TUV,00006490,18/06/2025,221296,17704,239000,Bang_ke_hoa_don_da_su_dung_T6.2025.xls,2293
G00377,1C25TUV,00006551,18/06/2025,221296,17704,239000,Bang_ke_hoa_don_da_su_dung_T6.2025.xls,2354
G00377,1C25TUV,00006592,18/06/2025,221296,17704,239000,Bang_ke_hoa_don_da_su_dung_T6.2025.xls,2395
G00377,1C25TUV,00006661,18/06/2025,221296,17704,239000,Bang_ke_hoa_don_da_su_dung_T6.2025.xls,2464
G00377,1C25TUV,00006666,18/06/2025,221296,17704,239000,Bang_ke_hoa_don_da_su_dung_T6.2025.xls,2469
G00377,1C25TUV,00006670,18/06/2025,221296,17704,239000,Bang_ke_hoa_don_da_su_dung_T6.2025.xls,2473
G00377,1C25TUV,00006700,18/06/2025,221296,17704,239000,Bang_ke_hoa_don_da_su_dung_T6.2025.xls,2503
G00377,1C25TUV,00006811,19/06/2025,221296,17704,239000,Bang_ke_hoa_don_da_su_dung_T6.2025.xls,2614
G00377,1C25TUV,00006821,19/06/2025,221296,17704,239000,Bang_ke_hoa_don_da_su_dung_T6.2025.xls,2624
G00377,1C25TUV,00006858,19/06/2025,221296,17704,239000,Bang_ke_hoa_don_da_su_dung_T6.2025.xls,2661
G00377,1C25TUV,00006978,19/06/2025,221296,17704,239000,Bang_ke_hoa_don_da_su_dung_T6.2025.xls,2781
G00377,1C25TUV,00006983,19/06/2025,221296,17704,239000,Bang_ke_hoa_don_da_su_dung_T6.2025.xls,2786
G00377,1C25TUV,00006984,19/06/2025,221296,17704,239000,Bang_ke_hoa_don_da_su_dung_T6.2025.xls,2787
G00377,1C25TUV,00006986,19/06/2025,221296,17704,239000,Bang_ke_hoa_don_da_su_dung_T6.2025.xls,2789
G00377,1C25TUV,00006989,19/06/2025,221296,17704,239000,Bang_ke_hoa_don_da_su_dung_T6.2025.xls,2792
G00377,1C25TUV,00006996,19/06/2025,221296,17704,239000,Bang_ke_hoa_don_da_su_dung_T6.2025.xls,2799
G00377,1C25TUV,00007006,19/06/2025,221296,17704,239000,Bang_ke_hoa_don_da_su_dung_T6.2025.xls,2809
G00377,1C25TUV,00007010,19/06/2025,221296,17704,239000,Bang_ke_hoa_don_da_su_dung_T6.2025.xls,2813
G00377,1C25TUV,00007017,19/06/2025,221296,17704,239000,Bang_ke_hoa_don_da_su_dung_T6.2025.xls,2820
G00377,1C25TUV,00007111,20/06/2025,221296,17704,239000,Bang_ke_hoa_don_da_su_dung_T6.2025.xls,2914
G00377,1C25TUV,00007263,20/06/2025,221296,17704,239000,Bang_ke_hoa_don_da_su_dung_T6.2025.xls,3066
G00377,1C25TUV,00007275,20/06/2025,221296,17704,239000,Bang_ke_hoa_don_da_su_dung_T6.2025.xls,3078
G00377,1C25TUV,00007282,20/06/2025,221296,17704,239000,Bang_ke_hoa_don_da_su_dung_T6.2025.xls,3085
G00377,1C25TUV,00007311,20/06/2025,221296,17704,239000,Bang_ke_hoa_don_da_su_dung_T6.2025.xls,3114
G00377,1C25TUV,00007312,20/06/2025,221296,17704,239000,Bang_ke_hoa_don_da_su_dung_T6.2025.xls,3115
G00377,1C25TUV,00007317,20/06/2025,221296,17704,239000,Bang_ke_hoa_don_da_su_dung_T6.2025.xls,3120
G00377,1C25TUV,00007327,20/06/2025,221296,17704,239000,Bang_ke_hoa_don_da_su_dung_T6.2025.xls,3130
G00377,1C25TUV,00007336,20/06/2025,221296,17704,239000,Bang_ke_hoa_don_da_su_dung_T6.2025.xls,3139
G00377,1C25TUV,00007364,21/06/2025,221296,17704,239000,Bang_ke_hoa_don_da_su_dung_T6.2025.xls,3167
G00377,1C25TUV,00007401,21/06/2025,221296,17704,239000,Bang_ke_hoa_don_da_su_dung_T6.2025.xls,3204
G00377,1C25TUV,00007402,21/06/2025,221296,17704,239000,Bang_ke_hoa_don_da_su_dung_T6.2025.xls,3205
G00377,1C25TUV,00007408,21/06/2025,221296,17704,239000,Bang_ke_hoa_don_da_su_dung_T6.2025.xls,3211
G00377,1C25TUV,00007409,21/06/2025,221296,17704,239000,Bang_ke_hoa_don_da_su_dung_T6.2025.xls,3212
G00377,1C25TUV,00007426,21/06/2025,221296,17704,239000,Bang_ke_hoa_don_da_su_dung_T6.2025.xls,3229
G00377,1C25TUV,00007468,21/06/2025,221296,17704,239000,Bang_ke_hoa_don_da_su_dung_T6.2025.xls,3271
G00377,1C25TUV,00007502,21/06/2025,221296,17704,239000,Bang_ke_hoa_don_da_su_dung_T6.2025.xls,3305
G00377,1C25TUV,00007527,21/06/2025,221296,17704,239000,Bang_ke_hoa_don_da_su_dung_T6.2025.xls,3330
G00377,1C25TUV,00007546,21/06/2025,221296,17704,239000,Bang_ke_hoa_don_da_su_dung_T6.2025.xls,3349
G00377,1C25TUV,00007547,21/06/2025,221296,17704,239000,Bang_ke_hoa_don_da_su_dung_T6.2025.xls,3350
G00377,1C25TUV,00007557,21/06/2025,221296,17704,239000,Bang_ke_hoa_don_da_su_dung_T6.2025.xls,3360
G00377,1C25TUV,00007571,21/06/2025,221296,17704,239000,Bang_ke_hoa_don_da_su_dung_T6.2025.xls,3374
G00377,1C25TUV,00007578,21/06/2025,221296,17704,239000,Bang_ke_hoa_don_da_su_dung_T6.2025.xls,3381
G00377,1C25TUV,00007584,21/06/2025,221296,17704,239000,Bang_ke_hoa_don_da_su_dung_T6.2025.xls,3387
G00377,1C25TUV,00007732,22/06/2025,221296,17704,239000,Bang_ke_hoa_don_da_su_dung_T6.2025.xls,3535
G00377,1C25TUV,00007769,22/06/2025,221296,17704,239000,Bang_ke_hoa_don_da_su_dung_T6.2025.xls,3572
G00377,1C25TUV,00007771,22/06/2025,221296,17704,239000,Bang_ke_hoa_don_da_su_dung_T6.2025.xls,3574
G00377,1C25TUV,00007779,22/06/2025,221296,17704,239000,Bang_ke_hoa_don_da_su_dung_T6.2025.xls,3582
G00377,1C25TUV,00007795,22/06/2025,221296,17704,239000,Bang_ke_hoa_don_da_su_dung_T6.2025.xls,3598
G00377,1C25TUV,00007809,22/06/2025,221296,17704,239000,Bang_ke_hoa_don_da_su_dung_T6.2025.xls,3612
G00377,1C25TUV,00007931,23/06/2025,221296,17704,239000,Bang_ke_hoa_don_da_su_dung_T6.2025.xls,3734
G00377,1C25TUV,00007956,23/06/2025,221296,17704,239000,Bang_ke_hoa_don_da_su_dung_T6.2025.xls,3759
G00377,1C25TUV,00007966,23/06/2025,221296,17704,239000,Bang_ke_hoa_don_da_su_dung_T6.2025.xls,3769
G00377,1C25TUV,00007975,23/06/2025,221296,17704,239000,Bang_ke_hoa_don_da_su_dung_T6.2025.xls,3778
G00377,1C25TUV,00008243,24/06/2025,221296,17704,239000,Bang_ke_hoa_don_da_su_dung_T6.2025.xls,4046
G00377,1C25TUV,00008282,24/06/2025,221296,17704,239000,Bang_ke_hoa_don_da_su_dung_T6.2025.xls,4085
G00377,1C25TUV,00008289,24/06/2025,221296,17704,239000,Bang_ke_hoa_don_da_su_dung_T6.2025.xls,4092
G00377,1C25TUV,00008291,24/06/2025,221296,17704,239000,Bang_ke_hoa_don_da_su_dung_T6.2025.xls,4094
G00377,1C25TUV,00008303,24/06/2025,221296,17704,239000,Bang_ke_hoa_don_da_su_dung_T6.2025.xls,4106
G00377,1C25TUV,00008313,24/06/2025,221296,17704,239000,Bang_ke_hoa_don_da_su_dung_T6.2025.xls,4116
G00377,1C25TUV,00008316,24/06/2025,221296,17704,239000,Bang_ke_hoa_don_da_su_dung_T6.2025.xls,4119
G00377,1C25TUV,00008362,24/06/2025,221296,17704,239000,Bang_ke_hoa_don_da_su_dung_T6.2025.xls,4165
G00377,1C25TUV,00008406,25/06/2025,221296,17704,239000,Bang_ke_hoa_don_da_su_dung_T6.2025.xls,4209
G00377,1C25TUV,00008531,25/06/2025,221296,17704,239000,Bang_ke_hoa_don_da_su_dung_T6.2025.xls,4334
G00377,1C25TUV,00008539,25/06/2025,221296,17704,239000,Bang_ke_hoa_don_da_su_dung_T6.2025.xls,4342
G00377,1C25TUV,00008547,25/06/2025,221296,17704,239000,Bang_ke_hoa_don_da_su_dung_T6.2025.xls,4350
G00377,1C25TUV,00008553,25/06/2025,221296,17704,239000,Bang_ke_hoa_don_da_su_dung_T6.2025.xls,4356
G00377,1C25TUV,00008564,25/06/2025,221296,17704,239000,Bang_ke_hoa_don_da_su_dung_T6.2025.xls,4367
G00377,1C25TUV,00008675,26/06/2025,221296,17704,239000,Bang_ke_hoa_don_da_su_dung_T6.2025.xls,4478
G00377,1C25TUV,00008677,26/06/2025,221296,17704,239000,Bang_ke_hoa_don_da_su_dung_T6.2025.xls,4480
G00377,1C25TUV,00008681,26/06/2025,221296,17704,239000,Bang_ke_hoa_don_da_su_dung_T6.2025.xls,4484
G00377,1C25TUV,00008691,26/06/2025,221296,17704,239000,Bang_ke_hoa_don_da_su_dung_T6.2025.xls,4494
G00377,1C25TUV,00008716,26/06/2025,221296,17704,239000,Bang_ke_hoa_don_da_su_dung_T6.2025.xls,4519
G00377,1C25TUV,00008718,26/06/2025,221296,17704,239000,Bang_ke_hoa_don_da_su_dung_T6.2025.xls,4521
G00377,1C25TUV,00008723,26/06/2025,221296,17704,239000,Bang_ke_hoa_don_da_su_dung_T6.2025.xls,4526
G00377,1C25TUV,00008726,26/06/2025,221296,17704,239000,Bang_ke_hoa_don_da_su_dung_T6.2025.xls,4529
G00377,1C25TUV,00008796,27/06/2025,221296,17704,239000,Bang_ke_hoa_don_da_su_dung_T6.2025.xls,4599
G00377,1C25TUV,00008816,27/06/2025,221296,17704,239000,Bang_ke_hoa_don_da_su_dung_T6.2025.xls,4619
G00377,1C25TUV,00008905,27/06/2025,221296,17704,239000,Bang_ke_hoa_don_da_su_dung_T6.2025.xls,4708
G00377,1C25TUV,00008909,27/06/2025,221296,17704,239000,Bang_ke_hoa_don_da_su_dung_T6.2025.xls,4712
G00377,1C25TUV,00009031,28/06/2025,221296,17704,239000,Bang_ke_hoa_don_da_su_dung_T6.2025.xls,4834
G00377,1C25TUV,00009093,28/06/2025,221296,17704,239000,Bang_ke_hoa_don_da_su_dung_T6.2025.xls,4896
G00377,1C25TUV,00009154,28/06/2025,221296,17704,239000,Bang_ke_hoa_don_da_su_dung_T6.2025.xls,4957
G00377,1C25TUV,00009169,28/06/2025,221296,17704,239000,Bang_ke_hoa_don_da_su_dung_T6.2025.xls,4972
G00378,1C25TUV,00000831,25/05/2025,582407,46593,629000,Bang_ke_hoa_don_da_su_dung_2024-T6.2025.xls,1622
G00379,1C25TUV,00000836,25/05/2025,604184,48335,652519,Bang_ke_hoa_don_da_su_dung_2024-T6.2025.xls,1627
G00379,1C25TUV,00000838,25/05/2025,604184,48335,652519,Bang_ke_hoa_don_da_su_dung_2024-T6.2025.xls,1629
G00379,1C25TUV,00000845,25/05/2025,604184,48335,652519,Bang_ke_hoa_don_da_su_dung_2024-T6.2025.xls,1636
G00379,1C25TUV,00000847,25/05/2025,604184,48335,652519,Bang_ke_hoa_don_da_su_dung_2024-T6.2025.xls,1638
G00379,1C25TUV,00000851,25/05/2025,604184,48335,652519,Bang_ke_hoa_don_da_su_dung_2024-T6.2025.xls,1642
G00379,1C25TUV,00000853,25/05/2025,604184,48335,652519,Bang_ke_hoa_don_da_su_dung_2024-T6.2025.xls,1644
G00379,1C25TUV,00000854,25/05/2025,604184,48335,652519,Bang_ke_hoa_don_da_su_dung_2024-T6.2025.xls,1645
G00379,1C25TUV,00000858,25/05/2025,604184,48335,652519,Bang_ke_hoa_don_da_su_dung_2024-T6.2025.xls,1649
G00379,1C25TUV,00001069,26/05/2025,604184,48335,652519,Bang_ke_hoa_don_da_su_dung_2024-T6.2025.xls,1860
G00379,1C25TUV,00001377,27/05/2025,604184,48335,652519,Bang_ke_hoa_don_da_su_dung_2024-T6.2025.xls,2168
G00379,1C25TUV,00001636,28/05/2025,604184,48335,652519,Bang_ke_hoa_don_da_su_dung_2024-T6.2025.xls,2427
G00380,1C25TUV,00000837,25/05/2025,1223223,97858,1321081,Bang_ke_hoa_don_da_su_dung_2024-T6.2025.xls,1628
G00380,1C25TUV,00001375,27/05/2025,1223223,97858,1321081,Bang_ke_hoa_don_da_su_dung_2024-T6.2025.xls,2166
G00381,1C25TUV,00000840,25/05/2025,1224074,97926,1322000,Bang_ke_hoa_don_da_su_dung_2024-T6.2025.xls,1631
G00382,1C25TUV,00000841,25/05/2025,220370,17630,238000,Bang_ke_hoa_don_da_su_dung_2024-T6.2025.xls,1632
G00382,1C25TUV,00000860,25/05/2025,220370,17630,238000,Bang_ke_hoa_don_da_su_dung_2024-T6.2025.xls,1651
G00382,1C25TUV,00000879,25/05/2025,220370,17630,238000,Bang_ke_hoa_don_da_su_dung_2024-T6.2025.xls,1670
G00382,1C25TUV,00000900,25/05/2025,220370,17630,238000,Bang_ke_hoa_don_da_su_dung_2024-T6.2025.xls,1691
G00382,1C25TUV,00001898,29/05/2025,220370,17630,238000,Bang_ke_hoa_don_da_su_dung_2024-T6.2025.xls,2689
G00382,1C25TUV,00001902,29/05/2025,220370,17630,238000,Bang_ke_hoa_don_da_su_dung_2024-T6.2025.xls,2693
G00382,1C25TUV,00002487,30/05/2025,220370,17630,238000,Bang_ke_hoa_don_da_su_dung_2024-T6.2025.xls,3276
G00382,1C25TUV,00002650,31/05/2025,220370,17630,238000,Bang_ke_hoa_don_da_su_dung_2024-T6.2025.xls,3439
G00382,1C25TUV,00002682,31/05/2025,220370,17630,238000,Bang_ke_hoa_don_da_su_dung_2024-T6.2025.xls,3471
G00382,1C25TUV,00002695,31/05/2025,220370,17630,238000,Bang_ke_hoa_don_da_su_dung_2024-T6.2025.xls,3484
G00382,1C25TUV,00002895,02/06/2025,220370,17630,238000,Bang_ke_hoa_don_da_su_dung_2024-T6.2025.xls,3684
G00382,1C25TUV,00002940,03/06/2025,220370,17630,238000,Bang_ke_hoa_don_da_su_dung_2024-T6.2025.xls,3729
G00382,1C25TUV,00002968,03/06/2025,220370,17630,238000,Bang_ke_hoa_don_da_su_dung_2024-T6.2025.xls,3757
G00382,1C25TUV,00003111,04/06/2025,220370,17630,238000,Bang_ke_hoa_don_da_su_dung_2024-T6.2025.xls,3900
G00382,1C25TUV,00003280,05/06/2025,220370,17630,238000,Bang_ke_hoa_don_da_su_dung_2024-T6.2025.xls,4069
G00382,1C25TUV,00003320,05/06/2025,220370,17630,238000,Bang_ke_hoa_don_da_su_dung_2024-T6.2025.xls,4109
G00382,1C25TUV,00009559,30/06/2025,220370,17630,238000,Bang_ke_hoa_don_da_su_dung_T6.2025 L2.xls,379
G00382,1C25TUV,00004917,12/06/2025,220370,17630,238000,Bang_ke_hoa_don_da_su_dung_T6.2025.xls,720
G00382,1C25TUV,00005160,13/06/2025,220370,17630,238000,Bang_ke_hoa_don_da_su_dung_T6.2025.xls,963
G00382,1C25TUV,00005172,13/06/2025,220370,17630,238000,Bang_ke_hoa_don_da_su_dung_T6.2025.xls,975
G00382,1C25TUV,00005198,13/06/2025,220370,17630,238000,Bang_ke_hoa_don_da_su_dung_T6.2025.xls,1001
G00382,1C25TUV,00005623,14/06/2025,220370,17630,238000,Bang_ke_hoa_don_da_su_dung_T6.2025.xls,1426
G00382,1C25TUV,00005632,14/06/2025,220370,17630,238000,Bang_ke_hoa_don_da_su_dung_T6.2025.xls,1435
G00382,1C25TUV,00005869,15/06/2025,220370,17630,238000,Bang_ke_hoa_don_da_su_dung_T6.2025.xls,1672
G00382,1C25TUV,00005922,16/06/2025,220370,17630,238000,Bang_ke_hoa_don_da_su_dung_T6.2025.xls,1725
G00382,1C25TUV,00005962,16/06/2025,220370,17630,238000,Bang_ke_hoa_don_da_su_dung_T6.2025.xls,1765
G00382,1C25TUV,00005964,16/06/2025,220370,17630,238000,Bang_ke_hoa_don_da_su_dung_T6.2025.xls,1767
G00382,1C25TUV,00005991,16/06/2025,220370,17630,238000,Bang_ke_hoa_don_da_su_dung_T6.2025.xls,1794
G00382,1C25TUV,00006305,17/06/2025,220370,17630,238000,Bang_ke_hoa_don_da_su_dung_T6.2025.xls,2108
G00382,1C25TUV,00006545,18/06/2025,220370,17630,238000,Bang_ke_hoa_don_da_su_dung_T6.2025.xls,2348
G00382,1C25TUV,00006659,18/06/2025,220370,17630,238000,Bang_ke_hoa_don_da_su_dung_T6.2025.xls,2462
G00382,1C25TUV,00006669,18/06/2025,220370,17630,238000,Bang_ke_hoa_don_da_su_dung_T6.2025.xls,2472
G00382,1C25TUV,00006976,19/06/2025,220370,17630,238000,Bang_ke_hoa_don_da_su_dung_T6.2025.xls,2779
G00382,1C25TUV,00006980,19/06/2025,220370,17630,238000,Bang_ke_hoa_don_da_su_dung_T6.2025.xls,2783
G00382,1C25TUV,00006993,19/06/2025,220370,17630,238000,Bang_ke_hoa_don_da_su_dung_T6.2025.xls,2796
G00382,1C25TUV,00007259,20/06/2025,220370,17630,238000,Bang_ke_hoa_don_da_su_dung_T6.2025.xls,3062
G00382,1C25TUV,00007262,20/06/2025,220370,17630,238000,Bang_ke_hoa_don_da_su_dung_T6.2025.xls,3065
G00382,1C25TUV,00007500,21/06/2025,220370,17630,238000,Bang_ke_hoa_don_da_su_dung_T6.2025.xls,3303
G00382,1C25TUV,00007959,23/06/2025,220370,17630,238000,Bang_ke_hoa_don_da_su_dung_T6.2025.xls,3762
G00383,1C25TUV,00000842,25/05/2025,1980556,158444,2139000,Bang_ke_hoa_don_da_su_dung_2024-T6.2025.xls,1633
G00383,1C25TUV,00000972,25/05/2025,1980556,158444,2139000,Bang_ke_hoa_don_da_su_dung_2024-T6.2025.xls,1763
G00383,1C25TUV,00001611,28/05/2025,1980556,158444,2139000,Bang_ke_hoa_don_da_su_dung_2024-T6.2025.xls,2402
G00383,1C25TUV,00001731,28/05/2025,1980556,158444,2139000,Bang_ke_hoa_don_da_su_dung_2024-T6.2025.xls,2522
G00383,1C25TUV,00001883,29/05/2025,1980556,158444,2139000,Bang_ke_hoa_don_da_su_dung_2024-T6.2025.xls,2674
G00383,1C25TUV,00001884,29/05/2025,1980556,158444,2139000,Bang_ke_hoa_don_da_su_dung_2024-T6.2025.xls,2675
G00383,1C25TUV,00001987,29/05/2025,1980556,158444,2139000,Bang_ke_hoa_don_da_su_dung_2024-T6.2025.xls,2777
G00383,1C25TUV,00002491,30/05/2025,1980556,158444,2139000,Bang_ke_hoa_don_da_su_dung_2024-T6.2025.xls,3280
G00383,1C25TUV,00002492,30/05/2025,1980556,158444,2139000,Bang_ke_hoa_don_da_su_dung_2024-T6.2025.xls,3281
G00383,1C25TUV,00002493,30/05/2025,1980556,158444,2139000,Bang_ke_hoa_don_da_su_dung_2024-T6.2025.xls,3282
G00383,1C25TUV,00002773,01/06/2025,1980556,158444,2139000,Bang_ke_hoa_don_da_su_dung_2024-T6.2025.xls,3562
G00383,1C25TUV,00002785,01/06/2025,1980556,158444,2139000,Bang_ke_hoa_don_da_su_dung_2024-T6.2025.xls,3574
G00383,1C25TUV,00002803,01/06/2025,1980556,158444,2139000,Bang_ke_hoa_don_da_su_dung_2024-T6.2025.xls,3592
G00383,1C25TUV,00002845,02/06/2025,1980556,158444,2139000,Bang_ke_hoa_don_da_su_dung_2024-T6.2025.xls,3634
G00383,1C25TUV,00002913,02/06/2025,1980556,158444,2139000,Bang_ke_hoa_don_da_su_dung_2024-T6.2025.xls,3702
G00383,1C25TUV,00002966,03/06/2025,1980556,158444,2139000,Bang_ke_hoa_don_da_su_dung_2024-T6.2025.xls,3755
G00383,1C25TUV,00002972,03/06/2025,1980556,158444,2139000,Bang_ke_hoa_don_da_su_dung_2024-T6.2025.xls,3761
G00383,1C25TUV,00003038,03/06/2025,1980556,158444,2139000,Bang_ke_hoa_don_da_su_dung_2024-T6.2025.xls,3827
G00383,1C25TUV,00003134,04/06/2025,1980556,158444,2139000,Bang_ke_hoa_don_da_su_dung_2024-T6.2025.xls,3923
G00383,1C25TUV,00003175,04/06/2025,1980556,158444,2139000,Bang_ke_hoa_don_da_su_dung_2024-T6.2025.xls,3964
G00383,1C25TUV,00003188,04/06/2025,1980556,158444,2139000,Bang_ke_hoa_don_da_su_dung_2024-T6.2025.xls,3977
G00383,1C25TUV,00003334,05/06/2025,1980556,158444,2139000,Bang_ke_hoa_don_da_su_dung_2024-T6.2025.xls,4123
G00383,1C25TUV,00003348,05/06/2025,1980556,158444,2139000,Bang_ke_hoa_don_da_su_dung_2024-T6.2025.xls,4137
G00383,1C25TUV,00003371,05/06/2025,1980556,158444,2139000,Bang_ke_hoa_don_da_su_dung_2024-T6.2025.xls,4160
G00383,1C25TUV,00003392,05/06/2025,1980556,158444,2139000,Bang_ke_hoa_don_da_su_dung_2024-T6.2025.xls,4181
G00383,1C25TUV,00003397,05/06/2025,1980556,158444,2139000,Bang_ke_hoa_don_da_su_dung_2024-T6.2025.xls,4186
G00383,1C25TUV,00003452,06/06/2025,1980556,158444,2139000,Bang_ke_hoa_don_da_su_dung_2024-T6.2025.xls,4241
G00383,1C25TUV,00003586,06/06/2025,1980556,158444,2139000,Bang_ke_hoa_don_da_su_dung_2024-T6.2025.xls,4375
G00383,1C25TUV,00003600,06/06/2025,1980556,158444,2139000,Bang_ke_hoa_don_da_su_dung_2024-T6.2025.xls,4389
G00383,1C25TUV,00003609,06/06/2025,1980556,158444,2139000,Bang_ke_hoa_don_da_su_dung_2024-T6.2025.xls,4398
G00383,1C25TUV,00003626,06/06/2025,1980556,158444,2139000,Bang_ke_hoa_don_da_su_dung_2024-T6.2025.xls,4415
G00383,1C25TUV,00003627,06/06/2025,1980556,158444,2139000,Bang_ke_hoa_don_da_su_dung_2024-T6.2025.xls,4416
G00383,1C25TUV,00003736,07/06/2025,1980556,158444,2139000,Bang_ke_hoa_don_da_su_dung_2024-T6.2025.xls,4525
G00383,1C25TUV,00003756,07/06/2025,1980556,158444,2139000,Bang_ke_hoa_don_da_su_dung_2024-T6.2025.xls,4545
G00383,1C25TUV,00003837,07/06/2025,1980556,158444,2139000,Bang_ke_hoa_don_da_su_dung_2024-T6.2025.xls,4626
G00383,1C25TUV,00003848,07/06/2025,1980556,158444,2139000,Bang_ke_hoa_don_da_su_dung_2024-T6.2025.xls,4637
G00383,1C25TUV,00003858,07/06/2025,1980556,158444,2139000,Bang_ke_hoa_don_da_su_dung_2024-T6.2025.xls,4647
G00383,1C25TUV,00003864,07/06/2025,1980556,158444,2139000,Bang_ke_hoa_don_da_su_dung_2024-T6.2025.xls,4653
G00383,1C25TUV,00003877,07/06/2025,1980556,158444,2139000,Bang_ke_hoa_don_da_su_dung_2024-T6.2025.xls,4666
G00383,1C25TUV,00003879,07/06/2025,1980556,158444,2139000,Bang_ke_hoa_don_da_su_dung_2024-T6.2025.xls,4668
G00383,1C25TUV,00003898,07/06/2025,1980556,158444,2139000,Bang_ke_hoa_don_da_su_dung_2024-T6.2025.xls,4687
G00383,1C25TUV,00003976,08/06/2025,1980556,158444,2139000,Bang_ke_hoa_don_da_su_dung_2024-T6.2025.xls,4765
G00383,1C25TUV,00003984,08/06/2025,1980556,158444,2139000,Bang_ke_hoa_don_da_su_dung_2024-T6.2025.xls,4773
G00383,1C25TUV,00004083,08/06/2025,1980556,158444,2139000,Bang_ke_hoa_don_da_su_dung_2024-T6.2025.xls,4872
G00383,1C25TUV,00004123,08/06/2025,1980556,158444,2139000,Bang_ke_hoa_don_da_su_dung_2024-T6.2025.xls,4912
G00383,1C25TUV,00004135,08/06/2025,1980556,158444,2139000,Bang_ke_hoa_don_da_su_dung_2024-T6.2025.xls,4924
G00383,1C25TUV,00004142,08/06/2025,1980556,158444,2139000,Bang_ke_hoa_don_da_su_dung_2024-T6.2025.xls,4931
G00383,1C25TUV,00004144,08/06/2025,1980556,158444,2139000,Bang_ke_hoa_don_da_su_dung_2024-T6.2025.xls,4933
G00383,1C25TUV,00009274,29/06/2025,1980556,158444,2139000,Bang_ke_hoa_don_da_su_dung_T6.2025 L2.xls,94
G00383,1C25TUV,00009278,29/06/2025,1980556,158444,2139000,Bang_ke_hoa_don_da_su_dung_T6.2025 L2.xls,98
G00383,1C25TUV,00009309,29/06/2025,1980556,158444,2139000,Bang_ke_hoa_don_da_su_dung_T6.2025 L2.xls,129
G00383,1C25TUV,00009320,29/06/2025,1980556,158444,2139000,Bang_ke_hoa_don_da_su_dung_T6.2025 L2.xls,140
G00383,1C25TUV,00009479,30/06/2025,1980556,158444,2139000,Bang_ke_hoa_don_da_su_dung_T6.2025 L2.xls,299
G00383,1C25TUV,00009508,30/06/2025,1980556,158444,2139000,Bang_ke_hoa_don_da_su_dung_T6.2025 L2.xls,328
G00383,1C25TUV,00009513,30/06/2025,1980556,158444,2139000,Bang_ke_hoa_don_da_su_dung_T6.2025 L2.xls,333
G00383,1C25TUV,00009547,30/06/2025,1980556,158444,2139000,Bang_ke_hoa_don_da_su_dung_T6.2025 L2.xls,367
G00383,1C25TUV,00009560,30/06/2025,1980556,158444,2139000,Bang_ke_hoa_don_da_su_dung_T6.2025 L2.xls,380
G00383,1C25TUV,00009569,30/06/2025,1980556,158444,2139000,Bang_ke_hoa_don_da_su_dung_T6.2025 L2.xls,389
G00383,1C25TUV,00009592,30/06/2025,1980556,158444,2139000,Bang_ke_hoa_don_da_su_dung_T6.2025 L2.xls,412
G00383,1C25TUV,00009599,30/06/2025,1980556,158444,2139000,Bang_ke_hoa_don_da_su_dung_T6.2025 L2.xls,419
G00383,1C25TUV,00004321,09/06/2025,1980556,158444,2139000,Bang_ke_hoa_don_da_su_dung_T6.2025.xls,124
G00383,1C25TUV,00004325,09/06/2025,1980556,158444,2139000,Bang_ke_hoa_don_da_su_dung_T6.2025.xls,128
G00383,1C25TUV,00004365,09/06/2025,1980556,158444,2139000,Bang_ke_hoa_don_da_su_dung_T6.2025.xls,168
G00383,1C25TUV,00004419,10/06/2025,1980556,158444,2139000,Bang_ke_hoa_don_da_su_dung_T6.2025.xls,222
G00383,1C25TUV,00004603,10/06/2025,1980556,158444,2139000,Bang_ke_hoa_don_da_su_dung_T6.2025.xls,406
G00383,1C25TUV,00004625,10/06/2025,1980556,158444,2139000,Bang_ke_hoa_don_da_su_dung_T6.2025.xls,428
G00383,1C25TUV,00004637,10/06/2025,1980556,158444,2139000,Bang_ke_hoa_don_da_su_dung_T6.2025.xls,440
G00383,1C25TUV,00004658,10/06/2025,1980556,158444,2139000,Bang_ke_hoa_don_da_su_dung_T6.2025.xls,461
G00383,1C25TUV,00004660,10/06/2025,1980556,158444,2139000,Bang_ke_hoa_don_da_su_dung_T6.2025.xls,463
G00383,1C25TUV,00004662,10/06/2025,1980556,158444,2139000,Bang_ke_hoa_don_da_su_dung_T6.2025.xls,465
G00383,1C25TUV,00004886,11/06/2025,1980556,158444,2139000,Bang_ke_hoa_don_da_su_dung_T6.2025.xls,689
G00383,1C25TUV,00004887,11/06/2025,1980556,158444,2139000,Bang_ke_hoa_don_da_su_dung_T6.2025.xls,690
G00383,1C25TUV,00004943,12/06/2025,1980556,158444,2139000,Bang_ke_hoa_don_da_su_dung_T6.2025.xls,746
G00383,1C25TUV,00005079,12/06/2025,1980556,158444,2139000,Bang_ke_hoa_don_da_su_dung_T6.2025.xls,882
G00383,1C25TUV,00005120,12/06/2025,1980556,158444,2139000,Bang_ke_hoa_don_da_su_dung_T6.2025.xls,923
G00383,1C25TUV,00005127,12/06/2025,1980556,158444,2139000,Bang_ke_hoa_don_da_su_dung_T6.2025.xls,930
G00383,1C25TUV,00005171,13/06/2025,1980556,158444,2139000,Bang_ke_hoa_don_da_su_dung_T6.2025.xls,974
G00383,1C25TUV,00005289,13/06/2025,1980556,158444,2139000,Bang_ke_hoa_don_da_su_dung_T6.2025.xls,1092
G00383,1C25TUV,00005290,13/06/2025,1980556,158444,2139000,Bang_ke_hoa_don_da_su_dung_T6.2025.xls,1093
G00383,1C25TUV,00005478,14/06/2025,1980556,158444,2139000,Bang_ke_hoa_don_da_su_dung_T6.2025.xls,1281
G00383,1C25TUV,00005511,14/06/2025,1980556,158444,2139000,Bang_ke_hoa_don_da_su_dung_T6.2025.xls,1314
G00383,1C25TUV,00005639,14/06/2025,1980556,158444,2139000,Bang_ke_hoa_don_da_su_dung_T6.2025.xls,1442
G00383,1C25TUV,00005681,15/06/2025,1980556,158444,2139000,Bang_ke_hoa_don_da_su_dung_T6.2025.xls,1484
G00383,1C25TUV,00005715,15/06/2025,1980556,158444,2139000,Bang_ke_hoa_don_da_su_dung_T6.2025.xls,1518
G00383,1C25TUV,00005733,15/06/2025,1980556,158444,2139000,Bang_ke_hoa_don_da_su_dung_T6.2025.xls,1536
G00383,1C25TUV,00005752,15/06/2025,1980556,158444,2139000,Bang_ke_hoa_don_da_su_dung_T6.2025.xls,1555
G00383,1C25TUV,00005836,15/06/2025,1980556,158444,2139000,Bang_ke_hoa_don_da_su_dung_T6.2025.xls,1639
G00383,1C25TUV,00005961,16/06/2025,1980556,158444,2139000,Bang_ke_hoa_don_da_su_dung_T6.2025.xls,1764
G00383,1C25TUV,00006013,16/06/2025,1980556,158444,2139000,Bang_ke_hoa_don_da_su_dung_T6.2025.xls,1816
G00383,1C25TUV,00006159,17/06/2025,1980556,158444,2139000,Bang_ke_hoa_don_da_su_dung_T6.2025.xls,1962
G00383,1C25TUV,00006277,17/06/2025,1980556,158444,2139000,Bang_ke_hoa_don_da_su_dung_T6.2025.xls,2080
G00383,1C25TUV,00006281,17/06/2025,1980556,158444,2139000,Bang_ke_hoa_don_da_su_dung_T6.2025.xls,2084
G00383,1C25TUV,00006486,18/06/2025,1980556,158444,2139000,Bang_ke_hoa_don_da_su_dung_T6.2025.xls,2289
G00383,1C25TUV,00006493,18/06/2025,1980556,158444,2139000,Bang_ke_hoa_don_da_su_dung_T6.2025.xls,2296
G00383,1C25TUV,00006498,18/06/2025,1980556,158444,2139000,Bang_ke_hoa_don_da_su_dung_T6.2025.xls,2301
G00383,1C25TUV,00006540,18/06/2025,1980556,158444,2139000,Bang_ke_hoa_don_da_su_dung_T6.2025.xls,2343
G00383,1C25TUV,00006650,18/06/2025,1980556,158444,2139000,Bang_ke_hoa_don_da_su_dung_T6.2025.xls,2453
G00383,1C25TUV,00006673,18/06/2025,1980556,158444,2139000,Bang_ke_hoa_don_da_su_dung_T6.2025.xls,2476
G00383,1C25TUV,00006815,19/06/2025,1980556,158444,2139000,Bang_ke_hoa_don_da_su_dung_T6.2025.xls,2618
G00383,1C25TUV,00006827,19/06/2025,1980556,158444,2139000,Bang_ke_hoa_don_da_su_dung_T6.2025.xls,2630
G00383,1C25TUV,00006836,19/06/2025,1980556,158444,2139000,Bang_ke_hoa_don_da_su_dung_T6.2025.xls,2639
G00383,1C25TUV,00006849,19/06/2025,1980556,158444,2139000,Bang_ke_hoa_don_da_su_dung_T6.2025.xls,2652
G00383,1C25TUV,00006850,19/06/2025,1980556,158444,2139000,Bang_ke_hoa_don_da_su_dung_T6.2025.xls,2653
G00383,1C25TUV,00006971,19/06/2025,1980556,158444,2139000,Bang_ke_hoa_don_da_su_dung_T6.2025.xls,2774
G00383,1C25TUV,00007004,19/06/2025,1980556,158444,2139000,Bang_ke_hoa_don_da_su_dung_T6.2025.xls,2807
G00383,1C25TUV,00007150,20/06/2025,1980556,158444,2139000,Bang_ke_hoa_don_da_su_dung_T6.2025.xls,2953
G00383,1C25TUV,00007283,20/06/2025,1980556,158444,2139000,Bang_ke_hoa_don_da_su_dung_T6.2025.xls,3086
G00383,1C25TUV,00007302,20/06/2025,1980556,158444,2139000,Bang_ke_hoa_don_da_su_dung_T6.2025.xls,3105
G00383,1C25TUV,00007329,20/06/2025,1980556,158444,2139000,Bang_ke_hoa_don_da_su_dung_T6.2025.xls,3132
G00383,1C25TUV,00007423,21/06/2025,1980556,158444,2139000,Bang_ke_hoa_don_da_su_dung_T6.2025.xls,3226
G00383,1C25TUV,00007433,21/06/2025,1980556,158444,2139000,Bang_ke_hoa_don_da_su_dung_T6.2025.xls,3236
G00383,1C25TUV,00007487,21/06/2025,1980556,158444,2139000,Bang_ke_hoa_don_da_su_dung_T6.2025.xls,3290
G00383,1C25TUV,00007517,21/06/2025,1980556,158444,2139000,Bang_ke_hoa_don_da_su_dung_T6.2025.xls,3320
G00383,1C25TUV,00007638,22/06/2025,1980556,158444,2139000,Bang_ke_hoa_don_da_su_dung_T6.2025.xls,3441
G00383,1C25TUV,00007704,22/06/2025,1980556,158444,2139000,Bang_ke_hoa_don_da_su_dung_T6.2025.xls,3507
G00383,1C25TUV,00007712,22/06/2025,1980556,158444,2139000,Bang_ke_hoa_don_da_su_dung_T6.2025.xls,3515
G00383,1C25TUV,00007728,22/06/2025,1980556,158444,2139000,Bang_ke_hoa_don_da_su_dung_T6.2025.xls,3531
G00383,1C25TUV,00007742,22/06/2025,1980556,158444,2139000,Bang_ke_hoa_don_da_su_dung_T6.2025.xls,3545
G00383,1C25TUV,00007998,23/06/2025,1980556,158444,2139000,Bang_ke_hoa_don_da_su_dung_T6.2025.xls,3801
G00383,1C25TUV,00008023,23/06/2025,1980556,158444,2139000,Bang_ke_hoa_don_da_su_dung_T6.2025.xls,3826
G00383,1C25TUV,00008055,23/06/2025,1980556,158444,2139000,Bang_ke_hoa_don_da_su_dung_T6.2025.xls,3858
G00383,1C25TUV,00008193,24/06/2025,1980556,158444,2139000,Bang_ke_hoa_don_da_su_dung_T6.2025.xls,3996
G00383,1C25TUV,00008304,24/06/2025,1980556,158444,2139000,Bang_ke_hoa_don_da_su_dung_T6.2025.xls,4107
G00383,1C25TUV,00008340,24/06/2025,1980556,158444,2139000,Bang_ke_hoa_don_da_su_dung_T6.2025.xls,4143
G00383,1C25TUV,00008369,24/06/2025,1980556,158444,2139000,Bang_ke_hoa_don_da_su_dung_T6.2025.xls,4172
G00383,1C25TUV,00008606,26/06/2025,1980556,158444,2139000,Bang_ke_hoa_don_da_su_dung_T6.2025.xls,4409
G00383,1C25TUV,00008701,26/06/2025,1980556,158444,2139000,Bang_ke_hoa_don_da_su_dung_T6.2025.xls,4504
G00383,1C25TUV,00008707,26/06/2025,1980556,158444,2139000,Bang_ke_hoa_don_da_su_dung_T6.2025.xls,4510
G00383,1C25TUV,00008908,27/06/2025,1980556,158444,2139000,Bang_ke_hoa_don_da_su_dung_T6.2025.xls,4711
G00383,1C25TUV,00009156,28/06/2025,1980556,158444,2139000,Bang_ke_hoa_don_da_su_dung_T6.2025.xls,4959
G00384,1C25TUV,00000843,25/05/2025,499073,39926,538999,Bang_ke_hoa_don_da_su_dung_2024-T6.2025.xls,1634
G00384,1C25TUV,00000849,25/05/2025,499073,39926,538999,Bang_ke_hoa_don_da_su_dung_2024-T6.2025.xls,1640
G00384,1C25TUV,00000861,25/05/2025,499073,39926,538999,Bang_ke_hoa_don_da_su_dung_2024-T6.2025.xls,1652
G00384,1C25TUV,00001378,27/05/2025,499073,39926,538999,Bang_ke_hoa_don_da_su_dung_2024-T6.2025.xls,2169
G00384,1C25TUV,00001418,27/05/2025,499073,39926,538999,Bang_ke_hoa_don_da_su_dung_2024-T6.2025.xls,2209
G00384,1C25TUV,00001705,28/05/2025,499073,39926,538999,Bang_ke_hoa_don_da_su_dung_2024-T6.2025.xls,2496
G00384,1C25TUV,00001860,29/05/2025,499073,39926,538999,Bang_ke_hoa_don_da_su_dung_2024-T6.2025.xls,2651
G00384,1C25TUV,00002691,31/05/2025,499073,39926,538999,Bang_ke_hoa_don_da_su_dung_2024-T6.2025.xls,3480
G00384,1C25TUV,00002752,01/06/2025,499073,39926,538999,Bang_ke_hoa_don_da_su_dung_2024-T6.2025.xls,3541
G00384,1C25TUV,00002927,03/06/2025,499073,39926,538999,Bang_ke_hoa_don_da_su_dung_2024-T6.2025.xls,3716
G00384,1C25TUV,00002931,03/06/2025,499073,39926,538999,Bang_ke_hoa_don_da_su_dung_2024-T6.2025.xls,3720
G00384,1C25TUV,00002941,03/06/2025,499073,39926,538999,Bang_ke_hoa_don_da_su_dung_2024-T6.2025.xls,3730
G00384,1C25TUV,00002944,03/06/2025,499073,39926,538999,Bang_ke_hoa_don_da_su_dung_2024-T6.2025.xls,3733
G00384,1C25TUV,00002955,03/06/2025,499073,39926,538999,Bang_ke_hoa_don_da_su_dung_2024-T6.2025.xls,3744
G00384,1C25TUV,00002958,03/06/2025,499073,39926,538999,Bang_ke_hoa_don_da_su_dung_2024-T6.2025.xls,3747
G00384,1C25TUV,00002961,03/06/2025,499073,39926,538999,Bang_ke_hoa_don_da_su_dung_2024-T6.2025.xls,3750
G00384,1C25TUV,00003069,04/06/2025,499073,39926,538999,Bang_ke_hoa_don_da_su_dung_2024-T6.2025.xls,3858
G00384,1C25TUV,00003079,04/06/2025,499073,39926,538999,Bang_ke_hoa_don_da_su_dung_2024-T6.2025.xls,3868
G00384,1C25TUV,00003087,04/06/2025,499073,39926,538999,Bang_ke_hoa_don_da_su_dung_2024-T6.2025.xls,3876
G00384,1C25TUV,00003096,04/06/2025,499073,39926,538999,Bang_ke_hoa_don_da_su_dung_2024-T6.2025.xls,3885
G00384,1C25TUV,00003104,04/06/2025,499073,39926,538999,Bang_ke_hoa_don_da_su_dung_2024-T6.2025.xls,3893
G00384,1C25TUV,00003121,04/06/2025,499073,39926,538999,Bang_ke_hoa_don_da_su_dung_2024-T6.2025.xls,3910
G00384,1C25TUV,00003126,04/06/2025,499073,39926,538999,Bang_ke_hoa_don_da_su_dung_2024-T6.2025.xls,3915
G00384,1C25TUV,00003144,04/06/2025,499073,39926,538999,Bang_ke_hoa_don_da_su_dung_2024-T6.2025.xls,3933
G00384,1C25TUV,00003234,05/06/2025,499073,39926,538999,Bang_ke_hoa_don_da_su_dung_2024-T6.2025.xls,4023
G00384,1C25TUV,00003235,05/06/2025,499073,39926,538999,Bang_ke_hoa_don_da_su_dung_2024-T6.2025.xls,4024
G00384,1C25TUV,00003305,05/06/2025,499073,39926,538999,Bang_ke_hoa_don_da_su_dung_2024-T6.2025.xls,4094
G00384,1C25TUV,00003435,06/06/2025,499073,39926,538999,Bang_ke_hoa_don_da_su_dung_2024-T6.2025.xls,4224
G00384,1C25TUV,00003439,06/06/2025,499073,39926,538999,Bang_ke_hoa_don_da_su_dung_2024-T6.2025.xls,4228
G00384,1C25TUV,00003443,06/06/2025,499073,39926,538999,Bang_ke_hoa_don_da_su_dung_2024-T6.2025.xls,4232
G00384,1C25TUV,00003444,06/06/2025,499073,39926,538999,Bang_ke_hoa_don_da_su_dung_2024-T6.2025.xls,4233
G00384,1C25TUV,00003454,06/06/2025,499073,39926,538999,Bang_ke_hoa_don_da_su_dung_2024-T6.2025.xls,4243
G00384,1C25TUV,00003538,06/06/2025,499073,39926,538999,Bang_ke_hoa_don_da_su_dung_2024-T6.2025.xls,4327
G00384,1C25TUV,00003560,06/06/2025,499073,39926,538999,Bang_ke_hoa_don_da_su_dung_2024-T6.2025.xls,4349
G00384,1C25TUV,00003785,07/06/2025,499073,39926,538999,Bang_ke_hoa_don_da_su_dung_2024-T6.2025.xls,4574
G00384,1C25TUV,00003800,07/06/2025,499073,39926,538999,Bang_ke_hoa_don_da_su_dung_2024-T6.2025.xls,4589
G00384,1C25TUV,00004034,08/06/2025,499073,39926,538999,Bang_ke_hoa_don_da_su_dung_2024-T6.2025.xls,4823
G00384,1C25TUV,00009191,29/06/2025,499073,39926,538999,Bang_ke_hoa_don_da_su_dung_T6.2025 L2.xls,11
G00384,1C25TUV,00009240,29/06/2025,499073,39926,538999,Bang_ke_hoa_don_da_su_dung_T6.2025 L2.xls,60
G00384,1C25TUV,00009258,29/06/2025,499073,39926,538999,Bang_ke_hoa_don_da_su_dung_T6.2025 L2.xls,78
G00384,1C25TUV,00009261,29/06/2025,499073,39926,538999,Bang_ke_hoa_don_da_su_dung_T6.2025 L2.xls,81
G00384,1C25TUV,00009520,30/06/2025,499073,39926,538999,Bang_ke_hoa_don_da_su_dung_T6.2025 L2.xls,340
G00384,1C25TUV,00009522,30/06/2025,499073,39926,538999,Bang_ke_hoa_don_da_su_dung_T6.2025 L2.xls,342
G00384,1C25TUV,00009533,30/06/2025,499073,39926,538999,Bang_ke_hoa_don_da_su_dung_T6.2025 L2.xls,353
G00384,1C25TUV,00009554,30/06/2025,499073,39926,538999,Bang_ke_hoa_don_da_su_dung_T6.2025 L2.xls,374
G00384,1C25TUV,00009556,30/06/2025,499073,39926,538999,Bang_ke_hoa_don_da_su_dung_T6.2025 L2.xls,376
G00384,1C25TUV,00009561,30/06/2025,499073,39926,538999,Bang_ke_hoa_don_da_su_dung_T6.2025 L2.xls,381
G00384,1C25TUV,00009563,30/06/2025,499073,39926,538999,Bang_ke_hoa_don_da_su_dung_T6.2025 L2.xls,383
G00384,1C25TUV,00004421,10/06/2025,499073,39926,538999,Bang_ke_hoa_don_da_su_dung_T6.2025.xls,224
G00384,1C25TUV,00004474,10/06/2025,499073,39926,538999,Bang_ke_hoa_don_da_su_dung_T6.2025.xls,277
G00384,1C25TUV,00004736,11/06/2025,499073,39926,538999,Bang_ke_hoa_don_da_su_dung_T6.2025.xls,539
G00384,1C25TUV,00004738,11/06/2025,499073,39926,538999,Bang_ke_hoa_don_da_su_dung_T6.2025.xls,541
G00384,1C25TUV,00004745,11/06/2025,499073,39926,538999,Bang_ke_hoa_don_da_su_dung_T6.2025.xls,548
G00384,1C25TUV,00004776,11/06/2025,499073,39926,538999,Bang_ke_hoa_don_da_su_dung_T6.2025.xls,579
G00384,1C25TUV,00004923,12/06/2025,499073,39926,538999,Bang_ke_hoa_don_da_su_dung_T6.2025.xls,726
G00384,1C25TUV,00004926,12/06/2025,499073,39926,538999,Bang_ke_hoa_don_da_su_dung_T6.2025.xls,729
G00384,1C25TUV,00004939,12/06/2025,499073,39926,538999,Bang_ke_hoa_don_da_su_dung_T6.2025.xls,742
G00384,1C25TUV,00004940,12/06/2025,499073,39926,538999,Bang_ke_hoa_don_da_su_dung_T6.2025.xls,743
G00384,1C25TUV,00004945,12/06/2025,499073,39926,538999,Bang_ke_hoa_don_da_su_dung_T6.2025.xls,748
G00384,1C25TUV,00004966,12/06/2025,499073,39926,538999,Bang_ke_hoa_don_da_su_dung_T6.2025.xls,769
G00384,1C25TUV,00004968,12/06/2025,499073,39926,538999,Bang_ke_hoa_don_da_su_dung_T6.2025.xls,771
G00384,1C25TUV,00004978,12/06/2025,499073,39926,538999,Bang_ke_hoa_don_da_su_dung_T6.2025.xls,781
G00384,1C25TUV,00004979,12/06/2025,499073,39926,538999,Bang_ke_hoa_don_da_su_dung_T6.2025.xls,782
G00384,1C25TUV,00004989,12/06/2025,499073,39926,538999,Bang_ke_hoa_don_da_su_dung_T6.2025.xls,792
G00384,1C25TUV,00004993,12/06/2025,499073,39926,538999,Bang_ke_hoa_don_da_su_dung_T6.2025.xls,796
G00384,1C25TUV,00005166,13/06/2025,499073,39926,538999,Bang_ke_hoa_don_da_su_dung_T6.2025.xls,969
G00384,1C25TUV,00005190,13/06/2025,499073,39926,538999,Bang_ke_hoa_don_da_su_dung_T6.2025.xls,993
G00384,1C25TUV,00005266,13/06/2025,499073,39926,538999,Bang_ke_hoa_don_da_su_dung_T6.2025.xls,1069
G00384,1C25TUV,00005552,14/06/2025,499073,39926,538999,Bang_ke_hoa_don_da_su_dung_T6.2025.xls,1355
G00384,1C25TUV,00005575,14/06/2025,499073,39926,538999,Bang_ke_hoa_don_da_su_dung_T6.2025.xls,1378
G00384,1C25TUV,00005614,14/06/2025,499073,39926,538999,Bang_ke_hoa_don_da_su_dung_T6.2025.xls,1417
G00384,1C25TUV,00005619,14/06/2025,499073,39926,538999,Bang_ke_hoa_don_da_su_dung_T6.2025.xls,1422
G00384,1C25TUV,00005621,14/06/2025,499073,39926,538999,Bang_ke_hoa_don_da_su_dung_T6.2025.xls,1424
G00384,1C25TUV,00005633,14/06/2025,499073,39926,538999,Bang_ke_hoa_don_da_su_dung_T6.2025.xls,1436
G00384,1C25TUV,00005650,14/06/2025,499073,39926,538999,Bang_ke_hoa_don_da_su_dung_T6.2025.xls,1453
G00384,1C25TUV,00005786,15/06/2025,499073,39926,538999,Bang_ke_hoa_don_da_su_dung_T6.2025.xls,1589
G00384,1C25TUV,00005821,15/06/2025,499073,39926,538999,Bang_ke_hoa_don_da_su_dung_T6.2025.xls,1624
G00384,1C25TUV,00005832,15/06/2025,499073,39926,538999,Bang_ke_hoa_don_da_su_dung_T6.2025.xls,1635
G00384,1C25TUV,00005848,15/06/2025,499073,39926,538999,Bang_ke_hoa_don_da_su_dung_T6.2025.xls,1651
G00384,1C25TUV,00005852,15/06/2025,499073,39926,538999,Bang_ke_hoa_don_da_su_dung_T6.2025.xls,1655
G00384,1C25TUV,00005855,15/06/2025,499073,39926,538999,Bang_ke_hoa_don_da_su_dung_T6.2025.xls,1658
G00384,1C25TUV,00005857,15/06/2025,499073,39926,538999,Bang_ke_hoa_don_da_su_dung_T6.2025.xls,1660
G00384,1C25TUV,00005860,15/06/2025,499073,39926,538999,Bang_ke_hoa_don_da_su_dung_T6.2025.xls,1663
G00384,1C25TUV,00005920,16/06/2025,499073,39926,538999,Bang_ke_hoa_don_da_su_dung_T6.2025.xls,1723
G00384,1C25TUV,00005948,16/06/2025,499073,39926,538999,Bang_ke_hoa_don_da_su_dung_T6.2025.xls,1751
G00384,1C25TUV,00005966,16/06/2025,499073,39926,538999,Bang_ke_hoa_don_da_su_dung_T6.2025.xls,1769
G00384,1C25TUV,00005971,16/06/2025,499073,39926,538999,Bang_ke_hoa_don_da_su_dung_T6.2025.xls,1774
G00384,1C25TUV,00006275,17/06/2025,499073,39926,538999,Bang_ke_hoa_don_da_su_dung_T6.2025.xls,2078
G00384,1C25TUV,00006288,17/06/2025,499073,39926,538999,Bang_ke_hoa_don_da_su_dung_T6.2025.xls,2091
G00384,1C25TUV,00006373,17/06/2025,499073,39926,538999,Bang_ke_hoa_don_da_su_dung_T6.2025.xls,2176
G00384,1C25TUV,00006646,18/06/2025,499073,39926,538999,Bang_ke_hoa_don_da_su_dung_T6.2025.xls,2449
G00384,1C25TUV,00006655,18/06/2025,499073,39926,538999,Bang_ke_hoa_don_da_su_dung_T6.2025.xls,2458
G00384,1C25TUV,00006658,18/06/2025,499073,39926,538999,Bang_ke_hoa_don_da_su_dung_T6.2025.xls,2461
G00384,1C25TUV,00006664,18/06/2025,499073,39926,538999,Bang_ke_hoa_don_da_su_dung_T6.2025.xls,2467
G00384,1C25TUV,00006667,18/06/2025,499073,39926,538999,Bang_ke_hoa_don_da_su_dung_T6.2025.xls,2470
G00384,1C25TUV,00006694,18/06/2025,499073,39926,538999,Bang_ke_hoa_don_da_su_dung_T6.2025.xls,2497
G00384,1C25TUV,00006695,18/06/2025,499073,39926,538999,Bang_ke_hoa_don_da_su_dung_T6.2025.xls,2498
G00384,1C25TUV,00006703,18/06/2025,499073,39926,538999,Bang_ke_hoa_don_da_su_dung_T6.2025.xls,2506
G00384,1C25TUV,00006706,18/06/2025,499073,39926,538999,Bang_ke_hoa_don_da_su_dung_T6.2025.xls,2509
G00384,1C25TUV,00006968,19/06/2025,499073,39926,538999,Bang_ke_hoa_don_da_su_dung_T6.2025.xls,2771
G00384,1C25TUV,00006974,19/06/2025,499073,39926,538999,Bang_ke_hoa_don_da_su_dung_T6.2025.xls,2777
G00384,1C25TUV,00006977,19/06/2025,499073,39926,538999,Bang_ke_hoa_don_da_su_dung_T6.2025.xls,2780
G00384,1C25TUV,00006985,19/06/2025,499073,39926,538999,Bang_ke_hoa_don_da_su_dung_T6.2025.xls,2788
G00384,1C25TUV,00007000,19/06/2025,499073,39926,538999,Bang_ke_hoa_don_da_su_dung_T6.2025.xls,2803
G00384,1C25TUV,00007281,20/06/2025,499073,39926,538999,Bang_ke_hoa_don_da_su_dung_T6.2025.xls,3084
G00384,1C25TUV,00007286,20/06/2025,499073,39926,538999,Bang_ke_hoa_don_da_su_dung_T6.2025.xls,3089
G00384,1C25TUV,00007289,20/06/2025,499073,39926,538999,Bang_ke_hoa_don_da_su_dung_T6.2025.xls,3092
G00384,1C25TUV,00007316,20/06/2025,499073,39926,538999,Bang_ke_hoa_don_da_su_dung_T6.2025.xls,3119
G00384,1C25TUV,00007322,20/06/2025,499073,39926,538999,Bang_ke_hoa_don_da_su_dung_T6.2025.xls,3125
G00384,1C25TUV,00007326,20/06/2025,499073,39926,538999,Bang_ke_hoa_don_da_su_dung_T6.2025.xls,3129
G00384,1C25TUV,00007455,21/06/2025,499073,39926,538999,Bang_ke_hoa_don_da_su_dung_T6.2025.xls,3258
G00384,1C25TUV,00007459,21/06/2025,499073,39926,538999,Bang_ke_hoa_don_da_su_dung_T6.2025.xls,3262
G00384,1C25TUV,00007491,21/06/2025,499073,39926,538999,Bang_ke_hoa_don_da_su_dung_T6.2025.xls,3294
G00384,1C25TUV,00007501,21/06/2025,499073,39926,538999,Bang_ke_hoa_don_da_su_dung_T6.2025.xls,3304
G00384,1C25TUV,00007544,21/06/2025,499073,39926,538999,Bang_ke_hoa_don_da_su_dung_T6.2025.xls,3347
G00384,1C25TUV,00007548,21/06/2025,499073,39926,538999,Bang_ke_hoa_don_da_su_dung_T6.2025.xls,3351
G00384,1C25TUV,00007550,21/06/2025,499073,39926,538999,Bang_ke_hoa_don_da_su_dung_T6.2025.xls,3353
G00384,1C25TUV,00007554,21/06/2025,499073,39926,538999,Bang_ke_hoa_don_da_su_dung_T6.2025.xls,3357
G00384,1C25TUV,00007560,21/06/2025,499073,39926,538999,Bang_ke_hoa_don_da_su_dung_T6.2025.xls,3363
G00384,1C25TUV,00007575,21/06/2025,499073,39926,538999,Bang_ke_hoa_don_da_su_dung_T6.2025.xls,3378
G00384,1C25TUV,00007580,21/06/2025,499073,39926,538999,Bang_ke_hoa_don_da_su_dung_T6.2025.xls,3383
G00384,1C25TUV,00007592,21/06/2025,499073,39926,538999,Bang_ke_hoa_don_da_su_dung_T6.2025.xls,3395
G00384,1C25TUV,00007595,21/06/2025,499073,39926,538999,Bang_ke_hoa_don_da_su_dung_T6.2025.xls,3398
G00384,1C25TUV,00007597,21/06/2025,499073,39926,538999,Bang_ke_hoa_don_da_su_dung_T6.2025.xls,3400
G00384,1C25TUV,00007735,22/06/2025,499073,39926,538999,Bang_ke_hoa_don_da_su_dung_T6.2025.xls,3538
G00384,1C25TUV,00007739,22/06/2025,499073,39926,538999,Bang_ke_hoa_don_da_su_dung_T6.2025.xls,3542
G00384,1C25TUV,00007774,22/06/2025,499073,39926,538999,Bang_ke_hoa_don_da_su_dung_T6.2025.xls,3577
G00384,1C25TUV,00007777,22/06/2025,499073,39926,538999,Bang_ke_hoa_don_da_su_dung_T6.2025.xls,3580
G00384,1C25TUV,00007794,22/06/2025,499073,39926,538999,Bang_ke_hoa_don_da_su_dung_T6.2025.xls,3597
G00384,1C25TUV,00007803,22/06/2025,499073,39926,538999,Bang_ke_hoa_don_da_su_dung_T6.2025.xls,3606
G00384,1C25TUV,00007805,22/06/2025,499073,39926,538999,Bang_ke_hoa_don_da_su_dung_T6.2025.xls,3608
G00384,1C25TUV,00007815,22/06/2025,499073,39926,538999,Bang_ke_hoa_don_da_su_dung_T6.2025.xls,3618
G00384,1C25TUV,00007817,22/06/2025,499073,39926,538999,Bang_ke_hoa_don_da_su_dung_T6.2025.xls,3620
G00384,1C25TUV,00007818,22/06/2025,499073,39926,538999,Bang_ke_hoa_don_da_su_dung_T6.2025.xls,3621
G00384,1C25TUV,00007927,23/06/2025,499073,39926,538999,Bang_ke_hoa_don_da_su_dung_T6.2025.xls,3730
G00384,1C25TUV,00007979,23/06/2025,499073,39926,538999,Bang_ke_hoa_don_da_su_dung_T6.2025.xls,3782
G00384,1C25TUV,00008214,24/06/2025,499073,39926,538999,Bang_ke_hoa_don_da_su_dung_T6.2025.xls,4017
G00384,1C25TUV,00008223,24/06/2025,499073,39926,538999,Bang_ke_hoa_don_da_su_dung_T6.2025.xls,4026
G00384,1C25TUV,00008247,24/06/2025,499073,39926,538999,Bang_ke_hoa_don_da_su_dung_T6.2025.xls,4050
G00384,1C25TUV,00008256,24/06/2025,499073,39926,538999,Bang_ke_hoa_don_da_su_dung_T6.2025.xls,4059
G00384,1C25TUV,00008285,24/06/2025,499073,39926,538999,Bang_ke_hoa_don_da_su_dung_T6.2025.xls,4088
G00384,1C25TUV,00008290,24/06/2025,499073,39926,538999,Bang_ke_hoa_don_da_su_dung_T6.2025.xls,4093
G00384,1C25TUV,00008308,24/06/2025,499073,39926,538999,Bang_ke_hoa_don_da_su_dung_T6.2025.xls,4111
G00384,1C25TUV,00008314,24/06/2025,499073,39926,538999,Bang_ke_hoa_don_da_su_dung_T6.2025.xls,4117
G00384,1C25TUV,00008518,25/06/2025,499073,39926,538999,Bang_ke_hoa_don_da_su_dung_T6.2025.xls,4321
G00384,1C25TUV,00008529,25/06/2025,499073,39926,538999,Bang_ke_hoa_don_da_su_dung_T6.2025.xls,4332
G00384,1C25TUV,00008541,25/06/2025,499073,39926,538999,Bang_ke_hoa_don_da_su_dung_T6.2025.xls,4344
G00384,1C25TUV,00008558,25/06/2025,499073,39926,538999,Bang_ke_hoa_don_da_su_dung_T6.2025.xls,4361
G00384,1C25TUV,00008561,25/06/2025,499073,39926,538999,Bang_ke_hoa_don_da_su_dung_T6.2025.xls,4364
G00384,1C25TUV,00008674,26/06/2025,499073,39926,538999,Bang_ke_hoa_don_da_su_dung_T6.2025.xls,4477
G00384,1C25TUV,00008692,26/06/2025,499073,39926,538999,Bang_ke_hoa_don_da_su_dung_T6.2025.xls,4495
G00384,1C25TUV,00008703,26/06/2025,499073,39926,538999,Bang_ke_hoa_don_da_su_dung_T6.2025.xls,4506
G00384,1C25TUV,00008717,26/06/2025,499073,39926,538999,Bang_ke_hoa_don_da_su_dung_T6.2025.xls,4520
G00384,1C25TUV,00008872,27/06/2025,499073,39926,538999,Bang_ke_hoa_don_da_su_dung_T6.2025.xls,4675
G00384,1C25TUV,00008906,27/06/2025,499073,39926,538999,Bang_ke_hoa_don_da_su_dung_T6.2025.xls,4709
G00384,1C25TUV,00008976,27/06/2025,499073,39926,538999,Bang_ke_hoa_don_da_su_dung_T6.2025.xls,4779
G00384,1C25TUV,00008979,27/06/2025,499073,39926,538999,Bang_ke_hoa_don_da_su_dung_T6.2025.xls,4782
G00384,1C25TUV,00008983,27/06/2025,499073,39926,538999,Bang_ke_hoa_don_da_su_dung_T6.2025.xls,4786
G00384,1C25TUV,00009149,28/06/2025,499073,39926,538999,Bang_ke_hoa_don_da_su_dung_T6.2025.xls,4952
G00384,1C25TUV,00009158,28/06/2025,499073,39926,538999,Bang_ke_hoa_don_da_su_dung_T6.2025.xls,4961
G00384,1C25TUV,00009159,28/06/2025,499073,39926,538999,Bang_ke_hoa_don_da_su_dung_T6.2025.xls,4962
G00384,1C25TUV,00009161,28/06/2025,499073,39926,538999,Bang_ke_hoa_don_da_su_dung_T6.2025.xls,4964
G00384,1C25TUV,00009163,28/06/2025,499073,39926,538999,Bang_ke_hoa_don_da_su_dung_T6.2025.xls,4966
G00384,1C25TUV,00009171,28/06/2025,499073,39926,538999,Bang_ke_hoa_don_da_su_dung_T6.2025.xls,4974
G00384,1C25TUV,00009173,28/06/2025,499073,39926,538999,Bang_ke_hoa_don_da_su_dung_T6.2025.xls,4976
G00384,1C25TUV,00009176,28/06/2025,499073,39926,538999,Bang_ke_hoa_don_da_su_dung_T6.2025.xls,4979
G00384,1C25TUV,00009185,28/06/2025,499073,39926,538999,Bang_ke_hoa_don_da_su_dung_T6.2025.xls,4988
G00385,1C25TUV,00000846,25/05/2025,981480,78518,1059998,Bang_ke_hoa_don_da_su_dung_2024-T6.2025.xls,1637
G00386,1C25TUV,00000855,25/05/2025,675000,54000,729000,Bang_ke_hoa_don_da_su_dung_2024-T6.2025.xls,1646
G00386,1C25TUV,00001381,27/05/2025,675000,54000,729000,Bang_ke_hoa_don_da_su_dung_2024-T6.2025.xls,2172
G00386,1C25TUV,00001413,27/05/2025,675000,54000,729000,Bang_ke_hoa_don_da_su_dung_2024-T6.2025.xls,2204
G00386,1C25TUV,00001588,28/05/2025,675000,54000,729000,Bang_ke_hoa_don_da_su_dung_2024-T6.2025.xls,2379
G00386,1C25TUV,00001684,28/05/2025,675000,54000,729000,Bang_ke_hoa_don_da_su_dung_2024-T6.2025.xls,2475
G00386,1C25TUV,00001696,28/05/2025,675000,54000,729000,Bang_ke_hoa_don_da_su_dung_2024-T6.2025.xls,2487
G00386,1C25TUV,00002503,30/05/2025,675000,54000,729000,Bang_ke_hoa_don_da_su_dung_2024-T6.2025.xls,3292
G00386,1C25TUV,00002515,30/05/2025,675000,54000,729000,Bang_ke_hoa_don_da_su_dung_2024-T6.2025.xls,3304
G00386,1C25TUV,00002648,31/05/2025,675000,54000,729000,Bang_ke_hoa_don_da_su_dung_2024-T6.2025.xls,3437
G00386,1C25TUV,00002733,31/05/2025,675000,54000,729000,Bang_ke_hoa_don_da_su_dung_2024-T6.2025.xls,3522
G00386,1C25TUV,00002748,01/06/2025,675000,54000,729000,Bang_ke_hoa_don_da_su_dung_2024-T6.2025.xls,3537
G00386,1C25TUV,00002894,02/06/2025,675000,54000,729000,Bang_ke_hoa_don_da_su_dung_2024-T6.2025.xls,3683
G00386,1C25TUV,00002900,02/06/2025,675000,54000,729000,Bang_ke_hoa_don_da_su_dung_2024-T6.2025.xls,3689
G00386,1C25TUV,00003131,04/06/2025,675000,54000,729000,Bang_ke_hoa_don_da_su_dung_2024-T6.2025.xls,3920
G00386,1C25TUV,00003314,05/06/2025,675000,54000,729000,Bang_ke_hoa_don_da_su_dung_2024-T6.2025.xls,4103
G00386,1C25TUV,00003506,06/06/2025,675000,54000,729000,Bang_ke_hoa_don_da_su_dung_2024-T6.2025.xls,4295
G00386,1C25TUV,00003813,07/06/2025,675000,54000,729000,Bang_ke_hoa_don_da_su_dung_2024-T6.2025.xls,4602
G00386,1C25TUV,00003982,08/06/2025,675000,54000,729000,Bang_ke_hoa_don_da_su_dung_2024-T6.2025.xls,4771
G00386,1C25TUV,00009263,29/06/2025,675000,54000,729000,Bang_ke_hoa_don_da_su_dung_T6.2025 L2.xls,83
G00386,1C25TUV,00009515,30/06/2025,675000,54000,729000,Bang_ke_hoa_don_da_su_dung_T6.2025 L2.xls,335
G00386,1C25TUV,00004973,12/06/2025,675000,54000,729000,Bang_ke_hoa_don_da_su_dung_T6.2025.xls,776
G00386,1C25TUV,00004992,12/06/2025,675000,54000,729000,Bang_ke_hoa_don_da_su_dung_T6.2025.xls,795
G00386,1C25TUV,00005023,12/06/2025,675000,54000,729000,Bang_ke_hoa_don_da_su_dung_T6.2025.xls,826
G00386,1C25TUV,00005045,12/06/2025,675000,54000,729000,Bang_ke_hoa_don_da_su_dung_T6.2025.xls,848
G00386,1C25TUV,00005168,13/06/2025,675000,54000,729000,Bang_ke_hoa_don_da_su_dung_T6.2025.xls,971
G00386,1C25TUV,00005169,13/06/2025,675000,54000,729000,Bang_ke_hoa_don_da_su_dung_T6.2025.xls,972
G00386,1C25TUV,00005193,13/06/2025,675000,54000,729000,Bang_ke_hoa_don_da_su_dung_T6.2025.xls,996
G00386,1C25TUV,00005434,14/06/2025,675000,54000,729000,Bang_ke_hoa_don_da_su_dung_T6.2025.xls,1237
G00386,1C25TUV,00005490,14/06/2025,675000,54000,729000,Bang_ke_hoa_don_da_su_dung_T6.2025.xls,1293
G00386,1C25TUV,00005581,14/06/2025,675000,54000,729000,Bang_ke_hoa_don_da_su_dung_T6.2025.xls,1384
G00386,1C25TUV,00005615,14/06/2025,675000,54000,729000,Bang_ke_hoa_don_da_su_dung_T6.2025.xls,1418
G00386,1C25TUV,00005711,15/06/2025,675000,54000,729000,Bang_ke_hoa_don_da_su_dung_T6.2025.xls,1514
G00386,1C25TUV,00005823,15/06/2025,675000,54000,729000,Bang_ke_hoa_don_da_su_dung_T6.2025.xls,1626
G00386,1C25TUV,00005826,15/06/2025,675000,54000,729000,Bang_ke_hoa_don_da_su_dung_T6.2025.xls,1629
G00386,1C25TUV,00005827,15/06/2025,675000,54000,729000,Bang_ke_hoa_don_da_su_dung_T6.2025.xls,1630
G00386,1C25TUV,00005899,16/06/2025,675000,54000,729000,Bang_ke_hoa_don_da_su_dung_T6.2025.xls,1702
G00386,1C25TUV,00005906,16/06/2025,675000,54000,729000,Bang_ke_hoa_don_da_su_dung_T6.2025.xls,1709
G00386,1C25TUV,00005907,16/06/2025,675000,54000,729000,Bang_ke_hoa_don_da_su_dung_T6.2025.xls,1710
G00386,1C25TUV,00006142,17/06/2025,675000,54000,729000,Bang_ke_hoa_don_da_su_dung_T6.2025.xls,1945
G00386,1C25TUV,00006244,17/06/2025,675000,54000,729000,Bang_ke_hoa_don_da_su_dung_T6.2025.xls,2047
G00386,1C25TUV,00006648,18/06/2025,675000,54000,729000,Bang_ke_hoa_don_da_su_dung_T6.2025.xls,2451
G00386,1C25TUV,00006882,19/06/2025,675000,54000,729000,Bang_ke_hoa_don_da_su_dung_T6.2025.xls,2685
G00386,1C25TUV,00006963,19/06/2025,675000,54000,729000,Bang_ke_hoa_don_da_su_dung_T6.2025.xls,2766
G00386,1C25TUV,00006964,19/06/2025,675000,54000,729000,Bang_ke_hoa_don_da_su_dung_T6.2025.xls,2767
G00386,1C25TUV,00006965,19/06/2025,675000,54000,729000,Bang_ke_hoa_don_da_su_dung_T6.2025.xls,2768
G00386,1C25TUV,00006966,19/06/2025,675000,54000,729000,Bang_ke_hoa_don_da_su_dung_T6.2025.xls,2769
G00386,1C25TUV,00006969,19/06/2025,675000,54000,729000,Bang_ke_hoa_don_da_su_dung_T6.2025.xls,2772
G00386,1C25TUV,00007056,20/06/2025,675000,54000,729000,Bang_ke_hoa_don_da_su_dung_T6.2025.xls,2859
G00386,1C25TUV,00007449,21/06/2025,675000,54000,729000,Bang_ke_hoa_don_da_su_dung_T6.2025.xls,3252
G00386,1C25TUV,00007612,22/06/2025,675000,54000,729000,Bang_ke_hoa_don_da_su_dung_T6.2025.xls,3415
G00386,1C25TUV,00008738,26/06/2025,675000,54000,729000,Bang_ke_hoa_don_da_su_dung_T6.2025.xls,4541
G00386,1C25TUV,00008927,27/06/2025,675000,54000,729000,Bang_ke_hoa_don_da_su_dung_T6.2025.xls,4730
G00386,1C25TUV,00009166,28/06/2025,675000,54000,729000,Bang_ke_hoa_don_da_su_dung_T6.2025.xls,4969
G00387,1C25TUV,00000857,25/05/2025,2464187,197135,2661322,Bang_ke_hoa_don_da_su_dung_2024-T6.2025.xls,1648
G00388,1C25TUV,00000863,25/05/2025,1054629,84370,1138999,Bang_ke_hoa_don_da_su_dung_2024-T6.2025.xls,1654
G00388,1C25TUV,00001712,28/05/2025,1054629,84370,1138999,Bang_ke_hoa_don_da_su_dung_2024-T6.2025.xls,2503
G00388,1C25TUV,00001879,29/05/2025,1054629,84370,1138999,Bang_ke_hoa_don_da_su_dung_2024-T6.2025.xls,2670
G00388,1C25TUV,00002690,31/05/2025,1054629,84370,1138999,Bang_ke_hoa_don_da_su_dung_2024-T6.2025.xls,3479
G00388,1C25TUV,00002780,01/06/2025,1054629,84370,1138999,Bang_ke_hoa_don_da_su_dung_2024-T6.2025.xls,3569
G00388,1C25TUV,00004721,11/06/2025,1054629,84370,1138999,Bang_ke_hoa_don_da_su_dung_T6.2025.xls,524
G00388,1C25TUV,00005970,16/06/2025,1054629,84370,1138999,Bang_ke_hoa_don_da_su_dung_T6.2025.xls,1773
G00388,1C25TUV,00008670,26/06/2025,1054629,84370,1138999,Bang_ke_hoa_don_da_su_dung_T6.2025.xls,4473
G00389,1C25TUV,00000865,25/05/2025,2572221,205778,2777999,Bang_ke_hoa_don_da_su_dung_2024-T6.2025.xls,1656
G00389,1C25TUV,00000875,25/05/2025,2572221,205778,2777999,Bang_ke_hoa_don_da_su_dung_2024-T6.2025.xls,1666
G00389,1C25TUV,00000884,25/05/2025,2572221,205778,2777999,Bang_ke_hoa_don_da_su_dung_2024-T6.2025.xls,1675
G00389,1C25TUV,00000886,25/05/2025,2572221,205778,2777999,Bang_ke_hoa_don_da_su_dung_2024-T6.2025.xls,1677
G00389,1C25TUV,00001635,28/05/2025,2572221,205778,2777999,Bang_ke_hoa_don_da_su_dung_2024-T6.2025.xls,2426
G00389,1C25TUV,00001643,28/05/2025,2572221,205778,2777999,Bang_ke_hoa_don_da_su_dung_2024-T6.2025.xls,2434
G00389,1C25TUV,00001885,29/05/2025,2572221,205778,2777999,Bang_ke_hoa_don_da_su_dung_2024-T6.2025.xls,2676
G00389,1C25TUV,00002495,30/05/2025,2572221,205778,2777999,Bang_ke_hoa_don_da_su_dung_2024-T6.2025.xls,3284
G00389,1C25TUV,00002496,30/05/2025,2572221,205778,2777999,Bang_ke_hoa_don_da_su_dung_2024-T6.2025.xls,3285
G00389,1C25TUV,00002765,01/06/2025,2572221,205778,2777999,Bang_ke_hoa_don_da_su_dung_2024-T6.2025.xls,3554
G00389,1C25TUV,00002783,01/06/2025,2572221,205778,2777999,Bang_ke_hoa_don_da_su_dung_2024-T6.2025.xls,3572
G00389,1C25TUV,00002882,02/06/2025,2572221,205778,2777999,Bang_ke_hoa_don_da_su_dung_2024-T6.2025.xls,3671
G00389,1C25TUV,00002892,02/06/2025,2572221,205778,2777999,Bang_ke_hoa_don_da_su_dung_2024-T6.2025.xls,3681
G00389,1C25TUV,00002893,02/06/2025,2572221,205778,2777999,Bang_ke_hoa_don_da_su_dung_2024-T6.2025.xls,3682
G00389,1C25TUV,00003083,04/06/2025,2572221,205778,2777999,Bang_ke_hoa_don_da_su_dung_2024-T6.2025.xls,3872
G00389,1C25TUV,00003110,04/06/2025,2572221,205778,2777999,Bang_ke_hoa_don_da_su_dung_2024-T6.2025.xls,3899
G00389,1C25TUV,00003149,04/06/2025,2572221,205778,2777999,Bang_ke_hoa_don_da_su_dung_2024-T6.2025.xls,3938
G00389,1C25TUV,00003283,05/06/2025,2572221,205778,2777999,Bang_ke_hoa_don_da_su_dung_2024-T6.2025.xls,4072
G00389,1C25TUV,00003451,06/06/2025,2572221,205778,2777999,Bang_ke_hoa_don_da_su_dung_2024-T6.2025.xls,4240
G00389,1C25TUV,00003492,06/06/2025,2572221,205778,2777999,Bang_ke_hoa_don_da_su_dung_2024-T6.2025.xls,4281
G00389,1C25TUV,00003513,06/06/2025,2572221,205778,2777999,Bang_ke_hoa_don_da_su_dung_2024-T6.2025.xls,4302
G00389,1C25TUV,00004428,10/06/2025,2572221,205778,2777999,Bang_ke_hoa_don_da_su_dung_T6.2025.xls,231
G00389,1C25TUV,00004746,11/06/2025,2572221,205778,2777999,Bang_ke_hoa_don_da_su_dung_T6.2025.xls,549
G00389,1C25TUV,00004948,12/06/2025,2572221,205778,2777999,Bang_ke_hoa_don_da_su_dung_T6.2025.xls,751
G00389,1C25TUV,00004949,12/06/2025,2572221,205778,2777999,Bang_ke_hoa_don_da_su_dung_T6.2025.xls,752
G00389,1C25TUV,00004950,12/06/2025,2572221,205778,2777999,Bang_ke_hoa_don_da_su_dung_T6.2025.xls,753
G00389,1C25TUV,00005549,14/06/2025,2572221,205778,2777999,Bang_ke_hoa_don_da_su_dung_T6.2025.xls,1352
G00389,1C25TUV,00005550,14/06/2025,2572221,205778,2777999,Bang_ke_hoa_don_da_su_dung_T6.2025.xls,1353
G00389,1C25TUV,00005651,14/06/2025,2572221,205778,2777999,Bang_ke_hoa_don_da_su_dung_T6.2025.xls,1454
G00389,1C25TUV,00005845,15/06/2025,2572221,205778,2777999,Bang_ke_hoa_don_da_su_dung_T6.2025.xls,1648
G00389,1C25TUV,00005853,15/06/2025,2572221,205778,2777999,Bang_ke_hoa_don_da_su_dung_T6.2025.xls,1656
G00389,1C25TUV,00005887,16/06/2025,2572221,205778,2777999,Bang_ke_hoa_don_da_su_dung_T6.2025.xls,1690
G00389,1C25TUV,00005915,16/06/2025,2572221,205778,2777999,Bang_ke_hoa_don_da_su_dung_T6.2025.xls,1718
G00389,1C25TUV,00005949,16/06/2025,2572221,205778,2777999,Bang_ke_hoa_don_da_su_dung_T6.2025.xls,1752
G00389,1C25TUV,00005967,16/06/2025,2572221,205778,2777999,Bang_ke_hoa_don_da_su_dung_T6.2025.xls,1770
G00389,1C25TUV,00006544,18/06/2025,2572221,205778,2777999,Bang_ke_hoa_don_da_su_dung_T6.2025.xls,2347
G00389,1C25TUV,00006665,18/06/2025,2572221,205778,2777999,Bang_ke_hoa_don_da_su_dung_T6.2025.xls,2468
G00389,1C25TUV,00006690,18/06/2025,2572221,205778,2777999,Bang_ke_hoa_don_da_su_dung_T6.2025.xls,2493
G00389,1C25TUV,00007009,19/06/2025,2572221,205778,2777999,Bang_ke_hoa_don_da_su_dung_T6.2025.xls,2812
G00389,1C25TUV,00007276,20/06/2025,2572221,205778,2777999,Bang_ke_hoa_don_da_su_dung_T6.2025.xls,3079
G00389,1C25TUV,00007277,20/06/2025,2572221,205778,2777999,Bang_ke_hoa_don_da_su_dung_T6.2025.xls,3080
G00389,1C25TUV,00007477,21/06/2025,2572221,205778,2777999,Bang_ke_hoa_don_da_su_dung_T6.2025.xls,3280
G00389,1C25TUV,00008311,24/06/2025,2572221,205778,2777999,Bang_ke_hoa_don_da_su_dung_T6.2025.xls,4114
G00389,1C25TUV,00008312,24/06/2025,2572221,205778,2777999,Bang_ke_hoa_don_da_su_dung_T6.2025.xls,4115
G00389,1C25TUV,00008699,26/06/2025,2572221,205778,2777999,Bang_ke_hoa_don_da_su_dung_T6.2025.xls,4502
G00389,1C25TUV,00008907,27/06/2025,2572221,205778,2777999,Bang_ke_hoa_don_da_su_dung_T6.2025.xls,4710
G00389,1C25TUV,00009090,28/06/2025,2572221,205778,2777999,Bang_ke_hoa_don_da_su_dung_T6.2025.xls,4893
G00389,1C25TUV,00009170,28/06/2025,2572221,205778,2777999,Bang_ke_hoa_don_da_su_dung_T6.2025.xls,4973
G00390,1C25TUV,00000871,25/05/2025,961111,76889,1038000,Bang_ke_hoa_don_da_su_dung_2024-T6.2025.xls,1662
G00390,1C25TUV,00002984,03/06/2025,961111,76889,1038000,Bang_ke_hoa_don_da_su_dung_2024-T6.2025.xls,3773
G00390,1C25TUV,00004030,08/06/2025,961111,76889,1038000,Bang_ke_hoa_don_da_su_dung_2024-T6.2025.xls,4819
G00391,1C25TUV,00000885,25/05/2025,1044444,83556,1128000,Bang_ke_hoa_don_da_su_dung_2024-T6.2025.xls,1676
G00391,1C25TUV,00003765,07/06/2025,1044444,83556,1128000,Bang_ke_hoa_don_da_su_dung_2024-T6.2025.xls,4554
G00391,1C25TUV,00004029,08/06/2025,1044444,83556,1128000,Bang_ke_hoa_don_da_su_dung_2024-T6.2025.xls,4818
G00391,1C25TUV,00005236,13/06/2025,1044444,83556,1128000,Bang_ke_hoa_don_da_su_dung_T6.2025.xls,1039
G00391,1C25TUV,00007696,22/06/2025,1044444,83556,1128000,Bang_ke_hoa_don_da_su_dung_T6.2025.xls,3499
G00391,1C25TUV,00008860,27/06/2025,1044444,83556,1128000,Bang_ke_hoa_don_da_su_dung_T6.2025.xls,4663
G00392,1C25TUV,00000903,25/05/2025,2572222,205778,2778000,Bang_ke_hoa_don_da_su_dung_2024-T6.2025.xls,1694
G00392,1C25TUV,00002760,01/06/2025,2572222,205778,2778000,Bang_ke_hoa_don_da_su_dung_2024-T6.2025.xls,3549
G00392,1C25TUV,00003549,06/06/2025,2572222,205778,2778000,Bang_ke_hoa_don_da_su_dung_2024-T6.2025.xls,4338
G00392,1C25TUV,00004424,10/06/2025,2572222,205778,2778000,Bang_ke_hoa_don_da_su_dung_T6.2025.xls,227
G00393,1C25TUV,00000905,25/05/2025,164815,13185,178000,Bang_ke_hoa_don_da_su_dung_2024-T6.2025.xls,1696
G00393,1C25TUV,00001396,27/05/2025,164815,13185,178000,Bang_ke_hoa_don_da_su_dung_2024-T6.2025.xls,2187
G00393,1C25TUV,00001896,29/05/2025,164815,13185,178000,Bang_ke_hoa_don_da_su_dung_2024-T6.2025.xls,2687
G00393,1C25TUV,00001897,29/05/2025,164815,13185,178000,Bang_ke_hoa_don_da_su_dung_2024-T6.2025.xls,2688
G00393,1C25TUV,00002481,30/05/2025,164815,13185,178000,Bang_ke_hoa_don_da_su_dung_2024-T6.2025.xls,3270
G00393,1C25TUV,00002482,30/05/2025,164815,13185,178000,Bang_ke_hoa_don_da_su_dung_2024-T6.2025.xls,3271
G00393,1C25TUV,00002483,30/05/2025,164815,13185,178000,Bang_ke_hoa_don_da_su_dung_2024-T6.2025.xls,3272
G00393,1C25TUV,00002484,30/05/2025,164815,13185,178000,Bang_ke_hoa_don_da_su_dung_2024-T6.2025.xls,3273
G00393,1C25TUV,00002485,30/05/2025,164815,13185,178000,Bang_ke_hoa_don_da_su_dung_2024-T6.2025.xls,3274
G00393,1C25TUV,00002652,31/05/2025,164815,13185,178000,Bang_ke_hoa_don_da_su_dung_2024-T6.2025.xls,3441
G00393,1C25TUV,00002657,31/05/2025,164815,13185,178000,Bang_ke_hoa_don_da_su_dung_2024-T6.2025.xls,3446
G00393,1C25TUV,00002665,31/05/2025,164815,13185,178000,Bang_ke_hoa_don_da_su_dung_2024-T6.2025.xls,3454
G00393,1C25TUV,00002666,31/05/2025,164815,13185,178000,Bang_ke_hoa_don_da_su_dung_2024-T6.2025.xls,3455
G00393,1C25TUV,00002683,31/05/2025,164815,13185,178000,Bang_ke_hoa_don_da_su_dung_2024-T6.2025.xls,3472
G00393,1C25TUV,00002745,01/06/2025,164815,13185,178000,Bang_ke_hoa_don_da_su_dung_2024-T6.2025.xls,3534
G00393,1C25TUV,00002747,01/06/2025,164815,13185,178000,Bang_ke_hoa_don_da_su_dung_2024-T6.2025.xls,3536
G00393,1C25TUV,00002755,01/06/2025,164815,13185,178000,Bang_ke_hoa_don_da_su_dung_2024-T6.2025.xls,3544
G00393,1C25TUV,00002768,01/06/2025,164815,13185,178000,Bang_ke_hoa_don_da_su_dung_2024-T6.2025.xls,3557
G00393,1C25TUV,00002775,01/06/2025,164815,13185,178000,Bang_ke_hoa_don_da_su_dung_2024-T6.2025.xls,3564
G00393,1C25TUV,00002891,02/06/2025,164815,13185,178000,Bang_ke_hoa_don_da_su_dung_2024-T6.2025.xls,3680
G00393,1C25TUV,00002952,03/06/2025,164815,13185,178000,Bang_ke_hoa_don_da_su_dung_2024-T6.2025.xls,3741
G00393,1C25TUV,00002965,03/06/2025,164815,13185,178000,Bang_ke_hoa_don_da_su_dung_2024-T6.2025.xls,3754
G00393,1C25TUV,00002980,03/06/2025,164815,13185,178000,Bang_ke_hoa_don_da_su_dung_2024-T6.2025.xls,3769
G00393,1C25TUV,00003078,04/06/2025,164815,13185,178000,Bang_ke_hoa_don_da_su_dung_2024-T6.2025.xls,3867
G00393,1C25TUV,00003114,04/06/2025,164815,13185,178000,Bang_ke_hoa_don_da_su_dung_2024-T6.2025.xls,3903
G00393,1C25TUV,00003226,05/06/2025,164815,13185,178000,Bang_ke_hoa_don_da_su_dung_2024-T6.2025.xls,4015
G00393,1C25TUV,00003231,05/06/2025,164815,13185,178000,Bang_ke_hoa_don_da_su_dung_2024-T6.2025.xls,4020
G00393,1C25TUV,00003281,05/06/2025,164815,13185,178000,Bang_ke_hoa_don_da_su_dung_2024-T6.2025.xls,4070
G00393,1C25TUV,00003318,05/06/2025,164815,13185,178000,Bang_ke_hoa_don_da_su_dung_2024-T6.2025.xls,4107
G00393,1C25TUV,00005628,14/06/2025,164815,13185,178000,Bang_ke_hoa_don_da_su_dung_T6.2025.xls,1431
G00393,1C25TUV,00005631,14/06/2025,164815,13185,178000,Bang_ke_hoa_don_da_su_dung_T6.2025.xls,1434
G00393,1C25TUV,00005841,15/06/2025,164815,13185,178000,Bang_ke_hoa_don_da_su_dung_T6.2025.xls,1644
G00393,1C25TUV,00005850,15/06/2025,164815,13185,178000,Bang_ke_hoa_don_da_su_dung_T6.2025.xls,1653
G00393,1C25TUV,00005983,16/06/2025,164815,13185,178000,Bang_ke_hoa_don_da_su_dung_T6.2025.xls,1786
G00393,1C25TUV,00006000,16/06/2025,164815,13185,178000,Bang_ke_hoa_don_da_su_dung_T6.2025.xls,1803
G00394,1C25TUV,00000907,25/05/2025,597269,47782,645051,Bang_ke_hoa_don_da_su_dung_2024-T6.2025.xls,1698
G00394,1C25TUV,00000909,25/05/2025,597269,47782,645051,Bang_ke_hoa_don_da_su_dung_2024-T6.2025.xls,1700
G00394,1C25TUV,00000910,25/05/2025,597269,47782,645051,Bang_ke_hoa_don_da_su_dung_2024-T6.2025.xls,1701
G00394,1C25TUV,00000911,25/05/2025,597269,47782,645051,Bang_ke_hoa_don_da_su_dung_2024-T6.2025.xls,1702
G00394,1C25TUV,00000913,25/05/2025,597269,47782,645051,Bang_ke_hoa_don_da_su_dung_2024-T6.2025.xls,1704
G00394,1C25TUV,00000914,25/05/2025,597269,47782,645051,Bang_ke_hoa_don_da_su_dung_2024-T6.2025.xls,1705
G00394,1C25TUV,00000915,25/05/2025,597269,47782,645051,Bang_ke_hoa_don_da_su_dung_2024-T6.2025.xls,1706
G00394,1C25TUV,00000916,25/05/2025,597269,47782,645051,Bang_ke_hoa_don_da_su_dung_2024-T6.2025.xls,1707
G00394,1C25TUV,00000918,25/05/2025,597269,47782,645051,Bang_ke_hoa_don_da_su_dung_2024-T6.2025.xls,1709
G00394,1C25TUV,00000919,25/05/2025,597269,47782,645051,Bang_ke_hoa_don_da_su_dung_2024-T6.2025.xls,1710
G00394,1C25TUV,00000922,25/05/2025,597269,47782,645051,Bang_ke_hoa_don_da_su_dung_2024-T6.2025.xls,1713
G00394,1C25TUV,00000924,25/05/2025,597269,47782,645051,Bang_ke_hoa_don_da_su_dung_2024-T6.2025.xls,1715
G00394,1C25TUV,00000926,25/05/2025,597269,47782,645051,Bang_ke_hoa_don_da_su_dung_2024-T6.2025.xls,1717
G00394,1C25TUV,00000928,25/05/2025,597269,47782,645051,Bang_ke_hoa_don_da_su_dung_2024-T6.2025.xls,1719
G00394,1C25TUV,00000930,25/05/2025,597269,47782,645051,Bang_ke_hoa_don_da_su_dung_2024-T6.2025.xls,1721
G00394,1C25TUV,00001118,26/05/2025,597269,47782,645051,Bang_ke_hoa_don_da_su_dung_2024-T6.2025.xls,1909
G00394,1C25TUV,00001120,26/05/2025,597269,47782,645051,Bang_ke_hoa_don_da_su_dung_2024-T6.2025.xls,1911
G00394,1C25TUV,00001400,27/05/2025,597269,47782,645051,Bang_ke_hoa_don_da_su_dung_2024-T6.2025.xls,2191
G00394,1C25TUV,00001647,28/05/2025,597269,47782,645051,Bang_ke_hoa_don_da_su_dung_2024-T6.2025.xls,2438
G00394,1C25TUV,00001648,28/05/2025,597269,47782,645051,Bang_ke_hoa_don_da_su_dung_2024-T6.2025.xls,2439
G00394,1C25TUV,00001650,28/05/2025,597269,47782,645051,Bang_ke_hoa_don_da_su_dung_2024-T6.2025.xls,2441
G00394,1C25TUV,00001651,28/05/2025,597269,47782,645051,Bang_ke_hoa_don_da_su_dung_2024-T6.2025.xls,2442
G00394,1C25TUV,00001653,28/05/2025,597269,47782,645051,Bang_ke_hoa_don_da_su_dung_2024-T6.2025.xls,2444
G00394,1C25TUV,00001655,28/05/2025,597269,47782,645051,Bang_ke_hoa_don_da_su_dung_2024-T6.2025.xls,2446
G00394,1C25TUV,00001656,28/05/2025,597269,47782,645051,Bang_ke_hoa_don_da_su_dung_2024-T6.2025.xls,2447
G00394,1C25TUV,00001657,28/05/2025,597269,47782,645051,Bang_ke_hoa_don_da_su_dung_2024-T6.2025.xls,2448
G00394,1C25TUV,00001658,28/05/2025,597269,47782,645051,Bang_ke_hoa_don_da_su_dung_2024-T6.2025.xls,2449
G00394,1C25TUV,00001659,28/05/2025,597269,47782,645051,Bang_ke_hoa_don_da_su_dung_2024-T6.2025.xls,2450
G00394,1C25TUV,00001660,28/05/2025,597269,47782,645051,Bang_ke_hoa_don_da_su_dung_2024-T6.2025.xls,2451
G00394,1C25TUV,00001661,28/05/2025,597269,47782,645051,Bang_ke_hoa_don_da_su_dung_2024-T6.2025.xls,2452
G00394,1C25TUV,00001662,28/05/2025,597269,47782,645051,Bang_ke_hoa_don_da_su_dung_2024-T6.2025.xls,2453
G00394,1C25TUV,00001664,28/05/2025,597269,47782,645051,Bang_ke_hoa_don_da_su_dung_2024-T6.2025.xls,2455
G00394,1C25TUV,00001665,28/05/2025,597269,47782,645051,Bang_ke_hoa_don_da_su_dung_2024-T6.2025.xls,2456
G00394,1C25TUV,00001666,28/05/2025,597269,47782,645051,Bang_ke_hoa_don_da_su_dung_2024-T6.2025.xls,2457
G00394,1C25TUV,00001667,28/05/2025,597269,47782,645051,Bang_ke_hoa_don_da_su_dung_2024-T6.2025.xls,2458
G00394,1C25TUV,00001668,28/05/2025,597269,47782,645051,Bang_ke_hoa_don_da_su_dung_2024-T6.2025.xls,2459
G00394,1C25TUV,00001669,28/05/2025,597269,47782,645051,Bang_ke_hoa_don_da_su_dung_2024-T6.2025.xls,2460
G00394,1C25TUV,00001670,28/05/2025,597269,47782,645051,Bang_ke_hoa_don_da_su_dung_2024-T6.2025.xls,2461
G00394,1C25TUV,00001671,28/05/2025,597269,47782,645051,Bang_ke_hoa_don_da_su_dung_2024-T6.2025.xls,2462
G00394,1C25TUV,00001672,28/05/2025,597269,47782,645051,Bang_ke_hoa_don_da_su_dung_2024-T6.2025.xls,2463
G00394,1C25TUV,00001674,28/05/2025,597269,47782,645051,Bang_ke_hoa_don_da_su_dung_2024-T6.2025.xls,2465
G00394,1C25TUV,00001675,28/05/2025,597269,47782,645051,Bang_ke_hoa_don_da_su_dung_2024-T6.2025.xls,2466
G00394,1C25TUV,00001676,28/05/2025,597269,47782,645051,Bang_ke_hoa_don_da_su_dung_2024-T6.2025.xls,2467
G00394,1C25TUV,00001677,28/05/2025,597269,47782,645051,Bang_ke_hoa_don_da_su_dung_2024-T6.2025.xls,2468
G00394,1C25TUV,00001686,28/05/2025,597269,47782,645051,Bang_ke_hoa_don_da_su_dung_2024-T6.2025.xls,2477
G00394,1C25TUV,00001687,28/05/2025,597269,47782,645051,Bang_ke_hoa_don_da_su_dung_2024-T6.2025.xls,2478
G00394,1C25TUV,00001688,28/05/2025,597269,47782,645051,Bang_ke_hoa_don_da_su_dung_2024-T6.2025.xls,2479
G00394,1C25TUV,00001689,28/05/2025,597269,47782,645051,Bang_ke_hoa_don_da_su_dung_2024-T6.2025.xls,2480
G00394,1C25TUV,00001690,28/05/2025,597269,47782,645051,Bang_ke_hoa_don_da_su_dung_2024-T6.2025.xls,2481
G00394,1C25TUV,00001691,28/05/2025,597269,47782,645051,Bang_ke_hoa_don_da_su_dung_2024-T6.2025.xls,2482
G00395,1C25TUV,00000908,25/05/2025,452778,36222,489000,Bang_ke_hoa_don_da_su_dung_2024-T6.2025.xls,1699
G00395,1C25TUV,00000925,25/05/2025,452778,36222,489000,Bang_ke_hoa_don_da_su_dung_2024-T6.2025.xls,1716
G00395,1C25TUV,00001652,28/05/2025,452778,36222,489000,Bang_ke_hoa_don_da_su_dung_2024-T6.2025.xls,2443
G00395,1C25TUV,00001694,28/05/2025,452778,36222,489000,Bang_ke_hoa_don_da_su_dung_2024-T6.2025.xls,2485
G00395,1C25TUV,00002522,30/05/2025,452778,36222,489000,Bang_ke_hoa_don_da_su_dung_2024-T6.2025.xls,3311
G00395,1C25TUV,00002890,02/06/2025,452778,36222,489000,Bang_ke_hoa_don_da_su_dung_2024-T6.2025.xls,3679
G00395,1C25TUV,00002908,02/06/2025,452778,36222,489000,Bang_ke_hoa_don_da_su_dung_2024-T6.2025.xls,3697
G00395,1C25TUV,00002915,02/06/2025,452778,36222,489000,Bang_ke_hoa_don_da_su_dung_2024-T6.2025.xls,3704
G00395,1C25TUV,00002969,03/06/2025,452778,36222,489000,Bang_ke_hoa_don_da_su_dung_2024-T6.2025.xls,3758
G00395,1C25TUV,00002970,03/06/2025,452778,36222,489000,Bang_ke_hoa_don_da_su_dung_2024-T6.2025.xls,3759
G00395,1C25TUV,00002992,03/06/2025,452778,36222,489000,Bang_ke_hoa_don_da_su_dung_2024-T6.2025.xls,3781
G00395,1C25TUV,00003005,03/06/2025,452778,36222,489000,Bang_ke_hoa_don_da_su_dung_2024-T6.2025.xls,3794
G00395,1C25TUV,00003034,03/06/2025,452778,36222,489000,Bang_ke_hoa_don_da_su_dung_2024-T6.2025.xls,3823
G00395,1C25TUV,00003155,04/06/2025,452778,36222,489000,Bang_ke_hoa_don_da_su_dung_2024-T6.2025.xls,3944
G00395,1C25TUV,00003323,05/06/2025,452778,36222,489000,Bang_ke_hoa_don_da_su_dung_2024-T6.2025.xls,4112
G00395,1C25TUV,00003341,05/06/2025,452778,36222,489000,Bang_ke_hoa_don_da_su_dung_2024-T6.2025.xls,4130
G00395,1C25TUV,00003568,06/06/2025,452778,36222,489000,Bang_ke_hoa_don_da_su_dung_2024-T6.2025.xls,4357
G00395,1C25TUV,00003763,07/06/2025,452778,36222,489000,Bang_ke_hoa_don_da_su_dung_2024-T6.2025.xls,4552
G00395,1C25TUV,00003941,08/06/2025,452778,36222,489000,Bang_ke_hoa_don_da_su_dung_2024-T6.2025.xls,4730
G00395,1C25TUV,00003942,08/06/2025,452778,36222,489000,Bang_ke_hoa_don_da_su_dung_2024-T6.2025.xls,4731
G00395,1C25TUV,00009285,29/06/2025,452778,36222,489000,Bang_ke_hoa_don_da_su_dung_T6.2025 L2.xls,105
G00395,1C25TUV,00009552,30/06/2025,452778,36222,489000,Bang_ke_hoa_don_da_su_dung_T6.2025 L2.xls,372
G00395,1C25TUV,00004209,09/06/2025,452778,36222,489000,Bang_ke_hoa_don_da_su_dung_T6.2025.xls,12
G00395,1C25TUV,00004218,09/06/2025,452778,36222,489000,Bang_ke_hoa_don_da_su_dung_T6.2025.xls,21
G00395,1C25TUV,00004249,09/06/2025,452778,36222,489000,Bang_ke_hoa_don_da_su_dung_T6.2025.xls,52
G00395,1C25TUV,00004486,10/06/2025,452778,36222,489000,Bang_ke_hoa_don_da_su_dung_T6.2025.xls,289
G00395,1C25TUV,00004513,10/06/2025,452778,36222,489000,Bang_ke_hoa_don_da_su_dung_T6.2025.xls,316
G00395,1C25TUV,00004543,10/06/2025,452778,36222,489000,Bang_ke_hoa_don_da_su_dung_T6.2025.xls,346
G00395,1C25TUV,00004915,12/06/2025,452778,36222,489000,Bang_ke_hoa_don_da_su_dung_T6.2025.xls,718
G00395,1C25TUV,00004916,12/06/2025,452778,36222,489000,Bang_ke_hoa_don_da_su_dung_T6.2025.xls,719
G00395,1C25TUV,00004957,12/06/2025,452778,36222,489000,Bang_ke_hoa_don_da_su_dung_T6.2025.xls,760
G00395,1C25TUV,00005245,13/06/2025,452778,36222,489000,Bang_ke_hoa_don_da_su_dung_T6.2025.xls,1048
G00395,1C25TUV,00005551,14/06/2025,452778,36222,489000,Bang_ke_hoa_don_da_su_dung_T6.2025.xls,1354
G00395,1C25TUV,00005784,15/06/2025,452778,36222,489000,Bang_ke_hoa_don_da_su_dung_T6.2025.xls,1587
G00395,1C25TUV,00005842,15/06/2025,452778,36222,489000,Bang_ke_hoa_don_da_su_dung_T6.2025.xls,1645
G00395,1C25TUV,00005912,16/06/2025,452778,36222,489000,Bang_ke_hoa_don_da_su_dung_T6.2025.xls,1715
G00395,1C25TUV,00005928,16/06/2025,452778,36222,489000,Bang_ke_hoa_don_da_su_dung_T6.2025.xls,1731
G00395,1C25TUV,00005929,16/06/2025,452778,36222,489000,Bang_ke_hoa_don_da_su_dung_T6.2025.xls,1732
G00395,1C25TUV,00005954,16/06/2025,452778,36222,489000,Bang_ke_hoa_don_da_su_dung_T6.2025.xls,1757
G00395,1C25TUV,00006350,17/06/2025,452778,36222,489000,Bang_ke_hoa_don_da_su_dung_T6.2025.xls,2153
G00395,1C25TUV,00007754,22/06/2025,452778,36222,489000,Bang_ke_hoa_don_da_su_dung_T6.2025.xls,3557
G00395,1C25TUV,00008278,24/06/2025,452778,36222,489000,Bang_ke_hoa_don_da_su_dung_T6.2025.xls,4081
G00395,1C25TUV,00008319,24/06/2025,452778,36222,489000,Bang_ke_hoa_don_da_su_dung_T6.2025.xls,4122
G00395,1C25TUV,00008727,26/06/2025,452778,36222,489000,Bang_ke_hoa_don_da_su_dung_T6.2025.xls,4530
G00395,1C25TUV,00008910,27/06/2025,452778,36222,489000,Bang_ke_hoa_don_da_su_dung_T6.2025.xls,4713
G00396,1C25TUV,00000912,25/05/2025,1213008,97041,1310049,Bang_ke_hoa_don_da_su_dung_2024-T6.2025.xls,1703
G00396,1C25TUV,00000917,25/05/2025,1213008,97041,1310049,Bang_ke_hoa_don_da_su_dung_2024-T6.2025.xls,1708
G00396,1C25TUV,00000931,25/05/2025,1213008,97041,1310049,Bang_ke_hoa_don_da_su_dung_2024-T6.2025.xls,1722
G00396,1C25TUV,00000933,25/05/2025,1213008,97041,1310049,Bang_ke_hoa_don_da_su_dung_2024-T6.2025.xls,1724
G00396,1C25TUV,00000937,25/05/2025,1213008,97041,1310049,Bang_ke_hoa_don_da_su_dung_2024-T6.2025.xls,1728
G00396,1C25TUV,00000938,25/05/2025,1213008,97041,1310049,Bang_ke_hoa_don_da_su_dung_2024-T6.2025.xls,1729
G00396,1C25TUV,00001654,28/05/2025,1213008,97041,1310049,Bang_ke_hoa_don_da_su_dung_2024-T6.2025.xls,2445
G00396,1C25TUV,00001663,28/05/2025,1213008,97041,1310049,Bang_ke_hoa_don_da_su_dung_2024-T6.2025.xls,2454
G00396,1C25TUV,00001682,28/05/2025,1213008,97041,1310049,Bang_ke_hoa_don_da_su_dung_2024-T6.2025.xls,2473
G00396,1C25TUV,00001683,28/05/2025,1213008,97041,1310049,Bang_ke_hoa_don_da_su_dung_2024-T6.2025.xls,2474
G00396,1C25TUV,00001867,29/05/2025,1213008,97041,1310049,Bang_ke_hoa_don_da_su_dung_2024-T6.2025.xls,2658
G00396,1C25TUV,00003244,05/06/2025,1213008,97041,1310049,Bang_ke_hoa_don_da_su_dung_2024-T6.2025.xls,4033
G00396,1C25TUV,00003250,05/06/2025,1213008,97041,1310049,Bang_ke_hoa_don_da_su_dung_2024-T6.2025.xls,4039
G00396,1C25TUV,00003251,05/06/2025,1213008,97041,1310049,Bang_ke_hoa_don_da_su_dung_2024-T6.2025.xls,4040
G00396,1C25TUV,00003406,06/06/2025,1213008,97041,1310049,Bang_ke_hoa_don_da_su_dung_2024-T6.2025.xls,4195
G00396,1C25TUV,00003416,06/06/2025,1213008,97041,1310049,Bang_ke_hoa_don_da_su_dung_2024-T6.2025.xls,4205
G00396,1C25TUV,00003423,06/06/2025,1213008,97041,1310049,Bang_ke_hoa_don_da_su_dung_2024-T6.2025.xls,4212
G00396,1C25TUV,00003429,06/06/2025,1213008,97041,1310049,Bang_ke_hoa_don_da_su_dung_2024-T6.2025.xls,4218
G00396,1C25TUV,00003458,06/06/2025,1213008,97041,1310049,Bang_ke_hoa_don_da_su_dung_2024-T6.2025.xls,4247
G00396,1C25TUV,00003461,06/06/2025,1213008,97041,1310049,Bang_ke_hoa_don_da_su_dung_2024-T6.2025.xls,4250
G00396,1C25TUV,00003678,07/06/2025,1213008,97041,1310049,Bang_ke_hoa_don_da_su_dung_2024-T6.2025.xls,4467
G00396,1C25TUV,00003679,07/06/2025,1213008,97041,1310049,Bang_ke_hoa_don_da_su_dung_2024-T6.2025.xls,4468
G00396,1C25TUV,00003687,07/06/2025,1213008,97041,1310049,Bang_ke_hoa_don_da_su_dung_2024-T6.2025.xls,4476
G00396,1C25TUV,00003712,07/06/2025,1213008,97041,1310049,Bang_ke_hoa_don_da_su_dung_2024-T6.2025.xls,4501
G00396,1C25TUV,00003713,07/06/2025,1213008,97041,1310049,Bang_ke_hoa_don_da_su_dung_2024-T6.2025.xls,4502
G00396,1C25TUV,00003716,07/06/2025,1213008,97041,1310049,Bang_ke_hoa_don_da_su_dung_2024-T6.2025.xls,4505
G00396,1C25TUV,00003717,07/06/2025,1213008,97041,1310049,Bang_ke_hoa_don_da_su_dung_2024-T6.2025.xls,4506
G00396,1C25TUV,00003722,07/06/2025,1213008,97041,1310049,Bang_ke_hoa_don_da_su_dung_2024-T6.2025.xls,4511
G00396,1C25TUV,00003725,07/06/2025,1213008,97041,1310049,Bang_ke_hoa_don_da_su_dung_2024-T6.2025.xls,4514
G00396,1C25TUV,00003735,07/06/2025,1213008,97041,1310049,Bang_ke_hoa_don_da_su_dung_2024-T6.2025.xls,4524
G00396,1C25TUV,00003743,07/06/2025,1213008,97041,1310049,Bang_ke_hoa_don_da_su_dung_2024-T6.2025.xls,4532
G00396,1C25TUV,00003744,07/06/2025,1213008,97041,1310049,Bang_ke_hoa_don_da_su_dung_2024-T6.2025.xls,4533
G00396,1C25TUV,00003745,07/06/2025,1213008,97041,1310049,Bang_ke_hoa_don_da_su_dung_2024-T6.2025.xls,4534
G00396,1C25TUV,00003747,07/06/2025,1213008,97041,1310049,Bang_ke_hoa_don_da_su_dung_2024-T6.2025.xls,4536
G00396,1C25TUV,00003770,07/06/2025,1213008,97041,1310049,Bang_ke_hoa_don_da_su_dung_2024-T6.2025.xls,4559
G00396,1C25TUV,00003927,08/06/2025,1213008,97041,1310049,Bang_ke_hoa_don_da_su_dung_2024-T6.2025.xls,4716
G00396,1C25TUV,00003931,08/06/2025,1213008,97041,1310049,Bang_ke_hoa_don_da_su_dung_2024-T6.2025.xls,4720
G00396,1C25TUV,00003935,08/06/2025,1213008,97041,1310049,Bang_ke_hoa_don_da_su_dung_2024-T6.2025.xls,4724
G00396,1C25TUV,00003945,08/06/2025,1213008,97041,1310049,Bang_ke_hoa_don_da_su_dung_2024-T6.2025.xls,4734
G00396,1C25TUV,00003950,08/06/2025,1213008,97041,1310049,Bang_ke_hoa_don_da_su_dung_2024-T6.2025.xls,4739
G00396,1C25TUV,00003951,08/06/2025,1213008,97041,1310049,Bang_ke_hoa_don_da_su_dung_2024-T6.2025.xls,4740
G00396,1C25TUV,00003955,08/06/2025,1213008,97041,1310049,Bang_ke_hoa_don_da_su_dung_2024-T6.2025.xls,4744
G00396,1C25TUV,00003962,08/06/2025,1213008,97041,1310049,Bang_ke_hoa_don_da_su_dung_2024-T6.2025.xls,4751
G00396,1C25TUV,00003973,08/06/2025,1213008,97041,1310049,Bang_ke_hoa_don_da_su_dung_2024-T6.2025.xls,4762
G00396,1C25TUV,00003978,08/06/2025,1213008,97041,1310049,Bang_ke_hoa_don_da_su_dung_2024-T6.2025.xls,4767
G00396,1C25TUV,00004038,08/06/2025,1213008,97041,1310049,Bang_ke_hoa_don_da_su_dung_2024-T6.2025.xls,4827
G00396,1C25TUV,00004044,08/06/2025,1213008,97041,1310049,Bang_ke_hoa_don_da_su_dung_2024-T6.2025.xls,4833
G00396,1C25TUV,00004055,08/06/2025,1213008,97041,1310049,Bang_ke_hoa_don_da_su_dung_2024-T6.2025.xls,4844
G00396,1C25TUV,00004062,08/06/2025,1213008,97041,1310049,Bang_ke_hoa_don_da_su_dung_2024-T6.2025.xls,4851
G00396,1C25TUV,00004067,08/06/2025,1213008,97041,1310049,Bang_ke_hoa_don_da_su_dung_2024-T6.2025.xls,4856
G00396,1C25TUV,00004213,09/06/2025,1213008,97041,1310049,Bang_ke_hoa_don_da_su_dung_T6.2025.xls,16
G00396,1C25TUV,00004220,09/06/2025,1213008,97041,1310049,Bang_ke_hoa_don_da_su_dung_T6.2025.xls,23
G00396,1C25TUV,00004221,09/06/2025,1213008,97041,1310049,Bang_ke_hoa_don_da_su_dung_T6.2025.xls,24
G00396,1C25TUV,00004251,09/06/2025,1213008,97041,1310049,Bang_ke_hoa_don_da_su_dung_T6.2025.xls,54
G00396,1C25TUV,00004288,09/06/2025,1213008,97041,1310049,Bang_ke_hoa_don_da_su_dung_T6.2025.xls,91
G00396,1C25TUV,00004293,09/06/2025,1213008,97041,1310049,Bang_ke_hoa_don_da_su_dung_T6.2025.xls,96
G00396,1C25TUV,00004306,09/06/2025,1213008,97041,1310049,Bang_ke_hoa_don_da_su_dung_T6.2025.xls,109
G00396,1C25TUV,00004445,10/06/2025,1213008,97041,1310049,Bang_ke_hoa_don_da_su_dung_T6.2025.xls,248
G00396,1C25TUV,00004447,10/06/2025,1213008,97041,1310049,Bang_ke_hoa_don_da_su_dung_T6.2025.xls,250
G00396,1C25TUV,00004459,10/06/2025,1213008,97041,1310049,Bang_ke_hoa_don_da_su_dung_T6.2025.xls,262
G00396,1C25TUV,00004460,10/06/2025,1213008,97041,1310049,Bang_ke_hoa_don_da_su_dung_T6.2025.xls,263
G00396,1C25TUV,00004468,10/06/2025,1213008,97041,1310049,Bang_ke_hoa_don_da_su_dung_T6.2025.xls,271
G00396,1C25TUV,00004473,10/06/2025,1213008,97041,1310049,Bang_ke_hoa_don_da_su_dung_T6.2025.xls,276
G00396,1C25TUV,00004484,10/06/2025,1213008,97041,1310049,Bang_ke_hoa_don_da_su_dung_T6.2025.xls,287
G00396,1C25TUV,00004488,10/06/2025,1213008,97041,1310049,Bang_ke_hoa_don_da_su_dung_T6.2025.xls,291
G00396,1C25TUV,00004498,10/06/2025,1213008,97041,1310049,Bang_ke_hoa_don_da_su_dung_T6.2025.xls,301
G00396,1C25TUV,00004500,10/06/2025,1213008,97041,1310049,Bang_ke_hoa_don_da_su_dung_T6.2025.xls,303
G00396,1C25TUV,00004517,10/06/2025,1213008,97041,1310049,Bang_ke_hoa_don_da_su_dung_T6.2025.xls,320
G00396,1C25TUV,00004532,10/06/2025,1213008,97041,1310049,Bang_ke_hoa_don_da_su_dung_T6.2025.xls,335
G00396,1C25TUV,00004554,10/06/2025,1213008,97041,1310049,Bang_ke_hoa_don_da_su_dung_T6.2025.xls,357
G00396,1C25TUV,00004568,10/06/2025,1213008,97041,1310049,Bang_ke_hoa_don_da_su_dung_T6.2025.xls,371
G00396,1C25TUV,00004576,10/06/2025,1213008,97041,1310049,Bang_ke_hoa_don_da_su_dung_T6.2025.xls,379
G00396,1C25TUV,00004767,11/06/2025,1213008,97041,1310049,Bang_ke_hoa_don_da_su_dung_T6.2025.xls,570
G00396,1C25TUV,00004772,11/06/2025,1213008,97041,1310049,Bang_ke_hoa_don_da_su_dung_T6.2025.xls,575
G00396,1C25TUV,00004783,11/06/2025,1213008,97041,1310049,Bang_ke_hoa_don_da_su_dung_T6.2025.xls,586
G00396,1C25TUV,00004784,11/06/2025,1213008,97041,1310049,Bang_ke_hoa_don_da_su_dung_T6.2025.xls,587
G00396,1C25TUV,00004788,11/06/2025,1213008,97041,1310049,Bang_ke_hoa_don_da_su_dung_T6.2025.xls,591
G00396,1C25TUV,00004789,11/06/2025,1213008,97041,1310049,Bang_ke_hoa_don_da_su_dung_T6.2025.xls,592
G00396,1C25TUV,00004794,11/06/2025,1213008,97041,1310049,Bang_ke_hoa_don_da_su_dung_T6.2025.xls,597
G00396,1C25TUV,00004804,11/06/2025,1213008,97041,1310049,Bang_ke_hoa_don_da_su_dung_T6.2025.xls,607
G00396,1C25TUV,00004808,11/06/2025,1213008,97041,1310049,Bang_ke_hoa_don_da_su_dung_T6.2025.xls,611
G00396,1C25TUV,00004984,12/06/2025,1213008,97041,1310049,Bang_ke_hoa_don_da_su_dung_T6.2025.xls,787
G00396,1C25TUV,00005019,12/06/2025,1213008,97041,1310049,Bang_ke_hoa_don_da_su_dung_T6.2025.xls,822
G00396,1C25TUV,00005021,12/06/2025,1213008,97041,1310049,Bang_ke_hoa_don_da_su_dung_T6.2025.xls,824
G00396,1C25TUV,00005259,13/06/2025,1213008,97041,1310049,Bang_ke_hoa_don_da_su_dung_T6.2025.xls,1062
G00396,1C25TUV,00005262,13/06/2025,1213008,97041,1310049,Bang_ke_hoa_don_da_su_dung_T6.2025.xls,1065
G00396,1C25TUV,00005269,13/06/2025,1213008,97041,1310049,Bang_ke_hoa_don_da_su_dung_T6.2025.xls,1072
G00396,1C25TUV,00005270,13/06/2025,1213008,97041,1310049,Bang_ke_hoa_don_da_su_dung_T6.2025.xls,1073
G00396,1C25TUV,00005274,13/06/2025,1213008,97041,1310049,Bang_ke_hoa_don_da_su_dung_T6.2025.xls,1077
G00396,1C25TUV,00005276,13/06/2025,1213008,97041,1310049,Bang_ke_hoa_don_da_su_dung_T6.2025.xls,1079
G00397,1C25TUV,00000920,25/05/2025,1001897,80152,1082049,Bang_ke_hoa_don_da_su_dung_2024-T6.2025.xls,1711
G00397,1C25TUV,00000936,25/05/2025,1001897,80152,1082049,Bang_ke_hoa_don_da_su_dung_2024-T6.2025.xls,1727
G00397,1C25TUV,00001406,27/05/2025,1001897,80152,1082049,Bang_ke_hoa_don_da_su_dung_2024-T6.2025.xls,2197
G00397,1C25TUV,00001678,28/05/2025,1001897,80152,1082049,Bang_ke_hoa_don_da_su_dung_2024-T6.2025.xls,2469
G00397,1C25TUV,00001685,28/05/2025,1001897,80152,1082049,Bang_ke_hoa_don_da_su_dung_2024-T6.2025.xls,2476
G00397,1C25TUV,00001692,28/05/2025,1001897,80152,1082049,Bang_ke_hoa_don_da_su_dung_2024-T6.2025.xls,2483
G00397,1C25TUV,00006581,18/06/2025,1001897,80152,1082049,Bang_ke_hoa_don_da_su_dung_T6.2025.xls,2384
G00397,1C25TUV,00006582,18/06/2025,1001897,80152,1082049,Bang_ke_hoa_don_da_su_dung_T6.2025.xls,2385
G00397,1C25TUV,00006625,18/06/2025,1001897,80152,1082049,Bang_ke_hoa_don_da_su_dung_T6.2025.xls,2428
G00397,1C25TUV,00006640,18/06/2025,1001897,80152,1082049,Bang_ke_hoa_don_da_su_dung_T6.2025.xls,2443
G00397,1C25TUV,00007167,20/06/2025,1001897,80152,1082049,Bang_ke_hoa_don_da_su_dung_T6.2025.xls,2970
G00398,1C25TUV,00000921,25/05/2025,462037,36963,499000,Bang_ke_hoa_don_da_su_dung_2024-T6.2025.xls,1712
G00398,1C25TUV,00005225,13/06/2025,462037,36963,499000,Bang_ke_hoa_don_da_su_dung_T6.2025.xls,1028
G00398,1C25TUV,00005866,15/06/2025,462037,36963,499000,Bang_ke_hoa_don_da_su_dung_T6.2025.xls,1669
G00398,1C25TUV,00005873,15/06/2025,462037,36963,499000,Bang_ke_hoa_don_da_su_dung_T6.2025.xls,1676
G00399,1C25TUV,00000923,25/05/2025,948239,75859,1024098,Bang_ke_hoa_don_da_su_dung_2024-T6.2025.xls,1714
G00400,1C25TUV,00000929,25/05/2025,474119,37930,512049,Bang_ke_hoa_don_da_su_dung_2024-T6.2025.xls,1720
G00400,1C25TUV,00000934,25/05/2025,474119,37930,512049,Bang_ke_hoa_don_da_su_dung_2024-T6.2025.xls,1725
G00400,1C25TUV,00001679,28/05/2025,474119,37930,512049,Bang_ke_hoa_don_da_su_dung_2024-T6.2025.xls,2470
G00400,1C25TUV,00002521,30/05/2025,474119,37930,512049,Bang_ke_hoa_don_da_su_dung_2024-T6.2025.xls,3310
G00400,1C25TUV,00002898,02/06/2025,474119,37930,512049,Bang_ke_hoa_don_da_su_dung_2024-T6.2025.xls,3687
G00400,1C25TUV,00003248,05/06/2025,474119,37930,512049,Bang_ke_hoa_don_da_su_dung_2024-T6.2025.xls,4037
G00400,1C25TUV,00003409,06/06/2025,474119,37930,512049,Bang_ke_hoa_don_da_su_dung_2024-T6.2025.xls,4198
G00400,1C25TUV,00003411,06/06/2025,474119,37930,512049,Bang_ke_hoa_don_da_su_dung_2024-T6.2025.xls,4200
G00400,1C25TUV,00003418,06/06/2025,474119,37930,512049,Bang_ke_hoa_don_da_su_dung_2024-T6.2025.xls,4207
G00400,1C25TUV,00003680,07/06/2025,474119,37930,512049,Bang_ke_hoa_don_da_su_dung_2024-T6.2025.xls,4469
G00400,1C25TUV,00003708,07/06/2025,474119,37930,512049,Bang_ke_hoa_don_da_su_dung_2024-T6.2025.xls,4497
G00400,1C25TUV,00003710,07/06/2025,474119,37930,512049,Bang_ke_hoa_don_da_su_dung_2024-T6.2025.xls,4499
G00400,1C25TUV,00003714,07/06/2025,474119,37930,512049,Bang_ke_hoa_don_da_su_dung_2024-T6.2025.xls,4503
G00400,1C25TUV,00003731,07/06/2025,474119,37930,512049,Bang_ke_hoa_don_da_su_dung_2024-T6.2025.xls,4520
G00400,1C25TUV,00003739,07/06/2025,474119,37930,512049,Bang_ke_hoa_don_da_su_dung_2024-T6.2025.xls,4528
G00400,1C25TUV,00003741,07/06/2025,474119,37930,512049,Bang_ke_hoa_don_da_su_dung_2024-T6.2025.xls,4530
G00400,1C25TUV,00003755,07/06/2025,474119,37930,512049,Bang_ke_hoa_don_da_su_dung_2024-T6.2025.xls,4544
G00400,1C25TUV,00003933,08/06/2025,474119,37930,512049,Bang_ke_hoa_don_da_su_dung_2024-T6.2025.xls,4722
G00400,1C25TUV,00003997,08/06/2025,474119,37930,512049,Bang_ke_hoa_don_da_su_dung_2024-T6.2025.xls,4786
G00400,1C25TUV,00004048,08/06/2025,474119,37930,512049,Bang_ke_hoa_don_da_su_dung_2024-T6.2025.xls,4837
G00400,1C25TUV,00004060,08/06/2025,474119,37930,512049,Bang_ke_hoa_don_da_su_dung_2024-T6.2025.xls,4849
G00400,1C25TUV,00004075,08/06/2025,474119,37930,512049,Bang_ke_hoa_don_da_su_dung_2024-T6.2025.xls,4864
G00400,1C25TUV,00009233,29/06/2025,474119,37930,512049,Bang_ke_hoa_don_da_su_dung_T6.2025 L2.xls,53
G00400,1C25TUV,00004207,09/06/2025,474119,37930,512049,Bang_ke_hoa_don_da_su_dung_T6.2025.xls,10
G00400,1C25TUV,00004211,09/06/2025,474119,37930,512049,Bang_ke_hoa_don_da_su_dung_T6.2025.xls,14
G00400,1C25TUV,00004217,09/06/2025,474119,37930,512049,Bang_ke_hoa_don_da_su_dung_T6.2025.xls,20
G00400,1C25TUV,00004250,09/06/2025,474119,37930,512049,Bang_ke_hoa_don_da_su_dung_T6.2025.xls,53
G00400,1C25TUV,00004252,09/06/2025,474119,37930,512049,Bang_ke_hoa_don_da_su_dung_T6.2025.xls,55
G00400,1C25TUV,00004274,09/06/2025,474119,37930,512049,Bang_ke_hoa_don_da_su_dung_T6.2025.xls,77
G00400,1C25TUV,00004457,10/06/2025,474119,37930,512049,Bang_ke_hoa_don_da_su_dung_T6.2025.xls,260
G00400,1C25TUV,00004481,10/06/2025,474119,37930,512049,Bang_ke_hoa_don_da_su_dung_T6.2025.xls,284
G00400,1C25TUV,00004558,10/06/2025,474119,37930,512049,Bang_ke_hoa_don_da_su_dung_T6.2025.xls,361
G00400,1C25TUV,00004766,11/06/2025,474119,37930,512049,Bang_ke_hoa_don_da_su_dung_T6.2025.xls,569
G00400,1C25TUV,00004809,11/06/2025,474119,37930,512049,Bang_ke_hoa_don_da_su_dung_T6.2025.xls,612
G00400,1C25TUV,00005003,12/06/2025,474119,37930,512049,Bang_ke_hoa_don_da_su_dung_T6.2025.xls,806
G00400,1C25TUV,00005862,15/06/2025,474119,37930,512049,Bang_ke_hoa_don_da_su_dung_T6.2025.xls,1665
G00400,1C25TUV,00005984,16/06/2025,474119,37930,512049,Bang_ke_hoa_don_da_su_dung_T6.2025.xls,1787
G00400,1C25TUV,00005990,16/06/2025,474119,37930,512049,Bang_ke_hoa_don_da_su_dung_T6.2025.xls,1793
G00400,1C25TUV,00005996,16/06/2025,474119,37930,512049,Bang_ke_hoa_don_da_su_dung_T6.2025.xls,1799
G00400,1C25TUV,00006299,17/06/2025,474119,37930,512049,Bang_ke_hoa_don_da_su_dung_T6.2025.xls,2102
G00400,1C25TUV,00006309,17/06/2025,474119,37930,512049,Bang_ke_hoa_don_da_su_dung_T6.2025.xls,2112
G00400,1C25TUV,00006329,17/06/2025,474119,37930,512049,Bang_ke_hoa_don_da_su_dung_T6.2025.xls,2132
G00400,1C25TUV,00006330,17/06/2025,474119,37930,512049,Bang_ke_hoa_don_da_su_dung_T6.2025.xls,2133
G00400,1C25TUV,00006333,17/06/2025,474119,37930,512049,Bang_ke_hoa_don_da_su_dung_T6.2025.xls,2136
G00400,1C25TUV,00006340,17/06/2025,474119,37930,512049,Bang_ke_hoa_don_da_su_dung_T6.2025.xls,2143
G00400,1C25TUV,00006342,17/06/2025,474119,37930,512049,Bang_ke_hoa_don_da_su_dung_T6.2025.xls,2145
G00400,1C25TUV,00006352,17/06/2025,474119,37930,512049,Bang_ke_hoa_don_da_su_dung_T6.2025.xls,2155
G00400,1C25TUV,00006357,17/06/2025,474119,37930,512049,Bang_ke_hoa_don_da_su_dung_T6.2025.xls,2160
G00400,1C25TUV,00006358,17/06/2025,474119,37930,512049,Bang_ke_hoa_don_da_su_dung_T6.2025.xls,2161
G00400,1C25TUV,00006359,17/06/2025,474119,37930,512049,Bang_ke_hoa_don_da_su_dung_T6.2025.xls,2162
G00400,1C25TUV,00006364,17/06/2025,474119,37930,512049,Bang_ke_hoa_don_da_su_dung_T6.2025.xls,2167
G00400,1C25TUV,00006365,17/06/2025,474119,37930,512049,Bang_ke_hoa_don_da_su_dung_T6.2025.xls,2168
G00400,1C25TUV,00006570,18/06/2025,474119,37930,512049,Bang_ke_hoa_don_da_su_dung_T6.2025.xls,2373
G00400,1C25TUV,00006588,18/06/2025,474119,37930,512049,Bang_ke_hoa_don_da_su_dung_T6.2025.xls,2391
G00400,1C25TUV,00006599,18/06/2025,474119,37930,512049,Bang_ke_hoa_don_da_su_dung_T6.2025.xls,2402
G00400,1C25TUV,00006606,18/06/2025,474119,37930,512049,Bang_ke_hoa_don_da_su_dung_T6.2025.xls,2409
G00400,1C25TUV,00006612,18/06/2025,474119,37930,512049,Bang_ke_hoa_don_da_su_dung_T6.2025.xls,2415
G00400,1C25TUV,00006616,18/06/2025,474119,37930,512049,Bang_ke_hoa_don_da_su_dung_T6.2025.xls,2419
G00400,1C25TUV,00006619,18/06/2025,474119,37930,512049,Bang_ke_hoa_don_da_su_dung_T6.2025.xls,2422
G00400,1C25TUV,00006628,18/06/2025,474119,37930,512049,Bang_ke_hoa_don_da_su_dung_T6.2025.xls,2431
G00400,1C25TUV,00006630,18/06/2025,474119,37930,512049,Bang_ke_hoa_don_da_su_dung_T6.2025.xls,2433
G00400,1C25TUV,00006632,18/06/2025,474119,37930,512049,Bang_ke_hoa_don_da_su_dung_T6.2025.xls,2435
G00400,1C25TUV,00006633,18/06/2025,474119,37930,512049,Bang_ke_hoa_don_da_su_dung_T6.2025.xls,2436
G00400,1C25TUV,00006642,18/06/2025,474119,37930,512049,Bang_ke_hoa_don_da_su_dung_T6.2025.xls,2445
G00400,1C25TUV,00006885,19/06/2025,474119,37930,512049,Bang_ke_hoa_don_da_su_dung_T6.2025.xls,2688
G00400,1C25TUV,00006930,19/06/2025,474119,37930,512049,Bang_ke_hoa_don_da_su_dung_T6.2025.xls,2733
G00400,1C25TUV,00006957,19/06/2025,474119,37930,512049,Bang_ke_hoa_don_da_su_dung_T6.2025.xls,2760
G00400,1C25TUV,00007164,20/06/2025,474119,37930,512049,Bang_ke_hoa_don_da_su_dung_T6.2025.xls,2967
G00400,1C25TUV,00007166,20/06/2025,474119,37930,512049,Bang_ke_hoa_don_da_su_dung_T6.2025.xls,2969
G00400,1C25TUV,00008573,25/06/2025,474119,37930,512049,Bang_ke_hoa_don_da_su_dung_T6.2025.xls,4376
G00400,1C25TUV,00008729,26/06/2025,474119,37930,512049,Bang_ke_hoa_don_da_su_dung_T6.2025.xls,4532
G00400,1C25TUV,00008732,26/06/2025,474119,37930,512049,Bang_ke_hoa_don_da_su_dung_T6.2025.xls,4535
G00400,1C25TUV,00008743,26/06/2025,474119,37930,512049,Bang_ke_hoa_don_da_su_dung_T6.2025.xls,4546
G00400,1C25TUV,00008746,26/06/2025,474119,37930,512049,Bang_ke_hoa_don_da_su_dung_T6.2025.xls,4549
G00400,1C25TUV,00008916,27/06/2025,474119,37930,512049,Bang_ke_hoa_don_da_su_dung_T6.2025.xls,4719
G00400,1C25TUV,00008933,27/06/2025,474119,37930,512049,Bang_ke_hoa_don_da_su_dung_T6.2025.xls,4736
G00400,1C25TUV,00008942,27/06/2025,474119,37930,512049,Bang_ke_hoa_don_da_su_dung_T6.2025.xls,4745
G00400,1C25TUV,00008944,27/06/2025,474119,37930,512049,Bang_ke_hoa_don_da_su_dung_T6.2025.xls,4747
G00400,1C25TUV,00008945,27/06/2025,474119,37930,512049,Bang_ke_hoa_don_da_su_dung_T6.2025.xls,4748
G00400,1C25TUV,00008949,27/06/2025,474119,37930,512049,Bang_ke_hoa_don_da_su_dung_T6.2025.xls,4752
G00400,1C25TUV,00008952,27/06/2025,474119,37930,512049,Bang_ke_hoa_don_da_su_dung_T6.2025.xls,4755
G00400,1C25TUV,00009100,28/06/2025,474119,37930,512049,Bang_ke_hoa_don_da_su_dung_T6.2025.xls,4903
G00400,1C25TUV,00009118,28/06/2025,474119,37930,512049,Bang_ke_hoa_don_da_su_dung_T6.2025.xls,4921
G00400,1C25TUV,00009147,28/06/2025,474119,37930,512049,Bang_ke_hoa_don_da_su_dung_T6.2025.xls,4950
G00401,1C25TUV,00000932,25/05/2025,474120,37930,512050,Bang_ke_hoa_don_da_su_dung_2024-T6.2025.xls,1723
G00401,1C25TUV,00001649,28/05/2025,474120,37930,512050,Bang_ke_hoa_don_da_su_dung_2024-T6.2025.xls,2440
G00401,1C25TUV,00001673,28/05/2025,474120,37930,512050,Bang_ke_hoa_don_da_su_dung_2024-T6.2025.xls,2464
G00401,1C25TUV,00001681,28/05/2025,474120,37930,512050,Bang_ke_hoa_don_da_su_dung_2024-T6.2025.xls,2472
G00402,1C25TUV,00000935,25/05/2025,1194537,95563,1290100,Bang_ke_hoa_don_da_su_dung_2024-T6.2025.xls,1726
G00402,1C25TUV,00006310,17/06/2025,1194537,95563,1290100,Bang_ke_hoa_don_da_su_dung_T6.2025.xls,2113
G00402,1C25TUV,00006556,18/06/2025,1194537,95563,1290100,Bang_ke_hoa_don_da_su_dung_T6.2025.xls,2359
G00402,1C25TUV,00006560,18/06/2025,1194537,95563,1290100,Bang_ke_hoa_don_da_su_dung_T6.2025.xls,2363
G00402,1C25TUV,00006935,19/06/2025,1194537,95563,1290100,Bang_ke_hoa_don_da_su_dung_T6.2025.xls,2738
G00402,1C25TUV,00007186,20/06/2025,1194537,95563,1290100,Bang_ke_hoa_don_da_su_dung_T6.2025.xls,2989
G00403,1C25TUV,00000939,25/05/2025,4850925,388074,5238999,Bang_ke_hoa_don_da_su_dung_2024-T6.2025.xls,1730
G00404,1C25TUV,00000940,25/05/2025,3591666,287333,3878999,Bang_ke_hoa_don_da_su_dung_2024-T6.2025.xls,1731
G00405,1C25TUV,00000941,25/05/2025,2180602,174448,2355050,Bang_ke_hoa_don_da_su_dung_2024-T6.2025.xls,1732
G00405,1C25TUV,00000944,25/05/2025,2180602,174448,2355050,Bang_ke_hoa_don_da_su_dung_2024-T6.2025.xls,1735
G00405,1C25TUV,00000947,25/05/2025,2180602,174448,2355050,Bang_ke_hoa_don_da_su_dung_2024-T6.2025.xls,1738
G00405,1C25TUV,00000948,25/05/2025,2180602,174448,2355050,Bang_ke_hoa_don_da_su_dung_2024-T6.2025.xls,1739
G00405,1C25TUV,00001419,27/05/2025,2180602,174448,2355050,Bang_ke_hoa_don_da_su_dung_2024-T6.2025.xls,2210
G00405,1C25TUV,00001431,27/05/2025,2180602,174448,2355050,Bang_ke_hoa_don_da_su_dung_2024-T6.2025.xls,2222
G00405,1C25TUV,00001435,27/05/2025,2180602,174448,2355050,Bang_ke_hoa_don_da_su_dung_2024-T6.2025.xls,2226
G00405,1C25TUV,00001744,28/05/2025,2180602,174448,2355050,Bang_ke_hoa_don_da_su_dung_2024-T6.2025.xls,2535
G00405,1C25TUV,00001775,29/05/2025,2180602,174448,2355050,Bang_ke_hoa_don_da_su_dung_2024-T6.2025.xls,2566
G00405,1C25TUV,00001785,29/05/2025,2180602,174448,2355050,Bang_ke_hoa_don_da_su_dung_2024-T6.2025.xls,2576
G00405,1C25TUV,00001921,29/05/2025,2180602,174448,2355050,Bang_ke_hoa_don_da_su_dung_2024-T6.2025.xls,2712
G00405,1C25TUV,00001922,29/05/2025,2180602,174448,2355050,Bang_ke_hoa_don_da_su_dung_2024-T6.2025.xls,2713
G00405,1C25TUV,00001923,29/05/2025,2180602,174448,2355050,Bang_ke_hoa_don_da_su_dung_2024-T6.2025.xls,2714
G00405,1C25TUV,00001924,29/05/2025,2180602,174448,2355050,Bang_ke_hoa_don_da_su_dung_2024-T6.2025.xls,2715
G00405,1C25TUV,00001926,29/05/2025,2180602,174448,2355050,Bang_ke_hoa_don_da_su_dung_2024-T6.2025.xls,2717
G00405,1C25TUV,00002454,30/05/2025,2180602,174448,2355050,Bang_ke_hoa_don_da_su_dung_2024-T6.2025.xls,3243
G00405,1C25TUV,00002455,30/05/2025,2180602,174448,2355050,Bang_ke_hoa_don_da_su_dung_2024-T6.2025.xls,3244
G00405,1C25TUV,00002456,30/05/2025,2180602,174448,2355050,Bang_ke_hoa_don_da_su_dung_2024-T6.2025.xls,3245
G00405,1C25TUV,00002457,30/05/2025,2180602,174448,2355050,Bang_ke_hoa_don_da_su_dung_2024-T6.2025.xls,3246
G00405,1C25TUV,00002458,30/05/2025,2180602,174448,2355050,Bang_ke_hoa_don_da_su_dung_2024-T6.2025.xls,3247
G00405,1C25TUV,00002789,01/06/2025,2180602,174448,2355050,Bang_ke_hoa_don_da_su_dung_2024-T6.2025.xls,3578
G00405,1C25TUV,00009463,30/06/2025,2180602,174448,2355050,Bang_ke_hoa_don_da_su_dung_T6.2025 L2.xls,283
G00405,1C25TUV,00009464,30/06/2025,2180602,174448,2355050,Bang_ke_hoa_don_da_su_dung_T6.2025 L2.xls,284
G00405,1C25TUV,00006229,17/06/2025,2180602,174448,2355050,Bang_ke_hoa_don_da_su_dung_T6.2025.xls,2032
G00405,1C25TUV,00006861,19/06/2025,2180602,174448,2355050,Bang_ke_hoa_don_da_su_dung_T6.2025.xls,2664
G00405,1C25TUV,00007429,21/06/2025,2180602,174448,2355050,Bang_ke_hoa_don_da_su_dung_T6.2025.xls,3232
G00405,1C25TUV,00008465,25/06/2025,2180602,174448,2355050,Bang_ke_hoa_don_da_su_dung_T6.2025.xls,4268
G00405,1C25TUV,00008466,25/06/2025,2180602,174448,2355050,Bang_ke_hoa_don_da_su_dung_T6.2025.xls,4269
G00405,1C25TUV,00008652,26/06/2025,2180602,174448,2355050,Bang_ke_hoa_don_da_su_dung_T6.2025.xls,4455
G00405,1C25TUV,00008653,26/06/2025,2180602,174448,2355050,Bang_ke_hoa_don_da_su_dung_T6.2025.xls,4456
G00405,1C25TUV,00008654,26/06/2025,2180602,174448,2355050,Bang_ke_hoa_don_da_su_dung_T6.2025.xls,4457
G00405,1C25TUV,00008656,26/06/2025,2180602,174448,2355050,Bang_ke_hoa_don_da_su_dung_T6.2025.xls,4459
G00405,1C25TUV,00008848,27/06/2025,2180602,174448,2355050,Bang_ke_hoa_don_da_su_dung_T6.2025.xls,4651
G00405,1C25TUV,00008849,27/06/2025,2180602,174448,2355050,Bang_ke_hoa_don_da_su_dung_T6.2025.xls,4652
G00405,1C25TUV,00008851,27/06/2025,2180602,174448,2355050,Bang_ke_hoa_don_da_su_dung_T6.2025.xls,4654
G00405,1C25TUV,00009074,28/06/2025,2180602,174448,2355050,Bang_ke_hoa_don_da_su_dung_T6.2025.xls,4877
G00406,1C25TUV,00000942,25/05/2025,2443609,195489,2639098,Bang_ke_hoa_don_da_su_dung_2024-T6.2025.xls,1733
G00406,1C25TUV,00000943,25/05/2025,2443609,195489,2639098,Bang_ke_hoa_don_da_su_dung_2024-T6.2025.xls,1734
G00406,1C25TUV,00000946,25/05/2025,2443609,195489,2639098,Bang_ke_hoa_don_da_su_dung_2024-T6.2025.xls,1737
G00406,1C25TUV,00000951,25/05/2025,2443609,195489,2639098,Bang_ke_hoa_don_da_su_dung_2024-T6.2025.xls,1742
G00406,1C25TUV,00001135,26/05/2025,2443609,195489,2639098,Bang_ke_hoa_don_da_su_dung_2024-T6.2025.xls,1926
G00406,1C25TUV,00001420,27/05/2025,2443609,195489,2639098,Bang_ke_hoa_don_da_su_dung_2024-T6.2025.xls,2211
G00406,1C25TUV,00001426,27/05/2025,2443609,195489,2639098,Bang_ke_hoa_don_da_su_dung_2024-T6.2025.xls,2217
G00406,1C25TUV,00001430,27/05/2025,2443609,195489,2639098,Bang_ke_hoa_don_da_su_dung_2024-T6.2025.xls,2221
G00406,1C25TUV,00001437,27/05/2025,2443609,195489,2639098,Bang_ke_hoa_don_da_su_dung_2024-T6.2025.xls,2228
G00406,1C25TUV,00001439,27/05/2025,2443609,195489,2639098,Bang_ke_hoa_don_da_su_dung_2024-T6.2025.xls,2230
G00406,1C25TUV,00001440,27/05/2025,2443609,195489,2639098,Bang_ke_hoa_don_da_su_dung_2024-T6.2025.xls,2231
G00406,1C25TUV,00001441,27/05/2025,2443609,195489,2639098,Bang_ke_hoa_don_da_su_dung_2024-T6.2025.xls,2232
G00406,1C25TUV,00001738,28/05/2025,2443609,195489,2639098,Bang_ke_hoa_don_da_su_dung_2024-T6.2025.xls,2529
G00406,1C25TUV,00001774,29/05/2025,2443609,195489,2639098,Bang_ke_hoa_don_da_su_dung_2024-T6.2025.xls,2565
G00406,1C25TUV,00001776,29/05/2025,2443609,195489,2639098,Bang_ke_hoa_don_da_su_dung_2024-T6.2025.xls,2567
G00406,1C25TUV,00001787,29/05/2025,2443609,195489,2639098,Bang_ke_hoa_don_da_su_dung_2024-T6.2025.xls,2578
G00406,1C25TUV,00001931,29/05/2025,2443609,195489,2639098,Bang_ke_hoa_don_da_su_dung_2024-T6.2025.xls,2722
G00406,1C25TUV,00001932,29/05/2025,2443609,195489,2639098,Bang_ke_hoa_don_da_su_dung_2024-T6.2025.xls,2723
G00406,1C25TUV,00002459,30/05/2025,2443609,195489,2639098,Bang_ke_hoa_don_da_su_dung_2024-T6.2025.xls,3248
G00406,1C25TUV,00002460,30/05/2025,2443609,195489,2639098,Bang_ke_hoa_don_da_su_dung_2024-T6.2025.xls,3249
G00406,1C25TUV,00002461,30/05/2025,2443609,195489,2639098,Bang_ke_hoa_don_da_su_dung_2024-T6.2025.xls,3250
G00406,1C25TUV,00002922,02/06/2025,2443609,195489,2639098,Bang_ke_hoa_don_da_su_dung_2024-T6.2025.xls,3711
G00406,1C25TUV,00002923,02/06/2025,2443609,195489,2639098,Bang_ke_hoa_don_da_su_dung_2024-T6.2025.xls,3712
G00406,1C25TUV,00002924,02/06/2025,2443609,195489,2639098,Bang_ke_hoa_don_da_su_dung_2024-T6.2025.xls,3713
G00406,1C25TUV,00003008,03/06/2025,2443609,195489,2639098,Bang_ke_hoa_don_da_su_dung_2024-T6.2025.xls,3797
G00406,1C25TUV,00006233,17/06/2025,2443609,195489,2639098,Bang_ke_hoa_don_da_su_dung_T6.2025.xls,2036
G00406,1C25TUV,00006234,17/06/2025,2443609,195489,2639098,Bang_ke_hoa_don_da_su_dung_T6.2025.xls,2037
G00406,1C25TUV,00006523,18/06/2025,2443609,195489,2639098,Bang_ke_hoa_don_da_su_dung_T6.2025.xls,2326
G00406,1C25TUV,00006524,18/06/2025,2443609,195489,2639098,Bang_ke_hoa_don_da_su_dung_T6.2025.xls,2327
G00406,1C25TUV,00006525,18/06/2025,2443609,195489,2639098,Bang_ke_hoa_don_da_su_dung_T6.2025.xls,2328
G00406,1C25TUV,00006526,18/06/2025,2443609,195489,2639098,Bang_ke_hoa_don_da_su_dung_T6.2025.xls,2329
G00406,1C25TUV,00006527,18/06/2025,2443609,195489,2639098,Bang_ke_hoa_don_da_su_dung_T6.2025.xls,2330
G00406,1C25TUV,00006528,18/06/2025,2443609,195489,2639098,Bang_ke_hoa_don_da_su_dung_T6.2025.xls,2331
G00406,1C25TUV,00006864,19/06/2025,2443609,195489,2639098,Bang_ke_hoa_don_da_su_dung_T6.2025.xls,2667
G00406,1C25TUV,00006865,19/06/2025,2443609,195489,2639098,Bang_ke_hoa_don_da_su_dung_T6.2025.xls,2668
G00406,1C25TUV,00007159,20/06/2025,2443609,195489,2639098,Bang_ke_hoa_don_da_su_dung_T6.2025.xls,2962
G00406,1C25TUV,00007430,21/06/2025,2443609,195489,2639098,Bang_ke_hoa_don_da_su_dung_T6.2025.xls,3233
G00407,1C25TUV,00000945,25/05/2025,2443609,195489,2639098,Bang_ke_hoa_don_da_su_dung_2024-T6.2025.xls,1736
G00407,1C25TUV,00005871,15/06/2025,2443609,195489,2639098,Bang_ke_hoa_don_da_su_dung_T6.2025.xls,1674
G00407,1C25TUV,00005987,16/06/2025,2443609,195489,2639098,Bang_ke_hoa_don_da_su_dung_T6.2025.xls,1790
G00407,1C25TUV,00006876,19/06/2025,2443609,195489,2639098,Bang_ke_hoa_don_da_su_dung_T6.2025.xls,2679
G00408,1C25TUV,00000949,25/05/2025,1881528,150522,2032050,Bang_ke_hoa_don_da_su_dung_2024-T6.2025.xls,1740
G00408,1C25TUV,00000950,25/05/2025,1881528,150522,2032050,Bang_ke_hoa_don_da_su_dung_2024-T6.2025.xls,1741
G00408,1C25TUV,00001424,27/05/2025,1881528,150522,2032050,Bang_ke_hoa_don_da_su_dung_2024-T6.2025.xls,2215
G00408,1C25TUV,00001425,27/05/2025,1881528,150522,2032050,Bang_ke_hoa_don_da_su_dung_2024-T6.2025.xls,2216
G00408,1C25TUV,00001428,27/05/2025,1881528,150522,2032050,Bang_ke_hoa_don_da_su_dung_2024-T6.2025.xls,2219
G00408,1C25TUV,00001432,27/05/2025,1881528,150522,2032050,Bang_ke_hoa_don_da_su_dung_2024-T6.2025.xls,2223
G00408,1C25TUV,00001436,27/05/2025,1881528,150522,2032050,Bang_ke_hoa_don_da_su_dung_2024-T6.2025.xls,2227
G00408,1C25TUV,00001438,27/05/2025,1881528,150522,2032050,Bang_ke_hoa_don_da_su_dung_2024-T6.2025.xls,2229
G00408,1C25TUV,00001748,29/05/2025,1881528,150522,2032050,Bang_ke_hoa_don_da_su_dung_2024-T6.2025.xls,2539
G00408,1C25TUV,00001927,29/05/2025,1881528,150522,2032050,Bang_ke_hoa_don_da_su_dung_2024-T6.2025.xls,2718
G00408,1C25TUV,00001928,29/05/2025,1881528,150522,2032050,Bang_ke_hoa_don_da_su_dung_2024-T6.2025.xls,2719
G00408,1C25TUV,00001929,29/05/2025,1881528,150522,2032050,Bang_ke_hoa_don_da_su_dung_2024-T6.2025.xls,2720
G00408,1C25TUV,00002790,01/06/2025,1881528,150522,2032050,Bang_ke_hoa_don_da_su_dung_2024-T6.2025.xls,3579
G00408,1C25TUV,00002791,01/06/2025,1881528,150522,2032050,Bang_ke_hoa_don_da_su_dung_2024-T6.2025.xls,3580
G00408,1C25TUV,00009465,30/06/2025,1881528,150522,2032050,Bang_ke_hoa_don_da_su_dung_T6.2025 L2.xls,285
G00408,1C25TUV,00006230,17/06/2025,1881528,150522,2032050,Bang_ke_hoa_don_da_su_dung_T6.2025.xls,2033
G00408,1C25TUV,00006231,17/06/2025,1881528,150522,2032050,Bang_ke_hoa_don_da_su_dung_T6.2025.xls,2034
G00408,1C25TUV,00006519,18/06/2025,1881528,150522,2032050,Bang_ke_hoa_don_da_su_dung_T6.2025.xls,2322
G00408,1C25TUV,00006520,18/06/2025,1881528,150522,2032050,Bang_ke_hoa_don_da_su_dung_T6.2025.xls,2323
G00408,1C25TUV,00006522,18/06/2025,1881528,150522,2032050,Bang_ke_hoa_don_da_su_dung_T6.2025.xls,2325
G00408,1C25TUV,00006862,19/06/2025,1881528,150522,2032050,Bang_ke_hoa_don_da_su_dung_T6.2025.xls,2665
G00408,1C25TUV,00006863,19/06/2025,1881528,150522,2032050,Bang_ke_hoa_don_da_su_dung_T6.2025.xls,2666
G00408,1C25TUV,00008467,25/06/2025,1881528,150522,2032050,Bang_ke_hoa_don_da_su_dung_T6.2025.xls,4270
G00408,1C25TUV,00008657,26/06/2025,1881528,150522,2032050,Bang_ke_hoa_don_da_su_dung_T6.2025.xls,4460
G00408,1C25TUV,00008658,26/06/2025,1881528,150522,2032050,Bang_ke_hoa_don_da_su_dung_T6.2025.xls,4461
G00408,1C25TUV,00008852,27/06/2025,1881528,150522,2032050,Bang_ke_hoa_don_da_su_dung_T6.2025.xls,4655
G00408,1C25TUV,00008853,27/06/2025,1881528,150522,2032050,Bang_ke_hoa_don_da_su_dung_T6.2025.xls,4656
G00409,1C25TUV,00000952,25/05/2025,499073,39926,538999,Bang_ke_hoa_don_da_su_dung_2024-T6.2025.xls,1743
G00410,1C25TUV,00000953,25/05/2025,385278,30822,416100,Bang_ke_hoa_don_da_su_dung_2024-T6.2025.xls,1744
G00411,1C25TUV,00000954,25/05/2025,2924074,233926,3158000,Bang_ke_hoa_don_da_su_dung_2024-T6.2025.xls,1745
G00411,1C25TUV,00000955,25/05/2025,2924074,233926,3158000,Bang_ke_hoa_don_da_su_dung_2024-T6.2025.xls,1746
G00412,1C25TUV,00000956,25/05/2025,2758332,220667,2978999,Bang_ke_hoa_don_da_su_dung_2024-T6.2025.xls,1747
G00412,1C25TUV,00001786,29/05/2025,2758332,220667,2978999,Bang_ke_hoa_don_da_su_dung_2024-T6.2025.xls,2577
G00413,1C25TUV,00000957,25/05/2025,1071388,85711,1157099,Bang_ke_hoa_don_da_su_dung_2024-T6.2025.xls,1748
G00414,1C25TUV,00000959,25/05/2025,2165741,173259,2339000,Bang_ke_hoa_don_da_su_dung_2024-T6.2025.xls,1750
G00414,1C25TUV,00000962,25/05/2025,2165741,173259,2339000,Bang_ke_hoa_don_da_su_dung_2024-T6.2025.xls,1753
G00414,1C25TUV,00001204,26/05/2025,2165741,173259,2339000,Bang_ke_hoa_don_da_su_dung_2024-T6.2025.xls,1995
G00414,1C25TUV,00001205,26/05/2025,2165741,173259,2339000,Bang_ke_hoa_don_da_su_dung_2024-T6.2025.xls,1996
G00414,1C25TUV,00001220,27/05/2025,2165741,173259,2339000,Bang_ke_hoa_don_da_su_dung_2024-T6.2025.xls,2011
G00414,1C25TUV,00002010,29/05/2025,2165741,173259,2339000,Bang_ke_hoa_don_da_su_dung_2024-T6.2025.xls,2800
G00414,1C25TUV,00002415,30/05/2025,2165741,173259,2339000,Bang_ke_hoa_don_da_su_dung_2024-T6.2025.xls,3204
G00414,1C25TUV,00008395,25/06/2025,2165741,173259,2339000,Bang_ke_hoa_don_da_su_dung_T6.2025.xls,4198
G00414,1C25TUV,00008598,26/06/2025,2165741,173259,2339000,Bang_ke_hoa_don_da_su_dung_T6.2025.xls,4401
G00414,1C25TUV,00009057,28/06/2025,2165741,173259,2339000,Bang_ke_hoa_don_da_su_dung_T6.2025.xls,4860
G00415,1C25TUV,00000961,25/05/2025,3962037,316963,4279000,Bang_ke_hoa_don_da_su_dung_2024-T6.2025.xls,1752
G00415,1C25TUV,00001319,27/05/2025,3962037,316963,4279000,Bang_ke_hoa_don_da_su_dung_2024-T6.2025.xls,2110
G00415,1C25TUV,00001612,28/05/2025,3962037,316963,4279000,Bang_ke_hoa_don_da_su_dung_2024-T6.2025.xls,2403
G00415,1C25TUV,00002015,29/05/2025,3962037,316963,4279000,Bang_ke_hoa_don_da_su_dung_2024-T6.2025.xls,2805
G00415,1C25TUV,00002831,01/06/2025,3962037,316963,4279000,Bang_ke_hoa_don_da_su_dung_2024-T6.2025.xls,3620
G00415,1C25TUV,00003158,04/06/2025,3962037,316963,4279000,Bang_ke_hoa_don_da_su_dung_2024-T6.2025.xls,3947
G00415,1C25TUV,00003219,04/06/2025,3962037,316963,4279000,Bang_ke_hoa_don_da_su_dung_2024-T6.2025.xls,4008
G00415,1C25TUV,00003580,06/06/2025,3962037,316963,4279000,Bang_ke_hoa_don_da_su_dung_2024-T6.2025.xls,4369
G00415,1C25TUV,00003916,07/06/2025,3962037,316963,4279000,Bang_ke_hoa_don_da_su_dung_2024-T6.2025.xls,4705
G00415,1C25TUV,00004201,08/06/2025,3962037,316963,4279000,Bang_ke_hoa_don_da_su_dung_2024-T6.2025.xls,4990
G00415,1C25TUV,00009342,29/06/2025,3962037,316963,4279000,Bang_ke_hoa_don_da_su_dung_T6.2025 L2.xls,162
G00415,1C25TUV,00009466,30/06/2025,3962037,316963,4279000,Bang_ke_hoa_don_da_su_dung_T6.2025 L2.xls,286
G00415,1C25TUV,00004381,09/06/2025,3962037,316963,4279000,Bang_ke_hoa_don_da_su_dung_T6.2025.xls,184
G00415,1C25TUV,00004398,09/06/2025,3962037,316963,4279000,Bang_ke_hoa_don_da_su_dung_T6.2025.xls,201
G00415,1C25TUV,00004912,11/06/2025,3962037,316963,4279000,Bang_ke_hoa_don_da_su_dung_T6.2025.xls,715
G00415,1C25TUV,00005147,12/06/2025,3962037,316963,4279000,Bang_ke_hoa_don_da_su_dung_T6.2025.xls,950
G00415,1C25TUV,00005148,12/06/2025,3962037,316963,4279000,Bang_ke_hoa_don_da_su_dung_T6.2025.xls,951
G00415,1C25TUV,00005359,13/06/2025,3962037,316963,4279000,Bang_ke_hoa_don_da_su_dung_T6.2025.xls,1162
G00415,1C25TUV,00006511,18/06/2025,3962037,316963,4279000,Bang_ke_hoa_don_da_su_dung_T6.2025.xls,2314
G00415,1C25TUV,00006512,18/06/2025,3962037,316963,4279000,Bang_ke_hoa_don_da_su_dung_T6.2025.xls,2315
G00415,1C25TUV,00006721,19/06/2025,3962037,316963,4279000,Bang_ke_hoa_don_da_su_dung_T6.2025.xls,2524
G00415,1C25TUV,00007686,22/06/2025,3962037,316963,4279000,Bang_ke_hoa_don_da_su_dung_T6.2025.xls,3489
G00415,1C25TUV,00008782,27/06/2025,3962037,316963,4279000,Bang_ke_hoa_don_da_su_dung_T6.2025.xls,4585
G00416,1C25TUV,00000963,25/05/2025,877778,70222,948000,Bang_ke_hoa_don_da_su_dung_2024-T6.2025.xls,1754
G00417,1C25TUV,00000964,25/05/2025,1795370,143630,1939000,Bang_ke_hoa_don_da_su_dung_2024-T6.2025.xls,1755
G00417,1C25TUV,00005140,12/06/2025,1795370,143630,1939000,Bang_ke_hoa_don_da_su_dung_T6.2025.xls,943
G00417,1C25TUV,00005141,12/06/2025,1795370,143630,1939000,Bang_ke_hoa_don_da_su_dung_T6.2025.xls,944
G00417,1C25TUV,00005142,12/06/2025,1795370,143630,1939000,Bang_ke_hoa_don_da_su_dung_T6.2025.xls,945
G00417,1C25TUV,00005663,15/06/2025,1795370,143630,1939000,Bang_ke_hoa_don_da_su_dung_T6.2025.xls,1466
G00417,1C25TUV,00008403,25/06/2025,1795370,143630,1939000,Bang_ke_hoa_don_da_su_dung_T6.2025.xls,4206
G00418,1C25TUV,00000965,25/05/2025,738889,59111,798000,Bang_ke_hoa_don_da_su_dung_2024-T6.2025.xls,1756
G00418,1C25TUV,00006106,16/06/2025,738889,59111,798000,Bang_ke_hoa_don_da_su_dung_T6.2025.xls,1909
G00419,1C25TUV,00000985,25/05/2025,998148,79852,1078000,Bang_ke_hoa_don_da_su_dung_2024-T6.2025.xls,1776
G00419,1C25TUV,00001024,25/05/2025,998148,79852,1078000,Bang_ke_hoa_don_da_su_dung_2024-T6.2025.xls,1815
G00419,1C25TUV,00002365,30/05/2025,998148,79852,1078000,Bang_ke_hoa_don_da_su_dung_2024-T6.2025.xls,3154
G00419,1C25TUV,00002832,02/06/2025,998148,79852,1078000,Bang_ke_hoa_don_da_su_dung_2024-T6.2025.xls,3621
G00419,1C25TUV,00002857,02/06/2025,998148,79852,1078000,Bang_ke_hoa_don_da_su_dung_2024-T6.2025.xls,3646
G00419,1C25TUV,00002869,02/06/2025,998148,79852,1078000,Bang_ke_hoa_don_da_su_dung_2024-T6.2025.xls,3658
G00419,1C25TUV,00003051,03/06/2025,998148,79852,1078000,Bang_ke_hoa_don_da_su_dung_2024-T6.2025.xls,3840
G00419,1C25TUV,00003636,06/06/2025,998148,79852,1078000,Bang_ke_hoa_don_da_su_dung_2024-T6.2025.xls,4425
G00419,1C25TUV,00004162,08/06/2025,998148,79852,1078000,Bang_ke_hoa_don_da_su_dung_2024-T6.2025.xls,4951
G00419,1C25TUV,00004167,08/06/2025,998148,79852,1078000,Bang_ke_hoa_don_da_su_dung_2024-T6.2025.xls,4956
G00419,1C25TUV,00009303,29/06/2025,998148,79852,1078000,Bang_ke_hoa_don_da_su_dung_T6.2025 L2.xls,123
G00419,1C25TUV,00009304,29/06/2025,998148,79852,1078000,Bang_ke_hoa_don_da_su_dung_T6.2025 L2.xls,124
G00419,1C25TUV,00009331,29/06/2025,998148,79852,1078000,Bang_ke_hoa_don_da_su_dung_T6.2025 L2.xls,151
G00419,1C25TUV,00004318,09/06/2025,998148,79852,1078000,Bang_ke_hoa_don_da_su_dung_T6.2025.xls,121
G00419,1C25TUV,00004606,10/06/2025,998148,79852,1078000,Bang_ke_hoa_don_da_su_dung_T6.2025.xls,409
G00419,1C25TUV,00004618,10/06/2025,998148,79852,1078000,Bang_ke_hoa_don_da_su_dung_T6.2025.xls,421
G00419,1C25TUV,00004851,11/06/2025,998148,79852,1078000,Bang_ke_hoa_don_da_su_dung_T6.2025.xls,654
G00419,1C25TUV,00005293,13/06/2025,998148,79852,1078000,Bang_ke_hoa_don_da_su_dung_T6.2025.xls,1096
G00419,1C25TUV,00005662,14/06/2025,998148,79852,1078000,Bang_ke_hoa_don_da_su_dung_T6.2025.xls,1465
G00419,1C25TUV,00005717,15/06/2025,998148,79852,1078000,Bang_ke_hoa_don_da_su_dung_T6.2025.xls,1520
G00419,1C25TUV,00006074,16/06/2025,998148,79852,1078000,Bang_ke_hoa_don_da_su_dung_T6.2025.xls,1877
G00419,1C25TUV,00006075,16/06/2025,998148,79852,1078000,Bang_ke_hoa_don_da_su_dung_T6.2025.xls,1878
G00419,1C25TUV,00006145,17/06/2025,998148,79852,1078000,Bang_ke_hoa_don_da_su_dung_T6.2025.xls,1948
G00419,1C25TUV,00006222,17/06/2025,998148,79852,1078000,Bang_ke_hoa_don_da_su_dung_T6.2025.xls,2025
G00419,1C25TUV,00006404,18/06/2025,998148,79852,1078000,Bang_ke_hoa_don_da_su_dung_T6.2025.xls,2207
G00419,1C25TUV,00006832,19/06/2025,998148,79852,1078000,Bang_ke_hoa_don_da_su_dung_T6.2025.xls,2635
G00419,1C25TUV,00006847,19/06/2025,998148,79852,1078000,Bang_ke_hoa_don_da_su_dung_T6.2025.xls,2650
G00419,1C25TUV,00007100,20/06/2025,998148,79852,1078000,Bang_ke_hoa_don_da_su_dung_T6.2025.xls,2903
G00419,1C25TUV,00007107,20/06/2025,998148,79852,1078000,Bang_ke_hoa_don_da_su_dung_T6.2025.xls,2910
G00419,1C25TUV,00007132,20/06/2025,998148,79852,1078000,Bang_ke_hoa_don_da_su_dung_T6.2025.xls,2935
G00419,1C25TUV,00007138,20/06/2025,998148,79852,1078000,Bang_ke_hoa_don_da_su_dung_T6.2025.xls,2941
G00419,1C25TUV,00007388,21/06/2025,998148,79852,1078000,Bang_ke_hoa_don_da_su_dung_T6.2025.xls,3191
G00419,1C25TUV,00007391,21/06/2025,998148,79852,1078000,Bang_ke_hoa_don_da_su_dung_T6.2025.xls,3194
G00419,1C25TUV,00007405,21/06/2025,998148,79852,1078000,Bang_ke_hoa_don_da_su_dung_T6.2025.xls,3208
G00419,1C25TUV,00007603,22/06/2025,998148,79852,1078000,Bang_ke_hoa_don_da_su_dung_T6.2025.xls,3406
G00419,1C25TUV,00007671,22/06/2025,998148,79852,1078000,Bang_ke_hoa_don_da_su_dung_T6.2025.xls,3474
G00419,1C25TUV,00008005,23/06/2025,998148,79852,1078000,Bang_ke_hoa_don_da_su_dung_T6.2025.xls,3808
G00419,1C25TUV,00008009,23/06/2025,998148,79852,1078000,Bang_ke_hoa_don_da_su_dung_T6.2025.xls,3812
G00419,1C25TUV,00008052,23/06/2025,998148,79852,1078000,Bang_ke_hoa_don_da_su_dung_T6.2025.xls,3855
G00419,1C25TUV,00008831,27/06/2025,998148,79852,1078000,Bang_ke_hoa_don_da_su_dung_T6.2025.xls,4634
G00419,1C25TUV,00009011,28/06/2025,998148,79852,1078000,Bang_ke_hoa_don_da_su_dung_T6.2025.xls,4814
G00420,1C25TUV,00000987,25/05/2025,499074,39926,539000,Bang_ke_hoa_don_da_su_dung_2024-T6.2025.xls,1778
G00420,1C25TUV,00001033,25/05/2025,499074,39926,539000,Bang_ke_hoa_don_da_su_dung_2024-T6.2025.xls,1824
G00420,1C25TUV,00001373,27/05/2025,499074,39926,539000,Bang_ke_hoa_don_da_su_dung_2024-T6.2025.xls,2164
G00420,1C25TUV,00001715,28/05/2025,499074,39926,539000,Bang_ke_hoa_don_da_su_dung_2024-T6.2025.xls,2506
G00420,1C25TUV,00001887,29/05/2025,499074,39926,539000,Bang_ke_hoa_don_da_su_dung_2024-T6.2025.xls,2678
G00420,1C25TUV,00001991,29/05/2025,499074,39926,539000,Bang_ke_hoa_don_da_su_dung_2024-T6.2025.xls,2781
G00420,1C25TUV,00002399,30/05/2025,499074,39926,539000,Bang_ke_hoa_don_da_su_dung_2024-T6.2025.xls,3188
G00420,1C25TUV,00002497,30/05/2025,499074,39926,539000,Bang_ke_hoa_don_da_su_dung_2024-T6.2025.xls,3286
G00420,1C25TUV,00002653,31/05/2025,499074,39926,539000,Bang_ke_hoa_don_da_su_dung_2024-T6.2025.xls,3442
G00420,1C25TUV,00002677,31/05/2025,499074,39926,539000,Bang_ke_hoa_don_da_su_dung_2024-T6.2025.xls,3466
G00420,1C25TUV,00002732,31/05/2025,499074,39926,539000,Bang_ke_hoa_don_da_su_dung_2024-T6.2025.xls,3521
G00420,1C25TUV,00002767,01/06/2025,499074,39926,539000,Bang_ke_hoa_don_da_su_dung_2024-T6.2025.xls,3556
G00420,1C25TUV,00002807,01/06/2025,499074,39926,539000,Bang_ke_hoa_don_da_su_dung_2024-T6.2025.xls,3596
G00420,1C25TUV,00002859,02/06/2025,499074,39926,539000,Bang_ke_hoa_don_da_su_dung_2024-T6.2025.xls,3648
G00420,1C25TUV,00003001,03/06/2025,499074,39926,539000,Bang_ke_hoa_don_da_su_dung_2024-T6.2025.xls,3790
G00420,1C25TUV,00003011,03/06/2025,499074,39926,539000,Bang_ke_hoa_don_da_su_dung_2024-T6.2025.xls,3800
G00420,1C25TUV,00003070,04/06/2025,499074,39926,539000,Bang_ke_hoa_don_da_su_dung_2024-T6.2025.xls,3859
G00420,1C25TUV,00003115,04/06/2025,499074,39926,539000,Bang_ke_hoa_don_da_su_dung_2024-T6.2025.xls,3904
G00420,1C25TUV,00003142,04/06/2025,499074,39926,539000,Bang_ke_hoa_don_da_su_dung_2024-T6.2025.xls,3931
G00420,1C25TUV,00003152,04/06/2025,499074,39926,539000,Bang_ke_hoa_don_da_su_dung_2024-T6.2025.xls,3941
G00420,1C25TUV,00003224,05/06/2025,499074,39926,539000,Bang_ke_hoa_don_da_su_dung_2024-T6.2025.xls,4013
G00420,1C25TUV,00003225,05/06/2025,499074,39926,539000,Bang_ke_hoa_don_da_su_dung_2024-T6.2025.xls,4014
G00420,1C25TUV,00003227,05/06/2025,499074,39926,539000,Bang_ke_hoa_don_da_su_dung_2024-T6.2025.xls,4016
G00420,1C25TUV,00003239,05/06/2025,499074,39926,539000,Bang_ke_hoa_don_da_su_dung_2024-T6.2025.xls,4028
G00420,1C25TUV,00003247,05/06/2025,499074,39926,539000,Bang_ke_hoa_don_da_su_dung_2024-T6.2025.xls,4036
G00420,1C25TUV,00003249,05/06/2025,499074,39926,539000,Bang_ke_hoa_don_da_su_dung_2024-T6.2025.xls,4038
G00420,1C25TUV,00003274,05/06/2025,499074,39926,539000,Bang_ke_hoa_don_da_su_dung_2024-T6.2025.xls,4063
G00420,1C25TUV,00003278,05/06/2025,499074,39926,539000,Bang_ke_hoa_don_da_su_dung_2024-T6.2025.xls,4067
G00420,1C25TUV,00003279,05/06/2025,499074,39926,539000,Bang_ke_hoa_don_da_su_dung_2024-T6.2025.xls,4068
G00420,1C25TUV,00003290,05/06/2025,499074,39926,539000,Bang_ke_hoa_don_da_su_dung_2024-T6.2025.xls,4079
G00420,1C25TUV,00003294,05/06/2025,499074,39926,539000,Bang_ke_hoa_don_da_su_dung_2024-T6.2025.xls,4083
G00420,1C25TUV,00003307,05/06/2025,499074,39926,539000,Bang_ke_hoa_don_da_su_dung_2024-T6.2025.xls,4096
G00420,1C25TUV,00003377,05/06/2025,499074,39926,539000,Bang_ke_hoa_don_da_su_dung_2024-T6.2025.xls,4166
G00420,1C25TUV,00003381,05/06/2025,499074,39926,539000,Bang_ke_hoa_don_da_su_dung_2024-T6.2025.xls,4170
G00420,1C25TUV,00003387,05/06/2025,499074,39926,539000,Bang_ke_hoa_don_da_su_dung_2024-T6.2025.xls,4176
G00420,1C25TUV,00003391,05/06/2025,499074,39926,539000,Bang_ke_hoa_don_da_su_dung_2024-T6.2025.xls,4180
G00420,1C25TUV,00003394,05/06/2025,499074,39926,539000,Bang_ke_hoa_don_da_su_dung_2024-T6.2025.xls,4183
G00420,1C25TUV,00003407,06/06/2025,499074,39926,539000,Bang_ke_hoa_don_da_su_dung_2024-T6.2025.xls,4196
G00420,1C25TUV,00003427,06/06/2025,499074,39926,539000,Bang_ke_hoa_don_da_su_dung_2024-T6.2025.xls,4216
G00420,1C25TUV,00003434,06/06/2025,499074,39926,539000,Bang_ke_hoa_don_da_su_dung_2024-T6.2025.xls,4223
G00420,1C25TUV,00003436,06/06/2025,499074,39926,539000,Bang_ke_hoa_don_da_su_dung_2024-T6.2025.xls,4225
G00420,1C25TUV,00003438,06/06/2025,499074,39926,539000,Bang_ke_hoa_don_da_su_dung_2024-T6.2025.xls,4227
G00420,1C25TUV,00003441,06/06/2025,499074,39926,539000,Bang_ke_hoa_don_da_su_dung_2024-T6.2025.xls,4230
G00420,1C25TUV,00003442,06/06/2025,499074,39926,539000,Bang_ke_hoa_don_da_su_dung_2024-T6.2025.xls,4231
G00420,1C25TUV,00003446,06/06/2025,499074,39926,539000,Bang_ke_hoa_don_da_su_dung_2024-T6.2025.xls,4235
G00420,1C25TUV,00003455,06/06/2025,499074,39926,539000,Bang_ke_hoa_don_da_su_dung_2024-T6.2025.xls,4244
G00420,1C25TUV,00003456,06/06/2025,499074,39926,539000,Bang_ke_hoa_don_da_su_dung_2024-T6.2025.xls,4245
G00420,1C25TUV,00003460,06/06/2025,499074,39926,539000,Bang_ke_hoa_don_da_su_dung_2024-T6.2025.xls,4249
G00420,1C25TUV,00003466,06/06/2025,499074,39926,539000,Bang_ke_hoa_don_da_su_dung_2024-T6.2025.xls,4255
G00420,1C25TUV,00003467,06/06/2025,499074,39926,539000,Bang_ke_hoa_don_da_su_dung_2024-T6.2025.xls,4256
G00420,1C25TUV,00003468,06/06/2025,499074,39926,539000,Bang_ke_hoa_don_da_su_dung_2024-T6.2025.xls,4257
G00420,1C25TUV,00003469,06/06/2025,499074,39926,539000,Bang_ke_hoa_don_da_su_dung_2024-T6.2025.xls,4258
G00420,1C25TUV,00003471,06/06/2025,499074,39926,539000,Bang_ke_hoa_don_da_su_dung_2024-T6.2025.xls,4260
G00420,1C25TUV,00003473,06/06/2025,499074,39926,539000,Bang_ke_hoa_don_da_su_dung_2024-T6.2025.xls,4262
G00420,1C25TUV,00003474,06/06/2025,499074,39926,539000,Bang_ke_hoa_don_da_su_dung_2024-T6.2025.xls,4263
G00420,1C25TUV,00003475,06/06/2025,499074,39926,539000,Bang_ke_hoa_don_da_su_dung_2024-T6.2025.xls,4264
G00420,1C25TUV,00003481,06/06/2025,499074,39926,539000,Bang_ke_hoa_don_da_su_dung_2024-T6.2025.xls,4270
G00420,1C25TUV,00003482,06/06/2025,499074,39926,539000,Bang_ke_hoa_don_da_su_dung_2024-T6.2025.xls,4271
G00420,1C25TUV,00003483,06/06/2025,499074,39926,539000,Bang_ke_hoa_don_da_su_dung_2024-T6.2025.xls,4272
G00420,1C25TUV,00003488,06/06/2025,499074,39926,539000,Bang_ke_hoa_don_da_su_dung_2024-T6.2025.xls,4277
G00420,1C25TUV,00003490,06/06/2025,499074,39926,539000,Bang_ke_hoa_don_da_su_dung_2024-T6.2025.xls,4279
G00420,1C25TUV,00003512,06/06/2025,499074,39926,539000,Bang_ke_hoa_don_da_su_dung_2024-T6.2025.xls,4301
G00420,1C25TUV,00003518,06/06/2025,499074,39926,539000,Bang_ke_hoa_don_da_su_dung_2024-T6.2025.xls,4307
G00420,1C25TUV,00003542,06/06/2025,499074,39926,539000,Bang_ke_hoa_don_da_su_dung_2024-T6.2025.xls,4331
G00420,1C25TUV,00003546,06/06/2025,499074,39926,539000,Bang_ke_hoa_don_da_su_dung_2024-T6.2025.xls,4335
G00420,1C25TUV,00003561,06/06/2025,499074,39926,539000,Bang_ke_hoa_don_da_su_dung_2024-T6.2025.xls,4350
G00420,1C25TUV,00003562,06/06/2025,499074,39926,539000,Bang_ke_hoa_don_da_su_dung_2024-T6.2025.xls,4351
G00420,1C25TUV,00003613,06/06/2025,499074,39926,539000,Bang_ke_hoa_don_da_su_dung_2024-T6.2025.xls,4402
G00420,1C25TUV,00003646,06/06/2025,499074,39926,539000,Bang_ke_hoa_don_da_su_dung_2024-T6.2025.xls,4435
G00420,1C25TUV,00003648,06/06/2025,499074,39926,539000,Bang_ke_hoa_don_da_su_dung_2024-T6.2025.xls,4437
G00420,1C25TUV,00003720,07/06/2025,499074,39926,539000,Bang_ke_hoa_don_da_su_dung_2024-T6.2025.xls,4509
G00420,1C25TUV,00003748,07/06/2025,499074,39926,539000,Bang_ke_hoa_don_da_su_dung_2024-T6.2025.xls,4537
G00420,1C25TUV,00003750,07/06/2025,499074,39926,539000,Bang_ke_hoa_don_da_su_dung_2024-T6.2025.xls,4539
G00420,1C25TUV,00003758,07/06/2025,499074,39926,539000,Bang_ke_hoa_don_da_su_dung_2024-T6.2025.xls,4547
G00420,1C25TUV,00003759,07/06/2025,499074,39926,539000,Bang_ke_hoa_don_da_su_dung_2024-T6.2025.xls,4548
G00420,1C25TUV,00003761,07/06/2025,499074,39926,539000,Bang_ke_hoa_don_da_su_dung_2024-T6.2025.xls,4550
G00420,1C25TUV,00003764,07/06/2025,499074,39926,539000,Bang_ke_hoa_don_da_su_dung_2024-T6.2025.xls,4553
G00420,1C25TUV,00003766,07/06/2025,499074,39926,539000,Bang_ke_hoa_don_da_su_dung_2024-T6.2025.xls,4555
G00420,1C25TUV,00003768,07/06/2025,499074,39926,539000,Bang_ke_hoa_don_da_su_dung_2024-T6.2025.xls,4557
G00420,1C25TUV,00003769,07/06/2025,499074,39926,539000,Bang_ke_hoa_don_da_su_dung_2024-T6.2025.xls,4558
G00420,1C25TUV,00003771,07/06/2025,499074,39926,539000,Bang_ke_hoa_don_da_su_dung_2024-T6.2025.xls,4560
G00420,1C25TUV,00003772,07/06/2025,499074,39926,539000,Bang_ke_hoa_don_da_su_dung_2024-T6.2025.xls,4561
G00420,1C25TUV,00003773,07/06/2025,499074,39926,539000,Bang_ke_hoa_don_da_su_dung_2024-T6.2025.xls,4562
G00420,1C25TUV,00003775,07/06/2025,499074,39926,539000,Bang_ke_hoa_don_da_su_dung_2024-T6.2025.xls,4564
G00420,1C25TUV,00003776,07/06/2025,499074,39926,539000,Bang_ke_hoa_don_da_su_dung_2024-T6.2025.xls,4565
G00420,1C25TUV,00003777,07/06/2025,499074,39926,539000,Bang_ke_hoa_don_da_su_dung_2024-T6.2025.xls,4566
G00420,1C25TUV,00003781,07/06/2025,499074,39926,539000,Bang_ke_hoa_don_da_su_dung_2024-T6.2025.xls,4570
G00420,1C25TUV,00003782,07/06/2025,499074,39926,539000,Bang_ke_hoa_don_da_su_dung_2024-T6.2025.xls,4571
G00420,1C25TUV,00003787,07/06/2025,499074,39926,539000,Bang_ke_hoa_don_da_su_dung_2024-T6.2025.xls,4576
G00420,1C25TUV,00003791,07/06/2025,499074,39926,539000,Bang_ke_hoa_don_da_su_dung_2024-T6.2025.xls,4580
G00420,1C25TUV,00003793,07/06/2025,499074,39926,539000,Bang_ke_hoa_don_da_su_dung_2024-T6.2025.xls,4582
G00420,1C25TUV,00003794,07/06/2025,499074,39926,539000,Bang_ke_hoa_don_da_su_dung_2024-T6.2025.xls,4583
G00420,1C25TUV,00003795,07/06/2025,499074,39926,539000,Bang_ke_hoa_don_da_su_dung_2024-T6.2025.xls,4584
G00420,1C25TUV,00003797,07/06/2025,499074,39926,539000,Bang_ke_hoa_don_da_su_dung_2024-T6.2025.xls,4586
G00420,1C25TUV,00003798,07/06/2025,499074,39926,539000,Bang_ke_hoa_don_da_su_dung_2024-T6.2025.xls,4587
G00420,1C25TUV,00003886,07/06/2025,499074,39926,539000,Bang_ke_hoa_don_da_su_dung_2024-T6.2025.xls,4675
G00420,1C25TUV,00003889,07/06/2025,499074,39926,539000,Bang_ke_hoa_don_da_su_dung_2024-T6.2025.xls,4678
G00420,1C25TUV,00003968,08/06/2025,499074,39926,539000,Bang_ke_hoa_don_da_su_dung_2024-T6.2025.xls,4757
G00420,1C25TUV,00003971,08/06/2025,499074,39926,539000,Bang_ke_hoa_don_da_su_dung_2024-T6.2025.xls,4760
G00420,1C25TUV,00003986,08/06/2025,499074,39926,539000,Bang_ke_hoa_don_da_su_dung_2024-T6.2025.xls,4775
G00420,1C25TUV,00003987,08/06/2025,499074,39926,539000,Bang_ke_hoa_don_da_su_dung_2024-T6.2025.xls,4776
G00420,1C25TUV,00004024,08/06/2025,499074,39926,539000,Bang_ke_hoa_don_da_su_dung_2024-T6.2025.xls,4813
G00420,1C25TUV,00004027,08/06/2025,499074,39926,539000,Bang_ke_hoa_don_da_su_dung_2024-T6.2025.xls,4816
G00420,1C25TUV,00004031,08/06/2025,499074,39926,539000,Bang_ke_hoa_don_da_su_dung_2024-T6.2025.xls,4820
G00420,1C25TUV,00004035,08/06/2025,499074,39926,539000,Bang_ke_hoa_don_da_su_dung_2024-T6.2025.xls,4824
G00420,1C25TUV,00004036,08/06/2025,499074,39926,539000,Bang_ke_hoa_don_da_su_dung_2024-T6.2025.xls,4825
G00420,1C25TUV,00004040,08/06/2025,499074,39926,539000,Bang_ke_hoa_don_da_su_dung_2024-T6.2025.xls,4829
G00420,1C25TUV,00004041,08/06/2025,499074,39926,539000,Bang_ke_hoa_don_da_su_dung_2024-T6.2025.xls,4830
G00420,1C25TUV,00004042,08/06/2025,499074,39926,539000,Bang_ke_hoa_don_da_su_dung_2024-T6.2025.xls,4831
G00420,1C25TUV,00004046,08/06/2025,499074,39926,539000,Bang_ke_hoa_don_da_su_dung_2024-T6.2025.xls,4835
G00420,1C25TUV,00004047,08/06/2025,499074,39926,539000,Bang_ke_hoa_don_da_su_dung_2024-T6.2025.xls,4836
G00420,1C25TUV,00004049,08/06/2025,499074,39926,539000,Bang_ke_hoa_don_da_su_dung_2024-T6.2025.xls,4838
G00420,1C25TUV,00004050,08/06/2025,499074,39926,539000,Bang_ke_hoa_don_da_su_dung_2024-T6.2025.xls,4839
G00420,1C25TUV,00004052,08/06/2025,499074,39926,539000,Bang_ke_hoa_don_da_su_dung_2024-T6.2025.xls,4841
G00420,1C25TUV,00004053,08/06/2025,499074,39926,539000,Bang_ke_hoa_don_da_su_dung_2024-T6.2025.xls,4842
G00420,1C25TUV,00004054,08/06/2025,499074,39926,539000,Bang_ke_hoa_don_da_su_dung_2024-T6.2025.xls,4843
G00420,1C25TUV,00004056,08/06/2025,499074,39926,539000,Bang_ke_hoa_don_da_su_dung_2024-T6.2025.xls,4845
G00420,1C25TUV,00004059,08/06/2025,499074,39926,539000,Bang_ke_hoa_don_da_su_dung_2024-T6.2025.xls,4848
G00420,1C25TUV,00004061,08/06/2025,499074,39926,539000,Bang_ke_hoa_don_da_su_dung_2024-T6.2025.xls,4850
G00420,1C25TUV,00004064,08/06/2025,499074,39926,539000,Bang_ke_hoa_don_da_su_dung_2024-T6.2025.xls,4853
G00420,1C25TUV,00004069,08/06/2025,499074,39926,539000,Bang_ke_hoa_don_da_su_dung_2024-T6.2025.xls,4858
G00420,1C25TUV,00004071,08/06/2025,499074,39926,539000,Bang_ke_hoa_don_da_su_dung_2024-T6.2025.xls,4860
G00420,1C25TUV,00004072,08/06/2025,499074,39926,539000,Bang_ke_hoa_don_da_su_dung_2024-T6.2025.xls,4861
G00420,1C25TUV,00004094,08/06/2025,499074,39926,539000,Bang_ke_hoa_don_da_su_dung_2024-T6.2025.xls,4883
G00420,1C25TUV,00004143,08/06/2025,499074,39926,539000,Bang_ke_hoa_don_da_su_dung_2024-T6.2025.xls,4932
G00420,1C25TUV,00004160,08/06/2025,499074,39926,539000,Bang_ke_hoa_don_da_su_dung_2024-T6.2025.xls,4949
G00420,1C25TUV,00004178,08/06/2025,499074,39926,539000,Bang_ke_hoa_don_da_su_dung_2024-T6.2025.xls,4967
G00420,1C25TUV,00004188,08/06/2025,499074,39926,539000,Bang_ke_hoa_don_da_su_dung_2024-T6.2025.xls,4977
G00420,1C25TUV,00004235,09/06/2025,499074,39926,539000,Bang_ke_hoa_don_da_su_dung_T6.2025.xls,38
G00420,1C25TUV,00004273,09/06/2025,499074,39926,539000,Bang_ke_hoa_don_da_su_dung_T6.2025.xls,76
G00420,1C25TUV,00004278,09/06/2025,499074,39926,539000,Bang_ke_hoa_don_da_su_dung_T6.2025.xls,81
G00420,1C25TUV,00004281,09/06/2025,499074,39926,539000,Bang_ke_hoa_don_da_su_dung_T6.2025.xls,84
G00420,1C25TUV,00004289,09/06/2025,499074,39926,539000,Bang_ke_hoa_don_da_su_dung_T6.2025.xls,92
G00420,1C25TUV,00004290,09/06/2025,499074,39926,539000,Bang_ke_hoa_don_da_su_dung_T6.2025.xls,93
G00420,1C25TUV,00004292,09/06/2025,499074,39926,539000,Bang_ke_hoa_don_da_su_dung_T6.2025.xls,95
G00420,1C25TUV,00004294,09/06/2025,499074,39926,539000,Bang_ke_hoa_don_da_su_dung_T6.2025.xls,97
G00420,1C25TUV,00004295,09/06/2025,499074,39926,539000,Bang_ke_hoa_don_da_su_dung_T6.2025.xls,98
G00420,1C25TUV,00004302,09/06/2025,499074,39926,539000,Bang_ke_hoa_don_da_su_dung_T6.2025.xls,105
G00420,1C25TUV,00004304,09/06/2025,499074,39926,539000,Bang_ke_hoa_don_da_su_dung_T6.2025.xls,107
G00420,1C25TUV,00004310,09/06/2025,499074,39926,539000,Bang_ke_hoa_don_da_su_dung_T6.2025.xls,113
G00420,1C25TUV,00004348,09/06/2025,499074,39926,539000,Bang_ke_hoa_don_da_su_dung_T6.2025.xls,151
G00420,1C25TUV,00004350,09/06/2025,499074,39926,539000,Bang_ke_hoa_don_da_su_dung_T6.2025.xls,153
G00420,1C25TUV,00004364,09/06/2025,499074,39926,539000,Bang_ke_hoa_don_da_su_dung_T6.2025.xls,167
G00420,1C25TUV,00004366,09/06/2025,499074,39926,539000,Bang_ke_hoa_don_da_su_dung_T6.2025.xls,169
G00420,1C25TUV,00004479,10/06/2025,499074,39926,539000,Bang_ke_hoa_don_da_su_dung_T6.2025.xls,282
G00420,1C25TUV,00004524,10/06/2025,499074,39926,539000,Bang_ke_hoa_don_da_su_dung_T6.2025.xls,327
G00420,1C25TUV,00004533,10/06/2025,499074,39926,539000,Bang_ke_hoa_don_da_su_dung_T6.2025.xls,336
G00420,1C25TUV,00004534,10/06/2025,499074,39926,539000,Bang_ke_hoa_don_da_su_dung_T6.2025.xls,337
G00420,1C25TUV,00004540,10/06/2025,499074,39926,539000,Bang_ke_hoa_don_da_su_dung_T6.2025.xls,343
G00420,1C25TUV,00004541,10/06/2025,499074,39926,539000,Bang_ke_hoa_don_da_su_dung_T6.2025.xls,344
G00420,1C25TUV,00004542,10/06/2025,499074,39926,539000,Bang_ke_hoa_don_da_su_dung_T6.2025.xls,345
G00420,1C25TUV,00004551,10/06/2025,499074,39926,539000,Bang_ke_hoa_don_da_su_dung_T6.2025.xls,354
G00420,1C25TUV,00004557,10/06/2025,499074,39926,539000,Bang_ke_hoa_don_da_su_dung_T6.2025.xls,360
G00420,1C25TUV,00004565,10/06/2025,499074,39926,539000,Bang_ke_hoa_don_da_su_dung_T6.2025.xls,368
G00420,1C25TUV,00004569,10/06/2025,499074,39926,539000,Bang_ke_hoa_don_da_su_dung_T6.2025.xls,372
G00420,1C25TUV,00004571,10/06/2025,499074,39926,539000,Bang_ke_hoa_don_da_su_dung_T6.2025.xls,374
G00420,1C25TUV,00004626,10/06/2025,499074,39926,539000,Bang_ke_hoa_don_da_su_dung_T6.2025.xls,429
G00420,1C25TUV,00004638,10/06/2025,499074,39926,539000,Bang_ke_hoa_don_da_su_dung_T6.2025.xls,441
G00420,1C25TUV,00004647,10/06/2025,499074,39926,539000,Bang_ke_hoa_don_da_su_dung_T6.2025.xls,450
G00420,1C25TUV,00004657,10/06/2025,499074,39926,539000,Bang_ke_hoa_don_da_su_dung_T6.2025.xls,460
G00420,1C25TUV,00004659,10/06/2025,499074,39926,539000,Bang_ke_hoa_don_da_su_dung_T6.2025.xls,462
G00420,1C25TUV,00004663,10/06/2025,499074,39926,539000,Bang_ke_hoa_don_da_su_dung_T6.2025.xls,466
G00420,1C25TUV,00004796,11/06/2025,499074,39926,539000,Bang_ke_hoa_don_da_su_dung_T6.2025.xls,599
G00420,1C25TUV,00004802,11/06/2025,499074,39926,539000,Bang_ke_hoa_don_da_su_dung_T6.2025.xls,605
G00420,1C25TUV,00004807,11/06/2025,499074,39926,539000,Bang_ke_hoa_don_da_su_dung_T6.2025.xls,610
G00420,1C25TUV,00004870,11/06/2025,499074,39926,539000,Bang_ke_hoa_don_da_su_dung_T6.2025.xls,673
G00420,1C25TUV,00004889,11/06/2025,499074,39926,539000,Bang_ke_hoa_don_da_su_dung_T6.2025.xls,692
G00420,1C25TUV,00004930,12/06/2025,499074,39926,539000,Bang_ke_hoa_don_da_su_dung_T6.2025.xls,733
G00420,1C25TUV,00005063,12/06/2025,499074,39926,539000,Bang_ke_hoa_don_da_su_dung_T6.2025.xls,866
G00420,1C25TUV,00005065,12/06/2025,499074,39926,539000,Bang_ke_hoa_don_da_su_dung_T6.2025.xls,868
G00420,1C25TUV,00005082,12/06/2025,499074,39926,539000,Bang_ke_hoa_don_da_su_dung_T6.2025.xls,885
G00420,1C25TUV,00005268,13/06/2025,499074,39926,539000,Bang_ke_hoa_don_da_su_dung_T6.2025.xls,1071
G00420,1C25TUV,00005303,13/06/2025,499074,39926,539000,Bang_ke_hoa_don_da_su_dung_T6.2025.xls,1106
G00420,1C25TUV,00005305,13/06/2025,499074,39926,539000,Bang_ke_hoa_don_da_su_dung_T6.2025.xls,1108
G00420,1C25TUV,00005318,13/06/2025,499074,39926,539000,Bang_ke_hoa_don_da_su_dung_T6.2025.xls,1121
G00420,1C25TUV,00005471,14/06/2025,499074,39926,539000,Bang_ke_hoa_don_da_su_dung_T6.2025.xls,1274
G00420,1C25TUV,00005492,14/06/2025,499074,39926,539000,Bang_ke_hoa_don_da_su_dung_T6.2025.xls,1295
G00420,1C25TUV,00005544,14/06/2025,499074,39926,539000,Bang_ke_hoa_don_da_su_dung_T6.2025.xls,1347
G00420,1C25TUV,00005564,14/06/2025,499074,39926,539000,Bang_ke_hoa_don_da_su_dung_T6.2025.xls,1367
G00420,1C25TUV,00005584,14/06/2025,499074,39926,539000,Bang_ke_hoa_don_da_su_dung_T6.2025.xls,1387
G00420,1C25TUV,00005774,15/06/2025,499074,39926,539000,Bang_ke_hoa_don_da_su_dung_T6.2025.xls,1577
G00420,1C25TUV,00005792,15/06/2025,499074,39926,539000,Bang_ke_hoa_don_da_su_dung_T6.2025.xls,1595
G00420,1C25TUV,00005800,15/06/2025,499074,39926,539000,Bang_ke_hoa_don_da_su_dung_T6.2025.xls,1603
G00420,1C25TUV,00005830,15/06/2025,499074,39926,539000,Bang_ke_hoa_don_da_su_dung_T6.2025.xls,1633
G00420,1C25TUV,00005917,16/06/2025,499074,39926,539000,Bang_ke_hoa_don_da_su_dung_T6.2025.xls,1720
G00420,1C25TUV,00005940,16/06/2025,499074,39926,539000,Bang_ke_hoa_don_da_su_dung_T6.2025.xls,1743
G00420,1C25TUV,00006030,16/06/2025,499074,39926,539000,Bang_ke_hoa_don_da_su_dung_T6.2025.xls,1833
G00420,1C25TUV,00006042,16/06/2025,499074,39926,539000,Bang_ke_hoa_don_da_su_dung_T6.2025.xls,1845
G00420,1C25TUV,00006062,16/06/2025,499074,39926,539000,Bang_ke_hoa_don_da_su_dung_T6.2025.xls,1865
G00420,1C25TUV,00006141,17/06/2025,499074,39926,539000,Bang_ke_hoa_don_da_su_dung_T6.2025.xls,1944
G00420,1C25TUV,00006241,17/06/2025,499074,39926,539000,Bang_ke_hoa_don_da_su_dung_T6.2025.xls,2044
G00420,1C25TUV,00006242,17/06/2025,499074,39926,539000,Bang_ke_hoa_don_da_su_dung_T6.2025.xls,2045
G00420,1C25TUV,00006249,17/06/2025,499074,39926,539000,Bang_ke_hoa_don_da_su_dung_T6.2025.xls,2052
G00420,1C25TUV,00006265,17/06/2025,499074,39926,539000,Bang_ke_hoa_don_da_su_dung_T6.2025.xls,2068
G00420,1C25TUV,00006268,17/06/2025,499074,39926,539000,Bang_ke_hoa_don_da_su_dung_T6.2025.xls,2071
G00420,1C25TUV,00006285,17/06/2025,499074,39926,539000,Bang_ke_hoa_don_da_su_dung_T6.2025.xls,2088
G00420,1C25TUV,00006417,18/06/2025,499074,39926,539000,Bang_ke_hoa_don_da_su_dung_T6.2025.xls,2220
G00420,1C25TUV,00006430,18/06/2025,499074,39926,539000,Bang_ke_hoa_don_da_su_dung_T6.2025.xls,2233
G00420,1C25TUV,00006543,18/06/2025,499074,39926,539000,Bang_ke_hoa_don_da_su_dung_T6.2025.xls,2346
G00420,1C25TUV,00006624,18/06/2025,499074,39926,539000,Bang_ke_hoa_don_da_su_dung_T6.2025.xls,2427
G00420,1C25TUV,00006634,18/06/2025,499074,39926,539000,Bang_ke_hoa_don_da_su_dung_T6.2025.xls,2437
G00420,1C25TUV,00006737,19/06/2025,499074,39926,539000,Bang_ke_hoa_don_da_su_dung_T6.2025.xls,2540
G00420,1C25TUV,00006746,19/06/2025,499074,39926,539000,Bang_ke_hoa_don_da_su_dung_T6.2025.xls,2549
G00420,1C25TUV,00006872,19/06/2025,499074,39926,539000,Bang_ke_hoa_don_da_su_dung_T6.2025.xls,2675
G00420,1C25TUV,00006909,19/06/2025,499074,39926,539000,Bang_ke_hoa_don_da_su_dung_T6.2025.xls,2712
G00420,1C25TUV,00006923,19/06/2025,499074,39926,539000,Bang_ke_hoa_don_da_su_dung_T6.2025.xls,2726
G00420,1C25TUV,00006953,19/06/2025,499074,39926,539000,Bang_ke_hoa_don_da_su_dung_T6.2025.xls,2756
G00420,1C25TUV,00006959,19/06/2025,499074,39926,539000,Bang_ke_hoa_don_da_su_dung_T6.2025.xls,2762
G00420,1C25TUV,00006973,19/06/2025,499074,39926,539000,Bang_ke_hoa_don_da_su_dung_T6.2025.xls,2776
G00420,1C25TUV,00007178,20/06/2025,499074,39926,539000,Bang_ke_hoa_don_da_su_dung_T6.2025.xls,2981
G00420,1C25TUV,00007189,20/06/2025,499074,39926,539000,Bang_ke_hoa_don_da_su_dung_T6.2025.xls,2992
G00420,1C25TUV,00007199,20/06/2025,499074,39926,539000,Bang_ke_hoa_don_da_su_dung_T6.2025.xls,3002
G00420,1C25TUV,00007207,20/06/2025,499074,39926,539000,Bang_ke_hoa_don_da_su_dung_T6.2025.xls,3010
G00420,1C25TUV,00007227,20/06/2025,499074,39926,539000,Bang_ke_hoa_don_da_su_dung_T6.2025.xls,3030
G00420,1C25TUV,00007250,20/06/2025,499074,39926,539000,Bang_ke_hoa_don_da_su_dung_T6.2025.xls,3053
G00420,1C25TUV,00007270,20/06/2025,499074,39926,539000,Bang_ke_hoa_don_da_su_dung_T6.2025.xls,3073
G00420,1C25TUV,00007279,20/06/2025,499074,39926,539000,Bang_ke_hoa_don_da_su_dung_T6.2025.xls,3082
G00420,1C25TUV,00007287,20/06/2025,499074,39926,539000,Bang_ke_hoa_don_da_su_dung_T6.2025.xls,3090
G00420,1C25TUV,00007330,20/06/2025,499074,39926,539000,Bang_ke_hoa_don_da_su_dung_T6.2025.xls,3133
G00420,1C25TUV,00007365,21/06/2025,499074,39926,539000,Bang_ke_hoa_don_da_su_dung_T6.2025.xls,3168
G00420,1C25TUV,00007373,21/06/2025,499074,39926,539000,Bang_ke_hoa_don_da_su_dung_T6.2025.xls,3176
G00420,1C25TUV,00007377,21/06/2025,499074,39926,539000,Bang_ke_hoa_don_da_su_dung_T6.2025.xls,3180
G00420,1C25TUV,00007436,21/06/2025,499074,39926,539000,Bang_ke_hoa_don_da_su_dung_T6.2025.xls,3239
G00420,1C25TUV,00007456,21/06/2025,499074,39926,539000,Bang_ke_hoa_don_da_su_dung_T6.2025.xls,3259
G00420,1C25TUV,00007476,21/06/2025,499074,39926,539000,Bang_ke_hoa_don_da_su_dung_T6.2025.xls,3279
G00420,1C25TUV,00007745,22/06/2025,499074,39926,539000,Bang_ke_hoa_don_da_su_dung_T6.2025.xls,3548
G00420,1C25TUV,00007944,23/06/2025,499074,39926,539000,Bang_ke_hoa_don_da_su_dung_T6.2025.xls,3747
G00421,1C25TUV,00001013,25/05/2025,2994444,239556,3234000,Bang_ke_hoa_don_da_su_dung_2024-T6.2025.xls,1804
G00421,1C25TUV,00006109,17/06/2025,2994444,239556,3234000,Bang_ke_hoa_don_da_su_dung_T6.2025.xls,1912
G00421,1C25TUV,00006386,18/06/2025,2994444,239556,3234000,Bang_ke_hoa_don_da_su_dung_T6.2025.xls,2189
G00422,1C25TUV,00001018,25/05/2025,2165741,173259,2339000,Bang_ke_hoa_don_da_su_dung_2024-T6.2025.xls,1809
G00422,1C25TUV,00009265,29/06/2025,2165741,173259,2339000,Bang_ke_hoa_don_da_su_dung_T6.2025 L2.xls,85
G00422,1C25TUV,00009431,30/06/2025,2165741,173259,2339000,Bang_ke_hoa_don_da_su_dung_T6.2025 L2.xls,251
G00423,1C25TUV,00001031,25/05/2025,628704,50296,679000,Bang_ke_hoa_don_da_su_dung_2024-T6.2025.xls,1822
G00423,1C25TUV,00001974,29/05/2025,628704,50296,679000,Bang_ke_hoa_don_da_su_dung_2024-T6.2025.xls,2764
G00423,1C25TUV,00002379,30/05/2025,628704,50296,679000,Bang_ke_hoa_don_da_su_dung_2024-T6.2025.xls,3168
G00423,1C25TUV,00002716,31/05/2025,628704,50296,679000,Bang_ke_hoa_don_da_su_dung_2024-T6.2025.xls,3505
G00423,1C25TUV,00002994,03/06/2025,628704,50296,679000,Bang_ke_hoa_don_da_su_dung_2024-T6.2025.xls,3783
G00423,1C25TUV,00003033,03/06/2025,628704,50296,679000,Bang_ke_hoa_don_da_su_dung_2024-T6.2025.xls,3822
G00423,1C25TUV,00003045,03/06/2025,628704,50296,679000,Bang_ke_hoa_don_da_su_dung_2024-T6.2025.xls,3834
G00423,1C25TUV,00003054,03/06/2025,628704,50296,679000,Bang_ke_hoa_don_da_su_dung_2024-T6.2025.xls,3843
G00423,1C25TUV,00003369,05/06/2025,628704,50296,679000,Bang_ke_hoa_don_da_su_dung_2024-T6.2025.xls,4158
G00423,1C25TUV,00003611,06/06/2025,628704,50296,679000,Bang_ke_hoa_don_da_su_dung_2024-T6.2025.xls,4400
G00423,1C25TUV,00003624,06/06/2025,628704,50296,679000,Bang_ke_hoa_don_da_su_dung_2024-T6.2025.xls,4413
G00423,1C25TUV,00003868,07/06/2025,628704,50296,679000,Bang_ke_hoa_don_da_su_dung_2024-T6.2025.xls,4657
G00423,1C25TUV,00003880,07/06/2025,628704,50296,679000,Bang_ke_hoa_don_da_su_dung_2024-T6.2025.xls,4669
G00423,1C25TUV,00004609,10/06/2025,628704,50296,679000,Bang_ke_hoa_don_da_su_dung_T6.2025.xls,412
G00423,1C25TUV,00004612,10/06/2025,628704,50296,679000,Bang_ke_hoa_don_da_su_dung_T6.2025.xls,415
G00423,1C25TUV,00004613,10/06/2025,628704,50296,679000,Bang_ke_hoa_don_da_su_dung_T6.2025.xls,416
G00423,1C25TUV,00004854,11/06/2025,628704,50296,679000,Bang_ke_hoa_don_da_su_dung_T6.2025.xls,657
G00423,1C25TUV,00005094,12/06/2025,628704,50296,679000,Bang_ke_hoa_don_da_su_dung_T6.2025.xls,897
G00423,1C25TUV,00005103,12/06/2025,628704,50296,679000,Bang_ke_hoa_don_da_su_dung_T6.2025.xls,906
G00423,1C25TUV,00006779,19/06/2025,628704,50296,679000,Bang_ke_hoa_don_da_su_dung_T6.2025.xls,2582
G00423,1C25TUV,00007347,21/06/2025,628704,50296,679000,Bang_ke_hoa_don_da_su_dung_T6.2025.xls,3150
G00423,1C25TUV,00007608,22/06/2025,628704,50296,679000,Bang_ke_hoa_don_da_su_dung_T6.2025.xls,3411
G00424,1C25TUV,00001032,25/05/2025,508333,40667,549000,Bang_ke_hoa_don_da_su_dung_2024-T6.2025.xls,1823
G00424,1C25TUV,00001191,26/05/2025,508333,40667,549000,Bang_ke_hoa_don_da_su_dung_2024-T6.2025.xls,1982
G00424,1C25TUV,00001284,27/05/2025,508333,40667,549000,Bang_ke_hoa_don_da_su_dung_2024-T6.2025.xls,2075
G00424,1C25TUV,00001574,28/05/2025,508333,40667,549000,Bang_ke_hoa_don_da_su_dung_2024-T6.2025.xls,2365
G00424,1C25TUV,00003432,06/06/2025,508333,40667,549000,Bang_ke_hoa_don_da_su_dung_2024-T6.2025.xls,4221
G00424,1C25TUV,00003457,06/06/2025,508333,40667,549000,Bang_ke_hoa_don_da_su_dung_2024-T6.2025.xls,4246
G00424,1C25TUV,00003760,07/06/2025,508333,40667,549000,Bang_ke_hoa_don_da_su_dung_2024-T6.2025.xls,4549
G00424,1C25TUV,00009262,29/06/2025,508333,40667,549000,Bang_ke_hoa_don_da_su_dung_T6.2025 L2.xls,82
G00424,1C25TUV,00009574,30/06/2025,508333,40667,549000,Bang_ke_hoa_don_da_su_dung_T6.2025 L2.xls,394
G00424,1C25TUV,00005207,13/06/2025,508333,40667,549000,Bang_ke_hoa_don_da_su_dung_T6.2025.xls,1010
G00424,1C25TUV,00007225,20/06/2025,508333,40667,549000,Bang_ke_hoa_don_da_su_dung_T6.2025.xls,3028
G00424,1C25TUV,00007524,21/06/2025,508333,40667,549000,Bang_ke_hoa_don_da_su_dung_T6.2025.xls,3327
G00424,1C25TUV,00008708,26/06/2025,508333,40667,549000,Bang_ke_hoa_don_da_su_dung_T6.2025.xls,4511
G00425,1C25TUV,00001037,26/05/2025,4930000,394400,5324400,Bang_ke_hoa_don_da_su_dung_2024-T6.2025.xls,1828
G00426,1C25TUV,00001119,26/05/2025,628703,50296,678999,Bang_ke_hoa_don_da_su_dung_2024-T6.2025.xls,1910
G00426,1C25TUV,00002651,31/05/2025,628703,50296,678999,Bang_ke_hoa_don_da_su_dung_2024-T6.2025.xls,3440
G00426,1C25TUV,00002963,03/06/2025,628703,50296,678999,Bang_ke_hoa_don_da_su_dung_2024-T6.2025.xls,3752
G00427,1C25TUV,00001129,26/05/2025,2443518,195481,2638999,Bang_ke_hoa_don_da_su_dung_2024-T6.2025.xls,1920
G00427,1C25TUV,00003002,03/06/2025,2443518,195481,2638999,Bang_ke_hoa_don_da_su_dung_2024-T6.2025.xls,3791
G00428,1C25TUV,00001145,26/05/2025,333333,26667,360000,Bang_ke_hoa_don_da_su_dung_2024-T6.2025.xls,1936
G00429,1C25TUV,00001146,26/05/2025,648148,51852,700000,Bang_ke_hoa_don_da_su_dung_2024-T6.2025.xls,1937
G00430,1C25TUV,00001178,26/05/2025,2443519,195482,2639001,Bang_ke_hoa_don_da_su_dung_2024-T6.2025.xls,1969
G00431,1C25TUV,00001193,26/05/2025,2480556,198444,2679000,Bang_ke_hoa_don_da_su_dung_2024-T6.2025.xls,1984
G00431,1C25TUV,00001303,27/05/2025,2480556,198444,2679000,Bang_ke_hoa_don_da_su_dung_2024-T6.2025.xls,2094
G00431,1C25TUV,00001304,27/05/2025,2480556,198444,2679000,Bang_ke_hoa_don_da_su_dung_2024-T6.2025.xls,2095
G00431,1C25TUV,00002007,29/05/2025,2480556,198444,2679000,Bang_ke_hoa_don_da_su_dung_2024-T6.2025.xls,2797
G00431,1C25TUV,00002008,29/05/2025,2480556,198444,2679000,Bang_ke_hoa_don_da_su_dung_2024-T6.2025.xls,2798
G00431,1C25TUV,00002009,29/05/2025,2480556,198444,2679000,Bang_ke_hoa_don_da_su_dung_2024-T6.2025.xls,2799
G00431,1C25TUV,00009336,29/06/2025,2480556,198444,2679000,Bang_ke_hoa_don_da_su_dung_T6.2025 L2.xls,156
G00431,1C25TUV,00008774,27/06/2025,2480556,198444,2679000,Bang_ke_hoa_don_da_su_dung_T6.2025.xls,4577
G00431,1C25TUV,00009052,28/06/2025,2480556,198444,2679000,Bang_ke_hoa_don_da_su_dung_T6.2025.xls,4855
G00431,1C25TUV,00009056,28/06/2025,2480556,198444,2679000,Bang_ke_hoa_don_da_su_dung_T6.2025.xls,4859
G00432,1C25TUV,00001194,26/05/2025,406481,32518,438999,Bang_ke_hoa_don_da_su_dung_2024-T6.2025.xls,1985
G00432,1C25TUV,00001620,28/05/2025,406481,32518,438999,Bang_ke_hoa_don_da_su_dung_2024-T6.2025.xls,2411
G00433,1C25TUV,00001195,26/05/2025,499074,39926,539000,Bang_ke_hoa_don_da_su_dung_2024-T6.2025.xls,1986
G00433,1C25TUV,00001196,26/05/2025,499074,39926,539000,Bang_ke_hoa_don_da_su_dung_2024-T6.2025.xls,1987
G00433,1C25TUV,00001197,26/05/2025,499074,39926,539000,Bang_ke_hoa_don_da_su_dung_2024-T6.2025.xls,1988
G00433,1C25TUV,00001352,27/05/2025,499074,39926,539000,Bang_ke_hoa_don_da_su_dung_2024-T6.2025.xls,2143
G00433,1C25TUV,00001356,27/05/2025,499074,39926,539000,Bang_ke_hoa_don_da_su_dung_2024-T6.2025.xls,2147
G00433,1C25TUV,00001357,27/05/2025,499074,39926,539000,Bang_ke_hoa_don_da_su_dung_2024-T6.2025.xls,2148
G00433,1C25TUV,00002430,30/05/2025,499074,39926,539000,Bang_ke_hoa_don_da_su_dung_2024-T6.2025.xls,3219
G00433,1C25TUV,00002431,30/05/2025,499074,39926,539000,Bang_ke_hoa_don_da_su_dung_2024-T6.2025.xls,3220
G00433,1C25TUV,00002432,30/05/2025,499074,39926,539000,Bang_ke_hoa_don_da_su_dung_2024-T6.2025.xls,3221
G00433,1C25TUV,00002433,30/05/2025,499074,39926,539000,Bang_ke_hoa_don_da_su_dung_2024-T6.2025.xls,3222
G00433,1C25TUV,00002434,30/05/2025,499074,39926,539000,Bang_ke_hoa_don_da_su_dung_2024-T6.2025.xls,3223
G00434,1C25TUV,00001198,26/05/2025,628704,50296,679000,Bang_ke_hoa_don_da_su_dung_2024-T6.2025.xls,1989
G00435,1C25TUV,00001199,26/05/2025,628704,50296,679000,Bang_ke_hoa_don_da_su_dung_2024-T6.2025.xls,1990
G00435,1C25TUV,00001343,27/05/2025,628704,50296,679000,Bang_ke_hoa_don_da_su_dung_2024-T6.2025.xls,2134
G00435,1C25TUV,00001344,27/05/2025,628704,50296,679000,Bang_ke_hoa_don_da_su_dung_2024-T6.2025.xls,2135
G00435,1C25TUV,00001351,27/05/2025,628704,50296,679000,Bang_ke_hoa_don_da_su_dung_2024-T6.2025.xls,2142
G00435,1C25TUV,00001750,29/05/2025,628704,50296,679000,Bang_ke_hoa_don_da_su_dung_2024-T6.2025.xls,2541
G00435,1C25TUV,00002424,30/05/2025,628704,50296,679000,Bang_ke_hoa_don_da_su_dung_2024-T6.2025.xls,3213
G00435,1C25TUV,00002425,30/05/2025,628704,50296,679000,Bang_ke_hoa_don_da_su_dung_2024-T6.2025.xls,3214
G00435,1C25TUV,00002426,30/05/2025,628704,50296,679000,Bang_ke_hoa_don_da_su_dung_2024-T6.2025.xls,3215
G00436,1C25TUV,00001200,26/05/2025,1054630,84370,1139000,Bang_ke_hoa_don_da_su_dung_2024-T6.2025.xls,1991
G00436,1C25TUV,00001201,26/05/2025,1054630,84370,1139000,Bang_ke_hoa_don_da_su_dung_2024-T6.2025.xls,1992
G00437,1C25TUV,00001203,26/05/2025,1980556,158444,2139000,Bang_ke_hoa_don_da_su_dung_2024-T6.2025.xls,1994
G00437,1C25TUV,00001206,26/05/2025,1980556,158444,2139000,Bang_ke_hoa_don_da_su_dung_2024-T6.2025.xls,1997
G00437,1C25TUV,00001207,26/05/2025,1980556,158444,2139000,Bang_ke_hoa_don_da_su_dung_2024-T6.2025.xls,1998
G00437,1C25TUV,00001309,27/05/2025,1980556,158444,2139000,Bang_ke_hoa_don_da_su_dung_2024-T6.2025.xls,2100
G00437,1C25TUV,00001615,28/05/2025,1980556,158444,2139000,Bang_ke_hoa_don_da_su_dung_2024-T6.2025.xls,2406
G00437,1C25TUV,00002416,30/05/2025,1980556,158444,2139000,Bang_ke_hoa_don_da_su_dung_2024-T6.2025.xls,3205
G00437,1C25TUV,00002792,01/06/2025,1980556,158444,2139000,Bang_ke_hoa_don_da_su_dung_2024-T6.2025.xls,3581
G00437,1C25TUV,00003815,07/06/2025,1980556,158444,2139000,Bang_ke_hoa_don_da_su_dung_2024-T6.2025.xls,4604
G00437,1C25TUV,00004099,08/06/2025,1980556,158444,2139000,Bang_ke_hoa_don_da_su_dung_2024-T6.2025.xls,4888
G00437,1C25TUV,00009338,29/06/2025,1980556,158444,2139000,Bang_ke_hoa_don_da_su_dung_T6.2025 L2.xls,158
G00437,1C25TUV,00009626,30/06/2025,1980556,158444,2139000,Bang_ke_hoa_don_da_su_dung_T6.2025 L2.xls,446
G00437,1C25TUV,00006093,16/06/2025,1980556,158444,2139000,Bang_ke_hoa_don_da_su_dung_T6.2025.xls,1896
G00437,1C25TUV,00006094,16/06/2025,1980556,158444,2139000,Bang_ke_hoa_don_da_su_dung_T6.2025.xls,1897
G00437,1C25TUV,00006095,16/06/2025,1980556,158444,2139000,Bang_ke_hoa_don_da_su_dung_T6.2025.xls,1898
G00437,1C25TUV,00006096,16/06/2025,1980556,158444,2139000,Bang_ke_hoa_don_da_su_dung_T6.2025.xls,1899
G00437,1C25TUV,00006097,16/06/2025,1980556,158444,2139000,Bang_ke_hoa_don_da_su_dung_T6.2025.xls,1900
G00437,1C25TUV,00006121,17/06/2025,1980556,158444,2139000,Bang_ke_hoa_don_da_su_dung_T6.2025.xls,1924
G00437,1C25TUV,00006122,17/06/2025,1980556,158444,2139000,Bang_ke_hoa_don_da_su_dung_T6.2025.xls,1925
G00437,1C25TUV,00006123,17/06/2025,1980556,158444,2139000,Bang_ke_hoa_don_da_su_dung_T6.2025.xls,1926
G00437,1C25TUV,00006505,18/06/2025,1980556,158444,2139000,Bang_ke_hoa_don_da_su_dung_T6.2025.xls,2308
G00437,1C25TUV,00006506,18/06/2025,1980556,158444,2139000,Bang_ke_hoa_don_da_su_dung_T6.2025.xls,2309
G00437,1C25TUV,00006722,19/06/2025,1980556,158444,2139000,Bang_ke_hoa_don_da_su_dung_T6.2025.xls,2525
G00437,1C25TUV,00007035,20/06/2025,1980556,158444,2139000,Bang_ke_hoa_don_da_su_dung_T6.2025.xls,2838
G00437,1C25TUV,00008324,24/06/2025,1980556,158444,2139000,Bang_ke_hoa_don_da_su_dung_T6.2025.xls,4127
G00437,1C25TUV,00008396,25/06/2025,1980556,158444,2139000,Bang_ke_hoa_don_da_su_dung_T6.2025.xls,4199
G00437,1C25TUV,00008597,26/06/2025,1980556,158444,2139000,Bang_ke_hoa_don_da_su_dung_T6.2025.xls,4400
G00437,1C25TUV,00009058,28/06/2025,1980556,158444,2139000,Bang_ke_hoa_don_da_su_dung_T6.2025.xls,4861
G00437,1C25TUV,00009059,28/06/2025,1980556,158444,2139000,Bang_ke_hoa_don_da_su_dung_T6.2025.xls,4862
G00438,1C25TUV,00001217,26/05/2025,1670976,133678,1804654,Bang_ke_hoa_don_da_su_dung_2024-T6.2025.xls,2008
G00439,1C25TUV,00001255,27/05/2025,165741,13259,179000,Bang_ke_hoa_don_da_su_dung_2024-T6.2025.xls,2046
G00439,1C25TUV,00001895,29/05/2025,165741,13259,179000,Bang_ke_hoa_don_da_su_dung_2024-T6.2025.xls,2686
G00439,1C25TUV,00002410,30/05/2025,165741,13259,179000,Bang_ke_hoa_don_da_su_dung_2024-T6.2025.xls,3199
G00439,1C25TUV,00002817,01/06/2025,165741,13259,179000,Bang_ke_hoa_don_da_su_dung_2024-T6.2025.xls,3606
G00439,1C25TUV,00003023,03/06/2025,165741,13259,179000,Bang_ke_hoa_don_da_su_dung_2024-T6.2025.xls,3812
G00439,1C25TUV,00003222,05/06/2025,165741,13259,179000,Bang_ke_hoa_don_da_su_dung_2024-T6.2025.xls,4011
G00439,1C25TUV,00003223,05/06/2025,165741,13259,179000,Bang_ke_hoa_don_da_su_dung_2024-T6.2025.xls,4012
G00439,1C25TUV,00003422,06/06/2025,165741,13259,179000,Bang_ke_hoa_don_da_su_dung_2024-T6.2025.xls,4211
G00439,1C25TUV,00003677,07/06/2025,165741,13259,179000,Bang_ke_hoa_don_da_su_dung_2024-T6.2025.xls,4466
G00439,1C25TUV,00003709,07/06/2025,165741,13259,179000,Bang_ke_hoa_don_da_su_dung_2024-T6.2025.xls,4498
G00439,1C25TUV,00003727,07/06/2025,165741,13259,179000,Bang_ke_hoa_don_da_su_dung_2024-T6.2025.xls,4516
G00439,1C25TUV,00003740,07/06/2025,165741,13259,179000,Bang_ke_hoa_don_da_su_dung_2024-T6.2025.xls,4529
G00439,1C25TUV,00003754,07/06/2025,165741,13259,179000,Bang_ke_hoa_don_da_su_dung_2024-T6.2025.xls,4543
G00439,1C25TUV,00003937,08/06/2025,165741,13259,179000,Bang_ke_hoa_don_da_su_dung_2024-T6.2025.xls,4726
G00439,1C25TUV,00003947,08/06/2025,165741,13259,179000,Bang_ke_hoa_don_da_su_dung_2024-T6.2025.xls,4736
G00439,1C25TUV,00003966,08/06/2025,165741,13259,179000,Bang_ke_hoa_don_da_su_dung_2024-T6.2025.xls,4755
G00439,1C25TUV,00003996,08/06/2025,165741,13259,179000,Bang_ke_hoa_don_da_su_dung_2024-T6.2025.xls,4785
G00439,1C25TUV,00004033,08/06/2025,165741,13259,179000,Bang_ke_hoa_don_da_su_dung_2024-T6.2025.xls,4822
G00439,1C25TUV,00004074,08/06/2025,165741,13259,179000,Bang_ke_hoa_don_da_su_dung_2024-T6.2025.xls,4863
G00439,1C25TUV,00004076,08/06/2025,165741,13259,179000,Bang_ke_hoa_don_da_su_dung_2024-T6.2025.xls,4865
G00439,1C25TUV,00004080,08/06/2025,165741,13259,179000,Bang_ke_hoa_don_da_su_dung_2024-T6.2025.xls,4869
G00439,1C25TUV,00004170,08/06/2025,165741,13259,179000,Bang_ke_hoa_don_da_su_dung_2024-T6.2025.xls,4959
G00439,1C25TUV,00004224,09/06/2025,165741,13259,179000,Bang_ke_hoa_don_da_su_dung_T6.2025.xls,27
G00439,1C25TUV,00004238,09/06/2025,165741,13259,179000,Bang_ke_hoa_don_da_su_dung_T6.2025.xls,41
G00439,1C25TUV,00004243,09/06/2025,165741,13259,179000,Bang_ke_hoa_don_da_su_dung_T6.2025.xls,46
G00439,1C25TUV,00004253,09/06/2025,165741,13259,179000,Bang_ke_hoa_don_da_su_dung_T6.2025.xls,56
G00439,1C25TUV,00004285,09/06/2025,165741,13259,179000,Bang_ke_hoa_don_da_su_dung_T6.2025.xls,88
G00439,1C25TUV,00004286,09/06/2025,165741,13259,179000,Bang_ke_hoa_don_da_su_dung_T6.2025.xls,89
G00439,1C25TUV,00004296,09/06/2025,165741,13259,179000,Bang_ke_hoa_don_da_su_dung_T6.2025.xls,99
G00439,1C25TUV,00004370,09/06/2025,165741,13259,179000,Bang_ke_hoa_don_da_su_dung_T6.2025.xls,173
G00439,1C25TUV,00004431,10/06/2025,165741,13259,179000,Bang_ke_hoa_don_da_su_dung_T6.2025.xls,234
G00439,1C25TUV,00004461,10/06/2025,165741,13259,179000,Bang_ke_hoa_don_da_su_dung_T6.2025.xls,264
G00439,1C25TUV,00004469,10/06/2025,165741,13259,179000,Bang_ke_hoa_don_da_su_dung_T6.2025.xls,272
G00439,1C25TUV,00004470,10/06/2025,165741,13259,179000,Bang_ke_hoa_don_da_su_dung_T6.2025.xls,273
G00439,1C25TUV,00004487,10/06/2025,165741,13259,179000,Bang_ke_hoa_don_da_su_dung_T6.2025.xls,290
G00439,1C25TUV,00004535,10/06/2025,165741,13259,179000,Bang_ke_hoa_don_da_su_dung_T6.2025.xls,338
G00439,1C25TUV,00004732,11/06/2025,165741,13259,179000,Bang_ke_hoa_don_da_su_dung_T6.2025.xls,535
G00439,1C25TUV,00004739,11/06/2025,165741,13259,179000,Bang_ke_hoa_don_da_su_dung_T6.2025.xls,542
G00439,1C25TUV,00004740,11/06/2025,165741,13259,179000,Bang_ke_hoa_don_da_su_dung_T6.2025.xls,543
G00439,1C25TUV,00004793,11/06/2025,165741,13259,179000,Bang_ke_hoa_don_da_su_dung_T6.2025.xls,596
G00439,1C25TUV,00004914,12/06/2025,165741,13259,179000,Bang_ke_hoa_don_da_su_dung_T6.2025.xls,717
G00439,1C25TUV,00004919,12/06/2025,165741,13259,179000,Bang_ke_hoa_don_da_su_dung_T6.2025.xls,722
G00439,1C25TUV,00004921,12/06/2025,165741,13259,179000,Bang_ke_hoa_don_da_su_dung_T6.2025.xls,724
G00439,1C25TUV,00004922,12/06/2025,165741,13259,179000,Bang_ke_hoa_don_da_su_dung_T6.2025.xls,725
G00439,1C25TUV,00004927,12/06/2025,165741,13259,179000,Bang_ke_hoa_don_da_su_dung_T6.2025.xls,730
G00439,1C25TUV,00004934,12/06/2025,165741,13259,179000,Bang_ke_hoa_don_da_su_dung_T6.2025.xls,737
G00439,1C25TUV,00004935,12/06/2025,165741,13259,179000,Bang_ke_hoa_don_da_su_dung_T6.2025.xls,738
G00439,1C25TUV,00004985,12/06/2025,165741,13259,179000,Bang_ke_hoa_don_da_su_dung_T6.2025.xls,788
G00439,1C25TUV,00005157,13/06/2025,165741,13259,179000,Bang_ke_hoa_don_da_su_dung_T6.2025.xls,960
G00439,1C25TUV,00005161,13/06/2025,165741,13259,179000,Bang_ke_hoa_don_da_su_dung_T6.2025.xls,964
G00439,1C25TUV,00005164,13/06/2025,165741,13259,179000,Bang_ke_hoa_don_da_su_dung_T6.2025.xls,967
G00439,1C25TUV,00005179,13/06/2025,165741,13259,179000,Bang_ke_hoa_don_da_su_dung_T6.2025.xls,982
G00439,1C25TUV,00005187,13/06/2025,165741,13259,179000,Bang_ke_hoa_don_da_su_dung_T6.2025.xls,990
G00439,1C25TUV,00005188,13/06/2025,165741,13259,179000,Bang_ke_hoa_don_da_su_dung_T6.2025.xls,991
G00439,1C25TUV,00005194,13/06/2025,165741,13259,179000,Bang_ke_hoa_don_da_su_dung_T6.2025.xls,997
G00439,1C25TUV,00005233,13/06/2025,165741,13259,179000,Bang_ke_hoa_don_da_su_dung_T6.2025.xls,1036
G00439,1C25TUV,00005504,14/06/2025,165741,13259,179000,Bang_ke_hoa_don_da_su_dung_T6.2025.xls,1307
G00439,1C25TUV,00005568,14/06/2025,165741,13259,179000,Bang_ke_hoa_don_da_su_dung_T6.2025.xls,1371
G00439,1C25TUV,00005571,14/06/2025,165741,13259,179000,Bang_ke_hoa_don_da_su_dung_T6.2025.xls,1374
G00439,1C25TUV,00005599,14/06/2025,165741,13259,179000,Bang_ke_hoa_don_da_su_dung_T6.2025.xls,1402
G00439,1C25TUV,00005605,14/06/2025,165741,13259,179000,Bang_ke_hoa_don_da_su_dung_T6.2025.xls,1408
G00439,1C25TUV,00005622,14/06/2025,165741,13259,179000,Bang_ke_hoa_don_da_su_dung_T6.2025.xls,1425
G00439,1C25TUV,00005627,14/06/2025,165741,13259,179000,Bang_ke_hoa_don_da_su_dung_T6.2025.xls,1430
G00439,1C25TUV,00005759,15/06/2025,165741,13259,179000,Bang_ke_hoa_don_da_su_dung_T6.2025.xls,1562
G00439,1C25TUV,00005767,15/06/2025,165741,13259,179000,Bang_ke_hoa_don_da_su_dung_T6.2025.xls,1570
G00439,1C25TUV,00005783,15/06/2025,165741,13259,179000,Bang_ke_hoa_don_da_su_dung_T6.2025.xls,1586
G00439,1C25TUV,00005849,15/06/2025,165741,13259,179000,Bang_ke_hoa_don_da_su_dung_T6.2025.xls,1652
G00439,1C25TUV,00005854,15/06/2025,165741,13259,179000,Bang_ke_hoa_don_da_su_dung_T6.2025.xls,1657
G00439,1C25TUV,00005859,15/06/2025,165741,13259,179000,Bang_ke_hoa_don_da_su_dung_T6.2025.xls,1662
G00439,1C25TUV,00005861,15/06/2025,165741,13259,179000,Bang_ke_hoa_don_da_su_dung_T6.2025.xls,1664
G00439,1C25TUV,00005868,15/06/2025,165741,13259,179000,Bang_ke_hoa_don_da_su_dung_T6.2025.xls,1671
G00439,1C25TUV,00005877,15/06/2025,165741,13259,179000,Bang_ke_hoa_don_da_su_dung_T6.2025.xls,1680
G00439,1C25TUV,00005893,16/06/2025,165741,13259,179000,Bang_ke_hoa_don_da_su_dung_T6.2025.xls,1696
G00439,1C25TUV,00005923,16/06/2025,165741,13259,179000,Bang_ke_hoa_don_da_su_dung_T6.2025.xls,1726
G00439,1C25TUV,00005951,16/06/2025,165741,13259,179000,Bang_ke_hoa_don_da_su_dung_T6.2025.xls,1754
G00439,1C25TUV,00005965,16/06/2025,165741,13259,179000,Bang_ke_hoa_don_da_su_dung_T6.2025.xls,1768
G00439,1C25TUV,00005978,16/06/2025,165741,13259,179000,Bang_ke_hoa_don_da_su_dung_T6.2025.xls,1781
G00439,1C25TUV,00006024,16/06/2025,165741,13259,179000,Bang_ke_hoa_don_da_su_dung_T6.2025.xls,1827
G00439,1C25TUV,00006328,17/06/2025,165741,13259,179000,Bang_ke_hoa_don_da_su_dung_T6.2025.xls,2131
G00439,1C25TUV,00006403,18/06/2025,165741,13259,179000,Bang_ke_hoa_don_da_su_dung_T6.2025.xls,2206
G00440,1C25TUV,00001295,27/05/2025,499074,39926,539000,Bang_ke_hoa_don_da_su_dung_2024-T6.2025.xls,2086
G00441,1C25TUV,00001305,27/05/2025,5830556,466444,6297000,Bang_ke_hoa_don_da_su_dung_2024-T6.2025.xls,2096
G00442,1C25TUV,00001306,27/05/2025,2295370,183630,2479000,Bang_ke_hoa_don_da_su_dung_2024-T6.2025.xls,2097
G00442,1C25TUV,00001325,27/05/2025,2295370,183630,2479000,Bang_ke_hoa_don_da_su_dung_2024-T6.2025.xls,2116
G00442,1C25TUV,00001433,27/05/2025,2295370,183630,2479000,Bang_ke_hoa_don_da_su_dung_2024-T6.2025.xls,2224
G00442,1C25TUV,00002704,31/05/2025,2295370,183630,2479000,Bang_ke_hoa_don_da_su_dung_2024-T6.2025.xls,3493
G00442,1C25TUV,00002830,01/06/2025,2295370,183630,2479000,Bang_ke_hoa_don_da_su_dung_2024-T6.2025.xls,3619
G00442,1C25TUV,00003814,07/06/2025,2295370,183630,2479000,Bang_ke_hoa_don_da_su_dung_2024-T6.2025.xls,4603
G00442,1C25TUV,00009335,29/06/2025,2295370,183630,2479000,Bang_ke_hoa_don_da_su_dung_T6.2025 L2.xls,155
G00442,1C25TUV,00004578,10/06/2025,2295370,183630,2479000,Bang_ke_hoa_don_da_su_dung_T6.2025.xls,381
G00442,1C25TUV,00006089,16/06/2025,2295370,183630,2479000,Bang_ke_hoa_don_da_su_dung_T6.2025.xls,1892
G00442,1C25TUV,00006090,16/06/2025,2295370,183630,2479000,Bang_ke_hoa_don_da_su_dung_T6.2025.xls,1893
G00442,1C25TUV,00006117,17/06/2025,2295370,183630,2479000,Bang_ke_hoa_don_da_su_dung_T6.2025.xls,1920
G00442,1C25TUV,00006118,17/06/2025,2295370,183630,2479000,Bang_ke_hoa_don_da_su_dung_T6.2025.xls,1921
G00442,1C25TUV,00006119,17/06/2025,2295370,183630,2479000,Bang_ke_hoa_don_da_su_dung_T6.2025.xls,1922
G00442,1C25TUV,00006120,17/06/2025,2295370,183630,2479000,Bang_ke_hoa_don_da_su_dung_T6.2025.xls,1923
G00442,1C25TUV,00006502,18/06/2025,2295370,183630,2479000,Bang_ke_hoa_don_da_su_dung_T6.2025.xls,2305
G00442,1C25TUV,00006503,18/06/2025,2295370,183630,2479000,Bang_ke_hoa_don_da_su_dung_T6.2025.xls,2306
G00442,1C25TUV,00006504,18/06/2025,2295370,183630,2479000,Bang_ke_hoa_don_da_su_dung_T6.2025.xls,2307
G00442,1C25TUV,00006725,19/06/2025,2295370,183630,2479000,Bang_ke_hoa_don_da_su_dung_T6.2025.xls,2528
G00442,1C25TUV,00006726,19/06/2025,2295370,183630,2479000,Bang_ke_hoa_don_da_su_dung_T6.2025.xls,2529
G00442,1C25TUV,00007032,20/06/2025,2295370,183630,2479000,Bang_ke_hoa_don_da_su_dung_T6.2025.xls,2835
G00442,1C25TUV,00007033,20/06/2025,2295370,183630,2479000,Bang_ke_hoa_don_da_su_dung_T6.2025.xls,2836
G00442,1C25TUV,00007342,21/06/2025,2295370,183630,2479000,Bang_ke_hoa_don_da_su_dung_T6.2025.xls,3145
G00442,1C25TUV,00007428,21/06/2025,2295370,183630,2479000,Bang_ke_hoa_don_da_su_dung_T6.2025.xls,3231
G00442,1C25TUV,00008323,24/06/2025,2295370,183630,2479000,Bang_ke_hoa_don_da_su_dung_T6.2025.xls,4126
G00442,1C25TUV,00008391,25/06/2025,2295370,183630,2479000,Bang_ke_hoa_don_da_su_dung_T6.2025.xls,4194
G00442,1C25TUV,00008392,25/06/2025,2295370,183630,2479000,Bang_ke_hoa_don_da_su_dung_T6.2025.xls,4195
G00442,1C25TUV,00008394,25/06/2025,2295370,183630,2479000,Bang_ke_hoa_don_da_su_dung_T6.2025.xls,4197
G00442,1C25TUV,00008592,26/06/2025,2295370,183630,2479000,Bang_ke_hoa_don_da_su_dung_T6.2025.xls,4395
G00442,1C25TUV,00008593,26/06/2025,2295370,183630,2479000,Bang_ke_hoa_don_da_su_dung_T6.2025.xls,4396
G00442,1C25TUV,00008595,26/06/2025,2295370,183630,2479000,Bang_ke_hoa_don_da_su_dung_T6.2025.xls,4398
G00442,1C25TUV,00008596,26/06/2025,2295370,183630,2479000,Bang_ke_hoa_don_da_su_dung_T6.2025.xls,4399
G00442,1C25TUV,00008655,26/06/2025,2295370,183630,2479000,Bang_ke_hoa_don_da_su_dung_T6.2025.xls,4458
G00442,1C25TUV,00008775,27/06/2025,2295370,183630,2479000,Bang_ke_hoa_don_da_su_dung_T6.2025.xls,4578
G00442,1C25TUV,00008850,27/06/2025,2295370,183630,2479000,Bang_ke_hoa_don_da_su_dung_T6.2025.xls,4653
G00442,1C25TUV,00009051,28/06/2025,2295370,183630,2479000,Bang_ke_hoa_don_da_su_dung_T6.2025.xls,4854
G00442,1C25TUV,00009053,28/06/2025,2295370,183630,2479000,Bang_ke_hoa_don_da_su_dung_T6.2025.xls,4856
G00442,1C25TUV,00009054,28/06/2025,2295370,183630,2479000,Bang_ke_hoa_don_da_su_dung_T6.2025.xls,4857
G00442,1C25TUV,00009055,28/06/2025,2295370,183630,2479000,Bang_ke_hoa_don_da_su_dung_T6.2025.xls,4858
G00443,1C25TUV,00001326,27/05/2025,2998148,239852,3238000,Bang_ke_hoa_don_da_su_dung_2024-T6.2025.xls,2117
G00444,1C25TUV,00001327,27/05/2025,3036111,242889,3279000,Bang_ke_hoa_don_da_su_dung_2024-T6.2025.xls,2118
G00444,1C25TUV,00001629,28/05/2025,3036111,242889,3279000,Bang_ke_hoa_don_da_su_dung_2024-T6.2025.xls,2420
G00444,1C25TUV,00009341,29/06/2025,3036111,242889,3279000,Bang_ke_hoa_don_da_su_dung_T6.2025 L2.xls,161
G00444,1C25TUV,00005358,13/06/2025,3036111,242889,3279000,Bang_ke_hoa_don_da_su_dung_T6.2025.xls,1161
G00444,1C25TUV,00005370,14/06/2025,3036111,242889,3279000,Bang_ke_hoa_don_da_su_dung_T6.2025.xls,1173
G00444,1C25TUV,00005372,14/06/2025,3036111,242889,3279000,Bang_ke_hoa_don_da_su_dung_T6.2025.xls,1175
G00445,1C25TUV,00001329,27/05/2025,1543519,123482,1667001,Bang_ke_hoa_don_da_su_dung_2024-T6.2025.xls,2120
G00446,1C25TUV,00001330,27/05/2025,628704,50296,679000,Bang_ke_hoa_don_da_su_dung_2024-T6.2025.xls,2121
G00446,1C25TUV,00001331,27/05/2025,628704,50296,679000,Bang_ke_hoa_don_da_su_dung_2024-T6.2025.xls,2122
G00446,1C25TUV,00001332,27/05/2025,628704,50296,679000,Bang_ke_hoa_don_da_su_dung_2024-T6.2025.xls,2123
G00446,1C25TUV,00002003,29/05/2025,628704,50296,679000,Bang_ke_hoa_don_da_su_dung_2024-T6.2025.xls,2793
G00447,1C25TUV,00001333,27/05/2025,1276852,102148,1379000,Bang_ke_hoa_don_da_su_dung_2024-T6.2025.xls,2124
G00447,1C25TUV,00001334,27/05/2025,1276852,102148,1379000,Bang_ke_hoa_don_da_su_dung_2024-T6.2025.xls,2125
G00447,1C25TUV,00001335,27/05/2025,1276852,102148,1379000,Bang_ke_hoa_don_da_su_dung_2024-T6.2025.xls,2126
G00448,1C25TUV,00001336,27/05/2025,1369444,109556,1479000,Bang_ke_hoa_don_da_su_dung_2024-T6.2025.xls,2127
G00448,1C25TUV,00001621,28/05/2025,1369444,109556,1479000,Bang_ke_hoa_don_da_su_dung_2024-T6.2025.xls,2412
G00448,1C25TUV,00001624,28/05/2025,1369444,109556,1479000,Bang_ke_hoa_don_da_su_dung_2024-T6.2025.xls,2415
G00449,1C25TUV,00001337,27/05/2025,1276852,102148,1379000,Bang_ke_hoa_don_da_su_dung_2024-T6.2025.xls,2128
G00449,1C25TUV,00001622,28/05/2025,1276852,102148,1379000,Bang_ke_hoa_don_da_su_dung_2024-T6.2025.xls,2413
G00449,1C25TUV,00001623,28/05/2025,1276852,102148,1379000,Bang_ke_hoa_don_da_su_dung_2024-T6.2025.xls,2414
G00449,1C25TUV,00001625,28/05/2025,1276852,102148,1379000,Bang_ke_hoa_don_da_su_dung_2024-T6.2025.xls,2416
G00449,1C25TUV,00001626,28/05/2025,1276852,102148,1379000,Bang_ke_hoa_don_da_su_dung_2024-T6.2025.xls,2417
G00449,1C25TUV,00001917,29/05/2025,1276852,102148,1379000,Bang_ke_hoa_don_da_su_dung_2024-T6.2025.xls,2708
G00449,1C25TUV,00002005,29/05/2025,1276852,102148,1379000,Bang_ke_hoa_don_da_su_dung_2024-T6.2025.xls,2795
G00450,1C25TUV,00001340,27/05/2025,1054630,84370,1139000,Bang_ke_hoa_don_da_su_dung_2024-T6.2025.xls,2131
G00450,1C25TUV,00001627,28/05/2025,1054630,84370,1139000,Bang_ke_hoa_don_da_su_dung_2024-T6.2025.xls,2418
G00451,1C25TUV,00001341,27/05/2025,1147222,91778,1239000,Bang_ke_hoa_don_da_su_dung_2024-T6.2025.xls,2132
G00451,1C25TUV,00002006,29/05/2025,1147222,91778,1239000,Bang_ke_hoa_don_da_su_dung_2024-T6.2025.xls,2796
G00452,1C25TUV,00001345,27/05/2025,675000,54000,729000,Bang_ke_hoa_don_da_su_dung_2024-T6.2025.xls,2136
G00452,1C25TUV,00002427,30/05/2025,675000,54000,729000,Bang_ke_hoa_don_da_su_dung_2024-T6.2025.xls,3216
G00452,1C25TUV,00002479,30/05/2025,675000,54000,729000,Bang_ke_hoa_don_da_su_dung_2024-T6.2025.xls,3268
G00453,1C25TUV,00001349,27/05/2025,628704,50296,679000,Bang_ke_hoa_don_da_su_dung_2024-T6.2025.xls,2140
G00453,1C25TUV,00002017,29/05/2025,628704,50296,679000,Bang_ke_hoa_don_da_su_dung_2024-T6.2025.xls,2807
G00453,1C25TUV,00002018,29/05/2025,628704,50296,679000,Bang_ke_hoa_don_da_su_dung_2024-T6.2025.xls,2808
G00453,1C25TUV,00002019,29/05/2025,628704,50296,679000,Bang_ke_hoa_don_da_su_dung_2024-T6.2025.xls,2809
G00453,1C25TUV,00002020,29/05/2025,628704,50296,679000,Bang_ke_hoa_don_da_su_dung_2024-T6.2025.xls,2810
G00453,1C25TUV,00002021,29/05/2025,628704,50296,679000,Bang_ke_hoa_don_da_su_dung_2024-T6.2025.xls,2811
G00453,1C25TUV,00002022,29/05/2025,628704,50296,679000,Bang_ke_hoa_don_da_su_dung_2024-T6.2025.xls,2812
G00453,1C25TUV,00002023,29/05/2025,628704,50296,679000,Bang_ke_hoa_don_da_su_dung_2024-T6.2025.xls,2813
G00453,1C25TUV,00002024,29/05/2025,628704,50296,679000,Bang_ke_hoa_don_da_su_dung_2024-T6.2025.xls,2814
G00453,1C25TUV,00002422,30/05/2025,628704,50296,679000,Bang_ke_hoa_don_da_su_dung_2024-T6.2025.xls,3211
G00453,1C25TUV,00002423,30/05/2025,628704,50296,679000,Bang_ke_hoa_don_da_su_dung_2024-T6.2025.xls,3212
G00453,1C25TUV,00002706,31/05/2025,628704,50296,679000,Bang_ke_hoa_don_da_su_dung_2024-T6.2025.xls,3495
G00454,1C25TUV,00001370,27/05/2025,7577772,606222,8183994,Bang_ke_hoa_don_da_su_dung_2024-T6.2025.xls,2161
G00455,1C25TUV,00001372,27/05/2025,3036110,242889,3278999,Bang_ke_hoa_don_da_su_dung_2024-T6.2025.xls,2163
G00456,1C25TUV,00001374,27/05/2025,1134519,90762,1225281,Bang_ke_hoa_don_da_su_dung_2024-T6.2025.xls,2165
G00457,1C25TUV,00001376,27/05/2025,1896485,151719,2048204,Bang_ke_hoa_don_da_su_dung_2024-T6.2025.xls,2167
G00458,1C25TUV,00001399,27/05/2025,210231,16818,227049,Bang_ke_hoa_don_da_su_dung_2024-T6.2025.xls,2190
G00458,1C25TUV,00001405,27/05/2025,210231,16818,227049,Bang_ke_hoa_don_da_su_dung_2024-T6.2025.xls,2196
G00459,1C25TUV,00001402,27/05/2025,157454,12596,170050,Bang_ke_hoa_don_da_su_dung_2024-T6.2025.xls,2193
G00459,1C25TUV,00001404,27/05/2025,157454,12596,170050,Bang_ke_hoa_don_da_su_dung_2024-T6.2025.xls,2195
G00459,1C25TUV,00001798,29/05/2025,157454,12596,170050,Bang_ke_hoa_don_da_su_dung_2024-T6.2025.xls,2589
G00460,1C25TUV,00001407,27/05/2025,606070,48486,654556,Bang_ke_hoa_don_da_su_dung_2024-T6.2025.xls,2198
G00460,1C25TUV,00001409,27/05/2025,606070,48486,654556,Bang_ke_hoa_don_da_su_dung_2024-T6.2025.xls,2200
G00460,1C25TUV,00001410,27/05/2025,606070,48486,654556,Bang_ke_hoa_don_da_su_dung_2024-T6.2025.xls,2201
G00460,1C25TUV,00001713,28/05/2025,606070,48486,654556,Bang_ke_hoa_don_da_su_dung_2024-T6.2025.xls,2504
G00460,1C25TUV,00002499,30/05/2025,606070,48486,654556,Bang_ke_hoa_don_da_su_dung_2024-T6.2025.xls,3288
G00460,1C25TUV,00003925,08/06/2025,606070,48486,654556,Bang_ke_hoa_don_da_su_dung_2024-T6.2025.xls,4714
G00460,1C25TUV,00003930,08/06/2025,606070,48486,654556,Bang_ke_hoa_don_da_su_dung_2024-T6.2025.xls,4719
G00460,1C25TUV,00003936,08/06/2025,606070,48486,654556,Bang_ke_hoa_don_da_su_dung_2024-T6.2025.xls,4725
G00460,1C25TUV,00003940,08/06/2025,606070,48486,654556,Bang_ke_hoa_don_da_su_dung_2024-T6.2025.xls,4729
G00460,1C25TUV,00004222,09/06/2025,606070,48486,654556,Bang_ke_hoa_don_da_su_dung_T6.2025.xls,25
G00460,1C25TUV,00004223,09/06/2025,606070,48486,654556,Bang_ke_hoa_don_da_su_dung_T6.2025.xls,26
G00460,1C25TUV,00004225,09/06/2025,606070,48486,654556,Bang_ke_hoa_don_da_su_dung_T6.2025.xls,28
G00460,1C25TUV,00004227,09/06/2025,606070,48486,654556,Bang_ke_hoa_don_da_su_dung_T6.2025.xls,30
G00460,1C25TUV,00004239,09/06/2025,606070,48486,654556,Bang_ke_hoa_don_da_su_dung_T6.2025.xls,42
G00460,1C25TUV,00004240,09/06/2025,606070,48486,654556,Bang_ke_hoa_don_da_su_dung_T6.2025.xls,43
G00460,1C25TUV,00004247,09/06/2025,606070,48486,654556,Bang_ke_hoa_don_da_su_dung_T6.2025.xls,50
G00460,1C25TUV,00004248,09/06/2025,606070,48486,654556,Bang_ke_hoa_don_da_su_dung_T6.2025.xls,51
G00460,1C25TUV,00004446,10/06/2025,606070,48486,654556,Bang_ke_hoa_don_da_su_dung_T6.2025.xls,249
G00460,1C25TUV,00004448,10/06/2025,606070,48486,654556,Bang_ke_hoa_don_da_su_dung_T6.2025.xls,251
G00460,1C25TUV,00004449,10/06/2025,606070,48486,654556,Bang_ke_hoa_don_da_su_dung_T6.2025.xls,252
G00460,1C25TUV,00004450,10/06/2025,606070,48486,654556,Bang_ke_hoa_don_da_su_dung_T6.2025.xls,253
G00460,1C25TUV,00004452,10/06/2025,606070,48486,654556,Bang_ke_hoa_don_da_su_dung_T6.2025.xls,255
G00460,1C25TUV,00004453,10/06/2025,606070,48486,654556,Bang_ke_hoa_don_da_su_dung_T6.2025.xls,256
G00460,1C25TUV,00004455,10/06/2025,606070,48486,654556,Bang_ke_hoa_don_da_su_dung_T6.2025.xls,258
G00460,1C25TUV,00004456,10/06/2025,606070,48486,654556,Bang_ke_hoa_don_da_su_dung_T6.2025.xls,259
G00460,1C25TUV,00004463,10/06/2025,606070,48486,654556,Bang_ke_hoa_don_da_su_dung_T6.2025.xls,266
G00460,1C25TUV,00004464,10/06/2025,606070,48486,654556,Bang_ke_hoa_don_da_su_dung_T6.2025.xls,267
G00460,1C25TUV,00004497,10/06/2025,606070,48486,654556,Bang_ke_hoa_don_da_su_dung_T6.2025.xls,300
G00460,1C25TUV,00004505,10/06/2025,606070,48486,654556,Bang_ke_hoa_don_da_su_dung_T6.2025.xls,308
G00460,1C25TUV,00004507,10/06/2025,606070,48486,654556,Bang_ke_hoa_don_da_su_dung_T6.2025.xls,310
G00460,1C25TUV,00004508,10/06/2025,606070,48486,654556,Bang_ke_hoa_don_da_su_dung_T6.2025.xls,311
G00460,1C25TUV,00004509,10/06/2025,606070,48486,654556,Bang_ke_hoa_don_da_su_dung_T6.2025.xls,312
G00460,1C25TUV,00004510,10/06/2025,606070,48486,654556,Bang_ke_hoa_don_da_su_dung_T6.2025.xls,313
G00460,1C25TUV,00004519,10/06/2025,606070,48486,654556,Bang_ke_hoa_don_da_su_dung_T6.2025.xls,322
G00460,1C25TUV,00004520,10/06/2025,606070,48486,654556,Bang_ke_hoa_don_da_su_dung_T6.2025.xls,323
G00460,1C25TUV,00004521,10/06/2025,606070,48486,654556,Bang_ke_hoa_don_da_su_dung_T6.2025.xls,324
G00460,1C25TUV,00004522,10/06/2025,606070,48486,654556,Bang_ke_hoa_don_da_su_dung_T6.2025.xls,325
G00460,1C25TUV,00004538,10/06/2025,606070,48486,654556,Bang_ke_hoa_don_da_su_dung_T6.2025.xls,341
G00460,1C25TUV,00004760,11/06/2025,606070,48486,654556,Bang_ke_hoa_don_da_su_dung_T6.2025.xls,563
G00460,1C25TUV,00004775,11/06/2025,606070,48486,654556,Bang_ke_hoa_don_da_su_dung_T6.2025.xls,578
G00460,1C25TUV,00004777,11/06/2025,606070,48486,654556,Bang_ke_hoa_don_da_su_dung_T6.2025.xls,580
G00460,1C25TUV,00004778,11/06/2025,606070,48486,654556,Bang_ke_hoa_don_da_su_dung_T6.2025.xls,581
G00460,1C25TUV,00004780,11/06/2025,606070,48486,654556,Bang_ke_hoa_don_da_su_dung_T6.2025.xls,583
G00460,1C25TUV,00004781,11/06/2025,606070,48486,654556,Bang_ke_hoa_don_da_su_dung_T6.2025.xls,584
G00460,1C25TUV,00004782,11/06/2025,606070,48486,654556,Bang_ke_hoa_don_da_su_dung_T6.2025.xls,585
G00460,1C25TUV,00004814,11/06/2025,606070,48486,654556,Bang_ke_hoa_don_da_su_dung_T6.2025.xls,617
G00460,1C25TUV,00004815,11/06/2025,606070,48486,654556,Bang_ke_hoa_don_da_su_dung_T6.2025.xls,618
G00460,1C25TUV,00004816,11/06/2025,606070,48486,654556,Bang_ke_hoa_don_da_su_dung_T6.2025.xls,619
G00460,1C25TUV,00004933,12/06/2025,606070,48486,654556,Bang_ke_hoa_don_da_su_dung_T6.2025.xls,736
G00460,1C25TUV,00004959,12/06/2025,606070,48486,654556,Bang_ke_hoa_don_da_su_dung_T6.2025.xls,762
G00460,1C25TUV,00004960,12/06/2025,606070,48486,654556,Bang_ke_hoa_don_da_su_dung_T6.2025.xls,763
G00460,1C25TUV,00004981,12/06/2025,606070,48486,654556,Bang_ke_hoa_don_da_su_dung_T6.2025.xls,784
G00460,1C25TUV,00004982,12/06/2025,606070,48486,654556,Bang_ke_hoa_don_da_su_dung_T6.2025.xls,785
G00460,1C25TUV,00004983,12/06/2025,606070,48486,654556,Bang_ke_hoa_don_da_su_dung_T6.2025.xls,786
G00460,1C25TUV,00004998,12/06/2025,606070,48486,654556,Bang_ke_hoa_don_da_su_dung_T6.2025.xls,801
G00460,1C25TUV,00004999,12/06/2025,606070,48486,654556,Bang_ke_hoa_don_da_su_dung_T6.2025.xls,802
G00460,1C25TUV,00005000,12/06/2025,606070,48486,654556,Bang_ke_hoa_don_da_su_dung_T6.2025.xls,803
G00460,1C25TUV,00005001,12/06/2025,606070,48486,654556,Bang_ke_hoa_don_da_su_dung_T6.2025.xls,804
G00460,1C25TUV,00005002,12/06/2025,606070,48486,654556,Bang_ke_hoa_don_da_su_dung_T6.2025.xls,805
G00460,1C25TUV,00005005,12/06/2025,606070,48486,654556,Bang_ke_hoa_don_da_su_dung_T6.2025.xls,808
G00460,1C25TUV,00005010,12/06/2025,606070,48486,654556,Bang_ke_hoa_don_da_su_dung_T6.2025.xls,813
G00460,1C25TUV,00005018,12/06/2025,606070,48486,654556,Bang_ke_hoa_don_da_su_dung_T6.2025.xls,821
G00460,1C25TUV,00005022,12/06/2025,606070,48486,654556,Bang_ke_hoa_don_da_su_dung_T6.2025.xls,825
G00460,1C25TUV,00005024,12/06/2025,606070,48486,654556,Bang_ke_hoa_don_da_su_dung_T6.2025.xls,827
G00460,1C25TUV,00005025,12/06/2025,606070,48486,654556,Bang_ke_hoa_don_da_su_dung_T6.2025.xls,828
G00460,1C25TUV,00005026,12/06/2025,606070,48486,654556,Bang_ke_hoa_don_da_su_dung_T6.2025.xls,829
G00460,1C25TUV,00005156,13/06/2025,606070,48486,654556,Bang_ke_hoa_don_da_su_dung_T6.2025.xls,959
G00460,1C25TUV,00005191,13/06/2025,606070,48486,654556,Bang_ke_hoa_don_da_su_dung_T6.2025.xls,994
G00460,1C25TUV,00005200,13/06/2025,606070,48486,654556,Bang_ke_hoa_don_da_su_dung_T6.2025.xls,1003
G00460,1C25TUV,00005201,13/06/2025,606070,48486,654556,Bang_ke_hoa_don_da_su_dung_T6.2025.xls,1004
G00460,1C25TUV,00005252,13/06/2025,606070,48486,654556,Bang_ke_hoa_don_da_su_dung_T6.2025.xls,1055
G00460,1C25TUV,00005255,13/06/2025,606070,48486,654556,Bang_ke_hoa_don_da_su_dung_T6.2025.xls,1058
G00460,1C25TUV,00005261,13/06/2025,606070,48486,654556,Bang_ke_hoa_don_da_su_dung_T6.2025.xls,1064
G00460,1C25TUV,00005264,13/06/2025,606070,48486,654556,Bang_ke_hoa_don_da_su_dung_T6.2025.xls,1067
G00460,1C25TUV,00005275,13/06/2025,606070,48486,654556,Bang_ke_hoa_don_da_su_dung_T6.2025.xls,1078
G00460,1C25TUV,00005546,14/06/2025,606070,48486,654556,Bang_ke_hoa_don_da_su_dung_T6.2025.xls,1349
G00460,1C25TUV,00005583,14/06/2025,606070,48486,654556,Bang_ke_hoa_don_da_su_dung_T6.2025.xls,1386
G00460,1C25TUV,00005585,14/06/2025,606070,48486,654556,Bang_ke_hoa_don_da_su_dung_T6.2025.xls,1388
G00460,1C25TUV,00005586,14/06/2025,606070,48486,654556,Bang_ke_hoa_don_da_su_dung_T6.2025.xls,1389
G00460,1C25TUV,00005587,14/06/2025,606070,48486,654556,Bang_ke_hoa_don_da_su_dung_T6.2025.xls,1390
G00460,1C25TUV,00005591,14/06/2025,606070,48486,654556,Bang_ke_hoa_don_da_su_dung_T6.2025.xls,1394
G00460,1C25TUV,00005594,14/06/2025,606070,48486,654556,Bang_ke_hoa_don_da_su_dung_T6.2025.xls,1397
G00460,1C25TUV,00005793,15/06/2025,606070,48486,654556,Bang_ke_hoa_don_da_su_dung_T6.2025.xls,1596
G00460,1C25TUV,00005794,15/06/2025,606070,48486,654556,Bang_ke_hoa_don_da_su_dung_T6.2025.xls,1597
G00460,1C25TUV,00005797,15/06/2025,606070,48486,654556,Bang_ke_hoa_don_da_su_dung_T6.2025.xls,1600
G00460,1C25TUV,00005802,15/06/2025,606070,48486,654556,Bang_ke_hoa_don_da_su_dung_T6.2025.xls,1605
G00460,1C25TUV,00005804,15/06/2025,606070,48486,654556,Bang_ke_hoa_don_da_su_dung_T6.2025.xls,1607
G00460,1C25TUV,00005811,15/06/2025,606070,48486,654556,Bang_ke_hoa_don_da_su_dung_T6.2025.xls,1614
G00460,1C25TUV,00005813,15/06/2025,606070,48486,654556,Bang_ke_hoa_don_da_su_dung_T6.2025.xls,1616
G00460,1C25TUV,00005814,15/06/2025,606070,48486,654556,Bang_ke_hoa_don_da_su_dung_T6.2025.xls,1617
G00460,1C25TUV,00005815,15/06/2025,606070,48486,654556,Bang_ke_hoa_don_da_su_dung_T6.2025.xls,1618
G00460,1C25TUV,00005894,16/06/2025,606070,48486,654556,Bang_ke_hoa_don_da_su_dung_T6.2025.xls,1697
G00460,1C25TUV,00006532,18/06/2025,606070,48486,654556,Bang_ke_hoa_don_da_su_dung_T6.2025.xls,2335
G00460,1C25TUV,00006533,18/06/2025,606070,48486,654556,Bang_ke_hoa_don_da_su_dung_T6.2025.xls,2336
G00460,1C25TUV,00007161,20/06/2025,606070,48486,654556,Bang_ke_hoa_don_da_su_dung_T6.2025.xls,2964
G00460,1C25TUV,00007308,20/06/2025,606070,48486,654556,Bang_ke_hoa_don_da_su_dung_T6.2025.xls,3111
G00460,1C25TUV,00007337,20/06/2025,606070,48486,654556,Bang_ke_hoa_don_da_su_dung_T6.2025.xls,3140
G00460,1C25TUV,00007539,21/06/2025,606070,48486,654556,Bang_ke_hoa_don_da_su_dung_T6.2025.xls,3342
G00460,1C25TUV,00007727,22/06/2025,606070,48486,654556,Bang_ke_hoa_don_da_su_dung_T6.2025.xls,3530
G00460,1C25TUV,00007783,22/06/2025,606070,48486,654556,Bang_ke_hoa_don_da_su_dung_T6.2025.xls,3586
G00460,1C25TUV,00007784,22/06/2025,606070,48486,654556,Bang_ke_hoa_don_da_su_dung_T6.2025.xls,3587
G00460,1C25TUV,00007786,22/06/2025,606070,48486,654556,Bang_ke_hoa_don_da_su_dung_T6.2025.xls,3589
G00460,1C25TUV,00007926,23/06/2025,606070,48486,654556,Bang_ke_hoa_don_da_su_dung_T6.2025.xls,3729
G00460,1C25TUV,00007943,23/06/2025,606070,48486,654556,Bang_ke_hoa_don_da_su_dung_T6.2025.xls,3746
G00460,1C25TUV,00007957,23/06/2025,606070,48486,654556,Bang_ke_hoa_don_da_su_dung_T6.2025.xls,3760
G00460,1C25TUV,00007958,23/06/2025,606070,48486,654556,Bang_ke_hoa_don_da_su_dung_T6.2025.xls,3761
G00460,1C25TUV,00008235,24/06/2025,606070,48486,654556,Bang_ke_hoa_don_da_su_dung_T6.2025.xls,4038
G00460,1C25TUV,00008246,24/06/2025,606070,48486,654556,Bang_ke_hoa_don_da_su_dung_T6.2025.xls,4049
G00460,1C25TUV,00008254,24/06/2025,606070,48486,654556,Bang_ke_hoa_don_da_su_dung_T6.2025.xls,4057
G00460,1C25TUV,00008267,24/06/2025,606070,48486,654556,Bang_ke_hoa_don_da_su_dung_T6.2025.xls,4070
G00460,1C25TUV,00008293,24/06/2025,606070,48486,654556,Bang_ke_hoa_don_da_su_dung_T6.2025.xls,4096
G00460,1C25TUV,00008663,26/06/2025,606070,48486,654556,Bang_ke_hoa_don_da_su_dung_T6.2025.xls,4466
G00460,1C25TUV,00008685,26/06/2025,606070,48486,654556,Bang_ke_hoa_don_da_su_dung_T6.2025.xls,4488
G00460,1C25TUV,00008693,26/06/2025,606070,48486,654556,Bang_ke_hoa_don_da_su_dung_T6.2025.xls,4496
G00460,1C25TUV,00008696,26/06/2025,606070,48486,654556,Bang_ke_hoa_don_da_su_dung_T6.2025.xls,4499
G00460,1C25TUV,00008868,27/06/2025,606070,48486,654556,Bang_ke_hoa_don_da_su_dung_T6.2025.xls,4671
G00460,1C25TUV,00008885,27/06/2025,606070,48486,654556,Bang_ke_hoa_don_da_su_dung_T6.2025.xls,4688
G00460,1C25TUV,00008891,27/06/2025,606070,48486,654556,Bang_ke_hoa_don_da_su_dung_T6.2025.xls,4694
G00460,1C25TUV,00008893,27/06/2025,606070,48486,654556,Bang_ke_hoa_don_da_su_dung_T6.2025.xls,4696
G00460,1C25TUV,00008896,27/06/2025,606070,48486,654556,Bang_ke_hoa_don_da_su_dung_T6.2025.xls,4699
G00461,1C25TUV,00001414,27/05/2025,1276851,102148,1378999,Bang_ke_hoa_don_da_su_dung_2024-T6.2025.xls,2205
G00461,1C25TUV,00001416,27/05/2025,1276851,102148,1378999,Bang_ke_hoa_don_da_su_dung_2024-T6.2025.xls,2207
G00461,1C25TUV,00001417,27/05/2025,1276851,102148,1378999,Bang_ke_hoa_don_da_su_dung_2024-T6.2025.xls,2208
G00461,1C25TUV,00001704,28/05/2025,1276851,102148,1378999,Bang_ke_hoa_don_da_su_dung_2024-T6.2025.xls,2495
G00461,1C25TUV,00001868,29/05/2025,1276851,102148,1378999,Bang_ke_hoa_don_da_su_dung_2024-T6.2025.xls,2659
G00461,1C25TUV,00001869,29/05/2025,1276851,102148,1378999,Bang_ke_hoa_don_da_su_dung_2024-T6.2025.xls,2660
G00461,1C25TUV,00001870,29/05/2025,1276851,102148,1378999,Bang_ke_hoa_don_da_su_dung_2024-T6.2025.xls,2661
G00461,1C25TUV,00001871,29/05/2025,1276851,102148,1378999,Bang_ke_hoa_don_da_su_dung_2024-T6.2025.xls,2662
G00461,1C25TUV,00001872,29/05/2025,1276851,102148,1378999,Bang_ke_hoa_don_da_su_dung_2024-T6.2025.xls,2663
G00461,1C25TUV,00002533,30/05/2025,1276851,102148,1378999,Bang_ke_hoa_don_da_su_dung_2024-T6.2025.xls,3322
G00461,1C25TUV,00002685,31/05/2025,1276851,102148,1378999,Bang_ke_hoa_don_da_su_dung_2024-T6.2025.xls,3474
G00461,1C25TUV,00002933,03/06/2025,1276851,102148,1378999,Bang_ke_hoa_don_da_su_dung_2024-T6.2025.xls,3722
G00461,1C25TUV,00002939,03/06/2025,1276851,102148,1378999,Bang_ke_hoa_don_da_su_dung_2024-T6.2025.xls,3728
G00461,1C25TUV,00002996,03/06/2025,1276851,102148,1378999,Bang_ke_hoa_don_da_su_dung_2024-T6.2025.xls,3785
G00461,1C25TUV,00003080,04/06/2025,1276851,102148,1378999,Bang_ke_hoa_don_da_su_dung_2024-T6.2025.xls,3869
G00461,1C25TUV,00003146,04/06/2025,1276851,102148,1378999,Bang_ke_hoa_don_da_su_dung_2024-T6.2025.xls,3935
G00461,1C25TUV,00003476,06/06/2025,1276851,102148,1378999,Bang_ke_hoa_don_da_su_dung_2024-T6.2025.xls,4265
G00461,1C25TUV,00003480,06/06/2025,1276851,102148,1378999,Bang_ke_hoa_don_da_su_dung_2024-T6.2025.xls,4269
G00461,1C25TUV,00003484,06/06/2025,1276851,102148,1378999,Bang_ke_hoa_don_da_su_dung_2024-T6.2025.xls,4273
G00461,1C25TUV,00004023,08/06/2025,1276851,102148,1378999,Bang_ke_hoa_don_da_su_dung_2024-T6.2025.xls,4812
G00461,1C25TUV,00004025,08/06/2025,1276851,102148,1378999,Bang_ke_hoa_don_da_su_dung_2024-T6.2025.xls,4814
G00461,1C25TUV,00008198,24/06/2025,1276851,102148,1378999,Bang_ke_hoa_don_da_su_dung_T6.2025.xls,4001
G00462,1C25TUV,00001421,27/05/2025,1489860,119189,1609049,Bang_ke_hoa_don_da_su_dung_2024-T6.2025.xls,2212
G00463,1C25TUV,00001422,27/05/2025,3851898,308152,4160050,Bang_ke_hoa_don_da_su_dung_2024-T6.2025.xls,2213
G00464,1C25TUV,00001423,27/05/2025,1617639,129411,1747050,Bang_ke_hoa_don_da_su_dung_2024-T6.2025.xls,2214
G00464,1C25TUV,00003412,06/06/2025,1617639,129411,1747050,Bang_ke_hoa_don_da_su_dung_2024-T6.2025.xls,4201
G00464,1C25TUV,00003413,06/06/2025,1617639,129411,1747050,Bang_ke_hoa_don_da_su_dung_2024-T6.2025.xls,4202
G00464,1C25TUV,00003431,06/06/2025,1617639,129411,1747050,Bang_ke_hoa_don_da_su_dung_2024-T6.2025.xls,4220
G00464,1C25TUV,00003953,08/06/2025,1617639,129411,1747050,Bang_ke_hoa_don_da_su_dung_2024-T6.2025.xls,4742
G00464,1C25TUV,00003963,08/06/2025,1617639,129411,1747050,Bang_ke_hoa_don_da_su_dung_2024-T6.2025.xls,4752
G00464,1C25TUV,00003975,08/06/2025,1617639,129411,1747050,Bang_ke_hoa_don_da_su_dung_2024-T6.2025.xls,4764
G00464,1C25TUV,00003981,08/06/2025,1617639,129411,1747050,Bang_ke_hoa_don_da_su_dung_2024-T6.2025.xls,4770
G00464,1C25TUV,00004806,11/06/2025,1617639,129411,1747050,Bang_ke_hoa_don_da_su_dung_T6.2025.xls,609
G00464,1C25TUV,00005029,12/06/2025,1617639,129411,1747050,Bang_ke_hoa_don_da_su_dung_T6.2025.xls,832
G00465,1C25TUV,00001427,27/05/2025,1617639,129411,1747050,Bang_ke_hoa_don_da_su_dung_2024-T6.2025.xls,2218
G00465,1C25TUV,00001429,27/05/2025,1617639,129411,1747050,Bang_ke_hoa_don_da_su_dung_2024-T6.2025.xls,2220
G00465,1C25TUV,00001736,28/05/2025,1617639,129411,1747050,Bang_ke_hoa_don_da_su_dung_2024-T6.2025.xls,2527
G00465,1C25TUV,00001747,29/05/2025,1617639,129411,1747050,Bang_ke_hoa_don_da_su_dung_2024-T6.2025.xls,2538
G00465,1C25TUV,00001773,29/05/2025,1617639,129411,1747050,Bang_ke_hoa_don_da_su_dung_2024-T6.2025.xls,2564
G00465,1C25TUV,00002453,30/05/2025,1617639,129411,1747050,Bang_ke_hoa_don_da_su_dung_2024-T6.2025.xls,3242
G00465,1C25TUV,00009187,29/06/2025,1617639,129411,1747050,Bang_ke_hoa_don_da_su_dung_T6.2025 L2.xls,7
G00465,1C25TUV,00006517,18/06/2025,1617639,129411,1747050,Bang_ke_hoa_don_da_su_dung_T6.2025.xls,2320
G00465,1C25TUV,00006518,18/06/2025,1617639,129411,1747050,Bang_ke_hoa_don_da_su_dung_T6.2025.xls,2321
G00465,1C25TUV,00006860,19/06/2025,1617639,129411,1747050,Bang_ke_hoa_don_da_su_dung_T6.2025.xls,2663
G00465,1C25TUV,00008649,26/06/2025,1617639,129411,1747050,Bang_ke_hoa_don_da_su_dung_T6.2025.xls,4452
G00465,1C25TUV,00008650,26/06/2025,1617639,129411,1747050,Bang_ke_hoa_don_da_su_dung_T6.2025.xls,4453
G00465,1C25TUV,00008651,26/06/2025,1617639,129411,1747050,Bang_ke_hoa_don_da_su_dung_T6.2025.xls,4454
G00465,1C25TUV,00008845,27/06/2025,1617639,129411,1747050,Bang_ke_hoa_don_da_su_dung_T6.2025.xls,4648
G00465,1C25TUV,00008846,27/06/2025,1617639,129411,1747050,Bang_ke_hoa_don_da_su_dung_T6.2025.xls,4649
G00465,1C25TUV,00009069,28/06/2025,1617639,129411,1747050,Bang_ke_hoa_don_da_su_dung_T6.2025.xls,4872
G00465,1C25TUV,00009070,28/06/2025,1617639,129411,1747050,Bang_ke_hoa_don_da_su_dung_T6.2025.xls,4873
G00465,1C25TUV,00009071,28/06/2025,1617639,129411,1747050,Bang_ke_hoa_don_da_su_dung_T6.2025.xls,4874
G00466,1C25TUV,00001442,27/05/2025,948239,75859,1024098,Bang_ke_hoa_don_da_su_dung_2024-T6.2025.xls,2233
G00467,1C25TUV,00001443,27/05/2025,597269,47782,645051,Bang_ke_hoa_don_da_su_dung_2024-T6.2025.xls,2234
G00467,1C25TUV,00001444,27/05/2025,597269,47782,645051,Bang_ke_hoa_don_da_su_dung_2024-T6.2025.xls,2235
G00467,1C25TUV,00001445,27/05/2025,597269,47782,645051,Bang_ke_hoa_don_da_su_dung_2024-T6.2025.xls,2236
G00467,1C25TUV,00001448,27/05/2025,597269,47782,645051,Bang_ke_hoa_don_da_su_dung_2024-T6.2025.xls,2239
G00467,1C25TUV,00001450,27/05/2025,597269,47782,645051,Bang_ke_hoa_don_da_su_dung_2024-T6.2025.xls,2241
G00467,1C25TUV,00001453,27/05/2025,597269,47782,645051,Bang_ke_hoa_don_da_su_dung_2024-T6.2025.xls,2244
G00467,1C25TUV,00001454,27/05/2025,597269,47782,645051,Bang_ke_hoa_don_da_su_dung_2024-T6.2025.xls,2245
G00467,1C25TUV,00001456,27/05/2025,597269,47782,645051,Bang_ke_hoa_don_da_su_dung_2024-T6.2025.xls,2247
G00467,1C25TUV,00001457,27/05/2025,597269,47782,645051,Bang_ke_hoa_don_da_su_dung_2024-T6.2025.xls,2248
G00467,1C25TUV,00001481,27/05/2025,597269,47782,645051,Bang_ke_hoa_don_da_su_dung_2024-T6.2025.xls,2272
G00467,1C25TUV,00001482,27/05/2025,597269,47782,645051,Bang_ke_hoa_don_da_su_dung_2024-T6.2025.xls,2273
G00467,1C25TUV,00001486,27/05/2025,597269,47782,645051,Bang_ke_hoa_don_da_su_dung_2024-T6.2025.xls,2277
G00467,1C25TUV,00001487,27/05/2025,597269,47782,645051,Bang_ke_hoa_don_da_su_dung_2024-T6.2025.xls,2278
G00467,1C25TUV,00001488,27/05/2025,597269,47782,645051,Bang_ke_hoa_don_da_su_dung_2024-T6.2025.xls,2279
G00467,1C25TUV,00001489,27/05/2025,597269,47782,645051,Bang_ke_hoa_don_da_su_dung_2024-T6.2025.xls,2280
G00467,1C25TUV,00001490,27/05/2025,597269,47782,645051,Bang_ke_hoa_don_da_su_dung_2024-T6.2025.xls,2281
G00467,1C25TUV,00001491,27/05/2025,597269,47782,645051,Bang_ke_hoa_don_da_su_dung_2024-T6.2025.xls,2282
G00467,1C25TUV,00001492,27/05/2025,597269,47782,645051,Bang_ke_hoa_don_da_su_dung_2024-T6.2025.xls,2283
G00467,1C25TUV,00001493,27/05/2025,597269,47782,645051,Bang_ke_hoa_don_da_su_dung_2024-T6.2025.xls,2284
G00467,1C25TUV,00001494,27/05/2025,597269,47782,645051,Bang_ke_hoa_don_da_su_dung_2024-T6.2025.xls,2285
G00467,1C25TUV,00001496,27/05/2025,597269,47782,645051,Bang_ke_hoa_don_da_su_dung_2024-T6.2025.xls,2287
G00467,1C25TUV,00001497,27/05/2025,597269,47782,645051,Bang_ke_hoa_don_da_su_dung_2024-T6.2025.xls,2288
G00467,1C25TUV,00001498,27/05/2025,597269,47782,645051,Bang_ke_hoa_don_da_su_dung_2024-T6.2025.xls,2289
G00467,1C25TUV,00001499,27/05/2025,597269,47782,645051,Bang_ke_hoa_don_da_su_dung_2024-T6.2025.xls,2290
G00467,1C25TUV,00001500,27/05/2025,597269,47782,645051,Bang_ke_hoa_don_da_su_dung_2024-T6.2025.xls,2291
G00467,1C25TUV,00001507,27/05/2025,597269,47782,645051,Bang_ke_hoa_don_da_su_dung_2024-T6.2025.xls,2298
G00467,1C25TUV,00001514,27/05/2025,597269,47782,645051,Bang_ke_hoa_don_da_su_dung_2024-T6.2025.xls,2305
G00467,1C25TUV,00001515,27/05/2025,597269,47782,645051,Bang_ke_hoa_don_da_su_dung_2024-T6.2025.xls,2306
G00467,1C25TUV,00001516,27/05/2025,597269,47782,645051,Bang_ke_hoa_don_da_su_dung_2024-T6.2025.xls,2307
G00467,1C25TUV,00001517,27/05/2025,597269,47782,645051,Bang_ke_hoa_don_da_su_dung_2024-T6.2025.xls,2308
G00467,1C25TUV,00001518,27/05/2025,597269,47782,645051,Bang_ke_hoa_don_da_su_dung_2024-T6.2025.xls,2309
G00467,1C25TUV,00001520,27/05/2025,597269,47782,645051,Bang_ke_hoa_don_da_su_dung_2024-T6.2025.xls,2311
G00467,1C25TUV,00001521,27/05/2025,597269,47782,645051,Bang_ke_hoa_don_da_su_dung_2024-T6.2025.xls,2312
G00467,1C25TUV,00001749,29/05/2025,597269,47782,645051,Bang_ke_hoa_don_da_su_dung_2024-T6.2025.xls,2540
G00467,1C25TUV,00001751,29/05/2025,597269,47782,645051,Bang_ke_hoa_don_da_su_dung_2024-T6.2025.xls,2542
G00467,1C25TUV,00001791,29/05/2025,597269,47782,645051,Bang_ke_hoa_don_da_su_dung_2024-T6.2025.xls,2582
G00467,1C25TUV,00001792,29/05/2025,597269,47782,645051,Bang_ke_hoa_don_da_su_dung_2024-T6.2025.xls,2583
G00467,1C25TUV,00001793,29/05/2025,597269,47782,645051,Bang_ke_hoa_don_da_su_dung_2024-T6.2025.xls,2584
G00467,1C25TUV,00001939,29/05/2025,597269,47782,645051,Bang_ke_hoa_don_da_su_dung_2024-T6.2025.xls,2730
G00467,1C25TUV,00001940,29/05/2025,597269,47782,645051,Bang_ke_hoa_don_da_su_dung_2024-T6.2025.xls,2731
G00467,1C25TUV,00001941,29/05/2025,597269,47782,645051,Bang_ke_hoa_don_da_su_dung_2024-T6.2025.xls,2732
G00467,1C25TUV,00001942,29/05/2025,597269,47782,645051,Bang_ke_hoa_don_da_su_dung_2024-T6.2025.xls,2733
G00467,1C25TUV,00001944,29/05/2025,597269,47782,645051,Bang_ke_hoa_don_da_su_dung_2024-T6.2025.xls,2734
G00467,1C25TUV,00001945,29/05/2025,597269,47782,645051,Bang_ke_hoa_don_da_su_dung_2024-T6.2025.xls,2735
G00467,1C25TUV,00001946,29/05/2025,597269,47782,645051,Bang_ke_hoa_don_da_su_dung_2024-T6.2025.xls,2736
G00467,1C25TUV,00001947,29/05/2025,597269,47782,645051,Bang_ke_hoa_don_da_su_dung_2024-T6.2025.xls,2737
G00467,1C25TUV,00001948,29/05/2025,597269,47782,645051,Bang_ke_hoa_don_da_su_dung_2024-T6.2025.xls,2738
G00467,1C25TUV,00001949,29/05/2025,597269,47782,645051,Bang_ke_hoa_don_da_su_dung_2024-T6.2025.xls,2739
G00467,1C25TUV,00002463,30/05/2025,597269,47782,645051,Bang_ke_hoa_don_da_su_dung_2024-T6.2025.xls,3252
G00467,1C25TUV,00002464,30/05/2025,597269,47782,645051,Bang_ke_hoa_don_da_su_dung_2024-T6.2025.xls,3253
G00467,1C25TUV,00002465,30/05/2025,597269,47782,645051,Bang_ke_hoa_don_da_su_dung_2024-T6.2025.xls,3254
G00467,1C25TUV,00002466,30/05/2025,597269,47782,645051,Bang_ke_hoa_don_da_su_dung_2024-T6.2025.xls,3255
G00467,1C25TUV,00002467,30/05/2025,597269,47782,645051,Bang_ke_hoa_don_da_su_dung_2024-T6.2025.xls,3256
G00467,1C25TUV,00002468,30/05/2025,597269,47782,645051,Bang_ke_hoa_don_da_su_dung_2024-T6.2025.xls,3257
G00467,1C25TUV,00002469,30/05/2025,597269,47782,645051,Bang_ke_hoa_don_da_su_dung_2024-T6.2025.xls,3258
G00467,1C25TUV,00002470,30/05/2025,597269,47782,645051,Bang_ke_hoa_don_da_su_dung_2024-T6.2025.xls,3259
G00467,1C25TUV,00002471,30/05/2025,597269,47782,645051,Bang_ke_hoa_don_da_su_dung_2024-T6.2025.xls,3260
G00467,1C25TUV,00002472,30/05/2025,597269,47782,645051,Bang_ke_hoa_don_da_su_dung_2024-T6.2025.xls,3261
G00467,1C25TUV,00002473,30/05/2025,597269,47782,645051,Bang_ke_hoa_don_da_su_dung_2024-T6.2025.xls,3262
G00467,1C25TUV,00002474,30/05/2025,597269,47782,645051,Bang_ke_hoa_don_da_su_dung_2024-T6.2025.xls,3263
G00467,1C25TUV,00002475,30/05/2025,597269,47782,645051,Bang_ke_hoa_don_da_su_dung_2024-T6.2025.xls,3264
G00467,1C25TUV,00002701,31/05/2025,597269,47782,645051,Bang_ke_hoa_don_da_su_dung_2024-T6.2025.xls,3490
G00467,1C25TUV,00002702,31/05/2025,597269,47782,645051,Bang_ke_hoa_don_da_su_dung_2024-T6.2025.xls,3491
G00467,1C25TUV,00002703,31/05/2025,597269,47782,645051,Bang_ke_hoa_don_da_su_dung_2024-T6.2025.xls,3492
G00467,1C25TUV,00003010,03/06/2025,597269,47782,645051,Bang_ke_hoa_don_da_su_dung_2024-T6.2025.xls,3799
G00468,1C25TUV,00001446,27/05/2025,443519,35482,479001,Bang_ke_hoa_don_da_su_dung_2024-T6.2025.xls,2237
G00468,1C25TUV,00001447,27/05/2025,443519,35482,479001,Bang_ke_hoa_don_da_su_dung_2024-T6.2025.xls,2238
G00468,1C25TUV,00001449,27/05/2025,443519,35482,479001,Bang_ke_hoa_don_da_su_dung_2024-T6.2025.xls,2240
G00468,1C25TUV,00001460,27/05/2025,443519,35482,479001,Bang_ke_hoa_don_da_su_dung_2024-T6.2025.xls,2251
G00468,1C25TUV,00001461,27/05/2025,443519,35482,479001,Bang_ke_hoa_don_da_su_dung_2024-T6.2025.xls,2252
G00468,1C25TUV,00001462,27/05/2025,443519,35482,479001,Bang_ke_hoa_don_da_su_dung_2024-T6.2025.xls,2253
G00468,1C25TUV,00001463,27/05/2025,443519,35482,479001,Bang_ke_hoa_don_da_su_dung_2024-T6.2025.xls,2254
G00468,1C25TUV,00001464,27/05/2025,443519,35482,479001,Bang_ke_hoa_don_da_su_dung_2024-T6.2025.xls,2255
G00468,1C25TUV,00001465,27/05/2025,443519,35482,479001,Bang_ke_hoa_don_da_su_dung_2024-T6.2025.xls,2256
G00468,1C25TUV,00001466,27/05/2025,443519,35482,479001,Bang_ke_hoa_don_da_su_dung_2024-T6.2025.xls,2257
G00468,1C25TUV,00001467,27/05/2025,443519,35482,479001,Bang_ke_hoa_don_da_su_dung_2024-T6.2025.xls,2258
G00468,1C25TUV,00001468,27/05/2025,443519,35482,479001,Bang_ke_hoa_don_da_su_dung_2024-T6.2025.xls,2259
G00468,1C25TUV,00001469,27/05/2025,443519,35482,479001,Bang_ke_hoa_don_da_su_dung_2024-T6.2025.xls,2260
G00468,1C25TUV,00001470,27/05/2025,443519,35482,479001,Bang_ke_hoa_don_da_su_dung_2024-T6.2025.xls,2261
G00468,1C25TUV,00001471,27/05/2025,443519,35482,479001,Bang_ke_hoa_don_da_su_dung_2024-T6.2025.xls,2262
G00468,1C25TUV,00001472,27/05/2025,443519,35482,479001,Bang_ke_hoa_don_da_su_dung_2024-T6.2025.xls,2263
G00468,1C25TUV,00001473,27/05/2025,443519,35482,479001,Bang_ke_hoa_don_da_su_dung_2024-T6.2025.xls,2264
G00468,1C25TUV,00001474,27/05/2025,443519,35482,479001,Bang_ke_hoa_don_da_su_dung_2024-T6.2025.xls,2265
G00468,1C25TUV,00001475,27/05/2025,443519,35482,479001,Bang_ke_hoa_don_da_su_dung_2024-T6.2025.xls,2266
G00468,1C25TUV,00001476,27/05/2025,443519,35482,479001,Bang_ke_hoa_don_da_su_dung_2024-T6.2025.xls,2267
G00468,1C25TUV,00001477,27/05/2025,443519,35482,479001,Bang_ke_hoa_don_da_su_dung_2024-T6.2025.xls,2268
G00468,1C25TUV,00001753,29/05/2025,443519,35482,479001,Bang_ke_hoa_don_da_su_dung_2024-T6.2025.xls,2544
G00468,1C25TUV,00001754,29/05/2025,443519,35482,479001,Bang_ke_hoa_don_da_su_dung_2024-T6.2025.xls,2545
G00468,1C25TUV,00001755,29/05/2025,443519,35482,479001,Bang_ke_hoa_don_da_su_dung_2024-T6.2025.xls,2546
G00468,1C25TUV,00001756,29/05/2025,443519,35482,479001,Bang_ke_hoa_don_da_su_dung_2024-T6.2025.xls,2547
G00468,1C25TUV,00001757,29/05/2025,443519,35482,479001,Bang_ke_hoa_don_da_su_dung_2024-T6.2025.xls,2548
G00468,1C25TUV,00001758,29/05/2025,443519,35482,479001,Bang_ke_hoa_don_da_su_dung_2024-T6.2025.xls,2549
G00468,1C25TUV,00001759,29/05/2025,443519,35482,479001,Bang_ke_hoa_don_da_su_dung_2024-T6.2025.xls,2550
G00468,1C25TUV,00001760,29/05/2025,443519,35482,479001,Bang_ke_hoa_don_da_su_dung_2024-T6.2025.xls,2551
G00468,1C25TUV,00001761,29/05/2025,443519,35482,479001,Bang_ke_hoa_don_da_su_dung_2024-T6.2025.xls,2552
G00468,1C25TUV,00001762,29/05/2025,443519,35482,479001,Bang_ke_hoa_don_da_su_dung_2024-T6.2025.xls,2553
G00468,1C25TUV,00001777,29/05/2025,443519,35482,479001,Bang_ke_hoa_don_da_su_dung_2024-T6.2025.xls,2568
G00468,1C25TUV,00001778,29/05/2025,443519,35482,479001,Bang_ke_hoa_don_da_su_dung_2024-T6.2025.xls,2569
G00468,1C25TUV,00001779,29/05/2025,443519,35482,479001,Bang_ke_hoa_don_da_su_dung_2024-T6.2025.xls,2570
G00468,1C25TUV,00001780,29/05/2025,443519,35482,479001,Bang_ke_hoa_don_da_su_dung_2024-T6.2025.xls,2571
G00468,1C25TUV,00001781,29/05/2025,443519,35482,479001,Bang_ke_hoa_don_da_su_dung_2024-T6.2025.xls,2572
G00468,1C25TUV,00001904,29/05/2025,443519,35482,479001,Bang_ke_hoa_don_da_su_dung_2024-T6.2025.xls,2695
G00468,1C25TUV,00001905,29/05/2025,443519,35482,479001,Bang_ke_hoa_don_da_su_dung_2024-T6.2025.xls,2696
G00468,1C25TUV,00001906,29/05/2025,443519,35482,479001,Bang_ke_hoa_don_da_su_dung_2024-T6.2025.xls,2697
G00468,1C25TUV,00001907,29/05/2025,443519,35482,479001,Bang_ke_hoa_don_da_su_dung_2024-T6.2025.xls,2698
G00468,1C25TUV,00001908,29/05/2025,443519,35482,479001,Bang_ke_hoa_don_da_su_dung_2024-T6.2025.xls,2699
G00468,1C25TUV,00001909,29/05/2025,443519,35482,479001,Bang_ke_hoa_don_da_su_dung_2024-T6.2025.xls,2700
G00468,1C25TUV,00001910,29/05/2025,443519,35482,479001,Bang_ke_hoa_don_da_su_dung_2024-T6.2025.xls,2701
G00468,1C25TUV,00001911,29/05/2025,443519,35482,479001,Bang_ke_hoa_don_da_su_dung_2024-T6.2025.xls,2702
G00468,1C25TUV,00001912,29/05/2025,443519,35482,479001,Bang_ke_hoa_don_da_su_dung_2024-T6.2025.xls,2703
G00468,1C25TUV,00001913,29/05/2025,443519,35482,479001,Bang_ke_hoa_don_da_su_dung_2024-T6.2025.xls,2704
G00468,1C25TUV,00001914,29/05/2025,443519,35482,479001,Bang_ke_hoa_don_da_su_dung_2024-T6.2025.xls,2705
G00468,1C25TUV,00002435,30/05/2025,443519,35482,479001,Bang_ke_hoa_don_da_su_dung_2024-T6.2025.xls,3224
G00468,1C25TUV,00002436,30/05/2025,443519,35482,479001,Bang_ke_hoa_don_da_su_dung_2024-T6.2025.xls,3225
G00468,1C25TUV,00002437,30/05/2025,443519,35482,479001,Bang_ke_hoa_don_da_su_dung_2024-T6.2025.xls,3226
G00468,1C25TUV,00002438,30/05/2025,443519,35482,479001,Bang_ke_hoa_don_da_su_dung_2024-T6.2025.xls,3227
G00468,1C25TUV,00002439,30/05/2025,443519,35482,479001,Bang_ke_hoa_don_da_su_dung_2024-T6.2025.xls,3228
G00468,1C25TUV,00002440,30/05/2025,443519,35482,479001,Bang_ke_hoa_don_da_su_dung_2024-T6.2025.xls,3229
G00468,1C25TUV,00002441,30/05/2025,443519,35482,479001,Bang_ke_hoa_don_da_su_dung_2024-T6.2025.xls,3230
G00468,1C25TUV,00002442,30/05/2025,443519,35482,479001,Bang_ke_hoa_don_da_su_dung_2024-T6.2025.xls,3231
G00468,1C25TUV,00002443,30/05/2025,443519,35482,479001,Bang_ke_hoa_don_da_su_dung_2024-T6.2025.xls,3232
G00469,1C25TUV,00001451,27/05/2025,600926,48074,649000,Bang_ke_hoa_don_da_su_dung_2024-T6.2025.xls,2242
G00469,1C25TUV,00001452,27/05/2025,600926,48074,649000,Bang_ke_hoa_don_da_su_dung_2024-T6.2025.xls,2243
G00469,1C25TUV,00001510,27/05/2025,600926,48074,649000,Bang_ke_hoa_don_da_su_dung_2024-T6.2025.xls,2301
G00469,1C25TUV,00001511,27/05/2025,600926,48074,649000,Bang_ke_hoa_don_da_su_dung_2024-T6.2025.xls,2302
G00469,1C25TUV,00001513,27/05/2025,600926,48074,649000,Bang_ke_hoa_don_da_su_dung_2024-T6.2025.xls,2304
G00469,1C25TUV,00001767,29/05/2025,600926,48074,649000,Bang_ke_hoa_don_da_su_dung_2024-T6.2025.xls,2558
G00469,1C25TUV,00001768,29/05/2025,600926,48074,649000,Bang_ke_hoa_don_da_su_dung_2024-T6.2025.xls,2559
G00469,1C25TUV,00001769,29/05/2025,600926,48074,649000,Bang_ke_hoa_don_da_su_dung_2024-T6.2025.xls,2560
G00469,1C25TUV,00001770,29/05/2025,600926,48074,649000,Bang_ke_hoa_don_da_su_dung_2024-T6.2025.xls,2561
G00469,1C25TUV,00001794,29/05/2025,600926,48074,649000,Bang_ke_hoa_don_da_su_dung_2024-T6.2025.xls,2585
G00469,1C25TUV,00001796,29/05/2025,600926,48074,649000,Bang_ke_hoa_don_da_su_dung_2024-T6.2025.xls,2587
G00469,1C25TUV,00001797,29/05/2025,600926,48074,649000,Bang_ke_hoa_don_da_su_dung_2024-T6.2025.xls,2588
G00469,1C25TUV,00001950,29/05/2025,600926,48074,649000,Bang_ke_hoa_don_da_su_dung_2024-T6.2025.xls,2740
G00469,1C25TUV,00001951,29/05/2025,600926,48074,649000,Bang_ke_hoa_don_da_su_dung_2024-T6.2025.xls,2741
G00469,1C25TUV,00001952,29/05/2025,600926,48074,649000,Bang_ke_hoa_don_da_su_dung_2024-T6.2025.xls,2742
G00469,1C25TUV,00001953,29/05/2025,600926,48074,649000,Bang_ke_hoa_don_da_su_dung_2024-T6.2025.xls,2743
G00469,1C25TUV,00001954,29/05/2025,600926,48074,649000,Bang_ke_hoa_don_da_su_dung_2024-T6.2025.xls,2744
G00469,1C25TUV,00002478,30/05/2025,600926,48074,649000,Bang_ke_hoa_don_da_su_dung_2024-T6.2025.xls,3267
G00469,1C25TUV,00002700,31/05/2025,600926,48074,649000,Bang_ke_hoa_don_da_su_dung_2024-T6.2025.xls,3489
G00470,1C25TUV,00001455,27/05/2025,1213008,97041,1310049,Bang_ke_hoa_don_da_su_dung_2024-T6.2025.xls,2246
G00470,1C25TUV,00001458,27/05/2025,1213008,97041,1310049,Bang_ke_hoa_don_da_su_dung_2024-T6.2025.xls,2249
G00470,1C25TUV,00001484,27/05/2025,1213008,97041,1310049,Bang_ke_hoa_don_da_su_dung_2024-T6.2025.xls,2275
G00470,1C25TUV,00001506,27/05/2025,1213008,97041,1310049,Bang_ke_hoa_don_da_su_dung_2024-T6.2025.xls,2297
G00470,1C25TUV,00001519,27/05/2025,1213008,97041,1310049,Bang_ke_hoa_don_da_su_dung_2024-T6.2025.xls,2310
G00470,1C25TUV,00002448,30/05/2025,1213008,97041,1310049,Bang_ke_hoa_don_da_su_dung_2024-T6.2025.xls,3237
G00470,1C25TUV,00002449,30/05/2025,1213008,97041,1310049,Bang_ke_hoa_don_da_su_dung_2024-T6.2025.xls,3238
G00470,1C25TUV,00002697,31/05/2025,1213008,97041,1310049,Bang_ke_hoa_don_da_su_dung_2024-T6.2025.xls,3486
G00471,1C25TUV,00001459,27/05/2025,597269,47782,645051,Bang_ke_hoa_don_da_su_dung_2024-T6.2025.xls,2250
G00471,1C25TUV,00001525,27/05/2025,597269,47782,645051,Bang_ke_hoa_don_da_su_dung_2024-T6.2025.xls,2316
G00471,1C25TUV,00001526,27/05/2025,597269,47782,645051,Bang_ke_hoa_don_da_su_dung_2024-T6.2025.xls,2317
G00471,1C25TUV,00001527,27/05/2025,597269,47782,645051,Bang_ke_hoa_don_da_su_dung_2024-T6.2025.xls,2318
G00471,1C25TUV,00001528,27/05/2025,597269,47782,645051,Bang_ke_hoa_don_da_su_dung_2024-T6.2025.xls,2319
G00471,1C25TUV,00002476,30/05/2025,597269,47782,645051,Bang_ke_hoa_don_da_su_dung_2024-T6.2025.xls,3265
G00471,1C25TUV,00002477,30/05/2025,597269,47782,645051,Bang_ke_hoa_don_da_su_dung_2024-T6.2025.xls,3266
G00472,1C25TUV,00001478,27/05/2025,887037,70963,958000,Bang_ke_hoa_don_da_su_dung_2024-T6.2025.xls,2269
G00472,1C25TUV,00001915,29/05/2025,887037,70963,958000,Bang_ke_hoa_don_da_su_dung_2024-T6.2025.xls,2706
G00473,1C25TUV,00001479,27/05/2025,1001897,80152,1082049,Bang_ke_hoa_don_da_su_dung_2024-T6.2025.xls,2270
G00473,1C25TUV,00001485,27/05/2025,1001897,80152,1082049,Bang_ke_hoa_don_da_su_dung_2024-T6.2025.xls,2276
G00473,1C25TUV,00001495,27/05/2025,1001897,80152,1082049,Bang_ke_hoa_don_da_su_dung_2024-T6.2025.xls,2286
G00473,1C25TUV,00001502,27/05/2025,1001897,80152,1082049,Bang_ke_hoa_don_da_su_dung_2024-T6.2025.xls,2293
G00473,1C25TUV,00001503,27/05/2025,1001897,80152,1082049,Bang_ke_hoa_don_da_su_dung_2024-T6.2025.xls,2294
G00473,1C25TUV,00001523,27/05/2025,1001897,80152,1082049,Bang_ke_hoa_don_da_su_dung_2024-T6.2025.xls,2314
G00473,1C25TUV,00001524,27/05/2025,1001897,80152,1082049,Bang_ke_hoa_don_da_su_dung_2024-T6.2025.xls,2315
G00473,1C25TUV,00001782,29/05/2025,1001897,80152,1082049,Bang_ke_hoa_don_da_su_dung_2024-T6.2025.xls,2573
G00473,1C25TUV,00001783,29/05/2025,1001897,80152,1082049,Bang_ke_hoa_don_da_su_dung_2024-T6.2025.xls,2574
G00473,1C25TUV,00002450,30/05/2025,1001897,80152,1082049,Bang_ke_hoa_don_da_su_dung_2024-T6.2025.xls,3239
G00473,1C25TUV,00002451,30/05/2025,1001897,80152,1082049,Bang_ke_hoa_don_da_su_dung_2024-T6.2025.xls,3240
G00473,1C25TUV,00002452,30/05/2025,1001897,80152,1082049,Bang_ke_hoa_don_da_su_dung_2024-T6.2025.xls,3241
G00473,1C25TUV,00002699,31/05/2025,1001897,80152,1082049,Bang_ke_hoa_don_da_su_dung_2024-T6.2025.xls,3488
G00474,1C25TUV,00001480,27/05/2025,442593,35407,478000,Bang_ke_hoa_don_da_su_dung_2024-T6.2025.xls,2271
G00475,1C25TUV,00001483,27/05/2025,474119,37930,512049,Bang_ke_hoa_don_da_su_dung_2024-T6.2025.xls,2274
G00475,1C25TUV,00001501,27/05/2025,474119,37930,512049,Bang_ke_hoa_don_da_su_dung_2024-T6.2025.xls,2292
G00475,1C25TUV,00001504,27/05/2025,474119,37930,512049,Bang_ke_hoa_don_da_su_dung_2024-T6.2025.xls,2295
G00475,1C25TUV,00001916,29/05/2025,474119,37930,512049,Bang_ke_hoa_don_da_su_dung_2024-T6.2025.xls,2707
G00475,1C25TUV,00002444,30/05/2025,474119,37930,512049,Bang_ke_hoa_don_da_su_dung_2024-T6.2025.xls,3233
G00475,1C25TUV,00002445,30/05/2025,474119,37930,512049,Bang_ke_hoa_don_da_su_dung_2024-T6.2025.xls,3234
G00476,1C25TUV,00001505,27/05/2025,1818609,145489,1964098,Bang_ke_hoa_don_da_su_dung_2024-T6.2025.xls,2296
G00477,1C25TUV,00001508,27/05/2025,675000,54000,729000,Bang_ke_hoa_don_da_su_dung_2024-T6.2025.xls,2299
G00478,1C25TUV,00001509,27/05/2025,480556,38444,519000,Bang_ke_hoa_don_da_su_dung_2024-T6.2025.xls,2300
G00478,1C25TUV,00001512,27/05/2025,480556,38444,519000,Bang_ke_hoa_don_da_su_dung_2024-T6.2025.xls,2303
G00478,1C25TUV,00001764,29/05/2025,480556,38444,519000,Bang_ke_hoa_don_da_su_dung_2024-T6.2025.xls,2555
G00478,1C25TUV,00001765,29/05/2025,480556,38444,519000,Bang_ke_hoa_don_da_su_dung_2024-T6.2025.xls,2556
G00478,1C25TUV,00001766,29/05/2025,480556,38444,519000,Bang_ke_hoa_don_da_su_dung_2024-T6.2025.xls,2557
G00478,1C25TUV,00001789,29/05/2025,480556,38444,519000,Bang_ke_hoa_don_da_su_dung_2024-T6.2025.xls,2580
G00478,1C25TUV,00001790,29/05/2025,480556,38444,519000,Bang_ke_hoa_don_da_su_dung_2024-T6.2025.xls,2581
G00478,1C25TUV,00001937,29/05/2025,480556,38444,519000,Bang_ke_hoa_don_da_su_dung_2024-T6.2025.xls,2728
G00479,1C25TUV,00001522,27/05/2025,474120,37930,512050,Bang_ke_hoa_don_da_su_dung_2024-T6.2025.xls,2313
G00479,1C25TUV,00001935,29/05/2025,474120,37930,512050,Bang_ke_hoa_don_da_su_dung_2024-T6.2025.xls,2726
G00479,1C25TUV,00001936,29/05/2025,474120,37930,512050,Bang_ke_hoa_don_da_su_dung_2024-T6.2025.xls,2727
G00479,1C25TUV,00001938,29/05/2025,474120,37930,512050,Bang_ke_hoa_don_da_su_dung_2024-T6.2025.xls,2729
G00479,1C25TUV,00002462,30/05/2025,474120,37930,512050,Bang_ke_hoa_don_da_su_dung_2024-T6.2025.xls,3251
G00480,1C25TUV,00001529,27/05/2025,2647221,211778,2858999,Bang_ke_hoa_don_da_su_dung_2024-T6.2025.xls,2320
G00481,1C25TUV,00001530,27/05/2025,1018518,81481,1099999,Bang_ke_hoa_don_da_su_dung_2024-T6.2025.xls,2321
G00482,1C25TUV,00001531,27/05/2025,407407,32593,440000,Bang_ke_hoa_don_da_su_dung_2024-T6.2025.xls,2322
G00483,1C25TUV,00001586,28/05/2025,239815,19185,259000,Bang_ke_hoa_don_da_su_dung_2024-T6.2025.xls,2377
G00483,1C25TUV,00002662,31/05/2025,239815,19185,259000,Bang_ke_hoa_don_da_su_dung_2024-T6.2025.xls,3451
G00483,1C25TUV,00004492,10/06/2025,239815,19185,259000,Bang_ke_hoa_don_da_su_dung_T6.2025.xls,295
G00483,1C25TUV,00005004,12/06/2025,239815,19185,259000,Bang_ke_hoa_don_da_su_dung_T6.2025.xls,807
G00483,1C25TUV,00005825,15/06/2025,239815,19185,259000,Bang_ke_hoa_don_da_su_dung_T6.2025.xls,1628
G00483,1C25TUV,00006649,18/06/2025,239815,19185,259000,Bang_ke_hoa_don_da_su_dung_T6.2025.xls,2452
G00483,1C25TUV,00006653,18/06/2025,239815,19185,259000,Bang_ke_hoa_don_da_su_dung_T6.2025.xls,2456
G00483,1C25TUV,00006707,18/06/2025,239815,19185,259000,Bang_ke_hoa_don_da_su_dung_T6.2025.xls,2510
G00484,1C25TUV,00001587,28/05/2025,545370,43630,589000,Bang_ke_hoa_don_da_su_dung_2024-T6.2025.xls,2378
G00484,1C25TUV,00002692,31/05/2025,545370,43630,589000,Bang_ke_hoa_don_da_su_dung_2024-T6.2025.xls,3481
G00484,1C25TUV,00005078,12/06/2025,545370,43630,589000,Bang_ke_hoa_don_da_su_dung_T6.2025.xls,881
G00484,1C25TUV,00005134,12/06/2025,545370,43630,589000,Bang_ke_hoa_don_da_su_dung_T6.2025.xls,937
G00484,1C25TUV,00006034,16/06/2025,545370,43630,589000,Bang_ke_hoa_don_da_su_dung_T6.2025.xls,1837
G00484,1C25TUV,00006743,19/06/2025,545370,43630,589000,Bang_ke_hoa_don_da_su_dung_T6.2025.xls,2546
G00484,1C25TUV,00006754,19/06/2025,545370,43630,589000,Bang_ke_hoa_don_da_su_dung_T6.2025.xls,2557
G00484,1C25TUV,00006757,19/06/2025,545370,43630,589000,Bang_ke_hoa_don_da_su_dung_T6.2025.xls,2560
G00484,1C25TUV,00007061,20/06/2025,545370,43630,589000,Bang_ke_hoa_don_da_su_dung_T6.2025.xls,2864
G00484,1C25TUV,00007133,20/06/2025,545370,43630,589000,Bang_ke_hoa_don_da_su_dung_T6.2025.xls,2936
G00485,1C25TUV,00001594,28/05/2025,1543519,123482,1667001,Bang_ke_hoa_don_da_su_dung_2024-T6.2025.xls,2385
G00485,1C25TUV,00007039,20/06/2025,1543519,123482,1667001,Bang_ke_hoa_don_da_su_dung_T6.2025.xls,2842
G00486,1C25TUV,00001595,28/05/2025,499074,39926,539000,Bang_ke_hoa_don_da_su_dung_2024-T6.2025.xls,2386
G00486,1C25TUV,00001600,28/05/2025,499074,39926,539000,Bang_ke_hoa_don_da_su_dung_2024-T6.2025.xls,2391
G00486,1C25TUV,00001973,29/05/2025,499074,39926,539000,Bang_ke_hoa_don_da_su_dung_2024-T6.2025.xls,2763
G00486,1C25TUV,00002681,31/05/2025,499074,39926,539000,Bang_ke_hoa_don_da_su_dung_2024-T6.2025.xls,3470
G00486,1C25TUV,00002714,31/05/2025,499074,39926,539000,Bang_ke_hoa_don_da_su_dung_2024-T6.2025.xls,3503
G00486,1C25TUV,00002715,31/05/2025,499074,39926,539000,Bang_ke_hoa_don_da_su_dung_2024-T6.2025.xls,3504
G00486,1C25TUV,00002821,01/06/2025,499074,39926,539000,Bang_ke_hoa_don_da_su_dung_2024-T6.2025.xls,3610
G00486,1C25TUV,00002914,02/06/2025,499074,39926,539000,Bang_ke_hoa_don_da_su_dung_2024-T6.2025.xls,3703
G00486,1C25TUV,00003213,04/06/2025,499074,39926,539000,Bang_ke_hoa_don_da_su_dung_2024-T6.2025.xls,4002
G00486,1C25TUV,00003216,04/06/2025,499074,39926,539000,Bang_ke_hoa_don_da_su_dung_2024-T6.2025.xls,4005
G00486,1C25TUV,00003865,07/06/2025,499074,39926,539000,Bang_ke_hoa_don_da_su_dung_2024-T6.2025.xls,4654
G00486,1C25TUV,00004354,09/06/2025,499074,39926,539000,Bang_ke_hoa_don_da_su_dung_T6.2025.xls,157
G00486,1C25TUV,00004858,11/06/2025,499074,39926,539000,Bang_ke_hoa_don_da_su_dung_T6.2025.xls,661
G00486,1C25TUV,00004862,11/06/2025,499074,39926,539000,Bang_ke_hoa_don_da_su_dung_T6.2025.xls,665
G00486,1C25TUV,00004879,11/06/2025,499074,39926,539000,Bang_ke_hoa_don_da_su_dung_T6.2025.xls,682
G00486,1C25TUV,00004892,11/06/2025,499074,39926,539000,Bang_ke_hoa_don_da_su_dung_T6.2025.xls,695
G00486,1C25TUV,00005130,12/06/2025,499074,39926,539000,Bang_ke_hoa_don_da_su_dung_T6.2025.xls,933
G00486,1C25TUV,00005285,13/06/2025,499074,39926,539000,Bang_ke_hoa_don_da_su_dung_T6.2025.xls,1088
G00486,1C25TUV,00005489,14/06/2025,499074,39926,539000,Bang_ke_hoa_don_da_su_dung_T6.2025.xls,1292
G00486,1C25TUV,00005514,14/06/2025,499074,39926,539000,Bang_ke_hoa_don_da_su_dung_T6.2025.xls,1317
G00486,1C25TUV,00005520,14/06/2025,499074,39926,539000,Bang_ke_hoa_don_da_su_dung_T6.2025.xls,1323
G00486,1C25TUV,00006022,16/06/2025,499074,39926,539000,Bang_ke_hoa_don_da_su_dung_T6.2025.xls,1825
G00486,1C25TUV,00006413,18/06/2025,499074,39926,539000,Bang_ke_hoa_don_da_su_dung_T6.2025.xls,2216
G00486,1C25TUV,00006764,19/06/2025,499074,39926,539000,Bang_ke_hoa_don_da_su_dung_T6.2025.xls,2567
G00486,1C25TUV,00006846,19/06/2025,499074,39926,539000,Bang_ke_hoa_don_da_su_dung_T6.2025.xls,2649
G00487,1C25TUV,00001597,28/05/2025,675000,54000,729000,Bang_ke_hoa_don_da_su_dung_2024-T6.2025.xls,2388
G00487,1C25TUV,00002694,31/05/2025,675000,54000,729000,Bang_ke_hoa_don_da_su_dung_2024-T6.2025.xls,3483
G00487,1C25TUV,00004179,08/06/2025,675000,54000,729000,Bang_ke_hoa_don_da_su_dung_2024-T6.2025.xls,4968
G00488,1C25TUV,00001598,28/05/2025,738889,59111,798000,Bang_ke_hoa_don_da_su_dung_2024-T6.2025.xls,2389
G00488,1C25TUV,00009316,29/06/2025,738889,59111,798000,Bang_ke_hoa_don_da_su_dung_T6.2025 L2.xls,136
G00489,1C25TUV,00001602,28/05/2025,1090741,87259,1178000,Bang_ke_hoa_don_da_su_dung_2024-T6.2025.xls,2393
G00489,1C25TUV,00009013,28/06/2025,1090741,87259,1178000,Bang_ke_hoa_don_da_su_dung_T6.2025.xls,4816
G00490,1C25TUV,00001619,28/05/2025,1127778,90222,1218000,Bang_ke_hoa_don_da_su_dung_2024-T6.2025.xls,2410
G00490,1C25TUV,00004902,11/06/2025,1127778,90222,1218000,Bang_ke_hoa_don_da_su_dung_T6.2025.xls,705
G00490,1C25TUV,00008589,26/06/2025,1127778,90222,1218000,Bang_ke_hoa_don_da_su_dung_T6.2025.xls,4392
G00491,1C25TUV,00001628,28/05/2025,2443519,195482,2639001,Bang_ke_hoa_don_da_su_dung_2024-T6.2025.xls,2419
G00491,1C25TUV,00002705,31/05/2025,2443519,195482,2639001,Bang_ke_hoa_don_da_su_dung_2024-T6.2025.xls,3494
G00491,1C25TUV,00005356,13/06/2025,2443519,195482,2639001,Bang_ke_hoa_don_da_su_dung_T6.2025.xls,1159
G00492,1C25TUV,00001637,28/05/2025,2572220,205778,2777998,Bang_ke_hoa_don_da_su_dung_2024-T6.2025.xls,2428
G00492,1C25TUV,00001723,28/05/2025,2572220,205778,2777998,Bang_ke_hoa_don_da_su_dung_2024-T6.2025.xls,2514
G00492,1C25TUV,00001886,29/05/2025,2572220,205778,2777998,Bang_ke_hoa_don_da_su_dung_2024-T6.2025.xls,2677
G00492,1C25TUV,00002494,30/05/2025,2572220,205778,2777998,Bang_ke_hoa_don_da_su_dung_2024-T6.2025.xls,3283
G00492,1C25TUV,00002899,02/06/2025,2572220,205778,2777998,Bang_ke_hoa_don_da_su_dung_2024-T6.2025.xls,3688
G00493,1C25TUV,00001693,28/05/2025,611100,48888,659988,Bang_ke_hoa_don_da_su_dung_2024-T6.2025.xls,2484
G00493,1C25TUV,00002498,30/05/2025,611100,48888,659988,Bang_ke_hoa_don_da_su_dung_2024-T6.2025.xls,3287
G00493,1C25TUV,00009239,29/06/2025,611100,48888,659988,Bang_ke_hoa_don_da_su_dung_T6.2025 L2.xls,59
G00493,1C25TUV,00009497,30/06/2025,611100,48888,659988,Bang_ke_hoa_don_da_su_dung_T6.2025 L2.xls,317
G00493,1C25TUV,00005993,16/06/2025,611100,48888,659988,Bang_ke_hoa_don_da_su_dung_T6.2025.xls,1796
G00493,1C25TUV,00006291,17/06/2025,611100,48888,659988,Bang_ke_hoa_don_da_su_dung_T6.2025.xls,2094
G00493,1C25TUV,00006369,17/06/2025,611100,48888,659988,Bang_ke_hoa_don_da_su_dung_T6.2025.xls,2172
G00493,1C25TUV,00006645,18/06/2025,611100,48888,659988,Bang_ke_hoa_don_da_su_dung_T6.2025.xls,2448
G00493,1C25TUV,00007221,20/06/2025,611100,48888,659988,Bang_ke_hoa_don_da_su_dung_T6.2025.xls,3024
G00493,1C25TUV,00007222,20/06/2025,611100,48888,659988,Bang_ke_hoa_don_da_su_dung_T6.2025.xls,3025
G00493,1C25TUV,00007223,20/06/2025,611100,48888,659988,Bang_ke_hoa_don_da_su_dung_T6.2025.xls,3026
G00493,1C25TUV,00007447,21/06/2025,611100,48888,659988,Bang_ke_hoa_don_da_su_dung_T6.2025.xls,3250
G00493,1C25TUV,00007880,23/06/2025,611100,48888,659988,Bang_ke_hoa_don_da_su_dung_T6.2025.xls,3683
G00494,1C25TUV,00001695,28/05/2025,496296,39704,536000,Bang_ke_hoa_don_da_su_dung_2024-T6.2025.xls,2486
G00495,1C25TUV,00001710,28/05/2025,508333,40667,549000,Bang_ke_hoa_don_da_su_dung_2024-T6.2025.xls,2501
G00495,1C25TUV,00003453,06/06/2025,508333,40667,549000,Bang_ke_hoa_don_da_su_dung_2024-T6.2025.xls,4242
G00495,1C25TUV,00009564,30/06/2025,508333,40667,549000,Bang_ke_hoa_don_da_su_dung_T6.2025 L2.xls,384
G00495,1C25TUV,00009573,30/06/2025,508333,40667,549000,Bang_ke_hoa_don_da_su_dung_T6.2025 L2.xls,393
G00495,1C25TUV,00004936,12/06/2025,508333,40667,549000,Bang_ke_hoa_don_da_su_dung_T6.2025.xls,739
G00495,1C25TUV,00005645,14/06/2025,508333,40667,549000,Bang_ke_hoa_don_da_su_dung_T6.2025.xls,1448
G00495,1C25TUV,00005812,15/06/2025,508333,40667,549000,Bang_ke_hoa_don_da_su_dung_T6.2025.xls,1615
G00495,1C25TUV,00007018,19/06/2025,508333,40667,549000,Bang_ke_hoa_don_da_su_dung_T6.2025.xls,2821
G00495,1C25TUV,00008204,24/06/2025,508333,40667,549000,Bang_ke_hoa_don_da_su_dung_T6.2025.xls,4007
G00495,1C25TUV,00008284,24/06/2025,508333,40667,549000,Bang_ke_hoa_don_da_su_dung_T6.2025.xls,4087
G00495,1C25TUV,00008534,25/06/2025,508333,40667,549000,Bang_ke_hoa_don_da_su_dung_T6.2025.xls,4337
G00495,1C25TUV,00008697,26/06/2025,508333,40667,549000,Bang_ke_hoa_don_da_su_dung_T6.2025.xls,4500
G00495,1C25TUV,00008725,26/06/2025,508333,40667,549000,Bang_ke_hoa_don_da_su_dung_T6.2025.xls,4528
G00495,1C25TUV,00009151,28/06/2025,508333,40667,549000,Bang_ke_hoa_don_da_su_dung_T6.2025.xls,4954
G00496,1C25TUV,00001725,28/05/2025,1257408,100593,1358001,Bang_ke_hoa_don_da_su_dung_2024-T6.2025.xls,2516
G00497,1C25TUV,00001746,29/05/2025,8822000,705760,9527760,Bang_ke_hoa_don_da_su_dung_2024-T6.2025.xls,2537
G00498,1C25TUV,00001752,29/05/2025,473240,37859,511099,Bang_ke_hoa_don_da_su_dung_2024-T6.2025.xls,2543
G00499,1C25TUV,00001763,29/05/2025,1788935,143115,1932050,Bang_ke_hoa_don_da_su_dung_2024-T6.2025.xls,2554
G00500,1C25TUV,00001771,29/05/2025,3040878,243270,3284148,Bang_ke_hoa_don_da_su_dung_2024-T6.2025.xls,2562
G00501,1C25TUV,00001772,29/05/2025,2850926,228074,3079000,Bang_ke_hoa_don_da_su_dung_2024-T6.2025.xls,2563
G00501,1C25TUV,00002447,30/05/2025,2850926,228074,3079000,Bang_ke_hoa_don_da_su_dung_2024-T6.2025.xls,3236
G00501,1C25TUV,00004396,09/06/2025,2850926,228074,3079000,Bang_ke_hoa_don_da_su_dung_T6.2025.xls,199
G00502,1C25TUV,00001788,29/05/2025,3036110,242889,3278999,Bang_ke_hoa_don_da_su_dung_2024-T6.2025.xls,2579
G00503,1C25TUV,00001799,29/05/2025,348148,27852,376000,Bang_ke_hoa_don_da_su_dung_2024-T6.2025.xls,2590
G00504,1C25TUV,00001862,29/05/2025,627778,50222,678000,Bang_ke_hoa_don_da_su_dung_2024-T6.2025.xls,2653
G00504,1C25TUV,00002956,03/06/2025,627778,50222,678000,Bang_ke_hoa_don_da_su_dung_2024-T6.2025.xls,3745
G00504,1C25TUV,00003681,07/06/2025,627778,50222,678000,Bang_ke_hoa_don_da_su_dung_2024-T6.2025.xls,4470
G00504,1C25TUV,00004415,10/06/2025,627778,50222,678000,Bang_ke_hoa_don_da_su_dung_T6.2025.xls,218
G00504,1C25TUV,00006374,17/06/2025,627778,50222,678000,Bang_ke_hoa_don_da_su_dung_T6.2025.xls,2177
G00505,1C25TUV,00001863,29/05/2025,495370,39630,535000,Bang_ke_hoa_don_da_su_dung_2024-T6.2025.xls,2654
G00506,1C25TUV,00001880,29/05/2025,2109259,168741,2278000,Bang_ke_hoa_don_da_su_dung_2024-T6.2025.xls,2671
G00506,1C25TUV,00005092,12/06/2025,2109259,168741,2278000,Bang_ke_hoa_don_da_su_dung_T6.2025.xls,895
G00506,1C25TUV,00006967,19/06/2025,2109259,168741,2278000,Bang_ke_hoa_don_da_su_dung_T6.2025.xls,2770
G00507,1C25TUV,00001899,29/05/2025,215100,17208,232308,Bang_ke_hoa_don_da_su_dung_2024-T6.2025.xls,2690
G00507,1C25TUV,00005870,15/06/2025,215100,17208,232308,Bang_ke_hoa_don_da_su_dung_T6.2025.xls,1673
G00507,1C25TUV,00005874,15/06/2025,215100,17208,232308,Bang_ke_hoa_don_da_su_dung_T6.2025.xls,1677
G00507,1C25TUV,00006360,17/06/2025,215100,17208,232308,Bang_ke_hoa_don_da_su_dung_T6.2025.xls,2163
G00507,1C25TUV,00006363,17/06/2025,215100,17208,232308,Bang_ke_hoa_don_da_su_dung_T6.2025.xls,2166
G00507,1C25TUV,00006621,18/06/2025,215100,17208,232308,Bang_ke_hoa_don_da_su_dung_T6.2025.xls,2424
G00507,1C25TUV,00006955,19/06/2025,215100,17208,232308,Bang_ke_hoa_don_da_su_dung_T6.2025.xls,2758
G00507,1C25TUV,00006960,19/06/2025,215100,17208,232308,Bang_ke_hoa_don_da_su_dung_T6.2025.xls,2763
G00508,1C25TUV,00001903,29/05/2025,3036110,242889,3278999,Bang_ke_hoa_don_da_su_dung_2024-T6.2025.xls,2694
G00508,1C25TUV,00002490,30/05/2025,3036110,242889,3278999,Bang_ke_hoa_don_da_su_dung_2024-T6.2025.xls,3279
G00508,1C25TUV,00003000,03/06/2025,3036110,242889,3278999,Bang_ke_hoa_don_da_su_dung_2024-T6.2025.xls,3789
G00509,1C25TUV,00001918,29/05/2025,1213008,97041,1310049,Bang_ke_hoa_don_da_su_dung_2024-T6.2025.xls,2709
G00509,1C25TUV,00001919,29/05/2025,1213008,97041,1310049,Bang_ke_hoa_don_da_su_dung_2024-T6.2025.xls,2710
G00509,1C25TUV,00001920,29/05/2025,1213008,97041,1310049,Bang_ke_hoa_don_da_su_dung_2024-T6.2025.xls,2711
G00510,1C25TUV,00001925,29/05/2025,2777870,222230,3000100,Bang_ke_hoa_don_da_su_dung_2024-T6.2025.xls,2716
G00511,1C25TUV,00001930,29/05/2025,2478796,198304,2677100,Bang_ke_hoa_don_da_su_dung_2024-T6.2025.xls,2721
G00512,1C25TUV,00001933,29/05/2025,2572221,205778,2777999,Bang_ke_hoa_don_da_su_dung_2024-T6.2025.xls,2724
G00512,1C25TUV,00003345,05/06/2025,2572221,205778,2777999,Bang_ke_hoa_don_da_su_dung_2024-T6.2025.xls,4134
G00512,1C25TUV,00003570,06/06/2025,2572221,205778,2777999,Bang_ke_hoa_don_da_su_dung_2024-T6.2025.xls,4359
G00512,1C25TUV,00003571,06/06/2025,2572221,205778,2777999,Bang_ke_hoa_don_da_su_dung_2024-T6.2025.xls,4360
G00512,1C25TUV,00003572,06/06/2025,2572221,205778,2777999,Bang_ke_hoa_don_da_su_dung_2024-T6.2025.xls,4361
G00512,1C25TUV,00003573,06/06/2025,2572221,205778,2777999,Bang_ke_hoa_don_da_su_dung_2024-T6.2025.xls,4362
G00512,1C25TUV,00003574,06/06/2025,2572221,205778,2777999,Bang_ke_hoa_don_da_su_dung_2024-T6.2025.xls,4363
G00512,1C25TUV,00003579,06/06/2025,2572221,205778,2777999,Bang_ke_hoa_don_da_su_dung_2024-T6.2025.xls,4368
G00512,1C25TUV,00003816,07/06/2025,2572221,205778,2777999,Bang_ke_hoa_don_da_su_dung_2024-T6.2025.xls,4605
G00512,1C25TUV,00003817,07/06/2025,2572221,205778,2777999,Bang_ke_hoa_don_da_su_dung_2024-T6.2025.xls,4606
G00512,1C25TUV,00003818,07/06/2025,2572221,205778,2777999,Bang_ke_hoa_don_da_su_dung_2024-T6.2025.xls,4607
G00512,1C25TUV,00003819,07/06/2025,2572221,205778,2777999,Bang_ke_hoa_don_da_su_dung_2024-T6.2025.xls,4608
G00512,1C25TUV,00003820,07/06/2025,2572221,205778,2777999,Bang_ke_hoa_don_da_su_dung_2024-T6.2025.xls,4609
G00512,1C25TUV,00003821,07/06/2025,2572221,205778,2777999,Bang_ke_hoa_don_da_su_dung_2024-T6.2025.xls,4610
G00512,1C25TUV,00003822,07/06/2025,2572221,205778,2777999,Bang_ke_hoa_don_da_su_dung_2024-T6.2025.xls,4611
G00512,1C25TUV,00003823,07/06/2025,2572221,205778,2777999,Bang_ke_hoa_don_da_su_dung_2024-T6.2025.xls,4612
G00512,1C25TUV,00003824,07/06/2025,2572221,205778,2777999,Bang_ke_hoa_don_da_su_dung_2024-T6.2025.xls,4613
G00512,1C25TUV,00003825,07/06/2025,2572221,205778,2777999,Bang_ke_hoa_don_da_su_dung_2024-T6.2025.xls,4614
G00512,1C25TUV,00003826,07/06/2025,2572221,205778,2777999,Bang_ke_hoa_don_da_su_dung_2024-T6.2025.xls,4615
G00512,1C25TUV,00003827,07/06/2025,2572221,205778,2777999,Bang_ke_hoa_don_da_su_dung_2024-T6.2025.xls,4616
G00512,1C25TUV,00004100,08/06/2025,2572221,205778,2777999,Bang_ke_hoa_don_da_su_dung_2024-T6.2025.xls,4889
G00512,1C25TUV,00004101,08/06/2025,2572221,205778,2777999,Bang_ke_hoa_don_da_su_dung_2024-T6.2025.xls,4890
G00512,1C25TUV,00004102,08/06/2025,2572221,205778,2777999,Bang_ke_hoa_don_da_su_dung_2024-T6.2025.xls,4891
G00512,1C25TUV,00004103,08/06/2025,2572221,205778,2777999,Bang_ke_hoa_don_da_su_dung_2024-T6.2025.xls,4892
G00512,1C25TUV,00004104,08/06/2025,2572221,205778,2777999,Bang_ke_hoa_don_da_su_dung_2024-T6.2025.xls,4893
G00512,1C25TUV,00004105,08/06/2025,2572221,205778,2777999,Bang_ke_hoa_don_da_su_dung_2024-T6.2025.xls,4894
G00512,1C25TUV,00004106,08/06/2025,2572221,205778,2777999,Bang_ke_hoa_don_da_su_dung_2024-T6.2025.xls,4895
G00512,1C25TUV,00004107,08/06/2025,2572221,205778,2777999,Bang_ke_hoa_don_da_su_dung_2024-T6.2025.xls,4896
G00512,1C25TUV,00004108,08/06/2025,2572221,205778,2777999,Bang_ke_hoa_don_da_su_dung_2024-T6.2025.xls,4897
G00512,1C25TUV,00004392,09/06/2025,2572221,205778,2777999,Bang_ke_hoa_don_da_su_dung_T6.2025.xls,195
G00512,1C25TUV,00004393,09/06/2025,2572221,205778,2777999,Bang_ke_hoa_don_da_su_dung_T6.2025.xls,196
G00512,1C25TUV,00004394,09/06/2025,2572221,205778,2777999,Bang_ke_hoa_don_da_su_dung_T6.2025.xls,197
G00512,1C25TUV,00004395,09/06/2025,2572221,205778,2777999,Bang_ke_hoa_don_da_su_dung_T6.2025.xls,198
G00512,1C25TUV,00004397,09/06/2025,2572221,205778,2777999,Bang_ke_hoa_don_da_su_dung_T6.2025.xls,200
G00512,1C25TUV,00004596,10/06/2025,2572221,205778,2777999,Bang_ke_hoa_don_da_su_dung_T6.2025.xls,399
G00512,1C25TUV,00004597,10/06/2025,2572221,205778,2777999,Bang_ke_hoa_don_da_su_dung_T6.2025.xls,400
G00512,1C25TUV,00004598,10/06/2025,2572221,205778,2777999,Bang_ke_hoa_don_da_su_dung_T6.2025.xls,401
G00512,1C25TUV,00004599,10/06/2025,2572221,205778,2777999,Bang_ke_hoa_don_da_su_dung_T6.2025.xls,402
G00512,1C25TUV,00004825,11/06/2025,2572221,205778,2777999,Bang_ke_hoa_don_da_su_dung_T6.2025.xls,628
G00512,1C25TUV,00004826,11/06/2025,2572221,205778,2777999,Bang_ke_hoa_don_da_su_dung_T6.2025.xls,629
G00512,1C25TUV,00004827,11/06/2025,2572221,205778,2777999,Bang_ke_hoa_don_da_su_dung_T6.2025.xls,630
G00512,1C25TUV,00004828,11/06/2025,2572221,205778,2777999,Bang_ke_hoa_don_da_su_dung_T6.2025.xls,631
G00512,1C25TUV,00005033,12/06/2025,2572221,205778,2777999,Bang_ke_hoa_don_da_su_dung_T6.2025.xls,836
G00512,1C25TUV,00005277,13/06/2025,2572221,205778,2777999,Bang_ke_hoa_don_da_su_dung_T6.2025.xls,1080
G00512,1C25TUV,00008859,27/06/2025,2572221,205778,2777999,Bang_ke_hoa_don_da_su_dung_T6.2025.xls,4662
G00512,1C25TUV,00009076,28/06/2025,2572221,205778,2777999,Bang_ke_hoa_don_da_su_dung_T6.2025.xls,4879
G00513,1C25TUV,00001934,29/05/2025,3962037,316963,4279000,Bang_ke_hoa_don_da_su_dung_2024-T6.2025.xls,2725
G00514,1C25TUV,00001955,29/05/2025,1350000,108000,1458000,Bang_ke_hoa_don_da_su_dung_2024-T6.2025.xls,2745
G00515,1C25TUV,00002016,29/05/2025,499074,39926,539000,Bang_ke_hoa_don_da_su_dung_2024-T6.2025.xls,2806
G00515,1C25TUV,00002428,30/05/2025,499074,39926,539000,Bang_ke_hoa_don_da_su_dung_2024-T6.2025.xls,3217
G00515,1C25TUV,00002429,30/05/2025,499074,39926,539000,Bang_ke_hoa_don_da_su_dung_2024-T6.2025.xls,3218
G00516,1C25TUV,00002025,29/05/2025,5443519,435482,5879001,Bang_ke_hoa_don_da_su_dung_2024-T6.2025.xls,2815
G00516,1C25TUV,00002419,30/05/2025,5443519,435482,5879001,Bang_ke_hoa_don_da_su_dung_2024-T6.2025.xls,3208
G00516,1C25TUV,00003221,05/06/2025,5443519,435482,5879001,Bang_ke_hoa_don_da_su_dung_2024-T6.2025.xls,4010
G00517,1C25TUV,00002169,30/05/2025,4864667,389173,5253840,Bang_ke_hoa_don_da_su_dung_2024-T6.2025.xls,2958
G00518,1C25TUV,00002287,30/05/2025,5822667,465813,6288480,Bang_ke_hoa_don_da_su_dung_2024-T6.2025.xls,3076
G00519,1C25TUV,00002363,30/05/2025,592593,47407,640000,Bang_ke_hoa_don_da_su_dung_2024-T6.2025.xls,3152
G00520,1C25TUV,00002420,30/05/2025,2758333,220667,2979000,Bang_ke_hoa_don_da_su_dung_2024-T6.2025.xls,3209
G00520,1C25TUV,00009337,29/06/2025,2758333,220667,2979000,Bang_ke_hoa_don_da_su_dung_T6.2025 L2.xls,157
G00520,1C25TUV,00005664,15/06/2025,2758333,220667,2979000,Bang_ke_hoa_don_da_su_dung_T6.2025.xls,1467
G00520,1C25TUV,00006724,19/06/2025,2758333,220667,2979000,Bang_ke_hoa_don_da_su_dung_T6.2025.xls,2527
G00521,1C25TUV,00002421,30/05/2025,1054630,84370,1139000,Bang_ke_hoa_don_da_su_dung_2024-T6.2025.xls,3210
G00521,1C25TUV,00002707,31/05/2025,1054630,84370,1139000,Bang_ke_hoa_don_da_su_dung_2024-T6.2025.xls,3496
G00521,1C25TUV,00006105,16/06/2025,1054630,84370,1139000,Bang_ke_hoa_don_da_su_dung_T6.2025.xls,1908
G00521,1C25TUV,00006513,18/06/2025,1054630,84370,1139000,Bang_ke_hoa_don_da_su_dung_T6.2025.xls,2316
G00521,1C25TUV,00006712,19/06/2025,1054630,84370,1139000,Bang_ke_hoa_don_da_su_dung_T6.2025.xls,2515
G00521,1C25TUV,00007344,21/06/2025,1054630,84370,1139000,Bang_ke_hoa_don_da_su_dung_T6.2025.xls,3147
G00521,1C25TUV,00009065,28/06/2025,1054630,84370,1139000,Bang_ke_hoa_don_da_su_dung_T6.2025.xls,4868
G00522,1C25TUV,00002446,30/05/2025,720369,57630,777999,Bang_ke_hoa_don_da_su_dung_2024-T6.2025.xls,3235
G00523,1C25TUV,00002486,30/05/2025,210231,16819,227050,Bang_ke_hoa_don_da_su_dung_2024-T6.2025.xls,3275
G00523,1C25TUV,00009213,29/06/2025,210231,16819,227050,Bang_ke_hoa_don_da_su_dung_T6.2025 L2.xls,33
G00523,1C25TUV,00009238,29/06/2025,210231,16819,227050,Bang_ke_hoa_don_da_su_dung_T6.2025 L2.xls,58
G00523,1C25TUV,00009488,30/06/2025,210231,16819,227050,Bang_ke_hoa_don_da_su_dung_T6.2025 L2.xls,308
G00523,1C25TUV,00008571,25/06/2025,210231,16819,227050,Bang_ke_hoa_don_da_su_dung_T6.2025.xls,4374
G00523,1C25TUV,00008577,25/06/2025,210231,16819,227050,Bang_ke_hoa_don_da_su_dung_T6.2025.xls,4380
G00523,1C25TUV,00008580,25/06/2025,210231,16819,227050,Bang_ke_hoa_don_da_su_dung_T6.2025.xls,4383
G00523,1C25TUV,00008581,25/06/2025,210231,16819,227050,Bang_ke_hoa_don_da_su_dung_T6.2025.xls,4384
G00523,1C25TUV,00008733,26/06/2025,210231,16819,227050,Bang_ke_hoa_don_da_su_dung_T6.2025.xls,4536
G00523,1C25TUV,00008745,26/06/2025,210231,16819,227050,Bang_ke_hoa_don_da_su_dung_T6.2025.xls,4548
G00523,1C25TUV,00008747,26/06/2025,210231,16819,227050,Bang_ke_hoa_don_da_su_dung_T6.2025.xls,4550
G00523,1C25TUV,00008749,26/06/2025,210231,16819,227050,Bang_ke_hoa_don_da_su_dung_T6.2025.xls,4552
G00523,1C25TUV,00008750,26/06/2025,210231,16819,227050,Bang_ke_hoa_don_da_su_dung_T6.2025.xls,4553
G00523,1C25TUV,00008751,26/06/2025,210231,16819,227050,Bang_ke_hoa_don_da_su_dung_T6.2025.xls,4554
G00523,1C25TUV,00008760,26/06/2025,210231,16819,227050,Bang_ke_hoa_don_da_su_dung_T6.2025.xls,4563
G00523,1C25TUV,00008766,26/06/2025,210231,16819,227050,Bang_ke_hoa_don_da_su_dung_T6.2025.xls,4569
G00523,1C25TUV,00008768,26/06/2025,210231,16819,227050,Bang_ke_hoa_don_da_su_dung_T6.2025.xls,4571
G00523,1C25TUV,00008936,27/06/2025,210231,16819,227050,Bang_ke_hoa_don_da_su_dung_T6.2025.xls,4739
G00523,1C25TUV,00008965,27/06/2025,210231,16819,227050,Bang_ke_hoa_don_da_su_dung_T6.2025.xls,4768
G00523,1C25TUV,00008967,27/06/2025,210231,16819,227050,Bang_ke_hoa_don_da_su_dung_T6.2025.xls,4770
G00523,1C25TUV,00009109,28/06/2025,210231,16819,227050,Bang_ke_hoa_don_da_su_dung_T6.2025.xls,4912
G00523,1C25TUV,00009115,28/06/2025,210231,16819,227050,Bang_ke_hoa_don_da_su_dung_T6.2025.xls,4918
G00523,1C25TUV,00009140,28/06/2025,210231,16819,227050,Bang_ke_hoa_don_da_su_dung_T6.2025.xls,4943
G00524,1C25TUV,00002489,30/05/2025,1462037,116963,1579000,Bang_ke_hoa_don_da_su_dung_2024-T6.2025.xls,3278
G00524,1C25TUV,00006331,17/06/2025,1462037,116963,1579000,Bang_ke_hoa_don_da_su_dung_T6.2025.xls,2134
G00525,1C25TUV,00002527,30/05/2025,811111,64889,876000,Bang_ke_hoa_don_da_su_dung_2024-T6.2025.xls,3316
G00525,1C25TUV,00009480,30/06/2025,811111,64889,876000,Bang_ke_hoa_don_da_su_dung_T6.2025 L2.xls,300
G00526,1C25TUV,00002529,30/05/2025,449100,35928,485028,Bang_ke_hoa_don_da_su_dung_2024-T6.2025.xls,3318
G00526,1C25TUV,00006573,18/06/2025,449100,35928,485028,Bang_ke_hoa_don_da_su_dung_T6.2025.xls,2376
G00527,1C25TUV,00002601,31/05/2025,36869444,2949556,39819000,Bang_ke_hoa_don_da_su_dung_2024-T6.2025.xls,3390
G00528,1C25TUV,00002602,31/05/2025,16788889,1343111,18132000,Bang_ke_hoa_don_da_su_dung_2024-T6.2025.xls,3391
G00529,1C25TUV,00002603,31/05/2025,28913888,2313111,31226999,Bang_ke_hoa_don_da_su_dung_2024-T6.2025.xls,3392
G00530,1C25TUV,00002604,31/05/2025,44300922,3544074,47844996,Bang_ke_hoa_don_da_su_dung_2024-T6.2025.xls,3393
G00531,1C25TUV,00002605,31/05/2025,2536111,202889,2739000,Bang_ke_hoa_don_da_su_dung_2024-T6.2025.xls,3394
G00531,1C25TUV,00009657,30/06/2025,2536111,202889,2739000,Bang_ke_hoa_don_da_su_dung_T6.2025 L2.xls,477
G00531,1C25TUV,00009746,30/06/2025,2536111,202889,2739000,Bang_ke_hoa_don_da_su_dung_T6.2025 L2.xls,566
G00531,1C25TUV,00009747,30/06/2025,2536111,202889,2739000,Bang_ke_hoa_don_da_su_dung_T6.2025 L2.xls,567
G00531,1C25TUV,00009749,30/06/2025,2536111,202889,2739000,Bang_ke_hoa_don_da_su_dung_T6.2025 L2.xls,569
G00531,1C25TUV,00009750,30/06/2025,2536111,202889,2739000,Bang_ke_hoa_don_da_su_dung_T6.2025 L2.xls,570
G00531,1C25TUV,00009751,30/06/2025,2536111,202889,2739000,Bang_ke_hoa_don_da_su_dung_T6.2025 L2.xls,571
G00531,1C25TUV,00009752,30/06/2025,2536111,202889,2739000,Bang_ke_hoa_don_da_su_dung_T6.2025 L2.xls,572
G00531,1C25TUV,00009753,30/06/2025,2536111,202889,2739000,Bang_ke_hoa_don_da_su_dung_T6.2025 L2.xls,573
G00531,1C25TUV,00009754,30/06/2025,2536111,202889,2739000,Bang_ke_hoa_don_da_su_dung_T6.2025 L2.xls,574
G00531,1C25TUV,00009755,30/06/2025,2536111,202889,2739000,Bang_ke_hoa_don_da_su_dung_T6.2025 L2.xls,575
G00531,1C25TUV,00009757,30/06/2025,2536111,202889,2739000,Bang_ke_hoa_don_da_su_dung_T6.2025 L2.xls,577
G00531,1C25TUV,00009787,30/06/2025,2536111,202889,2739000,Bang_ke_hoa_don_da_su_dung_T6.2025 L2.xls,607
G00531,1C25TUV,00010024,30/06/2025,2536111,202889,2739000,Bang_ke_hoa_don_da_su_dung_T6.2025 L2.xls,844
G00531,1C25TUV,00010027,30/06/2025,2536111,202889,2739000,Bang_ke_hoa_don_da_su_dung_T6.2025 L2.xls,847
G00531,1C25TUV,00010028,30/06/2025,2536111,202889,2739000,Bang_ke_hoa_don_da_su_dung_T6.2025 L2.xls,848
G00531,1C25TUV,00010029,30/06/2025,2536111,202889,2739000,Bang_ke_hoa_don_da_su_dung_T6.2025 L2.xls,849
G00531,1C25TUV,00010030,30/06/2025,2536111,202889,2739000,Bang_ke_hoa_don_da_su_dung_T6.2025 L2.xls,850
G00531,1C25TUV,00010032,30/06/2025,2536111,202889,2739000,Bang_ke_hoa_don_da_su_dung_T6.2025 L2.xls,852
G00531,1C25TUV,00010033,30/06/2025,2536111,202889,2739000,Bang_ke_hoa_don_da_su_dung_T6.2025 L2.xls,853
G00532,1C25TUV,00002610,31/05/2025,17660647,1412852,19073499,Bang_ke_hoa_don_da_su_dung_2024-T6.2025.xls,3399
G00533,1C25TUV,00002617,31/05/2025,226810487,18144839,244955326,Bang_ke_hoa_don_da_su_dung_2024-T6.2025.xls,3406
G00534,1C25TUV,00002647,31/05/2025,9795204,783616,10578820,Bang_ke_hoa_don_da_su_dung_2024-T6.2025.xls,3436
G00535,1C25TUV,00002658,31/05/2025,1702778,136222,1839000,Bang_ke_hoa_don_da_su_dung_2024-T6.2025.xls,3447
G00535,1C25TUV,00005559,14/06/2025,1702778,136222,1839000,Bang_ke_hoa_don_da_su_dung_T6.2025.xls,1362
G00536,1C25TUV,00002659,31/05/2025,628703,50296,678999,Bang_ke_hoa_don_da_su_dung_2024-T6.2025.xls,3448
G00536,1C25TUV,00002663,31/05/2025,628703,50296,678999,Bang_ke_hoa_don_da_su_dung_2024-T6.2025.xls,3452
G00536,1C25TUV,00002744,01/06/2025,628703,50296,678999,Bang_ke_hoa_don_da_su_dung_2024-T6.2025.xls,3533
G00536,1C25TUV,00002754,01/06/2025,628703,50296,678999,Bang_ke_hoa_don_da_su_dung_2024-T6.2025.xls,3543
G00536,1C25TUV,00002887,02/06/2025,628703,50296,678999,Bang_ke_hoa_don_da_su_dung_2024-T6.2025.xls,3676
G00536,1C25TUV,00002920,02/06/2025,628703,50296,678999,Bang_ke_hoa_don_da_su_dung_2024-T6.2025.xls,3709
G00536,1C25TUV,00002921,02/06/2025,628703,50296,678999,Bang_ke_hoa_don_da_su_dung_2024-T6.2025.xls,3710
G00536,1C25TUV,00002934,03/06/2025,628703,50296,678999,Bang_ke_hoa_don_da_su_dung_2024-T6.2025.xls,3723
G00536,1C25TUV,00002982,03/06/2025,628703,50296,678999,Bang_ke_hoa_don_da_su_dung_2024-T6.2025.xls,3771
G00536,1C25TUV,00002985,03/06/2025,628703,50296,678999,Bang_ke_hoa_don_da_su_dung_2024-T6.2025.xls,3774
G00536,1C25TUV,00002986,03/06/2025,628703,50296,678999,Bang_ke_hoa_don_da_su_dung_2024-T6.2025.xls,3775
G00536,1C25TUV,00002988,03/06/2025,628703,50296,678999,Bang_ke_hoa_don_da_su_dung_2024-T6.2025.xls,3777
G00536,1C25TUV,00003006,03/06/2025,628703,50296,678999,Bang_ke_hoa_don_da_su_dung_2024-T6.2025.xls,3795
G00536,1C25TUV,00003007,03/06/2025,628703,50296,678999,Bang_ke_hoa_don_da_su_dung_2024-T6.2025.xls,3796
G00536,1C25TUV,00003112,04/06/2025,628703,50296,678999,Bang_ke_hoa_don_da_su_dung_2024-T6.2025.xls,3901
G00536,1C25TUV,00003150,04/06/2025,628703,50296,678999,Bang_ke_hoa_don_da_su_dung_2024-T6.2025.xls,3939
G00536,1C25TUV,00003151,04/06/2025,628703,50296,678999,Bang_ke_hoa_don_da_su_dung_2024-T6.2025.xls,3940
G00536,1C25TUV,00003254,05/06/2025,628703,50296,678999,Bang_ke_hoa_don_da_su_dung_2024-T6.2025.xls,4043
G00536,1C25TUV,00003257,05/06/2025,628703,50296,678999,Bang_ke_hoa_don_da_su_dung_2024-T6.2025.xls,4046
G00536,1C25TUV,00003260,05/06/2025,628703,50296,678999,Bang_ke_hoa_don_da_su_dung_2024-T6.2025.xls,4049
G00536,1C25TUV,00003261,05/06/2025,628703,50296,678999,Bang_ke_hoa_don_da_su_dung_2024-T6.2025.xls,4050
G00536,1C25TUV,00003264,05/06/2025,628703,50296,678999,Bang_ke_hoa_don_da_su_dung_2024-T6.2025.xls,4053
G00536,1C25TUV,00003272,05/06/2025,628703,50296,678999,Bang_ke_hoa_don_da_su_dung_2024-T6.2025.xls,4061
G00536,1C25TUV,00003275,05/06/2025,628703,50296,678999,Bang_ke_hoa_don_da_su_dung_2024-T6.2025.xls,4064
G00536,1C25TUV,00003277,05/06/2025,628703,50296,678999,Bang_ke_hoa_don_da_su_dung_2024-T6.2025.xls,4066
G00536,1C25TUV,00003301,05/06/2025,628703,50296,678999,Bang_ke_hoa_don_da_su_dung_2024-T6.2025.xls,4090
G00536,1C25TUV,00003302,05/06/2025,628703,50296,678999,Bang_ke_hoa_don_da_su_dung_2024-T6.2025.xls,4091
G00536,1C25TUV,00003336,05/06/2025,628703,50296,678999,Bang_ke_hoa_don_da_su_dung_2024-T6.2025.xls,4125
G00536,1C25TUV,00003462,06/06/2025,628703,50296,678999,Bang_ke_hoa_don_da_su_dung_2024-T6.2025.xls,4251
G00536,1C25TUV,00003463,06/06/2025,628703,50296,678999,Bang_ke_hoa_don_da_su_dung_2024-T6.2025.xls,4252
G00536,1C25TUV,00003493,06/06/2025,628703,50296,678999,Bang_ke_hoa_don_da_su_dung_2024-T6.2025.xls,4282
G00536,1C25TUV,00003495,06/06/2025,628703,50296,678999,Bang_ke_hoa_don_da_su_dung_2024-T6.2025.xls,4284
G00536,1C25TUV,00003497,06/06/2025,628703,50296,678999,Bang_ke_hoa_don_da_su_dung_2024-T6.2025.xls,4286
G00536,1C25TUV,00003499,06/06/2025,628703,50296,678999,Bang_ke_hoa_don_da_su_dung_2024-T6.2025.xls,4288
G00536,1C25TUV,00003500,06/06/2025,628703,50296,678999,Bang_ke_hoa_don_da_su_dung_2024-T6.2025.xls,4289
G00536,1C25TUV,00003501,06/06/2025,628703,50296,678999,Bang_ke_hoa_don_da_su_dung_2024-T6.2025.xls,4290
G00536,1C25TUV,00003505,06/06/2025,628703,50296,678999,Bang_ke_hoa_don_da_su_dung_2024-T6.2025.xls,4294
G00536,1C25TUV,00003508,06/06/2025,628703,50296,678999,Bang_ke_hoa_don_da_su_dung_2024-T6.2025.xls,4297
G00536,1C25TUV,00003509,06/06/2025,628703,50296,678999,Bang_ke_hoa_don_da_su_dung_2024-T6.2025.xls,4298
G00536,1C25TUV,00003511,06/06/2025,628703,50296,678999,Bang_ke_hoa_don_da_su_dung_2024-T6.2025.xls,4300
G00536,1C25TUV,00003514,06/06/2025,628703,50296,678999,Bang_ke_hoa_don_da_su_dung_2024-T6.2025.xls,4303
G00536,1C25TUV,00003528,06/06/2025,628703,50296,678999,Bang_ke_hoa_don_da_su_dung_2024-T6.2025.xls,4317
G00536,1C25TUV,00003531,06/06/2025,628703,50296,678999,Bang_ke_hoa_don_da_su_dung_2024-T6.2025.xls,4320
G00536,1C25TUV,00003786,07/06/2025,628703,50296,678999,Bang_ke_hoa_don_da_su_dung_2024-T6.2025.xls,4575
G00536,1C25TUV,00003788,07/06/2025,628703,50296,678999,Bang_ke_hoa_don_da_su_dung_2024-T6.2025.xls,4577
G00536,1C25TUV,00003789,07/06/2025,628703,50296,678999,Bang_ke_hoa_don_da_su_dung_2024-T6.2025.xls,4578
G00536,1C25TUV,00003790,07/06/2025,628703,50296,678999,Bang_ke_hoa_don_da_su_dung_2024-T6.2025.xls,4579
G00537,1C25TUV,00002660,31/05/2025,492593,39407,532000,Bang_ke_hoa_don_da_su_dung_2024-T6.2025.xls,3449
G00537,1C25TUV,00002916,02/06/2025,492593,39407,532000,Bang_ke_hoa_don_da_su_dung_2024-T6.2025.xls,3705
G00537,1C25TUV,00002990,03/06/2025,492593,39407,532000,Bang_ke_hoa_don_da_su_dung_2024-T6.2025.xls,3779
G00537,1C25TUV,00009259,29/06/2025,492593,39407,532000,Bang_ke_hoa_don_da_su_dung_T6.2025 L2.xls,79
G00537,1C25TUV,00009501,30/06/2025,492593,39407,532000,Bang_ke_hoa_don_da_su_dung_T6.2025 L2.xls,321
G00537,1C25TUV,00005192,13/06/2025,492593,39407,532000,Bang_ke_hoa_don_da_su_dung_T6.2025.xls,995
G00537,1C25TUV,00005230,13/06/2025,492593,39407,532000,Bang_ke_hoa_don_da_su_dung_T6.2025.xls,1033
G00537,1C25TUV,00007800,22/06/2025,492593,39407,532000,Bang_ke_hoa_don_da_su_dung_T6.2025.xls,3603
G00537,1C25TUV,00008730,26/06/2025,492593,39407,532000,Bang_ke_hoa_don_da_su_dung_T6.2025.xls,4533
G00538,1C25TUV,00002680,31/05/2025,165740,13259,178999,Bang_ke_hoa_don_da_su_dung_2024-T6.2025.xls,3469
G00538,1C25TUV,00003082,04/06/2025,165740,13259,178999,Bang_ke_hoa_don_da_su_dung_2024-T6.2025.xls,3871
G00538,1C25TUV,00003801,07/06/2025,165740,13259,178999,Bang_ke_hoa_don_da_su_dung_2024-T6.2025.xls,4590
G00538,1C25TUV,00004726,11/06/2025,165740,13259,178999,Bang_ke_hoa_don_da_su_dung_T6.2025.xls,529
G00538,1C25TUV,00004751,11/06/2025,165740,13259,178999,Bang_ke_hoa_don_da_su_dung_T6.2025.xls,554
G00538,1C25TUV,00004754,11/06/2025,165740,13259,178999,Bang_ke_hoa_don_da_su_dung_T6.2025.xls,557
G00538,1C25TUV,00005181,13/06/2025,165740,13259,178999,Bang_ke_hoa_don_da_su_dung_T6.2025.xls,984
G00538,1C25TUV,00005232,13/06/2025,165740,13259,178999,Bang_ke_hoa_don_da_su_dung_T6.2025.xls,1035
G00539,1C25TUV,00002684,31/05/2025,597269,47781,645050,Bang_ke_hoa_don_da_su_dung_2024-T6.2025.xls,3473
G00539,1C25TUV,00002897,02/06/2025,597269,47781,645050,Bang_ke_hoa_don_da_su_dung_2024-T6.2025.xls,3686
G00539,1C25TUV,00009198,29/06/2025,597269,47781,645050,Bang_ke_hoa_don_da_su_dung_T6.2025 L2.xls,18
G00539,1C25TUV,00009199,29/06/2025,597269,47781,645050,Bang_ke_hoa_don_da_su_dung_T6.2025 L2.xls,19
G00539,1C25TUV,00009202,29/06/2025,597269,47781,645050,Bang_ke_hoa_don_da_su_dung_T6.2025 L2.xls,22
G00539,1C25TUV,00009203,29/06/2025,597269,47781,645050,Bang_ke_hoa_don_da_su_dung_T6.2025 L2.xls,23
G00539,1C25TUV,00009204,29/06/2025,597269,47781,645050,Bang_ke_hoa_don_da_su_dung_T6.2025 L2.xls,24
G00539,1C25TUV,00009206,29/06/2025,597269,47781,645050,Bang_ke_hoa_don_da_su_dung_T6.2025 L2.xls,26
G00539,1C25TUV,00009207,29/06/2025,597269,47781,645050,Bang_ke_hoa_don_da_su_dung_T6.2025 L2.xls,27
G00539,1C25TUV,00009208,29/06/2025,597269,47781,645050,Bang_ke_hoa_don_da_su_dung_T6.2025 L2.xls,28
G00539,1C25TUV,00009209,29/06/2025,597269,47781,645050,Bang_ke_hoa_don_da_su_dung_T6.2025 L2.xls,29
G00539,1C25TUV,00009210,29/06/2025,597269,47781,645050,Bang_ke_hoa_don_da_su_dung_T6.2025 L2.xls,30
G00539,1C25TUV,00009211,29/06/2025,597269,47781,645050,Bang_ke_hoa_don_da_su_dung_T6.2025 L2.xls,31
G00539,1C25TUV,00009212,29/06/2025,597269,47781,645050,Bang_ke_hoa_don_da_su_dung_T6.2025 L2.xls,32
G00539,1C25TUV,00009214,29/06/2025,597269,47781,645050,Bang_ke_hoa_don_da_su_dung_T6.2025 L2.xls,34
G00539,1C25TUV,00009216,29/06/2025,597269,47781,645050,Bang_ke_hoa_don_da_su_dung_T6.2025 L2.xls,36
G00539,1C25TUV,00009217,29/06/2025,597269,47781,645050,Bang_ke_hoa_don_da_su_dung_T6.2025 L2.xls,37
G00539,1C25TUV,00009218,29/06/2025,597269,47781,645050,Bang_ke_hoa_don_da_su_dung_T6.2025 L2.xls,38
G00539,1C25TUV,00009220,29/06/2025,597269,47781,645050,Bang_ke_hoa_don_da_su_dung_T6.2025 L2.xls,40
G00539,1C25TUV,00009221,29/06/2025,597269,47781,645050,Bang_ke_hoa_don_da_su_dung_T6.2025 L2.xls,41
G00539,1C25TUV,00009223,29/06/2025,597269,47781,645050,Bang_ke_hoa_don_da_su_dung_T6.2025 L2.xls,43
G00539,1C25TUV,00009481,30/06/2025,597269,47781,645050,Bang_ke_hoa_don_da_su_dung_T6.2025 L2.xls,301
G00539,1C25TUV,00009482,30/06/2025,597269,47781,645050,Bang_ke_hoa_don_da_su_dung_T6.2025 L2.xls,302
G00539,1C25TUV,00009484,30/06/2025,597269,47781,645050,Bang_ke_hoa_don_da_su_dung_T6.2025 L2.xls,304
G00539,1C25TUV,00009487,30/06/2025,597269,47781,645050,Bang_ke_hoa_don_da_su_dung_T6.2025 L2.xls,307
G00539,1C25TUV,00005864,15/06/2025,597269,47781,645050,Bang_ke_hoa_don_da_su_dung_T6.2025.xls,1667
G00539,1C25TUV,00005865,15/06/2025,597269,47781,645050,Bang_ke_hoa_don_da_su_dung_T6.2025.xls,1668
G00539,1C25TUV,00005867,15/06/2025,597269,47781,645050,Bang_ke_hoa_don_da_su_dung_T6.2025.xls,1670
G00539,1C25TUV,00005875,15/06/2025,597269,47781,645050,Bang_ke_hoa_don_da_su_dung_T6.2025.xls,1678
G00539,1C25TUV,00005878,15/06/2025,597269,47781,645050,Bang_ke_hoa_don_da_su_dung_T6.2025.xls,1681
G00539,1C25TUV,00005879,15/06/2025,597269,47781,645050,Bang_ke_hoa_don_da_su_dung_T6.2025.xls,1682
G00539,1C25TUV,00005976,16/06/2025,597269,47781,645050,Bang_ke_hoa_don_da_su_dung_T6.2025.xls,1779
G00539,1C25TUV,00005977,16/06/2025,597269,47781,645050,Bang_ke_hoa_don_da_su_dung_T6.2025.xls,1780
G00539,1C25TUV,00005980,16/06/2025,597269,47781,645050,Bang_ke_hoa_don_da_su_dung_T6.2025.xls,1783
G00539,1C25TUV,00005982,16/06/2025,597269,47781,645050,Bang_ke_hoa_don_da_su_dung_T6.2025.xls,1785
G00539,1C25TUV,00005989,16/06/2025,597269,47781,645050,Bang_ke_hoa_don_da_su_dung_T6.2025.xls,1792
G00539,1C25TUV,00005992,16/06/2025,597269,47781,645050,Bang_ke_hoa_don_da_su_dung_T6.2025.xls,1795
G00539,1C25TUV,00005998,16/06/2025,597269,47781,645050,Bang_ke_hoa_don_da_su_dung_T6.2025.xls,1801
G00539,1C25TUV,00005999,16/06/2025,597269,47781,645050,Bang_ke_hoa_don_da_su_dung_T6.2025.xls,1802
G00539,1C25TUV,00006290,17/06/2025,597269,47781,645050,Bang_ke_hoa_don_da_su_dung_T6.2025.xls,2093
G00539,1C25TUV,00006293,17/06/2025,597269,47781,645050,Bang_ke_hoa_don_da_su_dung_T6.2025.xls,2096
G00539,1C25TUV,00006295,17/06/2025,597269,47781,645050,Bang_ke_hoa_don_da_su_dung_T6.2025.xls,2098
G00539,1C25TUV,00006296,17/06/2025,597269,47781,645050,Bang_ke_hoa_don_da_su_dung_T6.2025.xls,2099
G00539,1C25TUV,00006297,17/06/2025,597269,47781,645050,Bang_ke_hoa_don_da_su_dung_T6.2025.xls,2100
G00539,1C25TUV,00006298,17/06/2025,597269,47781,645050,Bang_ke_hoa_don_da_su_dung_T6.2025.xls,2101
G00539,1C25TUV,00006301,17/06/2025,597269,47781,645050,Bang_ke_hoa_don_da_su_dung_T6.2025.xls,2104
G00539,1C25TUV,00006303,17/06/2025,597269,47781,645050,Bang_ke_hoa_don_da_su_dung_T6.2025.xls,2106
G00539,1C25TUV,00006306,17/06/2025,597269,47781,645050,Bang_ke_hoa_don_da_su_dung_T6.2025.xls,2109
G00539,1C25TUV,00006307,17/06/2025,597269,47781,645050,Bang_ke_hoa_don_da_su_dung_T6.2025.xls,2110
G00539,1C25TUV,00006311,17/06/2025,597269,47781,645050,Bang_ke_hoa_don_da_su_dung_T6.2025.xls,2114
G00539,1C25TUV,00006312,17/06/2025,597269,47781,645050,Bang_ke_hoa_don_da_su_dung_T6.2025.xls,2115
G00539,1C25TUV,00006314,17/06/2025,597269,47781,645050,Bang_ke_hoa_don_da_su_dung_T6.2025.xls,2117
G00539,1C25TUV,00006315,17/06/2025,597269,47781,645050,Bang_ke_hoa_don_da_su_dung_T6.2025.xls,2118
G00539,1C25TUV,00006316,17/06/2025,597269,47781,645050,Bang_ke_hoa_don_da_su_dung_T6.2025.xls,2119
G00539,1C25TUV,00006318,17/06/2025,597269,47781,645050,Bang_ke_hoa_don_da_su_dung_T6.2025.xls,2121
G00539,1C25TUV,00006321,17/06/2025,597269,47781,645050,Bang_ke_hoa_don_da_su_dung_T6.2025.xls,2124
G00539,1C25TUV,00006322,17/06/2025,597269,47781,645050,Bang_ke_hoa_don_da_su_dung_T6.2025.xls,2125
G00539,1C25TUV,00006323,17/06/2025,597269,47781,645050,Bang_ke_hoa_don_da_su_dung_T6.2025.xls,2126
G00539,1C25TUV,00006326,17/06/2025,597269,47781,645050,Bang_ke_hoa_don_da_su_dung_T6.2025.xls,2129
G00539,1C25TUV,00006332,17/06/2025,597269,47781,645050,Bang_ke_hoa_don_da_su_dung_T6.2025.xls,2135
G00539,1C25TUV,00006335,17/06/2025,597269,47781,645050,Bang_ke_hoa_don_da_su_dung_T6.2025.xls,2138
G00539,1C25TUV,00006336,17/06/2025,597269,47781,645050,Bang_ke_hoa_don_da_su_dung_T6.2025.xls,2139
G00539,1C25TUV,00006337,17/06/2025,597269,47781,645050,Bang_ke_hoa_don_da_su_dung_T6.2025.xls,2140
G00539,1C25TUV,00006346,17/06/2025,597269,47781,645050,Bang_ke_hoa_don_da_su_dung_T6.2025.xls,2149
G00539,1C25TUV,00006348,17/06/2025,597269,47781,645050,Bang_ke_hoa_don_da_su_dung_T6.2025.xls,2151
G00539,1C25TUV,00006349,17/06/2025,597269,47781,645050,Bang_ke_hoa_don_da_su_dung_T6.2025.xls,2152
G00539,1C25TUV,00006351,17/06/2025,597269,47781,645050,Bang_ke_hoa_don_da_su_dung_T6.2025.xls,2154
G00539,1C25TUV,00006353,17/06/2025,597269,47781,645050,Bang_ke_hoa_don_da_su_dung_T6.2025.xls,2156
G00539,1C25TUV,00006354,17/06/2025,597269,47781,645050,Bang_ke_hoa_don_da_su_dung_T6.2025.xls,2157
G00539,1C25TUV,00006356,17/06/2025,597269,47781,645050,Bang_ke_hoa_don_da_su_dung_T6.2025.xls,2159
G00539,1C25TUV,00006362,17/06/2025,597269,47781,645050,Bang_ke_hoa_don_da_su_dung_T6.2025.xls,2165
G00539,1C25TUV,00006366,17/06/2025,597269,47781,645050,Bang_ke_hoa_don_da_su_dung_T6.2025.xls,2169
G00539,1C25TUV,00006367,17/06/2025,597269,47781,645050,Bang_ke_hoa_don_da_su_dung_T6.2025.xls,2170
G00539,1C25TUV,00006554,18/06/2025,597269,47781,645050,Bang_ke_hoa_don_da_su_dung_T6.2025.xls,2357
G00539,1C25TUV,00006555,18/06/2025,597269,47781,645050,Bang_ke_hoa_don_da_su_dung_T6.2025.xls,2358
G00539,1C25TUV,00006557,18/06/2025,597269,47781,645050,Bang_ke_hoa_don_da_su_dung_T6.2025.xls,2360
G00539,1C25TUV,00006561,18/06/2025,597269,47781,645050,Bang_ke_hoa_don_da_su_dung_T6.2025.xls,2364
G00539,1C25TUV,00006562,18/06/2025,597269,47781,645050,Bang_ke_hoa_don_da_su_dung_T6.2025.xls,2365
G00539,1C25TUV,00006563,18/06/2025,597269,47781,645050,Bang_ke_hoa_don_da_su_dung_T6.2025.xls,2366
G00539,1C25TUV,00006565,18/06/2025,597269,47781,645050,Bang_ke_hoa_don_da_su_dung_T6.2025.xls,2368
G00539,1C25TUV,00006566,18/06/2025,597269,47781,645050,Bang_ke_hoa_don_da_su_dung_T6.2025.xls,2369
G00539,1C25TUV,00006567,18/06/2025,597269,47781,645050,Bang_ke_hoa_don_da_su_dung_T6.2025.xls,2370
G00539,1C25TUV,00006568,18/06/2025,597269,47781,645050,Bang_ke_hoa_don_da_su_dung_T6.2025.xls,2371
G00539,1C25TUV,00006571,18/06/2025,597269,47781,645050,Bang_ke_hoa_don_da_su_dung_T6.2025.xls,2374
G00539,1C25TUV,00006572,18/06/2025,597269,47781,645050,Bang_ke_hoa_don_da_su_dung_T6.2025.xls,2375
G00539,1C25TUV,00006575,18/06/2025,597269,47781,645050,Bang_ke_hoa_don_da_su_dung_T6.2025.xls,2378
G00539,1C25TUV,00006576,18/06/2025,597269,47781,645050,Bang_ke_hoa_don_da_su_dung_T6.2025.xls,2379
G00539,1C25TUV,00006577,18/06/2025,597269,47781,645050,Bang_ke_hoa_don_da_su_dung_T6.2025.xls,2380
G00539,1C25TUV,00006578,18/06/2025,597269,47781,645050,Bang_ke_hoa_don_da_su_dung_T6.2025.xls,2381
G00539,1C25TUV,00006580,18/06/2025,597269,47781,645050,Bang_ke_hoa_don_da_su_dung_T6.2025.xls,2383
G00539,1C25TUV,00006583,18/06/2025,597269,47781,645050,Bang_ke_hoa_don_da_su_dung_T6.2025.xls,2386
G00539,1C25TUV,00006590,18/06/2025,597269,47781,645050,Bang_ke_hoa_don_da_su_dung_T6.2025.xls,2393
G00539,1C25TUV,00006591,18/06/2025,597269,47781,645050,Bang_ke_hoa_don_da_su_dung_T6.2025.xls,2394
G00539,1C25TUV,00006594,18/06/2025,597269,47781,645050,Bang_ke_hoa_don_da_su_dung_T6.2025.xls,2397
G00539,1C25TUV,00006595,18/06/2025,597269,47781,645050,Bang_ke_hoa_don_da_su_dung_T6.2025.xls,2398
G00539,1C25TUV,00006596,18/06/2025,597269,47781,645050,Bang_ke_hoa_don_da_su_dung_T6.2025.xls,2399
G00539,1C25TUV,00006598,18/06/2025,597269,47781,645050,Bang_ke_hoa_don_da_su_dung_T6.2025.xls,2401
G00539,1C25TUV,00006600,18/06/2025,597269,47781,645050,Bang_ke_hoa_don_da_su_dung_T6.2025.xls,2403
G00539,1C25TUV,00006601,18/06/2025,597269,47781,645050,Bang_ke_hoa_don_da_su_dung_T6.2025.xls,2404
G00539,1C25TUV,00006602,18/06/2025,597269,47781,645050,Bang_ke_hoa_don_da_su_dung_T6.2025.xls,2405
G00539,1C25TUV,00006603,18/06/2025,597269,47781,645050,Bang_ke_hoa_don_da_su_dung_T6.2025.xls,2406
G00539,1C25TUV,00006604,18/06/2025,597269,47781,645050,Bang_ke_hoa_don_da_su_dung_T6.2025.xls,2407
G00539,1C25TUV,00006605,18/06/2025,597269,47781,645050,Bang_ke_hoa_don_da_su_dung_T6.2025.xls,2408
G00539,1C25TUV,00006607,18/06/2025,597269,47781,645050,Bang_ke_hoa_don_da_su_dung_T6.2025.xls,2410
G00539,1C25TUV,00006608,18/06/2025,597269,47781,645050,Bang_ke_hoa_don_da_su_dung_T6.2025.xls,2411
G00539,1C25TUV,00006609,18/06/2025,597269,47781,645050,Bang_ke_hoa_don_da_su_dung_T6.2025.xls,2412
G00539,1C25TUV,00006610,18/06/2025,597269,47781,645050,Bang_ke_hoa_don_da_su_dung_T6.2025.xls,2413
G00539,1C25TUV,00006611,18/06/2025,597269,47781,645050,Bang_ke_hoa_don_da_su_dung_T6.2025.xls,2414
G00539,1C25TUV,00006613,18/06/2025,597269,47781,645050,Bang_ke_hoa_don_da_su_dung_T6.2025.xls,2416
G00539,1C25TUV,00006614,18/06/2025,597269,47781,645050,Bang_ke_hoa_don_da_su_dung_T6.2025.xls,2417
G00539,1C25TUV,00006617,18/06/2025,597269,47781,645050,Bang_ke_hoa_don_da_su_dung_T6.2025.xls,2420
G00539,1C25TUV,00006618,18/06/2025,597269,47781,645050,Bang_ke_hoa_don_da_su_dung_T6.2025.xls,2421
G00539,1C25TUV,00006620,18/06/2025,597269,47781,645050,Bang_ke_hoa_don_da_su_dung_T6.2025.xls,2423
G00539,1C25TUV,00006622,18/06/2025,597269,47781,645050,Bang_ke_hoa_don_da_su_dung_T6.2025.xls,2425
G00539,1C25TUV,00006623,18/06/2025,597269,47781,645050,Bang_ke_hoa_don_da_su_dung_T6.2025.xls,2426
G00539,1C25TUV,00006626,18/06/2025,597269,47781,645050,Bang_ke_hoa_don_da_su_dung_T6.2025.xls,2429
G00539,1C25TUV,00006627,18/06/2025,597269,47781,645050,Bang_ke_hoa_don_da_su_dung_T6.2025.xls,2430
G00539,1C25TUV,00006629,18/06/2025,597269,47781,645050,Bang_ke_hoa_don_da_su_dung_T6.2025.xls,2432
G00539,1C25TUV,00006631,18/06/2025,597269,47781,645050,Bang_ke_hoa_don_da_su_dung_T6.2025.xls,2434
G00539,1C25TUV,00006635,18/06/2025,597269,47781,645050,Bang_ke_hoa_don_da_su_dung_T6.2025.xls,2438
G00539,1C25TUV,00006636,18/06/2025,597269,47781,645050,Bang_ke_hoa_don_da_su_dung_T6.2025.xls,2439
G00539,1C25TUV,00006638,18/06/2025,597269,47781,645050,Bang_ke_hoa_don_da_su_dung_T6.2025.xls,2441
G00539,1C25TUV,00006873,19/06/2025,597269,47781,645050,Bang_ke_hoa_don_da_su_dung_T6.2025.xls,2676
G00539,1C25TUV,00006874,19/06/2025,597269,47781,645050,Bang_ke_hoa_don_da_su_dung_T6.2025.xls,2677
G00539,1C25TUV,00006878,19/06/2025,597269,47781,645050,Bang_ke_hoa_don_da_su_dung_T6.2025.xls,2681
G00539,1C25TUV,00006879,19/06/2025,597269,47781,645050,Bang_ke_hoa_don_da_su_dung_T6.2025.xls,2682
G00539,1C25TUV,00006883,19/06/2025,597269,47781,645050,Bang_ke_hoa_don_da_su_dung_T6.2025.xls,2686
G00539,1C25TUV,00006884,19/06/2025,597269,47781,645050,Bang_ke_hoa_don_da_su_dung_T6.2025.xls,2687
G00539,1C25TUV,00006886,19/06/2025,597269,47781,645050,Bang_ke_hoa_don_da_su_dung_T6.2025.xls,2689
G00539,1C25TUV,00006887,19/06/2025,597269,47781,645050,Bang_ke_hoa_don_da_su_dung_T6.2025.xls,2690
G00539,1C25TUV,00006888,19/06/2025,597269,47781,645050,Bang_ke_hoa_don_da_su_dung_T6.2025.xls,2691
G00539,1C25TUV,00006889,19/06/2025,597269,47781,645050,Bang_ke_hoa_don_da_su_dung_T6.2025.xls,2692
G00539,1C25TUV,00006891,19/06/2025,597269,47781,645050,Bang_ke_hoa_don_da_su_dung_T6.2025.xls,2694
G00539,1C25TUV,00006892,19/06/2025,597269,47781,645050,Bang_ke_hoa_don_da_su_dung_T6.2025.xls,2695
G00539,1C25TUV,00006893,19/06/2025,597269,47781,645050,Bang_ke_hoa_don_da_su_dung_T6.2025.xls,2696
G00539,1C25TUV,00006894,19/06/2025,597269,47781,645050,Bang_ke_hoa_don_da_su_dung_T6.2025.xls,2697
G00539,1C25TUV,00006895,19/06/2025,597269,47781,645050,Bang_ke_hoa_don_da_su_dung_T6.2025.xls,2698
G00539,1C25TUV,00006896,19/06/2025,597269,47781,645050,Bang_ke_hoa_don_da_su_dung_T6.2025.xls,2699
G00539,1C25TUV,00006897,19/06/2025,597269,47781,645050,Bang_ke_hoa_don_da_su_dung_T6.2025.xls,2700
G00539,1C25TUV,00006898,19/06/2025,597269,47781,645050,Bang_ke_hoa_don_da_su_dung_T6.2025.xls,2701
G00539,1C25TUV,00006899,19/06/2025,597269,47781,645050,Bang_ke_hoa_don_da_su_dung_T6.2025.xls,2702
G00539,1C25TUV,00006900,19/06/2025,597269,47781,645050,Bang_ke_hoa_don_da_su_dung_T6.2025.xls,2703
G00539,1C25TUV,00006902,19/06/2025,597269,47781,645050,Bang_ke_hoa_don_da_su_dung_T6.2025.xls,2705
G00539,1C25TUV,00006903,19/06/2025,597269,47781,645050,Bang_ke_hoa_don_da_su_dung_T6.2025.xls,2706
G00539,1C25TUV,00006905,19/06/2025,597269,47781,645050,Bang_ke_hoa_don_da_su_dung_T6.2025.xls,2708
G00539,1C25TUV,00006906,19/06/2025,597269,47781,645050,Bang_ke_hoa_don_da_su_dung_T6.2025.xls,2709
G00539,1C25TUV,00006907,19/06/2025,597269,47781,645050,Bang_ke_hoa_don_da_su_dung_T6.2025.xls,2710
G00539,1C25TUV,00006908,19/06/2025,597269,47781,645050,Bang_ke_hoa_don_da_su_dung_T6.2025.xls,2711
G00539,1C25TUV,00006910,19/06/2025,597269,47781,645050,Bang_ke_hoa_don_da_su_dung_T6.2025.xls,2713
G00539,1C25TUV,00006911,19/06/2025,597269,47781,645050,Bang_ke_hoa_don_da_su_dung_T6.2025.xls,2714
G00539,1C25TUV,00006912,19/06/2025,597269,47781,645050,Bang_ke_hoa_don_da_su_dung_T6.2025.xls,2715
G00539,1C25TUV,00006913,19/06/2025,597269,47781,645050,Bang_ke_hoa_don_da_su_dung_T6.2025.xls,2716
G00539,1C25TUV,00006914,19/06/2025,597269,47781,645050,Bang_ke_hoa_don_da_su_dung_T6.2025.xls,2717
G00539,1C25TUV,00006915,19/06/2025,597269,47781,645050,Bang_ke_hoa_don_da_su_dung_T6.2025.xls,2718
G00539,1C25TUV,00006916,19/06/2025,597269,47781,645050,Bang_ke_hoa_don_da_su_dung_T6.2025.xls,2719
G00539,1C25TUV,00006917,19/06/2025,597269,47781,645050,Bang_ke_hoa_don_da_su_dung_T6.2025.xls,2720
G00539,1C25TUV,00006918,19/06/2025,597269,47781,645050,Bang_ke_hoa_don_da_su_dung_T6.2025.xls,2721
G00539,1C25TUV,00006919,19/06/2025,597269,47781,645050,Bang_ke_hoa_don_da_su_dung_T6.2025.xls,2722
G00539,1C25TUV,00006920,19/06/2025,597269,47781,645050,Bang_ke_hoa_don_da_su_dung_T6.2025.xls,2723
G00539,1C25TUV,00006921,19/06/2025,597269,47781,645050,Bang_ke_hoa_don_da_su_dung_T6.2025.xls,2724
G00539,1C25TUV,00006922,19/06/2025,597269,47781,645050,Bang_ke_hoa_don_da_su_dung_T6.2025.xls,2725
G00539,1C25TUV,00006924,19/06/2025,597269,47781,645050,Bang_ke_hoa_don_da_su_dung_T6.2025.xls,2727
G00539,1C25TUV,00006925,19/06/2025,597269,47781,645050,Bang_ke_hoa_don_da_su_dung_T6.2025.xls,2728
G00539,1C25TUV,00006929,19/06/2025,597269,47781,645050,Bang_ke_hoa_don_da_su_dung_T6.2025.xls,2732
G00539,1C25TUV,00006931,19/06/2025,597269,47781,645050,Bang_ke_hoa_don_da_su_dung_T6.2025.xls,2734
G00539,1C25TUV,00006932,19/06/2025,597269,47781,645050,Bang_ke_hoa_don_da_su_dung_T6.2025.xls,2735
G00539,1C25TUV,00006933,19/06/2025,597269,47781,645050,Bang_ke_hoa_don_da_su_dung_T6.2025.xls,2736
G00539,1C25TUV,00006934,19/06/2025,597269,47781,645050,Bang_ke_hoa_don_da_su_dung_T6.2025.xls,2737
G00539,1C25TUV,00006936,19/06/2025,597269,47781,645050,Bang_ke_hoa_don_da_su_dung_T6.2025.xls,2739
G00539,1C25TUV,00006937,19/06/2025,597269,47781,645050,Bang_ke_hoa_don_da_su_dung_T6.2025.xls,2740
G00539,1C25TUV,00006938,19/06/2025,597269,47781,645050,Bang_ke_hoa_don_da_su_dung_T6.2025.xls,2741
G00539,1C25TUV,00006939,19/06/2025,597269,47781,645050,Bang_ke_hoa_don_da_su_dung_T6.2025.xls,2742
G00539,1C25TUV,00006940,19/06/2025,597269,47781,645050,Bang_ke_hoa_don_da_su_dung_T6.2025.xls,2743
G00539,1C25TUV,00006941,19/06/2025,597269,47781,645050,Bang_ke_hoa_don_da_su_dung_T6.2025.xls,2744
G00539,1C25TUV,00006942,19/06/2025,597269,47781,645050,Bang_ke_hoa_don_da_su_dung_T6.2025.xls,2745
G00539,1C25TUV,00006943,19/06/2025,597269,47781,645050,Bang_ke_hoa_don_da_su_dung_T6.2025.xls,2746
G00539,1C25TUV,00006944,19/06/2025,597269,47781,645050,Bang_ke_hoa_don_da_su_dung_T6.2025.xls,2747
G00539,1C25TUV,00006945,19/06/2025,597269,47781,645050,Bang_ke_hoa_don_da_su_dung_T6.2025.xls,2748
G00539,1C25TUV,00006946,19/06/2025,597269,47781,645050,Bang_ke_hoa_don_da_su_dung_T6.2025.xls,2749
G00539,1C25TUV,00006947,19/06/2025,597269,47781,645050,Bang_ke_hoa_don_da_su_dung_T6.2025.xls,2750
G00539,1C25TUV,00006948,19/06/2025,597269,47781,645050,Bang_ke_hoa_don_da_su_dung_T6.2025.xls,2751
G00539,1C25TUV,00006949,19/06/2025,597269,47781,645050,Bang_ke_hoa_don_da_su_dung_T6.2025.xls,2752
G00539,1C25TUV,00006950,19/06/2025,597269,47781,645050,Bang_ke_hoa_don_da_su_dung_T6.2025.xls,2753
G00539,1C25TUV,00006951,19/06/2025,597269,47781,645050,Bang_ke_hoa_don_da_su_dung_T6.2025.xls,2754
G00539,1C25TUV,00006954,19/06/2025,597269,47781,645050,Bang_ke_hoa_don_da_su_dung_T6.2025.xls,2757
G00539,1C25TUV,00006956,19/06/2025,597269,47781,645050,Bang_ke_hoa_don_da_su_dung_T6.2025.xls,2759
G00539,1C25TUV,00006958,19/06/2025,597269,47781,645050,Bang_ke_hoa_don_da_su_dung_T6.2025.xls,2761
G00539,1C25TUV,00007162,20/06/2025,597269,47781,645050,Bang_ke_hoa_don_da_su_dung_T6.2025.xls,2965
G00539,1C25TUV,00007163,20/06/2025,597269,47781,645050,Bang_ke_hoa_don_da_su_dung_T6.2025.xls,2966
G00539,1C25TUV,00007165,20/06/2025,597269,47781,645050,Bang_ke_hoa_don_da_su_dung_T6.2025.xls,2968
G00539,1C25TUV,00007168,20/06/2025,597269,47781,645050,Bang_ke_hoa_don_da_su_dung_T6.2025.xls,2971
G00539,1C25TUV,00007169,20/06/2025,597269,47781,645050,Bang_ke_hoa_don_da_su_dung_T6.2025.xls,2972
G00539,1C25TUV,00007170,20/06/2025,597269,47781,645050,Bang_ke_hoa_don_da_su_dung_T6.2025.xls,2973
G00539,1C25TUV,00007171,20/06/2025,597269,47781,645050,Bang_ke_hoa_don_da_su_dung_T6.2025.xls,2974
G00539,1C25TUV,00007172,20/06/2025,597269,47781,645050,Bang_ke_hoa_don_da_su_dung_T6.2025.xls,2975
G00539,1C25TUV,00007173,20/06/2025,597269,47781,645050,Bang_ke_hoa_don_da_su_dung_T6.2025.xls,2976
G00539,1C25TUV,00007174,20/06/2025,597269,47781,645050,Bang_ke_hoa_don_da_su_dung_T6.2025.xls,2977
G00539,1C25TUV,00007177,20/06/2025,597269,47781,645050,Bang_ke_hoa_don_da_su_dung_T6.2025.xls,2980
G00539,1C25TUV,00007179,20/06/2025,597269,47781,645050,Bang_ke_hoa_don_da_su_dung_T6.2025.xls,2982
G00539,1C25TUV,00007180,20/06/2025,597269,47781,645050,Bang_ke_hoa_don_da_su_dung_T6.2025.xls,2983
G00539,1C25TUV,00007181,20/06/2025,597269,47781,645050,Bang_ke_hoa_don_da_su_dung_T6.2025.xls,2984
G00539,1C25TUV,00007182,20/06/2025,597269,47781,645050,Bang_ke_hoa_don_da_su_dung_T6.2025.xls,2985
G00539,1C25TUV,00007183,20/06/2025,597269,47781,645050,Bang_ke_hoa_don_da_su_dung_T6.2025.xls,2986
G00539,1C25TUV,00007184,20/06/2025,597269,47781,645050,Bang_ke_hoa_don_da_su_dung_T6.2025.xls,2987
G00539,1C25TUV,00007185,20/06/2025,597269,47781,645050,Bang_ke_hoa_don_da_su_dung_T6.2025.xls,2988
G00539,1C25TUV,00007187,20/06/2025,597269,47781,645050,Bang_ke_hoa_don_da_su_dung_T6.2025.xls,2990
G00539,1C25TUV,00007188,20/06/2025,597269,47781,645050,Bang_ke_hoa_don_da_su_dung_T6.2025.xls,2991
G00539,1C25TUV,00007190,20/06/2025,597269,47781,645050,Bang_ke_hoa_don_da_su_dung_T6.2025.xls,2993
G00539,1C25TUV,00007191,20/06/2025,597269,47781,645050,Bang_ke_hoa_don_da_su_dung_T6.2025.xls,2994
G00539,1C25TUV,00007193,20/06/2025,597269,47781,645050,Bang_ke_hoa_don_da_su_dung_T6.2025.xls,2996
G00539,1C25TUV,00007195,20/06/2025,597269,47781,645050,Bang_ke_hoa_don_da_su_dung_T6.2025.xls,2998
G00539,1C25TUV,00007196,20/06/2025,597269,47781,645050,Bang_ke_hoa_don_da_su_dung_T6.2025.xls,2999
G00539,1C25TUV,00007197,20/06/2025,597269,47781,645050,Bang_ke_hoa_don_da_su_dung_T6.2025.xls,3000
G00539,1C25TUV,00007198,20/06/2025,597269,47781,645050,Bang_ke_hoa_don_da_su_dung_T6.2025.xls,3001
G00539,1C25TUV,00007200,20/06/2025,597269,47781,645050,Bang_ke_hoa_don_da_su_dung_T6.2025.xls,3003
G00539,1C25TUV,00007201,20/06/2025,597269,47781,645050,Bang_ke_hoa_don_da_su_dung_T6.2025.xls,3004
G00539,1C25TUV,00007202,20/06/2025,597269,47781,645050,Bang_ke_hoa_don_da_su_dung_T6.2025.xls,3005
G00539,1C25TUV,00007203,20/06/2025,597269,47781,645050,Bang_ke_hoa_don_da_su_dung_T6.2025.xls,3006
G00539,1C25TUV,00007204,20/06/2025,597269,47781,645050,Bang_ke_hoa_don_da_su_dung_T6.2025.xls,3007
G00539,1C25TUV,00007205,20/06/2025,597269,47781,645050,Bang_ke_hoa_don_da_su_dung_T6.2025.xls,3008
G00539,1C25TUV,00007206,20/06/2025,597269,47781,645050,Bang_ke_hoa_don_da_su_dung_T6.2025.xls,3009
G00539,1C25TUV,00007208,20/06/2025,597269,47781,645050,Bang_ke_hoa_don_da_su_dung_T6.2025.xls,3011
G00539,1C25TUV,00007209,20/06/2025,597269,47781,645050,Bang_ke_hoa_don_da_su_dung_T6.2025.xls,3012
G00539,1C25TUV,00007210,20/06/2025,597269,47781,645050,Bang_ke_hoa_don_da_su_dung_T6.2025.xls,3013
G00539,1C25TUV,00007211,20/06/2025,597269,47781,645050,Bang_ke_hoa_don_da_su_dung_T6.2025.xls,3014
G00539,1C25TUV,00007212,20/06/2025,597269,47781,645050,Bang_ke_hoa_don_da_su_dung_T6.2025.xls,3015
G00539,1C25TUV,00007213,20/06/2025,597269,47781,645050,Bang_ke_hoa_don_da_su_dung_T6.2025.xls,3016
G00539,1C25TUV,00007214,20/06/2025,597269,47781,645050,Bang_ke_hoa_don_da_su_dung_T6.2025.xls,3017
G00539,1C25TUV,00007215,20/06/2025,597269,47781,645050,Bang_ke_hoa_don_da_su_dung_T6.2025.xls,3018
G00539,1C25TUV,00007216,20/06/2025,597269,47781,645050,Bang_ke_hoa_don_da_su_dung_T6.2025.xls,3019
G00539,1C25TUV,00007218,20/06/2025,597269,47781,645050,Bang_ke_hoa_don_da_su_dung_T6.2025.xls,3021
G00539,1C25TUV,00007219,20/06/2025,597269,47781,645050,Bang_ke_hoa_don_da_su_dung_T6.2025.xls,3022
G00539,1C25TUV,00007435,21/06/2025,597269,47781,645050,Bang_ke_hoa_don_da_su_dung_T6.2025.xls,3238
G00539,1C25TUV,00007438,21/06/2025,597269,47781,645050,Bang_ke_hoa_don_da_su_dung_T6.2025.xls,3241
G00539,1C25TUV,00007439,21/06/2025,597269,47781,645050,Bang_ke_hoa_don_da_su_dung_T6.2025.xls,3242
G00539,1C25TUV,00007441,21/06/2025,597269,47781,645050,Bang_ke_hoa_don_da_su_dung_T6.2025.xls,3244
G00539,1C25TUV,00007443,21/06/2025,597269,47781,645050,Bang_ke_hoa_don_da_su_dung_T6.2025.xls,3246
G00539,1C25TUV,00007444,21/06/2025,597269,47781,645050,Bang_ke_hoa_don_da_su_dung_T6.2025.xls,3247
G00539,1C25TUV,00007445,21/06/2025,597269,47781,645050,Bang_ke_hoa_don_da_su_dung_T6.2025.xls,3248
G00539,1C25TUV,00007446,21/06/2025,597269,47781,645050,Bang_ke_hoa_don_da_su_dung_T6.2025.xls,3249
G00539,1C25TUV,00007691,22/06/2025,597269,47781,645050,Bang_ke_hoa_don_da_su_dung_T6.2025.xls,3494
G00539,1C25TUV,00007692,22/06/2025,597269,47781,645050,Bang_ke_hoa_don_da_su_dung_T6.2025.xls,3495
G00539,1C25TUV,00007693,22/06/2025,597269,47781,645050,Bang_ke_hoa_don_da_su_dung_T6.2025.xls,3496
G00539,1C25TUV,00008189,24/06/2025,597269,47781,645050,Bang_ke_hoa_don_da_su_dung_T6.2025.xls,3992
G00539,1C25TUV,00008566,25/06/2025,597269,47781,645050,Bang_ke_hoa_don_da_su_dung_T6.2025.xls,4369
G00539,1C25TUV,00008568,25/06/2025,597269,47781,645050,Bang_ke_hoa_don_da_su_dung_T6.2025.xls,4371
G00539,1C25TUV,00008574,25/06/2025,597269,47781,645050,Bang_ke_hoa_don_da_su_dung_T6.2025.xls,4377
G00539,1C25TUV,00008575,25/06/2025,597269,47781,645050,Bang_ke_hoa_don_da_su_dung_T6.2025.xls,4378
G00539,1C25TUV,00008576,25/06/2025,597269,47781,645050,Bang_ke_hoa_don_da_su_dung_T6.2025.xls,4379
G00539,1C25TUV,00008578,25/06/2025,597269,47781,645050,Bang_ke_hoa_don_da_su_dung_T6.2025.xls,4381
G00539,1C25TUV,00008582,25/06/2025,597269,47781,645050,Bang_ke_hoa_don_da_su_dung_T6.2025.xls,4385
G00539,1C25TUV,00008731,26/06/2025,597269,47781,645050,Bang_ke_hoa_don_da_su_dung_T6.2025.xls,4534
G00539,1C25TUV,00008735,26/06/2025,597269,47781,645050,Bang_ke_hoa_don_da_su_dung_T6.2025.xls,4538
G00539,1C25TUV,00008736,26/06/2025,597269,47781,645050,Bang_ke_hoa_don_da_su_dung_T6.2025.xls,4539
G00539,1C25TUV,00008744,26/06/2025,597269,47781,645050,Bang_ke_hoa_don_da_su_dung_T6.2025.xls,4547
G00539,1C25TUV,00008754,26/06/2025,597269,47781,645050,Bang_ke_hoa_don_da_su_dung_T6.2025.xls,4557
G00539,1C25TUV,00008755,26/06/2025,597269,47781,645050,Bang_ke_hoa_don_da_su_dung_T6.2025.xls,4558
G00539,1C25TUV,00008758,26/06/2025,597269,47781,645050,Bang_ke_hoa_don_da_su_dung_T6.2025.xls,4561
G00539,1C25TUV,00008759,26/06/2025,597269,47781,645050,Bang_ke_hoa_don_da_su_dung_T6.2025.xls,4562
G00539,1C25TUV,00008913,27/06/2025,597269,47781,645050,Bang_ke_hoa_don_da_su_dung_T6.2025.xls,4716
G00539,1C25TUV,00008915,27/06/2025,597269,47781,645050,Bang_ke_hoa_don_da_su_dung_T6.2025.xls,4718
G00539,1C25TUV,00008918,27/06/2025,597269,47781,645050,Bang_ke_hoa_don_da_su_dung_T6.2025.xls,4721
G00539,1C25TUV,00008920,27/06/2025,597269,47781,645050,Bang_ke_hoa_don_da_su_dung_T6.2025.xls,4723
G00539,1C25TUV,00008921,27/06/2025,597269,47781,645050,Bang_ke_hoa_don_da_su_dung_T6.2025.xls,4724
G00539,1C25TUV,00008922,27/06/2025,597269,47781,645050,Bang_ke_hoa_don_da_su_dung_T6.2025.xls,4725
G00539,1C25TUV,00008923,27/06/2025,597269,47781,645050,Bang_ke_hoa_don_da_su_dung_T6.2025.xls,4726
G00539,1C25TUV,00008924,27/06/2025,597269,47781,645050,Bang_ke_hoa_don_da_su_dung_T6.2025.xls,4727
G00539,1C25TUV,00008926,27/06/2025,597269,47781,645050,Bang_ke_hoa_don_da_su_dung_T6.2025.xls,4729
G00539,1C25TUV,00008928,27/06/2025,597269,47781,645050,Bang_ke_hoa_don_da_su_dung_T6.2025.xls,4731
G00539,1C25TUV,00008929,27/06/2025,597269,47781,645050,Bang_ke_hoa_don_da_su_dung_T6.2025.xls,4732
G00539,1C25TUV,00008930,27/06/2025,597269,47781,645050,Bang_ke_hoa_don_da_su_dung_T6.2025.xls,4733
G00539,1C25TUV,00008931,27/06/2025,597269,47781,645050,Bang_ke_hoa_don_da_su_dung_T6.2025.xls,4734
G00539,1C25TUV,00008932,27/06/2025,597269,47781,645050,Bang_ke_hoa_don_da_su_dung_T6.2025.xls,4735
G00539,1C25TUV,00008934,27/06/2025,597269,47781,645050,Bang_ke_hoa_don_da_su_dung_T6.2025.xls,4737
G00539,1C25TUV,00008935,27/06/2025,597269,47781,645050,Bang_ke_hoa_don_da_su_dung_T6.2025.xls,4738
G00539,1C25TUV,00008937,27/06/2025,597269,47781,645050,Bang_ke_hoa_don_da_su_dung_T6.2025.xls,4740
G00539,1C25TUV,00008938,27/06/2025,597269,47781,645050,Bang_ke_hoa_don_da_su_dung_T6.2025.xls,4741
G00539,1C25TUV,00008939,27/06/2025,597269,47781,645050,Bang_ke_hoa_don_da_su_dung_T6.2025.xls,4742
G00539,1C25TUV,00008941,27/06/2025,597269,47781,645050,Bang_ke_hoa_don_da_su_dung_T6.2025.xls,4744
G00539,1C25TUV,00008950,27/06/2025,597269,47781,645050,Bang_ke_hoa_don_da_su_dung_T6.2025.xls,4753
G00539,1C25TUV,00008953,27/06/2025,597269,47781,645050,Bang_ke_hoa_don_da_su_dung_T6.2025.xls,4756
G00539,1C25TUV,00008956,27/06/2025,597269,47781,645050,Bang_ke_hoa_don_da_su_dung_T6.2025.xls,4759
G00539,1C25TUV,00009095,28/06/2025,597269,47781,645050,Bang_ke_hoa_don_da_su_dung_T6.2025.xls,4898
G00539,1C25TUV,00009096,28/06/2025,597269,47781,645050,Bang_ke_hoa_don_da_su_dung_T6.2025.xls,4899
G00539,1C25TUV,00009098,28/06/2025,597269,47781,645050,Bang_ke_hoa_don_da_su_dung_T6.2025.xls,4901
G00539,1C25TUV,00009099,28/06/2025,597269,47781,645050,Bang_ke_hoa_don_da_su_dung_T6.2025.xls,4902
G00539,1C25TUV,00009101,28/06/2025,597269,47781,645050,Bang_ke_hoa_don_da_su_dung_T6.2025.xls,4904
G00539,1C25TUV,00009102,28/06/2025,597269,47781,645050,Bang_ke_hoa_don_da_su_dung_T6.2025.xls,4905
G00539,1C25TUV,00009103,28/06/2025,597269,47781,645050,Bang_ke_hoa_don_da_su_dung_T6.2025.xls,4906
G00539,1C25TUV,00009106,28/06/2025,597269,47781,645050,Bang_ke_hoa_don_da_su_dung_T6.2025.xls,4909
G00539,1C25TUV,00009107,28/06/2025,597269,47781,645050,Bang_ke_hoa_don_da_su_dung_T6.2025.xls,4910
G00539,1C25TUV,00009108,28/06/2025,597269,47781,645050,Bang_ke_hoa_don_da_su_dung_T6.2025.xls,4911
G00539,1C25TUV,00009110,28/06/2025,597269,47781,645050,Bang_ke_hoa_don_da_su_dung_T6.2025.xls,4913
G00539,1C25TUV,00009111,28/06/2025,597269,47781,645050,Bang_ke_hoa_don_da_su_dung_T6.2025.xls,4914
G00539,1C25TUV,00009112,28/06/2025,597269,47781,645050,Bang_ke_hoa_don_da_su_dung_T6.2025.xls,4915
G00539,1C25TUV,00009114,28/06/2025,597269,47781,645050,Bang_ke_hoa_don_da_su_dung_T6.2025.xls,4917
G00539,1C25TUV,00009117,28/06/2025,597269,47781,645050,Bang_ke_hoa_don_da_su_dung_T6.2025.xls,4920
G00539,1C25TUV,00009119,28/06/2025,597269,47781,645050,Bang_ke_hoa_don_da_su_dung_T6.2025.xls,4922
G00539,1C25TUV,00009120,28/06/2025,597269,47781,645050,Bang_ke_hoa_don_da_su_dung_T6.2025.xls,4923
G00539,1C25TUV,00009121,28/06/2025,597269,47781,645050,Bang_ke_hoa_don_da_su_dung_T6.2025.xls,4924
G00539,1C25TUV,00009122,28/06/2025,597269,47781,645050,Bang_ke_hoa_don_da_su_dung_T6.2025.xls,4925
G00539,1C25TUV,00009123,28/06/2025,597269,47781,645050,Bang_ke_hoa_don_da_su_dung_T6.2025.xls,4926
G00539,1C25TUV,00009125,28/06/2025,597269,47781,645050,Bang_ke_hoa_don_da_su_dung_T6.2025.xls,4928
G00539,1C25TUV,00009126,28/06/2025,597269,47781,645050,Bang_ke_hoa_don_da_su_dung_T6.2025.xls,4929
G00539,1C25TUV,00009127,28/06/2025,597269,47781,645050,Bang_ke_hoa_don_da_su_dung_T6.2025.xls,4930
G00539,1C25TUV,00009128,28/06/2025,597269,47781,645050,Bang_ke_hoa_don_da_su_dung_T6.2025.xls,4931
G00539,1C25TUV,00009129,28/06/2025,597269,47781,645050,Bang_ke_hoa_don_da_su_dung_T6.2025.xls,4932
G00539,1C25TUV,00009131,28/06/2025,597269,47781,645050,Bang_ke_hoa_don_da_su_dung_T6.2025.xls,4934
G00539,1C25TUV,00009132,28/06/2025,597269,47781,645050,Bang_ke_hoa_don_da_su_dung_T6.2025.xls,4935
G00539,1C25TUV,00009133,28/06/2025,597269,47781,645050,Bang_ke_hoa_don_da_su_dung_T6.2025.xls,4936
G00539,1C25TUV,00009135,28/06/2025,597269,47781,645050,Bang_ke_hoa_don_da_su_dung_T6.2025.xls,4938
G00539,1C25TUV,00009136,28/06/2025,597269,47781,645050,Bang_ke_hoa_don_da_su_dung_T6.2025.xls,4939
G00540,1C25TUV,00002687,31/05/2025,2758333,220667,2979000,Bang_ke_hoa_don_da_su_dung_2024-T6.2025.xls,3476
G00540,1C25TUV,00005548,14/06/2025,2758333,220667,2979000,Bang_ke_hoa_don_da_su_dung_T6.2025.xls,1351
G00540,1C25TUV,00006564,18/06/2025,2758333,220667,2979000,Bang_ke_hoa_don_da_su_dung_T6.2025.xls,2367
G00540,1C25TUV,00008478,25/06/2025,2758333,220667,2979000,Bang_ke_hoa_don_da_su_dung_T6.2025.xls,4281
G00541,1C25TUV,00002696,31/05/2025,1786111,142889,1929000,Bang_ke_hoa_don_da_su_dung_2024-T6.2025.xls,3485
G00542,1C25TUV,00002698,31/05/2025,1239298,99144,1338442,Bang_ke_hoa_don_da_su_dung_2024-T6.2025.xls,3487
G00543,1C25TUV,00002756,01/06/2025,1701852,136148,1838000,Bang_ke_hoa_don_da_su_dung_2024-T6.2025.xls,3545
G00543,1C25TUV,00009281,29/06/2025,1701852,136148,1838000,Bang_ke_hoa_don_da_su_dung_T6.2025 L2.xls,101
G00544,1C25TUV,00002757,01/06/2025,2553704,204296,2758000,Bang_ke_hoa_don_da_su_dung_2024-T6.2025.xls,3546
G00544,1C25TUV,00008272,24/06/2025,2553704,204296,2758000,Bang_ke_hoa_don_da_su_dung_T6.2025.xls,4075
G00545,1C25TUV,00002758,01/06/2025,1275926,102074,1378000,Bang_ke_hoa_don_da_su_dung_2024-T6.2025.xls,3547
G00545,1C25TUV,00002881,02/06/2025,1275926,102074,1378000,Bang_ke_hoa_don_da_su_dung_2024-T6.2025.xls,3670
G00545,1C25TUV,00002919,02/06/2025,1275926,102074,1378000,Bang_ke_hoa_don_da_su_dung_2024-T6.2025.xls,3708
G00545,1C25TUV,00003237,05/06/2025,1275926,102074,1378000,Bang_ke_hoa_don_da_su_dung_2024-T6.2025.xls,4026
G00545,1C25TUV,00003440,06/06/2025,1275926,102074,1378000,Bang_ke_hoa_don_da_su_dung_2024-T6.2025.xls,4229
G00545,1C25TUV,00004037,08/06/2025,1275926,102074,1378000,Bang_ke_hoa_don_da_su_dung_2024-T6.2025.xls,4826
G00545,1C25TUV,00007985,23/06/2025,1275926,102074,1378000,Bang_ke_hoa_don_da_su_dung_T6.2025.xls,3788
G00546,1C25TUV,00002763,01/06/2025,3036111,242889,3279000,Bang_ke_hoa_don_da_su_dung_2024-T6.2025.xls,3552
G00546,1C25TUV,00007711,22/06/2025,3036111,242889,3279000,Bang_ke_hoa_don_da_su_dung_T6.2025.xls,3514
G00546,1C25TUV,00007881,23/06/2025,3036111,242889,3279000,Bang_ke_hoa_don_da_su_dung_T6.2025.xls,3684
G00546,1C25TUV,00008209,24/06/2025,3036111,242889,3279000,Bang_ke_hoa_don_da_su_dung_T6.2025.xls,4012
G00546,1C25TUV,00008863,27/06/2025,3036111,242889,3279000,Bang_ke_hoa_don_da_su_dung_T6.2025.xls,4666
G00546,1C25TUV,00008879,27/06/2025,3036111,242889,3279000,Bang_ke_hoa_don_da_su_dung_T6.2025.xls,4682
G00547,1C25TUV,00002777,01/06/2025,406481,32518,438999,Bang_ke_hoa_don_da_su_dung_2024-T6.2025.xls,3566
G00548,1C25TUV,00002778,01/06/2025,2700000,216000,2916000,Bang_ke_hoa_don_da_su_dung_2024-T6.2025.xls,3567
G00549,1C25TUV,00002793,01/06/2025,3962036,316963,4278999,Bang_ke_hoa_don_da_su_dung_2024-T6.2025.xls,3582
G00549,1C25TUV,00003159,04/06/2025,3962036,316963,4278999,Bang_ke_hoa_don_da_su_dung_2024-T6.2025.xls,3948
G00549,1C25TUV,00003344,05/06/2025,3962036,316963,4278999,Bang_ke_hoa_don_da_su_dung_2024-T6.2025.xls,4133
G00549,1C25TUV,00007431,21/06/2025,3962036,316963,4278999,Bang_ke_hoa_don_da_su_dung_T6.2025.xls,3234
G00550,1C25TUV,00002794,01/06/2025,5376851,430148,5806999,Bang_ke_hoa_don_da_su_dung_2024-T6.2025.xls,3583
G00551,1C25TUV,00002795,01/06/2025,3200924,256074,3456998,Bang_ke_hoa_don_da_su_dung_2024-T6.2025.xls,3584
G00552,1C25TUV,00002796,01/06/2025,443519,35482,479001,Bang_ke_hoa_don_da_su_dung_2024-T6.2025.xls,3585
G00553,1C25TUV,00002797,01/06/2025,1213008,97041,1310049,Bang_ke_hoa_don_da_su_dung_2024-T6.2025.xls,3586
G00554,1C25TUV,00002840,02/06/2025,628704,50296,679000,Bang_ke_hoa_don_da_su_dung_2024-T6.2025.xls,3629
G00555,1C25TUV,00002851,02/06/2025,803704,64296,868000,Bang_ke_hoa_don_da_su_dung_2024-T6.2025.xls,3640
G00555,1C25TUV,00004344,09/06/2025,803704,64296,868000,Bang_ke_hoa_don_da_su_dung_T6.2025.xls,147
G00555,1C25TUV,00005110,12/06/2025,803704,64296,868000,Bang_ke_hoa_don_da_su_dung_T6.2025.xls,913
G00555,1C25TUV,00005469,14/06/2025,803704,64296,868000,Bang_ke_hoa_don_da_su_dung_T6.2025.xls,1272
G00555,1C25TUV,00006070,16/06/2025,803704,64296,868000,Bang_ke_hoa_don_da_su_dung_T6.2025.xls,1873
G00555,1C25TUV,00008627,26/06/2025,803704,64296,868000,Bang_ke_hoa_don_da_su_dung_T6.2025.xls,4430
G00556,1C25TUV,00002872,02/06/2025,591667,47333,639000,Bang_ke_hoa_don_da_su_dung_2024-T6.2025.xls,3661
G00557,1C25TUV,00002878,02/06/2025,3330555,266444,3596999,Bang_ke_hoa_don_da_su_dung_2024-T6.2025.xls,3667
G00558,1C25TUV,00002879,02/06/2025,2757407,220593,2978000,Bang_ke_hoa_don_da_su_dung_2024-T6.2025.xls,3668
G00559,1C25TUV,00002883,02/06/2025,1214681,97175,1311856,Bang_ke_hoa_don_da_su_dung_2024-T6.2025.xls,3672
G00560,1C25TUV,00002918,02/06/2025,1890546,151244,2041790,Bang_ke_hoa_don_da_su_dung_2024-T6.2025.xls,3707
G00561,1C25TUV,00002925,02/06/2025,4850926,388074,5239000,Bang_ke_hoa_don_da_su_dung_2024-T6.2025.xls,3714
G00562,1C25TUV,00002926,03/06/2025,11177778,894222,12072000,Bang_ke_hoa_don_da_su_dung_2024-T6.2025.xls,3715
G00563,1C25TUV,00002930,03/06/2025,184259,14741,199000,Bang_ke_hoa_don_da_su_dung_2024-T6.2025.xls,3719
G00563,1C25TUV,00003728,07/06/2025,184259,14741,199000,Bang_ke_hoa_don_da_su_dung_2024-T6.2025.xls,4517
G00563,1C25TUV,00004284,09/06/2025,184259,14741,199000,Bang_ke_hoa_don_da_su_dung_T6.2025.xls,87
G00564,1C25TUV,00002932,03/06/2025,2295369,183630,2478999,Bang_ke_hoa_don_da_su_dung_2024-T6.2025.xls,3721
G00564,1C25TUV,00003792,07/06/2025,2295369,183630,2478999,Bang_ke_hoa_don_da_su_dung_2024-T6.2025.xls,4581
G00564,1C25TUV,00004753,11/06/2025,2295369,183630,2478999,Bang_ke_hoa_don_da_su_dung_T6.2025.xls,556
G00564,1C25TUV,00004977,12/06/2025,2295369,183630,2478999,Bang_ke_hoa_don_da_su_dung_T6.2025.xls,780
G00564,1C25TUV,00008894,27/06/2025,2295369,183630,2478999,Bang_ke_hoa_don_da_su_dung_T6.2025.xls,4697
G00565,1C25TUV,00002936,03/06/2025,606069,48486,654555,Bang_ke_hoa_don_da_su_dung_2024-T6.2025.xls,3725
G00565,1C25TUV,00003077,04/06/2025,606069,48486,654555,Bang_ke_hoa_don_da_su_dung_2024-T6.2025.xls,3866
G00565,1C25TUV,00003255,05/06/2025,606069,48486,654555,Bang_ke_hoa_don_da_su_dung_2024-T6.2025.xls,4044
G00565,1C25TUV,00003258,05/06/2025,606069,48486,654555,Bang_ke_hoa_don_da_su_dung_2024-T6.2025.xls,4047
G00565,1C25TUV,00003259,05/06/2025,606069,48486,654555,Bang_ke_hoa_don_da_su_dung_2024-T6.2025.xls,4048
G00565,1C25TUV,00003262,05/06/2025,606069,48486,654555,Bang_ke_hoa_don_da_su_dung_2024-T6.2025.xls,4051
G00565,1C25TUV,00003265,05/06/2025,606069,48486,654555,Bang_ke_hoa_don_da_su_dung_2024-T6.2025.xls,4054
G00565,1C25TUV,00003266,05/06/2025,606069,48486,654555,Bang_ke_hoa_don_da_su_dung_2024-T6.2025.xls,4055
G00565,1C25TUV,00003268,05/06/2025,606069,48486,654555,Bang_ke_hoa_don_da_su_dung_2024-T6.2025.xls,4057
G00565,1C25TUV,00003276,05/06/2025,606069,48486,654555,Bang_ke_hoa_don_da_su_dung_2024-T6.2025.xls,4065
G00565,1C25TUV,00003489,06/06/2025,606069,48486,654555,Bang_ke_hoa_don_da_su_dung_2024-T6.2025.xls,4278
G00565,1C25TUV,00003494,06/06/2025,606069,48486,654555,Bang_ke_hoa_don_da_su_dung_2024-T6.2025.xls,4283
G00565,1C25TUV,00003496,06/06/2025,606069,48486,654555,Bang_ke_hoa_don_da_su_dung_2024-T6.2025.xls,4285
G00565,1C25TUV,00003504,06/06/2025,606069,48486,654555,Bang_ke_hoa_don_da_su_dung_2024-T6.2025.xls,4293
G00565,1C25TUV,00003507,06/06/2025,606069,48486,654555,Bang_ke_hoa_don_da_su_dung_2024-T6.2025.xls,4296
G00565,1C25TUV,00003515,06/06/2025,606069,48486,654555,Bang_ke_hoa_don_da_su_dung_2024-T6.2025.xls,4304
G00565,1C25TUV,00003516,06/06/2025,606069,48486,654555,Bang_ke_hoa_don_da_su_dung_2024-T6.2025.xls,4305
G00565,1C25TUV,00003529,06/06/2025,606069,48486,654555,Bang_ke_hoa_don_da_su_dung_2024-T6.2025.xls,4318
G00565,1C25TUV,00003530,06/06/2025,606069,48486,654555,Bang_ke_hoa_don_da_su_dung_2024-T6.2025.xls,4319
G00565,1C25TUV,00003532,06/06/2025,606069,48486,654555,Bang_ke_hoa_don_da_su_dung_2024-T6.2025.xls,4321
G00566,1C25TUV,00002948,03/06/2025,405556,32444,438000,Bang_ke_hoa_don_da_su_dung_2024-T6.2025.xls,3737
G00566,1C25TUV,00003094,04/06/2025,405556,32444,438000,Bang_ke_hoa_don_da_su_dung_2024-T6.2025.xls,3883
G00566,1C25TUV,00005153,13/06/2025,405556,32444,438000,Bang_ke_hoa_don_da_su_dung_T6.2025.xls,956
G00566,1C25TUV,00005197,13/06/2025,405556,32444,438000,Bang_ke_hoa_don_da_su_dung_T6.2025.xls,1000
G00566,1C25TUV,00005644,14/06/2025,405556,32444,438000,Bang_ke_hoa_don_da_su_dung_T6.2025.xls,1447
G00566,1C25TUV,00005969,16/06/2025,405556,32444,438000,Bang_ke_hoa_don_da_su_dung_T6.2025.xls,1772
G00566,1C25TUV,00007532,21/06/2025,405556,32444,438000,Bang_ke_hoa_don_da_su_dung_T6.2025.xls,3335
G00566,1C25TUV,00007706,22/06/2025,405556,32444,438000,Bang_ke_hoa_don_da_su_dung_T6.2025.xls,3509
G00566,1C25TUV,00008218,24/06/2025,405556,32444,438000,Bang_ke_hoa_don_da_su_dung_T6.2025.xls,4021
G00566,1C25TUV,00008765,26/06/2025,405556,32444,438000,Bang_ke_hoa_don_da_su_dung_T6.2025.xls,4568
G00566,1C25TUV,00008986,27/06/2025,405556,32444,438000,Bang_ke_hoa_don_da_su_dung_T6.2025.xls,4789
G00566,1C25TUV,00009089,28/06/2025,405556,32444,438000,Bang_ke_hoa_don_da_su_dung_T6.2025.xls,4892
G00567,1C25TUV,00002971,03/06/2025,452777,36222,488999,Bang_ke_hoa_don_da_su_dung_2024-T6.2025.xls,3760
G00567,1C25TUV,00003129,04/06/2025,452777,36222,488999,Bang_ke_hoa_don_da_su_dung_2024-T6.2025.xls,3918
G00567,1C25TUV,00003342,05/06/2025,452777,36222,488999,Bang_ke_hoa_don_da_su_dung_2024-T6.2025.xls,4131
G00567,1C25TUV,00003804,07/06/2025,452777,36222,488999,Bang_ke_hoa_don_da_su_dung_2024-T6.2025.xls,4593
G00568,1C25TUV,00002973,03/06/2025,581481,46519,628000,Bang_ke_hoa_don_da_su_dung_2024-T6.2025.xls,3762
G00569,1C25TUV,00002979,03/06/2025,3961111,316889,4278000,Bang_ke_hoa_don_da_su_dung_2024-T6.2025.xls,3768
G00569,1C25TUV,00003834,07/06/2025,3961111,316889,4278000,Bang_ke_hoa_don_da_su_dung_2024-T6.2025.xls,4623
G00570,1C25TUV,00002981,03/06/2025,509258,40741,549999,Bang_ke_hoa_don_da_su_dung_2024-T6.2025.xls,3770
G00570,1C25TUV,00005027,12/06/2025,509258,40741,549999,Bang_ke_hoa_don_da_su_dung_T6.2025.xls,830
G00570,1C25TUV,00005186,13/06/2025,509258,40741,549999,Bang_ke_hoa_don_da_su_dung_T6.2025.xls,989
G00570,1C25TUV,00006313,17/06/2025,509258,40741,549999,Bang_ke_hoa_don_da_su_dung_T6.2025.xls,2116
G00570,1C25TUV,00006341,17/06/2025,509258,40741,549999,Bang_ke_hoa_don_da_su_dung_T6.2025.xls,2144
G00570,1C25TUV,00007690,22/06/2025,509258,40741,549999,Bang_ke_hoa_don_da_su_dung_T6.2025.xls,3493
G00571,1C25TUV,00002987,03/06/2025,1979630,158370,2138000,Bang_ke_hoa_don_da_su_dung_2024-T6.2025.xls,3776
G00572,1C25TUV,00002995,03/06/2025,1025099,82008,1107107,Bang_ke_hoa_don_da_su_dung_2024-T6.2025.xls,3784
G00573,1C25TUV,00003009,03/06/2025,4332407,346593,4679000,Bang_ke_hoa_don_da_su_dung_2024-T6.2025.xls,3798
G00574,1C25TUV,00003016,03/06/2025,1369444,109556,1479000,Bang_ke_hoa_don_da_su_dung_2024-T6.2025.xls,3805
G00574,1C25TUV,00003105,04/06/2025,1369444,109556,1479000,Bang_ke_hoa_don_da_su_dung_2024-T6.2025.xls,3894
G00574,1C25TUV,00003138,04/06/2025,1369444,109556,1479000,Bang_ke_hoa_don_da_su_dung_2024-T6.2025.xls,3927
G00574,1C25TUV,00003273,05/06/2025,1369444,109556,1479000,Bang_ke_hoa_don_da_su_dung_2024-T6.2025.xls,4062
G00574,1C25TUV,00003934,08/06/2025,1369444,109556,1479000,Bang_ke_hoa_don_da_su_dung_2024-T6.2025.xls,4723
G00574,1C25TUV,00009296,29/06/2025,1369444,109556,1479000,Bang_ke_hoa_don_da_su_dung_T6.2025 L2.xls,116
G00574,1C25TUV,00009298,29/06/2025,1369444,109556,1479000,Bang_ke_hoa_don_da_su_dung_T6.2025 L2.xls,118
G00574,1C25TUV,00004291,09/06/2025,1369444,109556,1479000,Bang_ke_hoa_don_da_su_dung_T6.2025.xls,94
G00574,1C25TUV,00004417,10/06/2025,1369444,109556,1479000,Bang_ke_hoa_don_da_su_dung_T6.2025.xls,220
G00574,1C25TUV,00004418,10/06/2025,1369444,109556,1479000,Bang_ke_hoa_don_da_su_dung_T6.2025.xls,221
G00574,1C25TUV,00004427,10/06/2025,1369444,109556,1479000,Bang_ke_hoa_don_da_su_dung_T6.2025.xls,230
G00574,1C25TUV,00004430,10/06/2025,1369444,109556,1479000,Bang_ke_hoa_don_da_su_dung_T6.2025.xls,233
G00574,1C25TUV,00004575,10/06/2025,1369444,109556,1479000,Bang_ke_hoa_don_da_su_dung_T6.2025.xls,378
G00574,1C25TUV,00004747,11/06/2025,1369444,109556,1479000,Bang_ke_hoa_don_da_su_dung_T6.2025.xls,550
G00574,1C25TUV,00004768,11/06/2025,1369444,109556,1479000,Bang_ke_hoa_don_da_su_dung_T6.2025.xls,571
G00574,1C25TUV,00005231,13/06/2025,1369444,109556,1479000,Bang_ke_hoa_don_da_su_dung_T6.2025.xls,1034
G00574,1C25TUV,00005238,13/06/2025,1369444,109556,1479000,Bang_ke_hoa_don_da_su_dung_T6.2025.xls,1041
G00574,1C25TUV,00005239,13/06/2025,1369444,109556,1479000,Bang_ke_hoa_don_da_su_dung_T6.2025.xls,1042
G00574,1C25TUV,00005272,13/06/2025,1369444,109556,1479000,Bang_ke_hoa_don_da_su_dung_T6.2025.xls,1075
G00574,1C25TUV,00005553,14/06/2025,1369444,109556,1479000,Bang_ke_hoa_don_da_su_dung_T6.2025.xls,1356
G00574,1C25TUV,00005570,14/06/2025,1369444,109556,1479000,Bang_ke_hoa_don_da_su_dung_T6.2025.xls,1373
G00574,1C25TUV,00005617,14/06/2025,1369444,109556,1479000,Bang_ke_hoa_don_da_su_dung_T6.2025.xls,1420
G00574,1C25TUV,00005761,15/06/2025,1369444,109556,1479000,Bang_ke_hoa_don_da_su_dung_T6.2025.xls,1564
G00574,1C25TUV,00005885,16/06/2025,1369444,109556,1479000,Bang_ke_hoa_don_da_su_dung_T6.2025.xls,1688
G00574,1C25TUV,00006073,16/06/2025,1369444,109556,1479000,Bang_ke_hoa_don_da_su_dung_T6.2025.xls,1876
G00574,1C25TUV,00006165,17/06/2025,1369444,109556,1479000,Bang_ke_hoa_don_da_su_dung_T6.2025.xls,1968
G00574,1C25TUV,00006168,17/06/2025,1369444,109556,1479000,Bang_ke_hoa_don_da_su_dung_T6.2025.xls,1971
G00574,1C25TUV,00006178,17/06/2025,1369444,109556,1479000,Bang_ke_hoa_don_da_su_dung_T6.2025.xls,1981
G00574,1C25TUV,00006201,17/06/2025,1369444,109556,1479000,Bang_ke_hoa_don_da_su_dung_T6.2025.xls,2004
G00574,1C25TUV,00006392,18/06/2025,1369444,109556,1479000,Bang_ke_hoa_don_da_su_dung_T6.2025.xls,2195
G00574,1C25TUV,00006462,18/06/2025,1369444,109556,1479000,Bang_ke_hoa_don_da_su_dung_T6.2025.xls,2265
G00574,1C25TUV,00006789,19/06/2025,1369444,109556,1479000,Bang_ke_hoa_don_da_su_dung_T6.2025.xls,2592
G00574,1C25TUV,00007112,20/06/2025,1369444,109556,1479000,Bang_ke_hoa_don_da_su_dung_T6.2025.xls,2915
G00574,1C25TUV,00007121,20/06/2025,1369444,109556,1479000,Bang_ke_hoa_don_da_su_dung_T6.2025.xls,2924
G00574,1C25TUV,00007393,21/06/2025,1369444,109556,1479000,Bang_ke_hoa_don_da_su_dung_T6.2025.xls,3196
G00574,1C25TUV,00008367,24/06/2025,1369444,109556,1479000,Bang_ke_hoa_don_da_su_dung_T6.2025.xls,4170
G00574,1C25TUV,00008378,24/06/2025,1369444,109556,1479000,Bang_ke_hoa_don_da_su_dung_T6.2025.xls,4181
G00574,1C25TUV,00008458,25/06/2025,1369444,109556,1479000,Bang_ke_hoa_don_da_su_dung_T6.2025.xls,4261
G00574,1C25TUV,00008567,25/06/2025,1369444,109556,1479000,Bang_ke_hoa_don_da_su_dung_T6.2025.xls,4370
G00574,1C25TUV,00008603,26/06/2025,1369444,109556,1479000,Bang_ke_hoa_don_da_su_dung_T6.2025.xls,4406
G00574,1C25TUV,00008619,26/06/2025,1369444,109556,1479000,Bang_ke_hoa_don_da_su_dung_T6.2025.xls,4422
G00574,1C25TUV,00008625,26/06/2025,1369444,109556,1479000,Bang_ke_hoa_don_da_su_dung_T6.2025.xls,4428
G00574,1C25TUV,00008631,26/06/2025,1369444,109556,1479000,Bang_ke_hoa_don_da_su_dung_T6.2025.xls,4434
G00574,1C25TUV,00008783,27/06/2025,1369444,109556,1479000,Bang_ke_hoa_don_da_su_dung_T6.2025.xls,4586
G00574,1C25TUV,00008805,27/06/2025,1369444,109556,1479000,Bang_ke_hoa_don_da_su_dung_T6.2025.xls,4608
G00575,1C25TUV,00003032,03/06/2025,406481,32519,439000,Bang_ke_hoa_don_da_su_dung_2024-T6.2025.xls,3821
G00575,1C25TUV,00003395,05/06/2025,406481,32519,439000,Bang_ke_hoa_don_da_su_dung_2024-T6.2025.xls,4184
G00575,1C25TUV,00003598,06/06/2025,406481,32519,439000,Bang_ke_hoa_don_da_su_dung_2024-T6.2025.xls,4387
G00575,1C25TUV,00003610,06/06/2025,406481,32519,439000,Bang_ke_hoa_don_da_su_dung_2024-T6.2025.xls,4399
G00575,1C25TUV,00003641,06/06/2025,406481,32519,439000,Bang_ke_hoa_don_da_su_dung_2024-T6.2025.xls,4430
G00575,1C25TUV,00003862,07/06/2025,406481,32519,439000,Bang_ke_hoa_don_da_su_dung_2024-T6.2025.xls,4651
G00575,1C25TUV,00004173,08/06/2025,406481,32519,439000,Bang_ke_hoa_don_da_su_dung_2024-T6.2025.xls,4962
G00575,1C25TUV,00004175,08/06/2025,406481,32519,439000,Bang_ke_hoa_don_da_su_dung_2024-T6.2025.xls,4964
G00575,1C25TUV,00009615,30/06/2025,406481,32519,439000,Bang_ke_hoa_don_da_su_dung_T6.2025 L2.xls,435
G00575,1C25TUV,00004314,09/06/2025,406481,32519,439000,Bang_ke_hoa_don_da_su_dung_T6.2025.xls,117
G00575,1C25TUV,00004315,09/06/2025,406481,32519,439000,Bang_ke_hoa_don_da_su_dung_T6.2025.xls,118
G00575,1C25TUV,00004363,09/06/2025,406481,32519,439000,Bang_ke_hoa_don_da_su_dung_T6.2025.xls,166
G00575,1C25TUV,00004620,10/06/2025,406481,32519,439000,Bang_ke_hoa_don_da_su_dung_T6.2025.xls,423
G00575,1C25TUV,00004628,10/06/2025,406481,32519,439000,Bang_ke_hoa_don_da_su_dung_T6.2025.xls,431
G00575,1C25TUV,00004883,11/06/2025,406481,32519,439000,Bang_ke_hoa_don_da_su_dung_T6.2025.xls,686
G00575,1C25TUV,00005292,13/06/2025,406481,32519,439000,Bang_ke_hoa_don_da_su_dung_T6.2025.xls,1095
G00575,1C25TUV,00005479,14/06/2025,406481,32519,439000,Bang_ke_hoa_don_da_su_dung_T6.2025.xls,1282
G00575,1C25TUV,00006054,16/06/2025,406481,32519,439000,Bang_ke_hoa_don_da_su_dung_T6.2025.xls,1857
G00575,1C25TUV,00006085,16/06/2025,406481,32519,439000,Bang_ke_hoa_don_da_su_dung_T6.2025.xls,1888
G00575,1C25TUV,00006210,17/06/2025,406481,32519,439000,Bang_ke_hoa_don_da_su_dung_T6.2025.xls,2013
G00575,1C25TUV,00006224,17/06/2025,406481,32519,439000,Bang_ke_hoa_don_da_su_dung_T6.2025.xls,2027
G00575,1C25TUV,00006225,17/06/2025,406481,32519,439000,Bang_ke_hoa_don_da_su_dung_T6.2025.xls,2028
G00575,1C25TUV,00006436,18/06/2025,406481,32519,439000,Bang_ke_hoa_don_da_su_dung_T6.2025.xls,2239
G00575,1C25TUV,00006441,18/06/2025,406481,32519,439000,Bang_ke_hoa_don_da_su_dung_T6.2025.xls,2244
G00575,1C25TUV,00006444,18/06/2025,406481,32519,439000,Bang_ke_hoa_don_da_su_dung_T6.2025.xls,2247
G00575,1C25TUV,00006457,18/06/2025,406481,32519,439000,Bang_ke_hoa_don_da_su_dung_T6.2025.xls,2260
G00575,1C25TUV,00006469,18/06/2025,406481,32519,439000,Bang_ke_hoa_don_da_su_dung_T6.2025.xls,2272
G00575,1C25TUV,00006742,19/06/2025,406481,32519,439000,Bang_ke_hoa_don_da_su_dung_T6.2025.xls,2545
G00575,1C25TUV,00006768,19/06/2025,406481,32519,439000,Bang_ke_hoa_don_da_su_dung_T6.2025.xls,2571
G00575,1C25TUV,00006842,19/06/2025,406481,32519,439000,Bang_ke_hoa_don_da_su_dung_T6.2025.xls,2645
G00575,1C25TUV,00007374,21/06/2025,406481,32519,439000,Bang_ke_hoa_don_da_su_dung_T6.2025.xls,3177
G00575,1C25TUV,00008049,23/06/2025,406481,32519,439000,Bang_ke_hoa_don_da_su_dung_T6.2025.xls,3852
G00575,1C25TUV,00008415,25/06/2025,406481,32519,439000,Bang_ke_hoa_don_da_su_dung_T6.2025.xls,4218
G00575,1C25TUV,00008433,25/06/2025,406481,32519,439000,Bang_ke_hoa_don_da_su_dung_T6.2025.xls,4236
G00575,1C25TUV,00008443,25/06/2025,406481,32519,439000,Bang_ke_hoa_don_da_su_dung_T6.2025.xls,4246
G00575,1C25TUV,00008607,26/06/2025,406481,32519,439000,Bang_ke_hoa_don_da_su_dung_T6.2025.xls,4410
G00576,1C25TUV,00003035,03/06/2025,1257407,100593,1358000,Bang_ke_hoa_don_da_su_dung_2024-T6.2025.xls,3824
G00576,1C25TUV,00003161,04/06/2025,1257407,100593,1358000,Bang_ke_hoa_don_da_su_dung_2024-T6.2025.xls,3950
G00576,1C25TUV,00003384,05/06/2025,1257407,100593,1358000,Bang_ke_hoa_don_da_su_dung_2024-T6.2025.xls,4173
G00576,1C25TUV,00009288,29/06/2025,1257407,100593,1358000,Bang_ke_hoa_don_da_su_dung_T6.2025 L2.xls,108
G00576,1C25TUV,00005067,12/06/2025,1257407,100593,1358000,Bang_ke_hoa_don_da_su_dung_T6.2025.xls,870
G00576,1C25TUV,00005118,12/06/2025,1257407,100593,1358000,Bang_ke_hoa_don_da_su_dung_T6.2025.xls,921
G00576,1C25TUV,00005505,14/06/2025,1257407,100593,1358000,Bang_ke_hoa_don_da_su_dung_T6.2025.xls,1308
G00576,1C25TUV,00005612,14/06/2025,1257407,100593,1358000,Bang_ke_hoa_don_da_su_dung_T6.2025.xls,1415
G00576,1C25TUV,00005728,15/06/2025,1257407,100593,1358000,Bang_ke_hoa_don_da_su_dung_T6.2025.xls,1531
G00576,1C25TUV,00006213,17/06/2025,1257407,100593,1358000,Bang_ke_hoa_don_da_su_dung_T6.2025.xls,2016
G00576,1C25TUV,00006477,18/06/2025,1257407,100593,1358000,Bang_ke_hoa_don_da_su_dung_T6.2025.xls,2280
G00576,1C25TUV,00007102,20/06/2025,1257407,100593,1358000,Bang_ke_hoa_don_da_su_dung_T6.2025.xls,2905
G00576,1C25TUV,00007515,21/06/2025,1257407,100593,1358000,Bang_ke_hoa_don_da_su_dung_T6.2025.xls,3318
G00576,1C25TUV,00007719,22/06/2025,1257407,100593,1358000,Bang_ke_hoa_don_da_su_dung_T6.2025.xls,3522
G00576,1C25TUV,00007994,23/06/2025,1257407,100593,1358000,Bang_ke_hoa_don_da_su_dung_T6.2025.xls,3797
G00576,1C25TUV,00008045,23/06/2025,1257407,100593,1358000,Bang_ke_hoa_don_da_su_dung_T6.2025.xls,3848
G00576,1C25TUV,00008343,24/06/2025,1257407,100593,1358000,Bang_ke_hoa_don_da_su_dung_T6.2025.xls,4146
G00576,1C25TUV,00008523,25/06/2025,1257407,100593,1358000,Bang_ke_hoa_don_da_su_dung_T6.2025.xls,4326
G00576,1C25TUV,00008623,26/06/2025,1257407,100593,1358000,Bang_ke_hoa_don_da_su_dung_T6.2025.xls,4426
G00576,1C25TUV,00008802,27/06/2025,1257407,100593,1358000,Bang_ke_hoa_don_da_su_dung_T6.2025.xls,4605
G00576,1C25TUV,00008807,27/06/2025,1257407,100593,1358000,Bang_ke_hoa_don_da_su_dung_T6.2025.xls,4610
G00576,1C25TUV,00009082,28/06/2025,1257407,100593,1358000,Bang_ke_hoa_don_da_su_dung_T6.2025.xls,4885
G00577,1C25TUV,00003062,03/06/2025,3118519,249482,3368001,Bang_ke_hoa_don_da_su_dung_2024-T6.2025.xls,3851
G00578,1C25TUV,00003063,03/06/2025,7287333,582987,7870320,Bang_ke_hoa_don_da_su_dung_2024-T6.2025.xls,3852
G00579,1C25TUV,00003066,04/06/2025,3942000,315360,4257360,Bang_ke_hoa_don_da_su_dung_2024-T6.2025.xls,3855
G00580,1C25TUV,00003072,04/06/2025,4866665,389333,5255998,Bang_ke_hoa_don_da_su_dung_2024-T6.2025.xls,3861
G00581,1C25TUV,00003073,04/06/2025,1517593,121407,1639000,Bang_ke_hoa_don_da_su_dung_2024-T6.2025.xls,3862
G00581,1C25TUV,00003093,04/06/2025,1517593,121407,1639000,Bang_ke_hoa_don_da_su_dung_2024-T6.2025.xls,3882
G00581,1C25TUV,00003118,04/06/2025,1517593,121407,1639000,Bang_ke_hoa_don_da_su_dung_2024-T6.2025.xls,3907
G00581,1C25TUV,00003127,04/06/2025,1517593,121407,1639000,Bang_ke_hoa_don_da_su_dung_2024-T6.2025.xls,3916
G00581,1C25TUV,00003270,05/06/2025,1517593,121407,1639000,Bang_ke_hoa_don_da_su_dung_2024-T6.2025.xls,4059
G00581,1C25TUV,00003450,06/06/2025,1517593,121407,1639000,Bang_ke_hoa_don_da_su_dung_2024-T6.2025.xls,4239
G00581,1C25TUV,00003503,06/06/2025,1517593,121407,1639000,Bang_ke_hoa_don_da_su_dung_2024-T6.2025.xls,4292
G00581,1C25TUV,00003517,06/06/2025,1517593,121407,1639000,Bang_ke_hoa_don_da_su_dung_2024-T6.2025.xls,4306
G00581,1C25TUV,00003547,06/06/2025,1517593,121407,1639000,Bang_ke_hoa_don_da_su_dung_2024-T6.2025.xls,4336
G00581,1C25TUV,00003558,06/06/2025,1517593,121407,1639000,Bang_ke_hoa_don_da_su_dung_2024-T6.2025.xls,4347
G00581,1C25TUV,00004028,08/06/2025,1517593,121407,1639000,Bang_ke_hoa_don_da_su_dung_2024-T6.2025.xls,4817
G00582,1C25TUV,00003075,04/06/2025,1216667,97333,1314000,Bang_ke_hoa_don_da_su_dung_2024-T6.2025.xls,3864
G00583,1C25TUV,00003076,04/06/2025,962037,76963,1039000,Bang_ke_hoa_don_da_su_dung_2024-T6.2025.xls,3865
G00584,1C25TUV,00003081,04/06/2025,1891430,151314,2042744,Bang_ke_hoa_don_da_su_dung_2024-T6.2025.xls,3870
G00585,1C25TUV,00003085,04/06/2025,499073,39926,538999,Bang_ke_hoa_don_da_su_dung_2024-T6.2025.xls,3874
G00585,1C25TUV,00003310,05/06/2025,499073,39926,538999,Bang_ke_hoa_don_da_su_dung_2024-T6.2025.xls,4099
G00585,1C25TUV,00003339,05/06/2025,499073,39926,538999,Bang_ke_hoa_don_da_su_dung_2024-T6.2025.xls,4128
G00585,1C25TUV,00004937,12/06/2025,499073,39926,538999,Bang_ke_hoa_don_da_su_dung_T6.2025.xls,740
G00585,1C25TUV,00004974,12/06/2025,499073,39926,538999,Bang_ke_hoa_don_da_su_dung_T6.2025.xls,777
G00585,1C25TUV,00004980,12/06/2025,499073,39926,538999,Bang_ke_hoa_don_da_su_dung_T6.2025.xls,783
G00585,1C25TUV,00005234,13/06/2025,499073,39926,538999,Bang_ke_hoa_don_da_su_dung_T6.2025.xls,1037
G00585,1C25TUV,00005248,13/06/2025,499073,39926,538999,Bang_ke_hoa_don_da_su_dung_T6.2025.xls,1051
G00585,1C25TUV,00005556,14/06/2025,499073,39926,538999,Bang_ke_hoa_don_da_su_dung_T6.2025.xls,1359
G00585,1C25TUV,00005557,14/06/2025,499073,39926,538999,Bang_ke_hoa_don_da_su_dung_T6.2025.xls,1360
G00585,1C25TUV,00007296,20/06/2025,499073,39926,538999,Bang_ke_hoa_don_da_su_dung_T6.2025.xls,3099
G00585,1C25TUV,00008664,26/06/2025,499073,39926,538999,Bang_ke_hoa_don_da_su_dung_T6.2025.xls,4467
G00586,1C25TUV,00003086,04/06/2025,2573147,205852,2778999,Bang_ke_hoa_don_da_su_dung_2024-T6.2025.xls,3875
G00587,1C25TUV,00003088,04/06/2025,1275925,102074,1377999,Bang_ke_hoa_don_da_su_dung_2024-T6.2025.xls,3877
G00588,1C25TUV,00003089,04/06/2025,163889,13111,177000,Bang_ke_hoa_don_da_su_dung_2024-T6.2025.xls,3878
G00588,1C25TUV,00003282,05/06/2025,163889,13111,177000,Bang_ke_hoa_don_da_su_dung_2024-T6.2025.xls,4071
G00588,1C25TUV,00003437,06/06/2025,163889,13111,177000,Bang_ke_hoa_don_da_su_dung_2024-T6.2025.xls,4226
G00588,1C25TUV,00003486,06/06/2025,163889,13111,177000,Bang_ke_hoa_don_da_su_dung_2024-T6.2025.xls,4275
G00588,1C25TUV,00003779,07/06/2025,163889,13111,177000,Bang_ke_hoa_don_da_su_dung_2024-T6.2025.xls,4568
G00589,1C25TUV,00003091,04/06/2025,1924074,153926,2078000,Bang_ke_hoa_don_da_su_dung_2024-T6.2025.xls,3880
G00589,1C25TUV,00006687,18/06/2025,1924074,153926,2078000,Bang_ke_hoa_don_da_su_dung_T6.2025.xls,2490
G00590,1C25TUV,00003092,04/06/2025,545370,43630,589000,Bang_ke_hoa_don_da_su_dung_2024-T6.2025.xls,3881
G00590,1C25TUV,00003465,06/06/2025,545370,43630,589000,Bang_ke_hoa_don_da_su_dung_2024-T6.2025.xls,4254
G00590,1C25TUV,00003757,07/06/2025,545370,43630,589000,Bang_ke_hoa_don_da_su_dung_2024-T6.2025.xls,4546
G00590,1C25TUV,00004051,08/06/2025,545370,43630,589000,Bang_ke_hoa_don_da_su_dung_2024-T6.2025.xls,4840
G00590,1C25TUV,00004257,09/06/2025,545370,43630,589000,Bang_ke_hoa_don_da_su_dung_T6.2025.xls,60
G00590,1C25TUV,00004744,11/06/2025,545370,43630,589000,Bang_ke_hoa_don_da_su_dung_T6.2025.xls,547
G00590,1C25TUV,00004799,11/06/2025,545370,43630,589000,Bang_ke_hoa_don_da_su_dung_T6.2025.xls,602
G00590,1C25TUV,00004970,12/06/2025,545370,43630,589000,Bang_ke_hoa_don_da_su_dung_T6.2025.xls,773
G00590,1C25TUV,00004972,12/06/2025,545370,43630,589000,Bang_ke_hoa_don_da_su_dung_T6.2025.xls,775
G00590,1C25TUV,00004995,12/06/2025,545370,43630,589000,Bang_ke_hoa_don_da_su_dung_T6.2025.xls,798
G00590,1C25TUV,00005235,13/06/2025,545370,43630,589000,Bang_ke_hoa_don_da_su_dung_T6.2025.xls,1038
G00590,1C25TUV,00005241,13/06/2025,545370,43630,589000,Bang_ke_hoa_don_da_su_dung_T6.2025.xls,1044
G00590,1C25TUV,00005943,16/06/2025,545370,43630,589000,Bang_ke_hoa_don_da_su_dung_T6.2025.xls,1746
G00590,1C25TUV,00006652,18/06/2025,545370,43630,589000,Bang_ke_hoa_don_da_su_dung_T6.2025.xls,2455
G00591,1C25TUV,00003095,04/06/2025,962036,76963,1038999,Bang_ke_hoa_don_da_su_dung_2024-T6.2025.xls,3884
G00591,1C25TUV,00003106,04/06/2025,962036,76963,1038999,Bang_ke_hoa_don_da_su_dung_2024-T6.2025.xls,3895
G00591,1C25TUV,00003228,05/06/2025,962036,76963,1038999,Bang_ke_hoa_don_da_su_dung_2024-T6.2025.xls,4017
G00591,1C25TUV,00003417,06/06/2025,962036,76963,1038999,Bang_ke_hoa_don_da_su_dung_2024-T6.2025.xls,4206
G00591,1C25TUV,00003449,06/06/2025,962036,76963,1038999,Bang_ke_hoa_don_da_su_dung_2024-T6.2025.xls,4238
G00591,1C25TUV,00003470,06/06/2025,962036,76963,1038999,Bang_ke_hoa_don_da_su_dung_2024-T6.2025.xls,4259
G00591,1C25TUV,00003928,08/06/2025,962036,76963,1038999,Bang_ke_hoa_don_da_su_dung_2024-T6.2025.xls,4717
G00591,1C25TUV,00003980,08/06/2025,962036,76963,1038999,Bang_ke_hoa_don_da_su_dung_2024-T6.2025.xls,4769
G00591,1C25TUV,00003995,08/06/2025,962036,76963,1038999,Bang_ke_hoa_don_da_su_dung_2024-T6.2025.xls,4784
G00591,1C25TUV,00004073,08/06/2025,962036,76963,1038999,Bang_ke_hoa_don_da_su_dung_2024-T6.2025.xls,4862
G00591,1C25TUV,00009269,29/06/2025,962036,76963,1038999,Bang_ke_hoa_don_da_su_dung_T6.2025 L2.xls,89
G00591,1C25TUV,00004277,09/06/2025,962036,76963,1038999,Bang_ke_hoa_don_da_su_dung_T6.2025.xls,80
G00591,1C25TUV,00004422,10/06/2025,962036,76963,1038999,Bang_ke_hoa_don_da_su_dung_T6.2025.xls,225
G00591,1C25TUV,00004550,10/06/2025,962036,76963,1038999,Bang_ke_hoa_don_da_su_dung_T6.2025.xls,353
G00591,1C25TUV,00004552,10/06/2025,962036,76963,1038999,Bang_ke_hoa_don_da_su_dung_T6.2025.xls,355
G00591,1C25TUV,00004731,11/06/2025,962036,76963,1038999,Bang_ke_hoa_don_da_su_dung_T6.2025.xls,534
G00591,1C25TUV,00004755,11/06/2025,962036,76963,1038999,Bang_ke_hoa_don_da_su_dung_T6.2025.xls,558
G00591,1C25TUV,00004803,11/06/2025,962036,76963,1038999,Bang_ke_hoa_don_da_su_dung_T6.2025.xls,606
G00591,1C25TUV,00004929,12/06/2025,962036,76963,1038999,Bang_ke_hoa_don_da_su_dung_T6.2025.xls,732
G00591,1C25TUV,00004991,12/06/2025,962036,76963,1038999,Bang_ke_hoa_don_da_su_dung_T6.2025.xls,794
G00591,1C25TUV,00005616,14/06/2025,962036,76963,1038999,Bang_ke_hoa_don_da_su_dung_T6.2025.xls,1419
G00591,1C25TUV,00006325,17/06/2025,962036,76963,1038999,Bang_ke_hoa_don_da_su_dung_T6.2025.xls,2128
G00591,1C25TUV,00006339,17/06/2025,962036,76963,1038999,Bang_ke_hoa_don_da_su_dung_T6.2025.xls,2142
G00591,1C25TUV,00006597,18/06/2025,962036,76963,1038999,Bang_ke_hoa_don_da_su_dung_T6.2025.xls,2400
G00591,1C25TUV,00006668,18/06/2025,962036,76963,1038999,Bang_ke_hoa_don_da_su_dung_T6.2025.xls,2471
G00591,1C25TUV,00006991,19/06/2025,962036,76963,1038999,Bang_ke_hoa_don_da_su_dung_T6.2025.xls,2794
G00591,1C25TUV,00007012,19/06/2025,962036,76963,1038999,Bang_ke_hoa_don_da_su_dung_T6.2025.xls,2815
G00591,1C25TUV,00007537,21/06/2025,962036,76963,1038999,Bang_ke_hoa_don_da_su_dung_T6.2025.xls,3340
G00591,1C25TUV,00007716,22/06/2025,962036,76963,1038999,Bang_ke_hoa_don_da_su_dung_T6.2025.xls,3519
G00591,1C25TUV,00007887,23/06/2025,962036,76963,1038999,Bang_ke_hoa_don_da_su_dung_T6.2025.xls,3690
G00591,1C25TUV,00008274,24/06/2025,962036,76963,1038999,Bang_ke_hoa_don_da_su_dung_T6.2025.xls,4077
G00591,1C25TUV,00008306,24/06/2025,962036,76963,1038999,Bang_ke_hoa_don_da_su_dung_T6.2025.xls,4109
G00591,1C25TUV,00008309,24/06/2025,962036,76963,1038999,Bang_ke_hoa_don_da_su_dung_T6.2025.xls,4112
G00591,1C25TUV,00008722,26/06/2025,962036,76963,1038999,Bang_ke_hoa_don_da_su_dung_T6.2025.xls,4525
G00592,1C25TUV,00003097,04/06/2025,998146,79852,1077998,Bang_ke_hoa_don_da_su_dung_2024-T6.2025.xls,3886
G00592,1C25TUV,00004572,10/06/2025,998146,79852,1077998,Bang_ke_hoa_don_da_su_dung_T6.2025.xls,375
G00592,1C25TUV,00005237,13/06/2025,998146,79852,1077998,Bang_ke_hoa_don_da_su_dung_T6.2025.xls,1040
G00592,1C25TUV,00005629,14/06/2025,998146,79852,1077998,Bang_ke_hoa_don_da_su_dung_T6.2025.xls,1432
G00592,1C25TUV,00007551,21/06/2025,998146,79852,1077998,Bang_ke_hoa_don_da_su_dung_T6.2025.xls,3354
G00592,1C25TUV,00007896,23/06/2025,998146,79852,1077998,Bang_ke_hoa_don_da_su_dung_T6.2025.xls,3699
G00592,1C25TUV,00007964,23/06/2025,998146,79852,1077998,Bang_ke_hoa_don_da_su_dung_T6.2025.xls,3767
G00592,1C25TUV,00008492,25/06/2025,998146,79852,1077998,Bang_ke_hoa_don_da_su_dung_T6.2025.xls,4295
G00592,1C25TUV,00008584,25/06/2025,998146,79852,1077998,Bang_ke_hoa_don_da_su_dung_T6.2025.xls,4387
G00593,1C25TUV,00003098,04/06/2025,462037,36963,499000,Bang_ke_hoa_don_da_su_dung_2024-T6.2025.xls,3887
G00593,1C25TUV,00009196,29/06/2025,462037,36963,499000,Bang_ke_hoa_don_da_su_dung_T6.2025 L2.xls,16
G00593,1C25TUV,00007280,20/06/2025,462037,36963,499000,Bang_ke_hoa_don_da_su_dung_T6.2025.xls,3083
G00593,1C25TUV,00009157,28/06/2025,462037,36963,499000,Bang_ke_hoa_don_da_su_dung_T6.2025.xls,4960
G00594,1C25TUV,00003137,04/06/2025,2480556,198444,2679000,Bang_ke_hoa_don_da_su_dung_2024-T6.2025.xls,3926
G00594,1C25TUV,00004737,11/06/2025,2480556,198444,2679000,Bang_ke_hoa_don_da_su_dung_T6.2025.xls,540
G00594,1C25TUV,00005244,13/06/2025,2480556,198444,2679000,Bang_ke_hoa_don_da_su_dung_T6.2025.xls,1047
G00595,1C25TUV,00003145,04/06/2025,2553702,204296,2757998,Bang_ke_hoa_don_da_su_dung_2024-T6.2025.xls,3934
G00596,1C25TUV,00003156,04/06/2025,4850925,388074,5238999,Bang_ke_hoa_don_da_su_dung_2024-T6.2025.xls,3945
G00597,1C25TUV,00003157,04/06/2025,2813888,225111,3038999,Bang_ke_hoa_don_da_su_dung_2024-T6.2025.xls,3946
G00598,1C25TUV,00003164,04/06/2025,998148,79852,1078000,Bang_ke_hoa_don_da_su_dung_2024-T6.2025.xls,3953
G00598,1C25TUV,00004176,08/06/2025,998148,79852,1078000,Bang_ke_hoa_don_da_su_dung_2024-T6.2025.xls,4965
G00599,1C25TUV,00003172,04/06/2025,2449074,195926,2645000,Bang_ke_hoa_don_da_su_dung_2024-T6.2025.xls,3961
G00600,1C25TUV,00003173,04/06/2025,1257407,100593,1358000,Bang_ke_hoa_don_da_su_dung_2024-T6.2025.xls,3962
G00600,1C25TUV,00005776,15/06/2025,1257407,100593,1358000,Bang_ke_hoa_don_da_su_dung_T6.2025.xls,1579
G00601,1C25TUV,00003179,04/06/2025,2461111,196889,2658000,Bang_ke_hoa_don_da_su_dung_2024-T6.2025.xls,3968
G00601,1C25TUV,00004834,11/06/2025,2461111,196889,2658000,Bang_ke_hoa_don_da_su_dung_T6.2025.xls,637
G00601,1C25TUV,00006072,16/06/2025,2461111,196889,2658000,Bang_ke_hoa_don_da_su_dung_T6.2025.xls,1875
G00602,1C25TUV,00003218,04/06/2025,2721297,217704,2939001,Bang_ke_hoa_don_da_su_dung_2024-T6.2025.xls,4007
G00603,1C25TUV,00003220,04/06/2025,495823,39666,535489,Bang_ke_hoa_don_da_su_dung_2024-T6.2025.xls,4009
G00604,1C25TUV,00003230,05/06/2025,1497219,119778,1616997,Bang_ke_hoa_don_da_su_dung_2024-T6.2025.xls,4019
G00605,1C25TUV,00003232,05/06/2025,1516667,121333,1638000,Bang_ke_hoa_don_da_su_dung_2024-T6.2025.xls,4021
G00606,1C25TUV,00003240,05/06/2025,1794444,143556,1938000,Bang_ke_hoa_don_da_su_dung_2024-T6.2025.xls,4029
G00606,1C25TUV,00003445,06/06/2025,1794444,143556,1938000,Bang_ke_hoa_don_da_su_dung_2024-T6.2025.xls,4234
G00606,1C25TUV,00004093,08/06/2025,1794444,143556,1938000,Bang_ke_hoa_don_da_su_dung_2024-T6.2025.xls,4882
G00607,1C25TUV,00003242,05/06/2025,1881528,150522,2032050,Bang_ke_hoa_don_da_su_dung_2024-T6.2025.xls,4031
G00607,1C25TUV,00003245,05/06/2025,1881528,150522,2032050,Bang_ke_hoa_don_da_su_dung_2024-T6.2025.xls,4034
G00607,1C25TUV,00003734,07/06/2025,1881528,150522,2032050,Bang_ke_hoa_don_da_su_dung_2024-T6.2025.xls,4523
G00607,1C25TUV,00003749,07/06/2025,1881528,150522,2032050,Bang_ke_hoa_don_da_su_dung_2024-T6.2025.xls,4538
G00607,1C25TUV,00003957,08/06/2025,1881528,150522,2032050,Bang_ke_hoa_don_da_su_dung_2024-T6.2025.xls,4746
G00607,1C25TUV,00004237,09/06/2025,1881528,150522,2032050,Bang_ke_hoa_don_da_su_dung_T6.2025.xls,40
G00607,1C25TUV,00004271,09/06/2025,1881528,150522,2032050,Bang_ke_hoa_don_da_su_dung_T6.2025.xls,74
G00607,1C25TUV,00004272,09/06/2025,1881528,150522,2032050,Bang_ke_hoa_don_da_su_dung_T6.2025.xls,75
G00607,1C25TUV,00004287,09/06/2025,1881528,150522,2032050,Bang_ke_hoa_don_da_su_dung_T6.2025.xls,90
G00607,1C25TUV,00004308,09/06/2025,1881528,150522,2032050,Bang_ke_hoa_don_da_su_dung_T6.2025.xls,111
G00607,1C25TUV,00004309,09/06/2025,1881528,150522,2032050,Bang_ke_hoa_don_da_su_dung_T6.2025.xls,112
G00607,1C25TUV,00004478,10/06/2025,1881528,150522,2032050,Bang_ke_hoa_don_da_su_dung_T6.2025.xls,281
G00607,1C25TUV,00004482,10/06/2025,1881528,150522,2032050,Bang_ke_hoa_don_da_su_dung_T6.2025.xls,285
G00607,1C25TUV,00004537,10/06/2025,1881528,150522,2032050,Bang_ke_hoa_don_da_su_dung_T6.2025.xls,340
G00607,1C25TUV,00004555,10/06/2025,1881528,150522,2032050,Bang_ke_hoa_don_da_su_dung_T6.2025.xls,358
G00607,1C25TUV,00004556,10/06/2025,1881528,150522,2032050,Bang_ke_hoa_don_da_su_dung_T6.2025.xls,359
G00607,1C25TUV,00004563,10/06/2025,1881528,150522,2032050,Bang_ke_hoa_don_da_su_dung_T6.2025.xls,366
G00607,1C25TUV,00004805,11/06/2025,1881528,150522,2032050,Bang_ke_hoa_don_da_su_dung_T6.2025.xls,608
G00607,1C25TUV,00004997,12/06/2025,1881528,150522,2032050,Bang_ke_hoa_don_da_su_dung_T6.2025.xls,800
G00607,1C25TUV,00005031,12/06/2025,1881528,150522,2032050,Bang_ke_hoa_don_da_su_dung_T6.2025.xls,834
G00607,1C25TUV,00006235,17/06/2025,1881528,150522,2032050,Bang_ke_hoa_don_da_su_dung_T6.2025.xls,2038
G00607,1C25TUV,00006300,17/06/2025,1881528,150522,2032050,Bang_ke_hoa_don_da_su_dung_T6.2025.xls,2103
G00607,1C25TUV,00006589,18/06/2025,1881528,150522,2032050,Bang_ke_hoa_don_da_su_dung_T6.2025.xls,2392
G00607,1C25TUV,00006875,19/06/2025,1881528,150522,2032050,Bang_ke_hoa_don_da_su_dung_T6.2025.xls,2678
G00607,1C25TUV,00006890,19/06/2025,1881528,150522,2032050,Bang_ke_hoa_don_da_su_dung_T6.2025.xls,2693
G00608,1C25TUV,00003243,05/06/2025,473240,37859,511099,Bang_ke_hoa_don_da_su_dung_2024-T6.2025.xls,4032
G00608,1C25TUV,00003753,07/06/2025,473240,37859,511099,Bang_ke_hoa_don_da_su_dung_2024-T6.2025.xls,4542
G00608,1C25TUV,00003922,08/06/2025,473240,37859,511099,Bang_ke_hoa_don_da_su_dung_2024-T6.2025.xls,4711
G00608,1C25TUV,00004246,09/06/2025,473240,37859,511099,Bang_ke_hoa_don_da_su_dung_T6.2025.xls,49
G00609,1C25TUV,00003252,05/06/2025,2180602,174448,2355050,Bang_ke_hoa_don_da_su_dung_2024-T6.2025.xls,4041
G00609,1C25TUV,00003253,05/06/2025,2180602,174448,2355050,Bang_ke_hoa_don_da_su_dung_2024-T6.2025.xls,4042
G00609,1C25TUV,00003683,07/06/2025,2180602,174448,2355050,Bang_ke_hoa_don_da_su_dung_2024-T6.2025.xls,4472
G00609,1C25TUV,00003715,07/06/2025,2180602,174448,2355050,Bang_ke_hoa_don_da_su_dung_2024-T6.2025.xls,4504
G00609,1C25TUV,00003719,07/06/2025,2180602,174448,2355050,Bang_ke_hoa_don_da_su_dung_2024-T6.2025.xls,4508
G00609,1C25TUV,00003723,07/06/2025,2180602,174448,2355050,Bang_ke_hoa_don_da_su_dung_2024-T6.2025.xls,4512
G00609,1C25TUV,00003751,07/06/2025,2180602,174448,2355050,Bang_ke_hoa_don_da_su_dung_2024-T6.2025.xls,4540
G00609,1C25TUV,00003923,08/06/2025,2180602,174448,2355050,Bang_ke_hoa_don_da_su_dung_2024-T6.2025.xls,4712
G00609,1C25TUV,00003960,08/06/2025,2180602,174448,2355050,Bang_ke_hoa_don_da_su_dung_2024-T6.2025.xls,4749
G00609,1C25TUV,00003964,08/06/2025,2180602,174448,2355050,Bang_ke_hoa_don_da_su_dung_2024-T6.2025.xls,4753
G00609,1C25TUV,00003972,08/06/2025,2180602,174448,2355050,Bang_ke_hoa_don_da_su_dung_2024-T6.2025.xls,4761
G00609,1C25TUV,00003998,08/06/2025,2180602,174448,2355050,Bang_ke_hoa_don_da_su_dung_2024-T6.2025.xls,4787
G00609,1C25TUV,00004270,09/06/2025,2180602,174448,2355050,Bang_ke_hoa_don_da_su_dung_T6.2025.xls,73
G00609,1C25TUV,00004523,10/06/2025,2180602,174448,2355050,Bang_ke_hoa_don_da_su_dung_T6.2025.xls,326
G00609,1C25TUV,00004549,10/06/2025,2180602,174448,2355050,Bang_ke_hoa_don_da_su_dung_T6.2025.xls,352
G00609,1C25TUV,00004560,10/06/2025,2180602,174448,2355050,Bang_ke_hoa_don_da_su_dung_T6.2025.xls,363
G00609,1C25TUV,00004561,10/06/2025,2180602,174448,2355050,Bang_ke_hoa_don_da_su_dung_T6.2025.xls,364
G00609,1C25TUV,00004566,10/06/2025,2180602,174448,2355050,Bang_ke_hoa_don_da_su_dung_T6.2025.xls,369
G00609,1C25TUV,00004790,11/06/2025,2180602,174448,2355050,Bang_ke_hoa_don_da_su_dung_T6.2025.xls,593
G00609,1C25TUV,00005028,12/06/2025,2180602,174448,2355050,Bang_ke_hoa_don_da_su_dung_T6.2025.xls,831
G00609,1C25TUV,00005253,13/06/2025,2180602,174448,2355050,Bang_ke_hoa_don_da_su_dung_T6.2025.xls,1056
G00609,1C25TUV,00005986,16/06/2025,2180602,174448,2355050,Bang_ke_hoa_don_da_su_dung_T6.2025.xls,1789
G00609,1C25TUV,00006531,18/06/2025,2180602,174448,2355050,Bang_ke_hoa_don_da_su_dung_T6.2025.xls,2334
G00609,1C25TUV,00006558,18/06/2025,2180602,174448,2355050,Bang_ke_hoa_don_da_su_dung_T6.2025.xls,2361
G00610,1C25TUV,00003285,05/06/2025,1303704,104296,1408000,Bang_ke_hoa_don_da_su_dung_2024-T6.2025.xls,4074
G00610,1C25TUV,00007247,20/06/2025,1303704,104296,1408000,Bang_ke_hoa_don_da_su_dung_T6.2025.xls,3050
G00611,1C25TUV,00003287,05/06/2025,238889,19111,258000,Bang_ke_hoa_don_da_su_dung_2024-T6.2025.xls,4076
G00612,1C25TUV,00003333,05/06/2025,2884306,230744,3115050,Bang_ke_hoa_don_da_su_dung_2024-T6.2025.xls,4122
G00612,1C25TUV,00007442,21/06/2025,2884306,230744,3115050,Bang_ke_hoa_don_da_su_dung_T6.2025.xls,3245
G00612,1C25TUV,00007879,23/06/2025,2884306,230744,3115050,Bang_ke_hoa_don_da_su_dung_T6.2025.xls,3682
G00613,1C25TUV,00003346,05/06/2025,720370,57630,778000,Bang_ke_hoa_don_da_su_dung_2024-T6.2025.xls,4135
G00614,1C25TUV,00003398,05/06/2025,683333,54667,738000,Bang_ke_hoa_don_da_su_dung_2024-T6.2025.xls,4187
G00615,1C25TUV,00003403,05/06/2025,2314815,185185,2500000,Bang_ke_hoa_don_da_su_dung_2024-T6.2025.xls,4192
G00616,1C25TUV,00003405,05/06/2025,2185185,174815,2360000,Bang_ke_hoa_don_da_su_dung_2024-T6.2025.xls,4194
G00617,1C25TUV,00003410,06/06/2025,932148,74572,1006720,Bang_ke_hoa_don_da_su_dung_2024-T6.2025.xls,4199
G00618,1C25TUV,00003415,06/06/2025,1229098,98328,1327426,Bang_ke_hoa_don_da_su_dung_2024-T6.2025.xls,4204
G00618,1C25TUV,00004045,08/06/2025,1229098,98328,1327426,Bang_ke_hoa_don_da_su_dung_2024-T6.2025.xls,4834
G00618,1C25TUV,00004244,09/06/2025,1229098,98328,1327426,Bang_ke_hoa_don_da_su_dung_T6.2025.xls,47
G00618,1C25TUV,00004559,10/06/2025,1229098,98328,1327426,Bang_ke_hoa_don_da_su_dung_T6.2025.xls,362
G00618,1C25TUV,00005017,12/06/2025,1229098,98328,1327426,Bang_ke_hoa_don_da_su_dung_T6.2025.xls,820
G00619,1C25TUV,00003419,06/06/2025,1896478,151718,2048196,Bang_ke_hoa_don_da_su_dung_2024-T6.2025.xls,4208
G00619,1C25TUV,00003979,08/06/2025,1896478,151718,2048196,Bang_ke_hoa_don_da_su_dung_2024-T6.2025.xls,4768
G00620,1C25TUV,00003420,06/06/2025,1230884,98471,1329355,Bang_ke_hoa_don_da_su_dung_2024-T6.2025.xls,4209
G00620,1C25TUV,00003421,06/06/2025,1230884,98471,1329355,Bang_ke_hoa_don_da_su_dung_2024-T6.2025.xls,4210
G00620,1C25TUV,00003983,08/06/2025,1230884,98471,1329355,Bang_ke_hoa_don_da_su_dung_2024-T6.2025.xls,4772
G00620,1C25TUV,00004770,11/06/2025,1230884,98471,1329355,Bang_ke_hoa_don_da_su_dung_T6.2025.xls,573
G00621,1C25TUV,00003424,06/06/2025,1018519,81481,1100000,Bang_ke_hoa_don_da_su_dung_2024-T6.2025.xls,4213
G00621,1C25TUV,00009312,29/06/2025,1018519,81481,1100000,Bang_ke_hoa_don_da_su_dung_T6.2025 L2.xls,132
G00621,1C25TUV,00009441,30/06/2025,1018519,81481,1100000,Bang_ke_hoa_don_da_su_dung_T6.2025 L2.xls,261
G00621,1C25TUV,00004322,09/06/2025,1018519,81481,1100000,Bang_ke_hoa_don_da_su_dung_T6.2025.xls,125
G00622,1C25TUV,00003425,06/06/2025,909259,72741,982000,Bang_ke_hoa_don_da_su_dung_2024-T6.2025.xls,4214
G00623,1C25TUV,00003426,06/06/2025,493519,39481,533000,Bang_ke_hoa_don_da_su_dung_2024-T6.2025.xls,4215
G00624,1C25TUV,00003428,06/06/2025,1419719,113578,1533297,Bang_ke_hoa_don_da_su_dung_2024-T6.2025.xls,4217
G00625,1C25TUV,00003430,06/06/2025,1001898,80152,1082050,Bang_ke_hoa_don_da_su_dung_2024-T6.2025.xls,4219
G00625,1C25TUV,00003689,07/06/2025,1001898,80152,1082050,Bang_ke_hoa_don_da_su_dung_2024-T6.2025.xls,4478
G00625,1C25TUV,00003729,07/06/2025,1001898,80152,1082050,Bang_ke_hoa_don_da_su_dung_2024-T6.2025.xls,4518
G00625,1C25TUV,00003742,07/06/2025,1001898,80152,1082050,Bang_ke_hoa_don_da_su_dung_2024-T6.2025.xls,4531
G00625,1C25TUV,00003926,08/06/2025,1001898,80152,1082050,Bang_ke_hoa_don_da_su_dung_2024-T6.2025.xls,4715
G00625,1C25TUV,00003952,08/06/2025,1001898,80152,1082050,Bang_ke_hoa_don_da_su_dung_2024-T6.2025.xls,4741
G00625,1C25TUV,00003969,08/06/2025,1001898,80152,1082050,Bang_ke_hoa_don_da_su_dung_2024-T6.2025.xls,4758
G00625,1C25TUV,00003985,08/06/2025,1001898,80152,1082050,Bang_ke_hoa_don_da_su_dung_2024-T6.2025.xls,4774
G00625,1C25TUV,00004065,08/06/2025,1001898,80152,1082050,Bang_ke_hoa_don_da_su_dung_2024-T6.2025.xls,4854
G00625,1C25TUV,00004079,08/06/2025,1001898,80152,1082050,Bang_ke_hoa_don_da_su_dung_2024-T6.2025.xls,4868
G00625,1C25TUV,00004082,08/06/2025,1001898,80152,1082050,Bang_ke_hoa_don_da_su_dung_2024-T6.2025.xls,4871
G00625,1C25TUV,00009222,29/06/2025,1001898,80152,1082050,Bang_ke_hoa_don_da_su_dung_T6.2025 L2.xls,42
G00625,1C25TUV,00009483,30/06/2025,1001898,80152,1082050,Bang_ke_hoa_don_da_su_dung_T6.2025 L2.xls,303
G00625,1C25TUV,00009490,30/06/2025,1001898,80152,1082050,Bang_ke_hoa_don_da_su_dung_T6.2025 L2.xls,310
G00625,1C25TUV,00009491,30/06/2025,1001898,80152,1082050,Bang_ke_hoa_don_da_su_dung_T6.2025 L2.xls,311
G00625,1C25TUV,00004212,09/06/2025,1001898,80152,1082050,Bang_ke_hoa_don_da_su_dung_T6.2025.xls,15
G00625,1C25TUV,00004226,09/06/2025,1001898,80152,1082050,Bang_ke_hoa_don_da_su_dung_T6.2025.xls,29
G00625,1C25TUV,00004275,09/06/2025,1001898,80152,1082050,Bang_ke_hoa_don_da_su_dung_T6.2025.xls,78
G00625,1C25TUV,00004300,09/06/2025,1001898,80152,1082050,Bang_ke_hoa_don_da_su_dung_T6.2025.xls,103
G00625,1C25TUV,00004307,09/06/2025,1001898,80152,1082050,Bang_ke_hoa_don_da_su_dung_T6.2025.xls,110
G00625,1C25TUV,00004480,10/06/2025,1001898,80152,1082050,Bang_ke_hoa_don_da_su_dung_T6.2025.xls,283
G00625,1C25TUV,00004485,10/06/2025,1001898,80152,1082050,Bang_ke_hoa_don_da_su_dung_T6.2025.xls,288
G00625,1C25TUV,00004564,10/06/2025,1001898,80152,1082050,Bang_ke_hoa_don_da_su_dung_T6.2025.xls,367
G00625,1C25TUV,00005020,12/06/2025,1001898,80152,1082050,Bang_ke_hoa_don_da_su_dung_T6.2025.xls,823
G00625,1C25TUV,00005254,13/06/2025,1001898,80152,1082050,Bang_ke_hoa_don_da_su_dung_T6.2025.xls,1057
G00625,1C25TUV,00005545,14/06/2025,1001898,80152,1082050,Bang_ke_hoa_don_da_su_dung_T6.2025.xls,1348
G00625,1C25TUV,00005883,16/06/2025,1001898,80152,1082050,Bang_ke_hoa_don_da_su_dung_T6.2025.xls,1686
G00625,1C25TUV,00005884,16/06/2025,1001898,80152,1082050,Bang_ke_hoa_don_da_su_dung_T6.2025.xls,1687
G00625,1C25TUV,00008570,25/06/2025,1001898,80152,1082050,Bang_ke_hoa_don_da_su_dung_T6.2025.xls,4373
G00625,1C25TUV,00008583,25/06/2025,1001898,80152,1082050,Bang_ke_hoa_don_da_su_dung_T6.2025.xls,4386
G00625,1C25TUV,00008762,26/06/2025,1001898,80152,1082050,Bang_ke_hoa_don_da_su_dung_T6.2025.xls,4565
G00625,1C25TUV,00008767,26/06/2025,1001898,80152,1082050,Bang_ke_hoa_don_da_su_dung_T6.2025.xls,4570
G00625,1C25TUV,00008919,27/06/2025,1001898,80152,1082050,Bang_ke_hoa_don_da_su_dung_T6.2025.xls,4722
G00625,1C25TUV,00008940,27/06/2025,1001898,80152,1082050,Bang_ke_hoa_don_da_su_dung_T6.2025.xls,4743
G00625,1C25TUV,00008971,27/06/2025,1001898,80152,1082050,Bang_ke_hoa_don_da_su_dung_T6.2025.xls,4774
G00625,1C25TUV,00008973,27/06/2025,1001898,80152,1082050,Bang_ke_hoa_don_da_su_dung_T6.2025.xls,4776
G00625,1C25TUV,00009094,28/06/2025,1001898,80152,1082050,Bang_ke_hoa_don_da_su_dung_T6.2025.xls,4897
G00625,1C25TUV,00009104,28/06/2025,1001898,80152,1082050,Bang_ke_hoa_don_da_su_dung_T6.2025.xls,4907
G00625,1C25TUV,00009105,28/06/2025,1001898,80152,1082050,Bang_ke_hoa_don_da_su_dung_T6.2025.xls,4908
G00626,1C25TUV,00003464,06/06/2025,1702777,136222,1838999,Bang_ke_hoa_don_da_su_dung_2024-T6.2025.xls,4253
G00626,1C25TUV,00005574,14/06/2025,1702777,136222,1838999,Bang_ke_hoa_don_da_su_dung_T6.2025.xls,1377
G00626,1C25TUV,00007755,22/06/2025,1702777,136222,1838999,Bang_ke_hoa_don_da_su_dung_T6.2025.xls,3558
G00626,1C25TUV,00008887,27/06/2025,1702777,136222,1838999,Bang_ke_hoa_don_da_su_dung_T6.2025.xls,4690
G00627,1C25TUV,00003478,06/06/2025,508332,40667,548999,Bang_ke_hoa_don_da_su_dung_2024-T6.2025.xls,4267
G00628,1C25TUV,00003502,06/06/2025,462962,37037,499999,Bang_ke_hoa_don_da_su_dung_2024-T6.2025.xls,4291
G00628,1C25TUV,00006347,17/06/2025,462962,37037,499999,Bang_ke_hoa_don_da_su_dung_T6.2025.xls,2150
G00629,1C25TUV,00003564,06/06/2025,2721296,217704,2939000,Bang_ke_hoa_don_da_su_dung_2024-T6.2025.xls,4353
G00630,1C25TUV,00003569,06/06/2025,1080556,86444,1167000,Bang_ke_hoa_don_da_su_dung_2024-T6.2025.xls,4358
G00631,1C25TUV,00003575,06/06/2025,3081481,246518,3327999,Bang_ke_hoa_don_da_su_dung_2024-T6.2025.xls,4364
G00632,1C25TUV,00003576,06/06/2025,2478730,198298,2677028,Bang_ke_hoa_don_da_su_dung_2024-T6.2025.xls,4365
G00632,1C25TUV,00003578,06/06/2025,2478730,198298,2677028,Bang_ke_hoa_don_da_su_dung_2024-T6.2025.xls,4367
G00632,1C25TUV,00003829,07/06/2025,2478730,198298,2677028,Bang_ke_hoa_don_da_su_dung_2024-T6.2025.xls,4618
G00632,1C25TUV,00003830,07/06/2025,2478730,198298,2677028,Bang_ke_hoa_don_da_su_dung_2024-T6.2025.xls,4619
G00632,1C25TUV,00004109,08/06/2025,2478730,198298,2677028,Bang_ke_hoa_don_da_su_dung_2024-T6.2025.xls,4898
G00632,1C25TUV,00004110,08/06/2025,2478730,198298,2677028,Bang_ke_hoa_don_da_su_dung_2024-T6.2025.xls,4899
G00632,1C25TUV,00004111,08/06/2025,2478730,198298,2677028,Bang_ke_hoa_don_da_su_dung_2024-T6.2025.xls,4900
G00632,1C25TUV,00004112,08/06/2025,2478730,198298,2677028,Bang_ke_hoa_don_da_su_dung_2024-T6.2025.xls,4901
G00632,1C25TUV,00004113,08/06/2025,2478730,198298,2677028,Bang_ke_hoa_don_da_su_dung_2024-T6.2025.xls,4902
G00632,1C25TUV,00004114,08/06/2025,2478730,198298,2677028,Bang_ke_hoa_don_da_su_dung_2024-T6.2025.xls,4903
G00632,1C25TUV,00004115,08/06/2025,2478730,198298,2677028,Bang_ke_hoa_don_da_su_dung_2024-T6.2025.xls,4904
G00632,1C25TUV,00004399,09/06/2025,2478730,198298,2677028,Bang_ke_hoa_don_da_su_dung_T6.2025.xls,202
G00632,1C25TUV,00004400,09/06/2025,2478730,198298,2677028,Bang_ke_hoa_don_da_su_dung_T6.2025.xls,203
G00632,1C25TUV,00004401,09/06/2025,2478730,198298,2677028,Bang_ke_hoa_don_da_su_dung_T6.2025.xls,204
G00632,1C25TUV,00004402,09/06/2025,2478730,198298,2677028,Bang_ke_hoa_don_da_su_dung_T6.2025.xls,205
G00632,1C25TUV,00004403,09/06/2025,2478730,198298,2677028,Bang_ke_hoa_don_da_su_dung_T6.2025.xls,206
G00632,1C25TUV,00004404,09/06/2025,2478730,198298,2677028,Bang_ke_hoa_don_da_su_dung_T6.2025.xls,207
G00632,1C25TUV,00004406,09/06/2025,2478730,198298,2677028,Bang_ke_hoa_don_da_su_dung_T6.2025.xls,209
G00632,1C25TUV,00004583,10/06/2025,2478730,198298,2677028,Bang_ke_hoa_don_da_su_dung_T6.2025.xls,386
G00632,1C25TUV,00004584,10/06/2025,2478730,198298,2677028,Bang_ke_hoa_don_da_su_dung_T6.2025.xls,387
G00632,1C25TUV,00004585,10/06/2025,2478730,198298,2677028,Bang_ke_hoa_don_da_su_dung_T6.2025.xls,388
G00632,1C25TUV,00004586,10/06/2025,2478730,198298,2677028,Bang_ke_hoa_don_da_su_dung_T6.2025.xls,389
G00632,1C25TUV,00004587,10/06/2025,2478730,198298,2677028,Bang_ke_hoa_don_da_su_dung_T6.2025.xls,390
G00632,1C25TUV,00004588,10/06/2025,2478730,198298,2677028,Bang_ke_hoa_don_da_su_dung_T6.2025.xls,391
G00632,1C25TUV,00004589,10/06/2025,2478730,198298,2677028,Bang_ke_hoa_don_da_su_dung_T6.2025.xls,392
G00632,1C25TUV,00004590,10/06/2025,2478730,198298,2677028,Bang_ke_hoa_don_da_su_dung_T6.2025.xls,393
G00632,1C25TUV,00004591,10/06/2025,2478730,198298,2677028,Bang_ke_hoa_don_da_su_dung_T6.2025.xls,394
G00632,1C25TUV,00004592,10/06/2025,2478730,198298,2677028,Bang_ke_hoa_don_da_su_dung_T6.2025.xls,395
G00632,1C25TUV,00004593,10/06/2025,2478730,198298,2677028,Bang_ke_hoa_don_da_su_dung_T6.2025.xls,396
G00632,1C25TUV,00004594,10/06/2025,2478730,198298,2677028,Bang_ke_hoa_don_da_su_dung_T6.2025.xls,397
G00632,1C25TUV,00004820,11/06/2025,2478730,198298,2677028,Bang_ke_hoa_don_da_su_dung_T6.2025.xls,623
G00632,1C25TUV,00004821,11/06/2025,2478730,198298,2677028,Bang_ke_hoa_don_da_su_dung_T6.2025.xls,624
G00632,1C25TUV,00004822,11/06/2025,2478730,198298,2677028,Bang_ke_hoa_don_da_su_dung_T6.2025.xls,625
G00632,1C25TUV,00004823,11/06/2025,2478730,198298,2677028,Bang_ke_hoa_don_da_su_dung_T6.2025.xls,626
G00632,1C25TUV,00005034,12/06/2025,2478730,198298,2677028,Bang_ke_hoa_don_da_su_dung_T6.2025.xls,837
G00632,1C25TUV,00005035,12/06/2025,2478730,198298,2677028,Bang_ke_hoa_don_da_su_dung_T6.2025.xls,838
G00632,1C25TUV,00005036,12/06/2025,2478730,198298,2677028,Bang_ke_hoa_don_da_su_dung_T6.2025.xls,839
G00632,1C25TUV,00005037,12/06/2025,2478730,198298,2677028,Bang_ke_hoa_don_da_su_dung_T6.2025.xls,840
G00632,1C25TUV,00005278,13/06/2025,2478730,198298,2677028,Bang_ke_hoa_don_da_su_dung_T6.2025.xls,1081
G00632,1C25TUV,00005279,13/06/2025,2478730,198298,2677028,Bang_ke_hoa_don_da_su_dung_T6.2025.xls,1082
G00632,1C25TUV,00005540,14/06/2025,2478730,198298,2677028,Bang_ke_hoa_don_da_su_dung_T6.2025.xls,1343
G00632,1C25TUV,00005541,14/06/2025,2478730,198298,2677028,Bang_ke_hoa_don_da_su_dung_T6.2025.xls,1344
G00633,1C25TUV,00003577,06/06/2025,2850926,228074,3079000,Bang_ke_hoa_don_da_su_dung_2024-T6.2025.xls,4366
G00634,1C25TUV,00003593,06/06/2025,496230,39698,535928,Bang_ke_hoa_don_da_su_dung_2024-T6.2025.xls,4382
G00635,1C25TUV,00003604,06/06/2025,1514815,121185,1636000,Bang_ke_hoa_don_da_su_dung_2024-T6.2025.xls,4393
G00636,1C25TUV,00003605,06/06/2025,526852,42148,569000,Bang_ke_hoa_don_da_su_dung_2024-T6.2025.xls,4394
G00636,1C25TUV,00009287,29/06/2025,526852,42148,569000,Bang_ke_hoa_don_da_su_dung_T6.2025 L2.xls,107
G00636,1C25TUV,00009301,29/06/2025,526852,42148,569000,Bang_ke_hoa_don_da_su_dung_T6.2025 L2.xls,121
G00636,1C25TUV,00009305,29/06/2025,526852,42148,569000,Bang_ke_hoa_don_da_su_dung_T6.2025 L2.xls,125
G00636,1C25TUV,00009313,29/06/2025,526852,42148,569000,Bang_ke_hoa_don_da_su_dung_T6.2025 L2.xls,133
G00636,1C25TUV,00009314,29/06/2025,526852,42148,569000,Bang_ke_hoa_don_da_su_dung_T6.2025 L2.xls,134
G00636,1C25TUV,00009315,29/06/2025,526852,42148,569000,Bang_ke_hoa_don_da_su_dung_T6.2025 L2.xls,135
G00636,1C25TUV,00009321,29/06/2025,526852,42148,569000,Bang_ke_hoa_don_da_su_dung_T6.2025 L2.xls,141
G00636,1C25TUV,00009322,29/06/2025,526852,42148,569000,Bang_ke_hoa_don_da_su_dung_T6.2025 L2.xls,142
G00636,1C25TUV,00009327,29/06/2025,526852,42148,569000,Bang_ke_hoa_don_da_su_dung_T6.2025 L2.xls,147
G00636,1C25TUV,00009330,29/06/2025,526852,42148,569000,Bang_ke_hoa_don_da_su_dung_T6.2025 L2.xls,150
G00636,1C25TUV,00009583,30/06/2025,526852,42148,569000,Bang_ke_hoa_don_da_su_dung_T6.2025 L2.xls,403
G00636,1C25TUV,00009591,30/06/2025,526852,42148,569000,Bang_ke_hoa_don_da_su_dung_T6.2025 L2.xls,411
G00636,1C25TUV,00009606,30/06/2025,526852,42148,569000,Bang_ke_hoa_don_da_su_dung_T6.2025 L2.xls,426
G00636,1C25TUV,00009609,30/06/2025,526852,42148,569000,Bang_ke_hoa_don_da_su_dung_T6.2025 L2.xls,429
G00636,1C25TUV,00009614,30/06/2025,526852,42148,569000,Bang_ke_hoa_don_da_su_dung_T6.2025 L2.xls,434
G00636,1C25TUV,00009617,30/06/2025,526852,42148,569000,Bang_ke_hoa_don_da_su_dung_T6.2025 L2.xls,437
G00636,1C25TUV,00009619,30/06/2025,526852,42148,569000,Bang_ke_hoa_don_da_su_dung_T6.2025 L2.xls,439
G00636,1C25TUV,00009623,30/06/2025,526852,42148,569000,Bang_ke_hoa_don_da_su_dung_T6.2025 L2.xls,443
G00636,1C25TUV,00009624,30/06/2025,526852,42148,569000,Bang_ke_hoa_don_da_su_dung_T6.2025 L2.xls,444
G00636,1C25TUV,00006495,18/06/2025,526852,42148,569000,Bang_ke_hoa_don_da_su_dung_T6.2025.xls,2298
G00636,1C25TUV,00006497,18/06/2025,526852,42148,569000,Bang_ke_hoa_don_da_su_dung_T6.2025.xls,2300
G00636,1C25TUV,00006839,19/06/2025,526852,42148,569000,Bang_ke_hoa_don_da_su_dung_T6.2025.xls,2642
G00636,1C25TUV,00006854,19/06/2025,526852,42148,569000,Bang_ke_hoa_don_da_su_dung_T6.2025.xls,2657
G00636,1C25TUV,00006855,19/06/2025,526852,42148,569000,Bang_ke_hoa_don_da_su_dung_T6.2025.xls,2658
G00636,1C25TUV,00007038,20/06/2025,526852,42148,569000,Bang_ke_hoa_don_da_su_dung_T6.2025.xls,2841
G00636,1C25TUV,00007126,20/06/2025,526852,42148,569000,Bang_ke_hoa_don_da_su_dung_T6.2025.xls,2929
G00636,1C25TUV,00007128,20/06/2025,526852,42148,569000,Bang_ke_hoa_don_da_su_dung_T6.2025.xls,2931
G00636,1C25TUV,00007130,20/06/2025,526852,42148,569000,Bang_ke_hoa_don_da_su_dung_T6.2025.xls,2933
G00636,1C25TUV,00007131,20/06/2025,526852,42148,569000,Bang_ke_hoa_don_da_su_dung_T6.2025.xls,2934
G00636,1C25TUV,00007134,20/06/2025,526852,42148,569000,Bang_ke_hoa_don_da_su_dung_T6.2025.xls,2937
G00636,1C25TUV,00007141,20/06/2025,526852,42148,569000,Bang_ke_hoa_don_da_su_dung_T6.2025.xls,2944
G00636,1C25TUV,00007387,21/06/2025,526852,42148,569000,Bang_ke_hoa_don_da_su_dung_T6.2025.xls,3190
G00636,1C25TUV,00007392,21/06/2025,526852,42148,569000,Bang_ke_hoa_don_da_su_dung_T6.2025.xls,3195
G00636,1C25TUV,00007398,21/06/2025,526852,42148,569000,Bang_ke_hoa_don_da_su_dung_T6.2025.xls,3201
G00636,1C25TUV,00007407,21/06/2025,526852,42148,569000,Bang_ke_hoa_don_da_su_dung_T6.2025.xls,3210
G00636,1C25TUV,00007411,21/06/2025,526852,42148,569000,Bang_ke_hoa_don_da_su_dung_T6.2025.xls,3214
G00636,1C25TUV,00007412,21/06/2025,526852,42148,569000,Bang_ke_hoa_don_da_su_dung_T6.2025.xls,3215
G00636,1C25TUV,00007419,21/06/2025,526852,42148,569000,Bang_ke_hoa_don_da_su_dung_T6.2025.xls,3222
G00636,1C25TUV,00007420,21/06/2025,526852,42148,569000,Bang_ke_hoa_don_da_su_dung_T6.2025.xls,3223
G00636,1C25TUV,00007422,21/06/2025,526852,42148,569000,Bang_ke_hoa_don_da_su_dung_T6.2025.xls,3225
G00636,1C25TUV,00007427,21/06/2025,526852,42148,569000,Bang_ke_hoa_don_da_su_dung_T6.2025.xls,3230
G00636,1C25TUV,00007602,22/06/2025,526852,42148,569000,Bang_ke_hoa_don_da_su_dung_T6.2025.xls,3405
G00636,1C25TUV,00007636,22/06/2025,526852,42148,569000,Bang_ke_hoa_don_da_su_dung_T6.2025.xls,3439
G00636,1C25TUV,00007652,22/06/2025,526852,42148,569000,Bang_ke_hoa_don_da_su_dung_T6.2025.xls,3455
G00636,1C25TUV,00007656,22/06/2025,526852,42148,569000,Bang_ke_hoa_don_da_su_dung_T6.2025.xls,3459
G00636,1C25TUV,00007661,22/06/2025,526852,42148,569000,Bang_ke_hoa_don_da_su_dung_T6.2025.xls,3464
G00636,1C25TUV,00007667,22/06/2025,526852,42148,569000,Bang_ke_hoa_don_da_su_dung_T6.2025.xls,3470
G00636,1C25TUV,00007675,22/06/2025,526852,42148,569000,Bang_ke_hoa_don_da_su_dung_T6.2025.xls,3478
G00636,1C25TUV,00007676,22/06/2025,526852,42148,569000,Bang_ke_hoa_don_da_su_dung_T6.2025.xls,3479
G00636,1C25TUV,00007679,22/06/2025,526852,42148,569000,Bang_ke_hoa_don_da_su_dung_T6.2025.xls,3482
G00636,1C25TUV,00007680,22/06/2025,526852,42148,569000,Bang_ke_hoa_don_da_su_dung_T6.2025.xls,3483
G00636,1C25TUV,00007681,22/06/2025,526852,42148,569000,Bang_ke_hoa_don_da_su_dung_T6.2025.xls,3484
G00636,1C25TUV,00007996,23/06/2025,526852,42148,569000,Bang_ke_hoa_don_da_su_dung_T6.2025.xls,3799
G00636,1C25TUV,00008012,23/06/2025,526852,42148,569000,Bang_ke_hoa_don_da_su_dung_T6.2025.xls,3815
G00636,1C25TUV,00008021,23/06/2025,526852,42148,569000,Bang_ke_hoa_don_da_su_dung_T6.2025.xls,3824
G00636,1C25TUV,00008030,23/06/2025,526852,42148,569000,Bang_ke_hoa_don_da_su_dung_T6.2025.xls,3833
G00636,1C25TUV,00008031,23/06/2025,526852,42148,569000,Bang_ke_hoa_don_da_su_dung_T6.2025.xls,3834
G00636,1C25TUV,00008036,23/06/2025,526852,42148,569000,Bang_ke_hoa_don_da_su_dung_T6.2025.xls,3839
G00636,1C25TUV,00008041,23/06/2025,526852,42148,569000,Bang_ke_hoa_don_da_su_dung_T6.2025.xls,3844
G00636,1C25TUV,00008044,23/06/2025,526852,42148,569000,Bang_ke_hoa_don_da_su_dung_T6.2025.xls,3847
G00636,1C25TUV,00008046,23/06/2025,526852,42148,569000,Bang_ke_hoa_don_da_su_dung_T6.2025.xls,3849
G00636,1C25TUV,00008047,23/06/2025,526852,42148,569000,Bang_ke_hoa_don_da_su_dung_T6.2025.xls,3850
G00636,1C25TUV,00008048,23/06/2025,526852,42148,569000,Bang_ke_hoa_don_da_su_dung_T6.2025.xls,3851
G00636,1C25TUV,00008057,23/06/2025,526852,42148,569000,Bang_ke_hoa_don_da_su_dung_T6.2025.xls,3860
G00636,1C25TUV,00008342,24/06/2025,526852,42148,569000,Bang_ke_hoa_don_da_su_dung_T6.2025.xls,4145
G00636,1C25TUV,00008347,24/06/2025,526852,42148,569000,Bang_ke_hoa_don_da_su_dung_T6.2025.xls,4150
G00636,1C25TUV,00008349,24/06/2025,526852,42148,569000,Bang_ke_hoa_don_da_su_dung_T6.2025.xls,4152
G00636,1C25TUV,00008357,24/06/2025,526852,42148,569000,Bang_ke_hoa_don_da_su_dung_T6.2025.xls,4160
G00636,1C25TUV,00008364,24/06/2025,526852,42148,569000,Bang_ke_hoa_don_da_su_dung_T6.2025.xls,4167
G00636,1C25TUV,00008365,24/06/2025,526852,42148,569000,Bang_ke_hoa_don_da_su_dung_T6.2025.xls,4168
G00636,1C25TUV,00008366,24/06/2025,526852,42148,569000,Bang_ke_hoa_don_da_su_dung_T6.2025.xls,4169
G00636,1C25TUV,00008370,24/06/2025,526852,42148,569000,Bang_ke_hoa_don_da_su_dung_T6.2025.xls,4173
G00636,1C25TUV,00008373,24/06/2025,526852,42148,569000,Bang_ke_hoa_don_da_su_dung_T6.2025.xls,4176
G00636,1C25TUV,00008374,24/06/2025,526852,42148,569000,Bang_ke_hoa_don_da_su_dung_T6.2025.xls,4177
G00636,1C25TUV,00008375,24/06/2025,526852,42148,569000,Bang_ke_hoa_don_da_su_dung_T6.2025.xls,4178
G00636,1C25TUV,00008377,24/06/2025,526852,42148,569000,Bang_ke_hoa_don_da_su_dung_T6.2025.xls,4180
G00636,1C25TUV,00008379,24/06/2025,526852,42148,569000,Bang_ke_hoa_don_da_su_dung_T6.2025.xls,4182
G00636,1C25TUV,00008382,24/06/2025,526852,42148,569000,Bang_ke_hoa_don_da_su_dung_T6.2025.xls,4185
G00636,1C25TUV,00008407,25/06/2025,526852,42148,569000,Bang_ke_hoa_don_da_su_dung_T6.2025.xls,4210
G00636,1C25TUV,00008416,25/06/2025,526852,42148,569000,Bang_ke_hoa_don_da_su_dung_T6.2025.xls,4219
G00636,1C25TUV,00008421,25/06/2025,526852,42148,569000,Bang_ke_hoa_don_da_su_dung_T6.2025.xls,4224
G00636,1C25TUV,00008426,25/06/2025,526852,42148,569000,Bang_ke_hoa_don_da_su_dung_T6.2025.xls,4229
G00636,1C25TUV,00008429,25/06/2025,526852,42148,569000,Bang_ke_hoa_don_da_su_dung_T6.2025.xls,4232
G00636,1C25TUV,00008430,25/06/2025,526852,42148,569000,Bang_ke_hoa_don_da_su_dung_T6.2025.xls,4233
G00636,1C25TUV,00008431,25/06/2025,526852,42148,569000,Bang_ke_hoa_don_da_su_dung_T6.2025.xls,4234
G00636,1C25TUV,00008436,25/06/2025,526852,42148,569000,Bang_ke_hoa_don_da_su_dung_T6.2025.xls,4239
G00636,1C25TUV,00008437,25/06/2025,526852,42148,569000,Bang_ke_hoa_don_da_su_dung_T6.2025.xls,4240
G00636,1C25TUV,00008438,25/06/2025,526852,42148,569000,Bang_ke_hoa_don_da_su_dung_T6.2025.xls,4241
G00636,1C25TUV,00008439,25/06/2025,526852,42148,569000,Bang_ke_hoa_don_da_su_dung_T6.2025.xls,4242
G00636,1C25TUV,00008442,25/06/2025,526852,42148,569000,Bang_ke_hoa_don_da_su_dung_T6.2025.xls,4245
G00636,1C25TUV,00008444,25/06/2025,526852,42148,569000,Bang_ke_hoa_don_da_su_dung_T6.2025.xls,4247
G00636,1C25TUV,00008446,25/06/2025,526852,42148,569000,Bang_ke_hoa_don_da_su_dung_T6.2025.xls,4249
G00636,1C25TUV,00008447,25/06/2025,526852,42148,569000,Bang_ke_hoa_don_da_su_dung_T6.2025.xls,4250
G00636,1C25TUV,00008451,25/06/2025,526852,42148,569000,Bang_ke_hoa_don_da_su_dung_T6.2025.xls,4254
G00636,1C25TUV,00008453,25/06/2025,526852,42148,569000,Bang_ke_hoa_don_da_su_dung_T6.2025.xls,4256
G00636,1C25TUV,00008455,25/06/2025,526852,42148,569000,Bang_ke_hoa_don_da_su_dung_T6.2025.xls,4258
G00636,1C25TUV,00008456,25/06/2025,526852,42148,569000,Bang_ke_hoa_don_da_su_dung_T6.2025.xls,4259
G00636,1C25TUV,00008609,26/06/2025,526852,42148,569000,Bang_ke_hoa_don_da_su_dung_T6.2025.xls,4412
G00636,1C25TUV,00008615,26/06/2025,526852,42148,569000,Bang_ke_hoa_don_da_su_dung_T6.2025.xls,4418
G00636,1C25TUV,00008622,26/06/2025,526852,42148,569000,Bang_ke_hoa_don_da_su_dung_T6.2025.xls,4425
G00636,1C25TUV,00008624,26/06/2025,526852,42148,569000,Bang_ke_hoa_don_da_su_dung_T6.2025.xls,4427
G00636,1C25TUV,00008626,26/06/2025,526852,42148,569000,Bang_ke_hoa_don_da_su_dung_T6.2025.xls,4429
G00636,1C25TUV,00008634,26/06/2025,526852,42148,569000,Bang_ke_hoa_don_da_su_dung_T6.2025.xls,4437
G00636,1C25TUV,00008639,26/06/2025,526852,42148,569000,Bang_ke_hoa_don_da_su_dung_T6.2025.xls,4442
G00636,1C25TUV,00008642,26/06/2025,526852,42148,569000,Bang_ke_hoa_don_da_su_dung_T6.2025.xls,4445
G00636,1C25TUV,00008646,26/06/2025,526852,42148,569000,Bang_ke_hoa_don_da_su_dung_T6.2025.xls,4449
G00636,1C25TUV,00008784,27/06/2025,526852,42148,569000,Bang_ke_hoa_don_da_su_dung_T6.2025.xls,4587
G00636,1C25TUV,00008785,27/06/2025,526852,42148,569000,Bang_ke_hoa_don_da_su_dung_T6.2025.xls,4588
G00636,1C25TUV,00008791,27/06/2025,526852,42148,569000,Bang_ke_hoa_don_da_su_dung_T6.2025.xls,4594
G00636,1C25TUV,00008811,27/06/2025,526852,42148,569000,Bang_ke_hoa_don_da_su_dung_T6.2025.xls,4614
G00636,1C25TUV,00008815,27/06/2025,526852,42148,569000,Bang_ke_hoa_don_da_su_dung_T6.2025.xls,4618
G00636,1C25TUV,00008821,27/06/2025,526852,42148,569000,Bang_ke_hoa_don_da_su_dung_T6.2025.xls,4624
G00636,1C25TUV,00008827,27/06/2025,526852,42148,569000,Bang_ke_hoa_don_da_su_dung_T6.2025.xls,4630
G00636,1C25TUV,00008836,27/06/2025,526852,42148,569000,Bang_ke_hoa_don_da_su_dung_T6.2025.xls,4639
G00636,1C25TUV,00008837,27/06/2025,526852,42148,569000,Bang_ke_hoa_don_da_su_dung_T6.2025.xls,4640
G00636,1C25TUV,00008839,27/06/2025,526852,42148,569000,Bang_ke_hoa_don_da_su_dung_T6.2025.xls,4642
G00636,1C25TUV,00008843,27/06/2025,526852,42148,569000,Bang_ke_hoa_don_da_su_dung_T6.2025.xls,4646
G00636,1C25TUV,00008996,28/06/2025,526852,42148,569000,Bang_ke_hoa_don_da_su_dung_T6.2025.xls,4799
G00636,1C25TUV,00008997,28/06/2025,526852,42148,569000,Bang_ke_hoa_don_da_su_dung_T6.2025.xls,4800
G00636,1C25TUV,00009008,28/06/2025,526852,42148,569000,Bang_ke_hoa_don_da_su_dung_T6.2025.xls,4811
G00636,1C25TUV,00009016,28/06/2025,526852,42148,569000,Bang_ke_hoa_don_da_su_dung_T6.2025.xls,4819
G00636,1C25TUV,00009021,28/06/2025,526852,42148,569000,Bang_ke_hoa_don_da_su_dung_T6.2025.xls,4824
G00636,1C25TUV,00009024,28/06/2025,526852,42148,569000,Bang_ke_hoa_don_da_su_dung_T6.2025.xls,4827
G00636,1C25TUV,00009025,28/06/2025,526852,42148,569000,Bang_ke_hoa_don_da_su_dung_T6.2025.xls,4828
G00636,1C25TUV,00009029,28/06/2025,526852,42148,569000,Bang_ke_hoa_don_da_su_dung_T6.2025.xls,4832
G00636,1C25TUV,00009030,28/06/2025,526852,42148,569000,Bang_ke_hoa_don_da_su_dung_T6.2025.xls,4833
G00636,1C25TUV,00009035,28/06/2025,526852,42148,569000,Bang_ke_hoa_don_da_su_dung_T6.2025.xls,4838
G00636,1C25TUV,00009038,28/06/2025,526852,42148,569000,Bang_ke_hoa_don_da_su_dung_T6.2025.xls,4841
G00636,1C25TUV,00009043,28/06/2025,526852,42148,569000,Bang_ke_hoa_don_da_su_dung_T6.2025.xls,4846
G00636,1C25TUV,00009046,28/06/2025,526852,42148,569000,Bang_ke_hoa_don_da_su_dung_T6.2025.xls,4849
G00637,1C25TUV,00003618,06/06/2025,1147222,91778,1239000,Bang_ke_hoa_don_da_su_dung_2024-T6.2025.xls,4407
G00637,1C25TUV,00003676,07/06/2025,1147222,91778,1239000,Bang_ke_hoa_don_da_su_dung_2024-T6.2025.xls,4465
G00637,1C25TUV,00003690,07/06/2025,1147222,91778,1239000,Bang_ke_hoa_don_da_su_dung_2024-T6.2025.xls,4479
G00637,1C25TUV,00003691,07/06/2025,1147222,91778,1239000,Bang_ke_hoa_don_da_su_dung_2024-T6.2025.xls,4480
G00637,1C25TUV,00003694,07/06/2025,1147222,91778,1239000,Bang_ke_hoa_don_da_su_dung_2024-T6.2025.xls,4483
G00637,1C25TUV,00003697,07/06/2025,1147222,91778,1239000,Bang_ke_hoa_don_da_su_dung_2024-T6.2025.xls,4486
G00637,1C25TUV,00003704,07/06/2025,1147222,91778,1239000,Bang_ke_hoa_don_da_su_dung_2024-T6.2025.xls,4493
G00637,1C25TUV,00003707,07/06/2025,1147222,91778,1239000,Bang_ke_hoa_don_da_su_dung_2024-T6.2025.xls,4496
G00637,1C25TUV,00003943,08/06/2025,1147222,91778,1239000,Bang_ke_hoa_don_da_su_dung_2024-T6.2025.xls,4732
G00637,1C25TUV,00003949,08/06/2025,1147222,91778,1239000,Bang_ke_hoa_don_da_su_dung_2024-T6.2025.xls,4738
G00637,1C25TUV,00003992,08/06/2025,1147222,91778,1239000,Bang_ke_hoa_don_da_su_dung_2024-T6.2025.xls,4781
G00637,1C25TUV,00003994,08/06/2025,1147222,91778,1239000,Bang_ke_hoa_don_da_su_dung_2024-T6.2025.xls,4783
G00637,1C25TUV,00004007,08/06/2025,1147222,91778,1239000,Bang_ke_hoa_don_da_su_dung_2024-T6.2025.xls,4796
G00637,1C25TUV,00004016,08/06/2025,1147222,91778,1239000,Bang_ke_hoa_don_da_su_dung_2024-T6.2025.xls,4805
G00637,1C25TUV,00004017,08/06/2025,1147222,91778,1239000,Bang_ke_hoa_don_da_su_dung_2024-T6.2025.xls,4806
G00637,1C25TUV,00004021,08/06/2025,1147222,91778,1239000,Bang_ke_hoa_don_da_su_dung_2024-T6.2025.xls,4810
G00637,1C25TUV,00004022,08/06/2025,1147222,91778,1239000,Bang_ke_hoa_don_da_su_dung_2024-T6.2025.xls,4811
G00637,1C25TUV,00004233,09/06/2025,1147222,91778,1239000,Bang_ke_hoa_don_da_su_dung_T6.2025.xls,36
G00637,1C25TUV,00004241,09/06/2025,1147222,91778,1239000,Bang_ke_hoa_don_da_su_dung_T6.2025.xls,44
G00637,1C25TUV,00004242,09/06/2025,1147222,91778,1239000,Bang_ke_hoa_don_da_su_dung_T6.2025.xls,45
G00637,1C25TUV,00004256,09/06/2025,1147222,91778,1239000,Bang_ke_hoa_don_da_su_dung_T6.2025.xls,59
G00637,1C25TUV,00004268,09/06/2025,1147222,91778,1239000,Bang_ke_hoa_don_da_su_dung_T6.2025.xls,71
G00637,1C25TUV,00004280,09/06/2025,1147222,91778,1239000,Bang_ke_hoa_don_da_su_dung_T6.2025.xls,83
G00637,1C25TUV,00004332,09/06/2025,1147222,91778,1239000,Bang_ke_hoa_don_da_su_dung_T6.2025.xls,135
G00637,1C25TUV,00004511,10/06/2025,1147222,91778,1239000,Bang_ke_hoa_don_da_su_dung_T6.2025.xls,314
G00637,1C25TUV,00004512,10/06/2025,1147222,91778,1239000,Bang_ke_hoa_don_da_su_dung_T6.2025.xls,315
G00637,1C25TUV,00004514,10/06/2025,1147222,91778,1239000,Bang_ke_hoa_don_da_su_dung_T6.2025.xls,317
G00637,1C25TUV,00004518,10/06/2025,1147222,91778,1239000,Bang_ke_hoa_don_da_su_dung_T6.2025.xls,321
G00637,1C25TUV,00004545,10/06/2025,1147222,91778,1239000,Bang_ke_hoa_don_da_su_dung_T6.2025.xls,348
G00637,1C25TUV,00004791,11/06/2025,1147222,91778,1239000,Bang_ke_hoa_don_da_su_dung_T6.2025.xls,594
G00637,1C25TUV,00004810,11/06/2025,1147222,91778,1239000,Bang_ke_hoa_don_da_su_dung_T6.2025.xls,613
G00637,1C25TUV,00005012,12/06/2025,1147222,91778,1239000,Bang_ke_hoa_don_da_su_dung_T6.2025.xls,815
G00637,1C25TUV,00005014,12/06/2025,1147222,91778,1239000,Bang_ke_hoa_don_da_su_dung_T6.2025.xls,817
G00637,1C25TUV,00005271,13/06/2025,1147222,91778,1239000,Bang_ke_hoa_don_da_su_dung_T6.2025.xls,1074
G00637,1C25TUV,00006069,16/06/2025,1147222,91778,1239000,Bang_ke_hoa_don_da_su_dung_T6.2025.xls,1872
G00637,1C25TUV,00006423,18/06/2025,1147222,91778,1239000,Bang_ke_hoa_don_da_su_dung_T6.2025.xls,2226
G00637,1C25TUV,00006759,19/06/2025,1147222,91778,1239000,Bang_ke_hoa_don_da_su_dung_T6.2025.xls,2562
G00637,1C25TUV,00006795,19/06/2025,1147222,91778,1239000,Bang_ke_hoa_don_da_su_dung_T6.2025.xls,2598
G00637,1C25TUV,00007657,22/06/2025,1147222,91778,1239000,Bang_ke_hoa_don_da_su_dung_T6.2025.xls,3460
G00637,1C25TUV,00008018,23/06/2025,1147222,91778,1239000,Bang_ke_hoa_don_da_su_dung_T6.2025.xls,3821
G00637,1C25TUV,00008450,25/06/2025,1147222,91778,1239000,Bang_ke_hoa_don_da_su_dung_T6.2025.xls,4253
G00637,1C25TUV,00008800,27/06/2025,1147222,91778,1239000,Bang_ke_hoa_don_da_su_dung_T6.2025.xls,4603
G00637,1C25TUV,00008814,27/06/2025,1147222,91778,1239000,Bang_ke_hoa_don_da_su_dung_T6.2025.xls,4617
G00638,1C25TUV,00003625,06/06/2025,1543519,123481,1667000,Bang_ke_hoa_don_da_su_dung_2024-T6.2025.xls,4414
G00638,1C25TUV,00004352,09/06/2025,1543519,123481,1667000,Bang_ke_hoa_don_da_su_dung_T6.2025.xls,155
G00638,1C25TUV,00005048,12/06/2025,1543519,123481,1667000,Bang_ke_hoa_don_da_su_dung_T6.2025.xls,851
G00638,1C25TUV,00007995,23/06/2025,1543519,123481,1667000,Bang_ke_hoa_don_da_su_dung_T6.2025.xls,3798
G00639,1C25TUV,00003672,07/06/2025,878704,70296,949000,Bang_ke_hoa_don_da_su_dung_2024-T6.2025.xls,4461
G00639,1C25TUV,00003674,07/06/2025,878704,70296,949000,Bang_ke_hoa_don_da_su_dung_2024-T6.2025.xls,4463
G00639,1C25TUV,00003675,07/06/2025,878704,70296,949000,Bang_ke_hoa_don_da_su_dung_2024-T6.2025.xls,4464
G00639,1C25TUV,00003682,07/06/2025,878704,70296,949000,Bang_ke_hoa_don_da_su_dung_2024-T6.2025.xls,4471
G00639,1C25TUV,00003684,07/06/2025,878704,70296,949000,Bang_ke_hoa_don_da_su_dung_2024-T6.2025.xls,4473
G00639,1C25TUV,00003685,07/06/2025,878704,70296,949000,Bang_ke_hoa_don_da_su_dung_2024-T6.2025.xls,4474
G00639,1C25TUV,00003686,07/06/2025,878704,70296,949000,Bang_ke_hoa_don_da_su_dung_2024-T6.2025.xls,4475
G00639,1C25TUV,00003688,07/06/2025,878704,70296,949000,Bang_ke_hoa_don_da_su_dung_2024-T6.2025.xls,4477
G00639,1C25TUV,00003692,07/06/2025,878704,70296,949000,Bang_ke_hoa_don_da_su_dung_2024-T6.2025.xls,4481
G00639,1C25TUV,00003932,08/06/2025,878704,70296,949000,Bang_ke_hoa_don_da_su_dung_2024-T6.2025.xls,4721
G00639,1C25TUV,00003938,08/06/2025,878704,70296,949000,Bang_ke_hoa_don_da_su_dung_2024-T6.2025.xls,4727
G00639,1C25TUV,00003946,08/06/2025,878704,70296,949000,Bang_ke_hoa_don_da_su_dung_2024-T6.2025.xls,4735
G00639,1C25TUV,00003948,08/06/2025,878704,70296,949000,Bang_ke_hoa_don_da_su_dung_2024-T6.2025.xls,4737
G00639,1C25TUV,00003958,08/06/2025,878704,70296,949000,Bang_ke_hoa_don_da_su_dung_2024-T6.2025.xls,4747
G00639,1C25TUV,00003988,08/06/2025,878704,70296,949000,Bang_ke_hoa_don_da_su_dung_2024-T6.2025.xls,4777
G00639,1C25TUV,00003989,08/06/2025,878704,70296,949000,Bang_ke_hoa_don_da_su_dung_2024-T6.2025.xls,4778
G00639,1C25TUV,00003990,08/06/2025,878704,70296,949000,Bang_ke_hoa_don_da_su_dung_2024-T6.2025.xls,4779
G00639,1C25TUV,00003991,08/06/2025,878704,70296,949000,Bang_ke_hoa_don_da_su_dung_2024-T6.2025.xls,4780
G00639,1C25TUV,00003993,08/06/2025,878704,70296,949000,Bang_ke_hoa_don_da_su_dung_2024-T6.2025.xls,4782
G00639,1C25TUV,00004018,08/06/2025,878704,70296,949000,Bang_ke_hoa_don_da_su_dung_2024-T6.2025.xls,4807
G00639,1C25TUV,00004019,08/06/2025,878704,70296,949000,Bang_ke_hoa_don_da_su_dung_2024-T6.2025.xls,4808
G00639,1C25TUV,00004020,08/06/2025,878704,70296,949000,Bang_ke_hoa_don_da_su_dung_2024-T6.2025.xls,4809
G00639,1C25TUV,00004205,09/06/2025,878704,70296,949000,Bang_ke_hoa_don_da_su_dung_T6.2025.xls,8
G00639,1C25TUV,00004236,09/06/2025,878704,70296,949000,Bang_ke_hoa_don_da_su_dung_T6.2025.xls,39
G00639,1C25TUV,00004245,09/06/2025,878704,70296,949000,Bang_ke_hoa_don_da_su_dung_T6.2025.xls,48
G00639,1C25TUV,00004254,09/06/2025,878704,70296,949000,Bang_ke_hoa_don_da_su_dung_T6.2025.xls,57
G00639,1C25TUV,00004255,09/06/2025,878704,70296,949000,Bang_ke_hoa_don_da_su_dung_T6.2025.xls,58
G00639,1C25TUV,00004258,09/06/2025,878704,70296,949000,Bang_ke_hoa_don_da_su_dung_T6.2025.xls,61
G00639,1C25TUV,00004282,09/06/2025,878704,70296,949000,Bang_ke_hoa_don_da_su_dung_T6.2025.xls,85
G00639,1C25TUV,00004283,09/06/2025,878704,70296,949000,Bang_ke_hoa_don_da_su_dung_T6.2025.xls,86
G00639,1C25TUV,00004476,10/06/2025,878704,70296,949000,Bang_ke_hoa_don_da_su_dung_T6.2025.xls,279
G00639,1C25TUV,00004506,10/06/2025,878704,70296,949000,Bang_ke_hoa_don_da_su_dung_T6.2025.xls,309
G00639,1C25TUV,00004525,10/06/2025,878704,70296,949000,Bang_ke_hoa_don_da_su_dung_T6.2025.xls,328
G00639,1C25TUV,00004536,10/06/2025,878704,70296,949000,Bang_ke_hoa_don_da_su_dung_T6.2025.xls,339
G00639,1C25TUV,00004546,10/06/2025,878704,70296,949000,Bang_ke_hoa_don_da_su_dung_T6.2025.xls,349
G00639,1C25TUV,00004547,10/06/2025,878704,70296,949000,Bang_ke_hoa_don_da_su_dung_T6.2025.xls,350
G00639,1C25TUV,00004548,10/06/2025,878704,70296,949000,Bang_ke_hoa_don_da_su_dung_T6.2025.xls,351
G00639,1C25TUV,00004553,10/06/2025,878704,70296,949000,Bang_ke_hoa_don_da_su_dung_T6.2025.xls,356
G00639,1C25TUV,00004792,11/06/2025,878704,70296,949000,Bang_ke_hoa_don_da_su_dung_T6.2025.xls,595
G00639,1C25TUV,00004812,11/06/2025,878704,70296,949000,Bang_ke_hoa_don_da_su_dung_T6.2025.xls,615
G00639,1C25TUV,00005013,12/06/2025,878704,70296,949000,Bang_ke_hoa_don_da_su_dung_T6.2025.xls,816
G00639,1C25TUV,00005016,12/06/2025,878704,70296,949000,Bang_ke_hoa_don_da_su_dung_T6.2025.xls,819
G00640,1C25TUV,00003693,07/06/2025,184259,14741,199000,Bang_ke_hoa_don_da_su_dung_2024-T6.2025.xls,4482
G00641,1C25TUV,00003695,07/06/2025,758333,60667,819000,Bang_ke_hoa_don_da_su_dung_2024-T6.2025.xls,4484
G00641,1C25TUV,00003696,07/06/2025,758333,60667,819000,Bang_ke_hoa_don_da_su_dung_2024-T6.2025.xls,4485
G00641,1C25TUV,00003698,07/06/2025,758333,60667,819000,Bang_ke_hoa_don_da_su_dung_2024-T6.2025.xls,4487
G00641,1C25TUV,00003699,07/06/2025,758333,60667,819000,Bang_ke_hoa_don_da_su_dung_2024-T6.2025.xls,4488
G00641,1C25TUV,00003700,07/06/2025,758333,60667,819000,Bang_ke_hoa_don_da_su_dung_2024-T6.2025.xls,4489
G00641,1C25TUV,00003701,07/06/2025,758333,60667,819000,Bang_ke_hoa_don_da_su_dung_2024-T6.2025.xls,4490
G00641,1C25TUV,00003702,07/06/2025,758333,60667,819000,Bang_ke_hoa_don_da_su_dung_2024-T6.2025.xls,4491
G00641,1C25TUV,00003703,07/06/2025,758333,60667,819000,Bang_ke_hoa_don_da_su_dung_2024-T6.2025.xls,4492
G00641,1C25TUV,00003705,07/06/2025,758333,60667,819000,Bang_ke_hoa_don_da_su_dung_2024-T6.2025.xls,4494
G00641,1C25TUV,00004000,08/06/2025,758333,60667,819000,Bang_ke_hoa_don_da_su_dung_2024-T6.2025.xls,4789
G00641,1C25TUV,00004001,08/06/2025,758333,60667,819000,Bang_ke_hoa_don_da_su_dung_2024-T6.2025.xls,4790
G00641,1C25TUV,00004003,08/06/2025,758333,60667,819000,Bang_ke_hoa_don_da_su_dung_2024-T6.2025.xls,4792
G00641,1C25TUV,00004006,08/06/2025,758333,60667,819000,Bang_ke_hoa_don_da_su_dung_2024-T6.2025.xls,4795
G00641,1C25TUV,00004009,08/06/2025,758333,60667,819000,Bang_ke_hoa_don_da_su_dung_2024-T6.2025.xls,4798
G00641,1C25TUV,00004010,08/06/2025,758333,60667,819000,Bang_ke_hoa_don_da_su_dung_2024-T6.2025.xls,4799
G00641,1C25TUV,00004011,08/06/2025,758333,60667,819000,Bang_ke_hoa_don_da_su_dung_2024-T6.2025.xls,4800
G00641,1C25TUV,00004012,08/06/2025,758333,60667,819000,Bang_ke_hoa_don_da_su_dung_2024-T6.2025.xls,4801
G00641,1C25TUV,00004229,09/06/2025,758333,60667,819000,Bang_ke_hoa_don_da_su_dung_T6.2025.xls,32
G00641,1C25TUV,00004261,09/06/2025,758333,60667,819000,Bang_ke_hoa_don_da_su_dung_T6.2025.xls,64
G00641,1C25TUV,00004263,09/06/2025,758333,60667,819000,Bang_ke_hoa_don_da_su_dung_T6.2025.xls,66
G00641,1C25TUV,00004264,09/06/2025,758333,60667,819000,Bang_ke_hoa_don_da_su_dung_T6.2025.xls,67
G00641,1C25TUV,00004267,09/06/2025,758333,60667,819000,Bang_ke_hoa_don_da_su_dung_T6.2025.xls,70
G00641,1C25TUV,00004527,10/06/2025,758333,60667,819000,Bang_ke_hoa_don_da_su_dung_T6.2025.xls,330
G00641,1C25TUV,00004528,10/06/2025,758333,60667,819000,Bang_ke_hoa_don_da_su_dung_T6.2025.xls,331
G00641,1C25TUV,00004529,10/06/2025,758333,60667,819000,Bang_ke_hoa_don_da_su_dung_T6.2025.xls,332
G00641,1C25TUV,00005882,16/06/2025,758333,60667,819000,Bang_ke_hoa_don_da_su_dung_T6.2025.xls,1685
G00642,1C25TUV,00003706,07/06/2025,767593,61407,829000,Bang_ke_hoa_don_da_su_dung_2024-T6.2025.xls,4495
G00642,1C25TUV,00004004,08/06/2025,767593,61407,829000,Bang_ke_hoa_don_da_su_dung_2024-T6.2025.xls,4793
G00642,1C25TUV,00004008,08/06/2025,767593,61407,829000,Bang_ke_hoa_don_da_su_dung_2024-T6.2025.xls,4797
G00642,1C25TUV,00004013,08/06/2025,767593,61407,829000,Bang_ke_hoa_don_da_su_dung_2024-T6.2025.xls,4802
G00642,1C25TUV,00004014,08/06/2025,767593,61407,829000,Bang_ke_hoa_don_da_su_dung_2024-T6.2025.xls,4803
G00642,1C25TUV,00004015,08/06/2025,767593,61407,829000,Bang_ke_hoa_don_da_su_dung_2024-T6.2025.xls,4804
G00642,1C25TUV,00004228,09/06/2025,767593,61407,829000,Bang_ke_hoa_don_da_su_dung_T6.2025.xls,31
G00642,1C25TUV,00004230,09/06/2025,767593,61407,829000,Bang_ke_hoa_don_da_su_dung_T6.2025.xls,33
G00642,1C25TUV,00004231,09/06/2025,767593,61407,829000,Bang_ke_hoa_don_da_su_dung_T6.2025.xls,34
G00642,1C25TUV,00004232,09/06/2025,767593,61407,829000,Bang_ke_hoa_don_da_su_dung_T6.2025.xls,35
G00642,1C25TUV,00004262,09/06/2025,767593,61407,829000,Bang_ke_hoa_don_da_su_dung_T6.2025.xls,65
G00642,1C25TUV,00004265,09/06/2025,767593,61407,829000,Bang_ke_hoa_don_da_su_dung_T6.2025.xls,68
G00642,1C25TUV,00004530,10/06/2025,767593,61407,829000,Bang_ke_hoa_don_da_su_dung_T6.2025.xls,333
G00642,1C25TUV,00004531,10/06/2025,767593,61407,829000,Bang_ke_hoa_don_da_su_dung_T6.2025.xls,334
G00643,1C25TUV,00003718,07/06/2025,596389,47711,644100,Bang_ke_hoa_don_da_su_dung_2024-T6.2025.xls,4507
G00643,1C25TUV,00004466,10/06/2025,596389,47711,644100,Bang_ke_hoa_don_da_su_dung_T6.2025.xls,269
G00643,1C25TUV,00008914,27/06/2025,596389,47711,644100,Bang_ke_hoa_don_da_su_dung_T6.2025.xls,4717
G00644,1C25TUV,00003726,07/06/2025,385278,30822,416100,Bang_ke_hoa_don_da_su_dung_2024-T6.2025.xls,4515
G00644,1C25TUV,00003730,07/06/2025,385278,30822,416100,Bang_ke_hoa_don_da_su_dung_2024-T6.2025.xls,4519
G00644,1C25TUV,00004077,08/06/2025,385278,30822,416100,Bang_ke_hoa_don_da_su_dung_2024-T6.2025.xls,4866
G00644,1C25TUV,00004219,09/06/2025,385278,30822,416100,Bang_ke_hoa_don_da_su_dung_T6.2025.xls,22
G00644,1C25TUV,00004276,09/06/2025,385278,30822,416100,Bang_ke_hoa_don_da_su_dung_T6.2025.xls,79
G00644,1C25TUV,00006334,17/06/2025,385278,30822,416100,Bang_ke_hoa_don_da_su_dung_T6.2025.xls,2137
G00644,1C25TUV,00006901,19/06/2025,385278,30822,416100,Bang_ke_hoa_don_da_su_dung_T6.2025.xls,2704
G00644,1C25TUV,00008757,26/06/2025,385278,30822,416100,Bang_ke_hoa_don_da_su_dung_T6.2025.xls,4560
G00645,1C25TUV,00003732,07/06/2025,2176018,174081,2350099,Bang_ke_hoa_don_da_su_dung_2024-T6.2025.xls,4521
G00646,1C25TUV,00003733,07/06/2025,443555,35484,479039,Bang_ke_hoa_don_da_su_dung_2024-T6.2025.xls,4522
G00646,1C25TUV,00004475,10/06/2025,443555,35484,479039,Bang_ke_hoa_don_da_su_dung_T6.2025.xls,278
G00647,1C25TUV,00003737,07/06/2025,1223998,97920,1321918,Bang_ke_hoa_don_da_su_dung_2024-T6.2025.xls,4526
G00647,1C25TUV,00004206,09/06/2025,1223998,97920,1321918,Bang_ke_hoa_don_da_su_dung_T6.2025.xls,9
G00647,1C25TUV,00004208,09/06/2025,1223998,97920,1321918,Bang_ke_hoa_don_da_su_dung_T6.2025.xls,11
G00647,1C25TUV,00004210,09/06/2025,1223998,97920,1321918,Bang_ke_hoa_don_da_su_dung_T6.2025.xls,13
G00648,1C25TUV,00003738,07/06/2025,2489015,199121,2688136,Bang_ke_hoa_don_da_su_dung_2024-T6.2025.xls,4527
G00649,1C25TUV,00003767,07/06/2025,1610185,128815,1739000,Bang_ke_hoa_don_da_su_dung_2024-T6.2025.xls,4556
G00650,1C25TUV,00003796,07/06/2025,499074,39926,539000,Bang_ke_hoa_don_da_su_dung_2024-T6.2025.xls,4585
G00651,1C25TUV,00003802,07/06/2025,2014341,161147,2175488,Bang_ke_hoa_don_da_su_dung_2024-T6.2025.xls,4591
G00652,1C25TUV,00003828,07/06/2025,2489015,199121,2688136,Bang_ke_hoa_don_da_su_dung_2024-T6.2025.xls,4617
G00652,1C25TUV,00004595,10/06/2025,2489015,199121,2688136,Bang_ke_hoa_don_da_su_dung_T6.2025.xls,398
G00653,1C25TUV,00003831,07/06/2025,2478704,198296,2677000,Bang_ke_hoa_don_da_su_dung_2024-T6.2025.xls,4620
G00653,1C25TUV,00003832,07/06/2025,2478704,198296,2677000,Bang_ke_hoa_don_da_su_dung_2024-T6.2025.xls,4621
G00653,1C25TUV,00004116,08/06/2025,2478704,198296,2677000,Bang_ke_hoa_don_da_su_dung_2024-T6.2025.xls,4905
G00653,1C25TUV,00004117,08/06/2025,2478704,198296,2677000,Bang_ke_hoa_don_da_su_dung_2024-T6.2025.xls,4906
G00653,1C25TUV,00004409,09/06/2025,2478704,198296,2677000,Bang_ke_hoa_don_da_su_dung_T6.2025.xls,212
G00653,1C25TUV,00004410,09/06/2025,2478704,198296,2677000,Bang_ke_hoa_don_da_su_dung_T6.2025.xls,213
G00653,1C25TUV,00004579,10/06/2025,2478704,198296,2677000,Bang_ke_hoa_don_da_su_dung_T6.2025.xls,382
G00653,1C25TUV,00004580,10/06/2025,2478704,198296,2677000,Bang_ke_hoa_don_da_su_dung_T6.2025.xls,383
G00653,1C25TUV,00004581,10/06/2025,2478704,198296,2677000,Bang_ke_hoa_don_da_su_dung_T6.2025.xls,384
G00653,1C25TUV,00004582,10/06/2025,2478704,198296,2677000,Bang_ke_hoa_don_da_su_dung_T6.2025.xls,385
G00653,1C25TUV,00004819,11/06/2025,2478704,198296,2677000,Bang_ke_hoa_don_da_su_dung_T6.2025.xls,622
G00653,1C25TUV,00006232,17/06/2025,2478704,198296,2677000,Bang_ke_hoa_don_da_su_dung_T6.2025.xls,2035
G00654,1C25TUV,00003891,07/06/2025,1839815,147185,1987000,Bang_ke_hoa_don_da_su_dung_2024-T6.2025.xls,4680
G00654,1C25TUV,00006398,18/06/2025,1839815,147185,1987000,Bang_ke_hoa_don_da_su_dung_T6.2025.xls,2201
G00655,1C25TUV,00003902,07/06/2025,1543519,123482,1667001,Bang_ke_hoa_don_da_su_dung_2024-T6.2025.xls,4691
G00655,1C25TUV,00008389,25/06/2025,1543519,123482,1667001,Bang_ke_hoa_don_da_su_dung_T6.2025.xls,4192
G00656,1C25TUV,00003903,07/06/2025,3035185,242815,3278000,Bang_ke_hoa_don_da_su_dung_2024-T6.2025.xls,4692
G00657,1C25TUV,00003918,07/06/2025,129630,10370,140000,Bang_ke_hoa_don_da_su_dung_2024-T6.2025.xls,4707
G00658,1C25TUV,00003919,07/06/2025,314815,25185,340000,Bang_ke_hoa_don_da_su_dung_2024-T6.2025.xls,4708
G00659,1C25TUV,00003924,08/06/2025,608585,48687,657272,Bang_ke_hoa_don_da_su_dung_2024-T6.2025.xls,4713
G00659,1C25TUV,00004214,09/06/2025,608585,48687,657272,Bang_ke_hoa_don_da_su_dung_T6.2025.xls,17
G00659,1C25TUV,00004215,09/06/2025,608585,48687,657272,Bang_ke_hoa_don_da_su_dung_T6.2025.xls,18
G00659,1C25TUV,00004216,09/06/2025,608585,48687,657272,Bang_ke_hoa_don_da_su_dung_T6.2025.xls,19
G00659,1C25TUV,00004490,10/06/2025,608585,48687,657272,Bang_ke_hoa_don_da_su_dung_T6.2025.xls,293
G00659,1C25TUV,00004491,10/06/2025,608585,48687,657272,Bang_ke_hoa_don_da_su_dung_T6.2025.xls,294
G00659,1C25TUV,00004493,10/06/2025,608585,48687,657272,Bang_ke_hoa_don_da_su_dung_T6.2025.xls,296
G00659,1C25TUV,00004496,10/06/2025,608585,48687,657272,Bang_ke_hoa_don_da_su_dung_T6.2025.xls,299
G00659,1C25TUV,00004797,11/06/2025,608585,48687,657272,Bang_ke_hoa_don_da_su_dung_T6.2025.xls,600
G00660,1C25TUV,00003939,08/06/2025,158881,12711,171592,Bang_ke_hoa_don_da_su_dung_2024-T6.2025.xls,4728
G00660,1C25TUV,00003954,08/06/2025,158881,12711,171592,Bang_ke_hoa_don_da_su_dung_2024-T6.2025.xls,4743
G00660,1C25TUV,00004063,08/06/2025,158881,12711,171592,Bang_ke_hoa_don_da_su_dung_2024-T6.2025.xls,4852
G00661,1C25TUV,00003944,08/06/2025,497222,39778,537000,Bang_ke_hoa_don_da_su_dung_2024-T6.2025.xls,4733
G00661,1C25TUV,00004489,10/06/2025,497222,39778,537000,Bang_ke_hoa_don_da_su_dung_T6.2025.xls,292
G00662,1C25TUV,00003956,08/06/2025,445403,35632,481035,Bang_ke_hoa_don_da_su_dung_2024-T6.2025.xls,4745
G00662,1C25TUV,00004467,10/06/2025,445403,35632,481035,Bang_ke_hoa_don_da_su_dung_T6.2025.xls,270
G00663,1C25TUV,00003959,08/06/2025,202778,16222,219000,Bang_ke_hoa_don_da_su_dung_2024-T6.2025.xls,4748
G00664,1C25TUV,00003965,08/06/2025,487963,39037,527000,Bang_ke_hoa_don_da_su_dung_2024-T6.2025.xls,4754
G00664,1C25TUV,00004039,08/06/2025,487963,39037,527000,Bang_ke_hoa_don_da_su_dung_2024-T6.2025.xls,4828
G00665,1C25TUV,00003974,08/06/2025,462963,37037,500000,Bang_ke_hoa_don_da_su_dung_2024-T6.2025.xls,4763
G00665,1C25TUV,00004567,10/06/2025,462963,37037,500000,Bang_ke_hoa_don_da_su_dung_T6.2025.xls,370
G00665,1C25TUV,00004762,11/06/2025,462963,37037,500000,Bang_ke_hoa_don_da_su_dung_T6.2025.xls,565
G00666,1C25TUV,00003977,08/06/2025,491667,39333,531000,Bang_ke_hoa_don_da_su_dung_2024-T6.2025.xls,4766
G00666,1C25TUV,00004462,10/06/2025,491667,39333,531000,Bang_ke_hoa_don_da_su_dung_T6.2025.xls,265
G00667,1C25TUV,00003999,08/06/2025,443556,35484,479040,Bang_ke_hoa_don_da_su_dung_2024-T6.2025.xls,4788
G00668,1C25TUV,00004043,08/06/2025,1461111,116889,1578000,Bang_ke_hoa_don_da_su_dung_2024-T6.2025.xls,4832
G00668,1C25TUV,00006877,19/06/2025,1461111,116889,1578000,Bang_ke_hoa_don_da_su_dung_T6.2025.xls,2680
G00669,1C25TUV,00004068,08/06/2025,1018519,81481,1100000,Bang_ke_hoa_don_da_su_dung_2024-T6.2025.xls,4857
G00669,1C25TUV,00004562,10/06/2025,1018519,81481,1100000,Bang_ke_hoa_don_da_su_dung_T6.2025.xls,365
G00669,1C25TUV,00004653,10/06/2025,1018519,81481,1100000,Bang_ke_hoa_don_da_su_dung_T6.2025.xls,456
G00669,1C25TUV,00006177,17/06/2025,1018519,81481,1100000,Bang_ke_hoa_don_da_su_dung_T6.2025.xls,1980
G00669,1C25TUV,00007137,20/06/2025,1018519,81481,1100000,Bang_ke_hoa_don_da_su_dung_T6.2025.xls,2940
G00669,1C25TUV,00007643,22/06/2025,1018519,81481,1100000,Bang_ke_hoa_don_da_su_dung_T6.2025.xls,3446
G00670,1C25TUV,00004070,08/06/2025,489815,39185,529000,Bang_ke_hoa_don_da_su_dung_2024-T6.2025.xls,4859
G00671,1C25TUV,00004090,08/06/2025,2443518,195481,2638999,Bang_ke_hoa_don_da_su_dung_2024-T6.2025.xls,4879
G00671,1C25TUV,00004091,08/06/2025,2443518,195481,2638999,Bang_ke_hoa_don_da_su_dung_2024-T6.2025.xls,4880
G00671,1C25TUV,00004092,08/06/2025,2443518,195481,2638999,Bang_ke_hoa_don_da_su_dung_2024-T6.2025.xls,4881
G00672,1C25TUV,00004095,08/06/2025,2387037,190963,2578000,Bang_ke_hoa_don_da_su_dung_2024-T6.2025.xls,4884
G00673,1C25TUV,00004096,08/06/2025,1647222,131778,1779000,Bang_ke_hoa_don_da_su_dung_2024-T6.2025.xls,4885
G00673,1C25TUV,00004097,08/06/2025,1647222,131778,1779000,Bang_ke_hoa_don_da_su_dung_2024-T6.2025.xls,4886
G00673,1C25TUV,00004098,08/06/2025,1647222,131778,1779000,Bang_ke_hoa_don_da_su_dung_2024-T6.2025.xls,4887
G00674,1C25TUV,00004118,08/06/2025,2571296,205704,2777000,Bang_ke_hoa_don_da_su_dung_2024-T6.2025.xls,4907
G00674,1C25TUV,00009188,29/06/2025,2571296,205704,2777000,Bang_ke_hoa_don_da_su_dung_T6.2025 L2.xls,8
G00674,1C25TUV,00004824,11/06/2025,2571296,205704,2777000,Bang_ke_hoa_don_da_su_dung_T6.2025.xls,627
G00674,1C25TUV,00006866,19/06/2025,2571296,205704,2777000,Bang_ke_hoa_don_da_su_dung_T6.2025.xls,2669
G00674,1C25TUV,00007158,20/06/2025,2571296,205704,2777000,Bang_ke_hoa_don_da_su_dung_T6.2025.xls,2961
G00674,1C25TUV,00008471,25/06/2025,2571296,205704,2777000,Bang_ke_hoa_don_da_su_dung_T6.2025.xls,4274
G00674,1C25TUV,00008472,25/06/2025,2571296,205704,2777000,Bang_ke_hoa_don_da_su_dung_T6.2025.xls,4275
G00674,1C25TUV,00008659,26/06/2025,2571296,205704,2777000,Bang_ke_hoa_don_da_su_dung_T6.2025.xls,4462
G00674,1C25TUV,00008856,27/06/2025,2571296,205704,2777000,Bang_ke_hoa_don_da_su_dung_T6.2025.xls,4659
G00674,1C25TUV,00008857,27/06/2025,2571296,205704,2777000,Bang_ke_hoa_don_da_su_dung_T6.2025.xls,4660
G00674,1C25TUV,00008858,27/06/2025,2571296,205704,2777000,Bang_ke_hoa_don_da_su_dung_T6.2025.xls,4661
G00675,1C25TUV,00004161,08/06/2025,998148,79852,1078000,Bang_ke_hoa_don_da_su_dung_2024-T6.2025.xls,4950
G00676,1C25TUV,00004165,08/06/2025,545370,43630,589000,Bang_ke_hoa_don_da_su_dung_2024-T6.2025.xls,4954
G00677,1C25TUV,00004190,08/06/2025,4239815,339185,4579000,Bang_ke_hoa_don_da_su_dung_2024-T6.2025.xls,4979
G00678,1C25TUV,00004202,08/06/2025,594954,47596,642550,Bang_ke_hoa_don_da_su_dung_2024-T6.2025.xls,4991
G00679,1C25TUV,00009189,29/06/2025,904629,72370,976999,Bang_ke_hoa_don_da_su_dung_T6.2025 L2.xls,9
G00680,1C25TUV,00009190,29/06/2025,622417,49793,672210,Bang_ke_hoa_don_da_su_dung_T6.2025 L2.xls,10
G00680,1C25TUV,00007332,20/06/2025,622417,49793,672210,Bang_ke_hoa_don_da_su_dung_T6.2025.xls,3135
G00680,1C25TUV,00007333,20/06/2025,622417,49793,672210,Bang_ke_hoa_don_da_su_dung_T6.2025.xls,3136
G00680,1C25TUV,00007541,21/06/2025,622417,49793,672210,Bang_ke_hoa_don_da_su_dung_T6.2025.xls,3344
G00680,1C25TUV,00007543,21/06/2025,622417,49793,672210,Bang_ke_hoa_don_da_su_dung_T6.2025.xls,3346
G00680,1C25TUV,00007545,21/06/2025,622417,49793,672210,Bang_ke_hoa_don_da_su_dung_T6.2025.xls,3348
G00680,1C25TUV,00007563,21/06/2025,622417,49793,672210,Bang_ke_hoa_don_da_su_dung_T6.2025.xls,3366
G00680,1C25TUV,00007564,21/06/2025,622417,49793,672210,Bang_ke_hoa_don_da_su_dung_T6.2025.xls,3367
G00680,1C25TUV,00007565,21/06/2025,622417,49793,672210,Bang_ke_hoa_don_da_su_dung_T6.2025.xls,3368
G00680,1C25TUV,00007751,22/06/2025,622417,49793,672210,Bang_ke_hoa_don_da_su_dung_T6.2025.xls,3554
G00680,1C25TUV,00007752,22/06/2025,622417,49793,672210,Bang_ke_hoa_don_da_su_dung_T6.2025.xls,3555
G00680,1C25TUV,00007753,22/06/2025,622417,49793,672210,Bang_ke_hoa_don_da_su_dung_T6.2025.xls,3556
G00680,1C25TUV,00007757,22/06/2025,622417,49793,672210,Bang_ke_hoa_don_da_su_dung_T6.2025.xls,3560
G00680,1C25TUV,00007758,22/06/2025,622417,49793,672210,Bang_ke_hoa_don_da_su_dung_T6.2025.xls,3561
G00680,1C25TUV,00007759,22/06/2025,622417,49793,672210,Bang_ke_hoa_don_da_su_dung_T6.2025.xls,3562
G00680,1C25TUV,00007761,22/06/2025,622417,49793,672210,Bang_ke_hoa_don_da_su_dung_T6.2025.xls,3564
G00680,1C25TUV,00007762,22/06/2025,622417,49793,672210,Bang_ke_hoa_don_da_su_dung_T6.2025.xls,3565
G00680,1C25TUV,00007763,22/06/2025,622417,49793,672210,Bang_ke_hoa_don_da_su_dung_T6.2025.xls,3566
G00680,1C25TUV,00007767,22/06/2025,622417,49793,672210,Bang_ke_hoa_don_da_su_dung_T6.2025.xls,3570
G00680,1C25TUV,00007776,22/06/2025,622417,49793,672210,Bang_ke_hoa_don_da_su_dung_T6.2025.xls,3579
G00680,1C25TUV,00007787,22/06/2025,622417,49793,672210,Bang_ke_hoa_don_da_su_dung_T6.2025.xls,3590
G00680,1C25TUV,00007909,23/06/2025,622417,49793,672210,Bang_ke_hoa_don_da_su_dung_T6.2025.xls,3712
G00680,1C25TUV,00007910,23/06/2025,622417,49793,672210,Bang_ke_hoa_don_da_su_dung_T6.2025.xls,3713
G00680,1C25TUV,00007911,23/06/2025,622417,49793,672210,Bang_ke_hoa_don_da_su_dung_T6.2025.xls,3714
G00680,1C25TUV,00007913,23/06/2025,622417,49793,672210,Bang_ke_hoa_don_da_su_dung_T6.2025.xls,3716
G00680,1C25TUV,00007914,23/06/2025,622417,49793,672210,Bang_ke_hoa_don_da_su_dung_T6.2025.xls,3717
G00680,1C25TUV,00007915,23/06/2025,622417,49793,672210,Bang_ke_hoa_don_da_su_dung_T6.2025.xls,3718
G00680,1C25TUV,00007916,23/06/2025,622417,49793,672210,Bang_ke_hoa_don_da_su_dung_T6.2025.xls,3719
G00680,1C25TUV,00007918,23/06/2025,622417,49793,672210,Bang_ke_hoa_don_da_su_dung_T6.2025.xls,3721
G00680,1C25TUV,00007919,23/06/2025,622417,49793,672210,Bang_ke_hoa_don_da_su_dung_T6.2025.xls,3722
G00680,1C25TUV,00007920,23/06/2025,622417,49793,672210,Bang_ke_hoa_don_da_su_dung_T6.2025.xls,3723
G00680,1C25TUV,00007921,23/06/2025,622417,49793,672210,Bang_ke_hoa_don_da_su_dung_T6.2025.xls,3724
G00680,1C25TUV,00007922,23/06/2025,622417,49793,672210,Bang_ke_hoa_don_da_su_dung_T6.2025.xls,3725
G00680,1C25TUV,00007923,23/06/2025,622417,49793,672210,Bang_ke_hoa_don_da_su_dung_T6.2025.xls,3726
G00680,1C25TUV,00007925,23/06/2025,622417,49793,672210,Bang_ke_hoa_don_da_su_dung_T6.2025.xls,3728
G00680,1C25TUV,00007929,23/06/2025,622417,49793,672210,Bang_ke_hoa_don_da_su_dung_T6.2025.xls,3732
G00680,1C25TUV,00007932,23/06/2025,622417,49793,672210,Bang_ke_hoa_don_da_su_dung_T6.2025.xls,3735
G00680,1C25TUV,00007934,23/06/2025,622417,49793,672210,Bang_ke_hoa_don_da_su_dung_T6.2025.xls,3737
G00680,1C25TUV,00007935,23/06/2025,622417,49793,672210,Bang_ke_hoa_don_da_su_dung_T6.2025.xls,3738
G00680,1C25TUV,00007936,23/06/2025,622417,49793,672210,Bang_ke_hoa_don_da_su_dung_T6.2025.xls,3739
G00680,1C25TUV,00007937,23/06/2025,622417,49793,672210,Bang_ke_hoa_don_da_su_dung_T6.2025.xls,3740
G00680,1C25TUV,00007938,23/06/2025,622417,49793,672210,Bang_ke_hoa_don_da_su_dung_T6.2025.xls,3741
G00680,1C25TUV,00007939,23/06/2025,622417,49793,672210,Bang_ke_hoa_don_da_su_dung_T6.2025.xls,3742
G00680,1C25TUV,00007940,23/06/2025,622417,49793,672210,Bang_ke_hoa_don_da_su_dung_T6.2025.xls,3743
G00680,1C25TUV,00007949,23/06/2025,622417,49793,672210,Bang_ke_hoa_don_da_su_dung_T6.2025.xls,3752
G00680,1C25TUV,00007950,23/06/2025,622417,49793,672210,Bang_ke_hoa_don_da_su_dung_T6.2025.xls,3753
G00680,1C25TUV,00008197,24/06/2025,622417,49793,672210,Bang_ke_hoa_don_da_su_dung_T6.2025.xls,4000
G00680,1C25TUV,00008199,24/06/2025,622417,49793,672210,Bang_ke_hoa_don_da_su_dung_T6.2025.xls,4002
G00680,1C25TUV,00008200,24/06/2025,622417,49793,672210,Bang_ke_hoa_don_da_su_dung_T6.2025.xls,4003
G00680,1C25TUV,00008201,24/06/2025,622417,49793,672210,Bang_ke_hoa_don_da_su_dung_T6.2025.xls,4004
G00680,1C25TUV,00008206,24/06/2025,622417,49793,672210,Bang_ke_hoa_don_da_su_dung_T6.2025.xls,4009
G00680,1C25TUV,00008207,24/06/2025,622417,49793,672210,Bang_ke_hoa_don_da_su_dung_T6.2025.xls,4010
G00680,1C25TUV,00008210,24/06/2025,622417,49793,672210,Bang_ke_hoa_don_da_su_dung_T6.2025.xls,4013
G00680,1C25TUV,00008211,24/06/2025,622417,49793,672210,Bang_ke_hoa_don_da_su_dung_T6.2025.xls,4014
G00680,1C25TUV,00008212,24/06/2025,622417,49793,672210,Bang_ke_hoa_don_da_su_dung_T6.2025.xls,4015
G00680,1C25TUV,00008213,24/06/2025,622417,49793,672210,Bang_ke_hoa_don_da_su_dung_T6.2025.xls,4016
G00680,1C25TUV,00008215,24/06/2025,622417,49793,672210,Bang_ke_hoa_don_da_su_dung_T6.2025.xls,4018
G00680,1C25TUV,00008217,24/06/2025,622417,49793,672210,Bang_ke_hoa_don_da_su_dung_T6.2025.xls,4020
G00680,1C25TUV,00008482,25/06/2025,622417,49793,672210,Bang_ke_hoa_don_da_su_dung_T6.2025.xls,4285
G00680,1C25TUV,00008485,25/06/2025,622417,49793,672210,Bang_ke_hoa_don_da_su_dung_T6.2025.xls,4288
G00680,1C25TUV,00008487,25/06/2025,622417,49793,672210,Bang_ke_hoa_don_da_su_dung_T6.2025.xls,4290
G00680,1C25TUV,00008488,25/06/2025,622417,49793,672210,Bang_ke_hoa_don_da_su_dung_T6.2025.xls,4291
G00680,1C25TUV,00008489,25/06/2025,622417,49793,672210,Bang_ke_hoa_don_da_su_dung_T6.2025.xls,4292
G00680,1C25TUV,00008493,25/06/2025,622417,49793,672210,Bang_ke_hoa_don_da_su_dung_T6.2025.xls,4296
G00680,1C25TUV,00008665,26/06/2025,622417,49793,672210,Bang_ke_hoa_don_da_su_dung_T6.2025.xls,4468
G00681,1C25TUV,00009200,29/06/2025,1213009,97041,1310050,Bang_ke_hoa_don_da_su_dung_T6.2025 L2.xls,20
G00681,1C25TUV,00009201,29/06/2025,1213009,97041,1310050,Bang_ke_hoa_don_da_su_dung_T6.2025 L2.xls,21
G00681,1C25TUV,00009215,29/06/2025,1213009,97041,1310050,Bang_ke_hoa_don_da_su_dung_T6.2025 L2.xls,35
G00681,1C25TUV,00009219,29/06/2025,1213009,97041,1310050,Bang_ke_hoa_don_da_su_dung_T6.2025 L2.xls,39
G00681,1C25TUV,00009231,29/06/2025,1213009,97041,1310050,Bang_ke_hoa_don_da_su_dung_T6.2025 L2.xls,51
G00681,1C25TUV,00009234,29/06/2025,1213009,97041,1310050,Bang_ke_hoa_don_da_su_dung_T6.2025 L2.xls,54
G00681,1C25TUV,00009235,29/06/2025,1213009,97041,1310050,Bang_ke_hoa_don_da_su_dung_T6.2025 L2.xls,55
G00681,1C25TUV,00009236,29/06/2025,1213009,97041,1310050,Bang_ke_hoa_don_da_su_dung_T6.2025 L2.xls,56
G00681,1C25TUV,00009237,29/06/2025,1213009,97041,1310050,Bang_ke_hoa_don_da_su_dung_T6.2025 L2.xls,57
G00681,1C25TUV,00009485,30/06/2025,1213009,97041,1310050,Bang_ke_hoa_don_da_su_dung_T6.2025 L2.xls,305
G00681,1C25TUV,00009495,30/06/2025,1213009,97041,1310050,Bang_ke_hoa_don_da_su_dung_T6.2025 L2.xls,315
G00681,1C25TUV,00005872,15/06/2025,1213009,97041,1310050,Bang_ke_hoa_don_da_su_dung_T6.2025.xls,1675
G00681,1C25TUV,00005876,15/06/2025,1213009,97041,1310050,Bang_ke_hoa_don_da_su_dung_T6.2025.xls,1679
G00681,1C25TUV,00005975,16/06/2025,1213009,97041,1310050,Bang_ke_hoa_don_da_su_dung_T6.2025.xls,1778
G00681,1C25TUV,00005981,16/06/2025,1213009,97041,1310050,Bang_ke_hoa_don_da_su_dung_T6.2025.xls,1784
G00681,1C25TUV,00005985,16/06/2025,1213009,97041,1310050,Bang_ke_hoa_don_da_su_dung_T6.2025.xls,1788
G00681,1C25TUV,00005997,16/06/2025,1213009,97041,1310050,Bang_ke_hoa_don_da_su_dung_T6.2025.xls,1800
G00681,1C25TUV,00006294,17/06/2025,1213009,97041,1310050,Bang_ke_hoa_don_da_su_dung_T6.2025.xls,2097
G00681,1C25TUV,00006320,17/06/2025,1213009,97041,1310050,Bang_ke_hoa_don_da_su_dung_T6.2025.xls,2123
G00681,1C25TUV,00006355,17/06/2025,1213009,97041,1310050,Bang_ke_hoa_don_da_su_dung_T6.2025.xls,2158
G00681,1C25TUV,00006361,17/06/2025,1213009,97041,1310050,Bang_ke_hoa_don_da_su_dung_T6.2025.xls,2164
G00681,1C25TUV,00006553,18/06/2025,1213009,97041,1310050,Bang_ke_hoa_don_da_su_dung_T6.2025.xls,2356
G00681,1C25TUV,00006559,18/06/2025,1213009,97041,1310050,Bang_ke_hoa_don_da_su_dung_T6.2025.xls,2362
G00681,1C25TUV,00006574,18/06/2025,1213009,97041,1310050,Bang_ke_hoa_don_da_su_dung_T6.2025.xls,2377
G00681,1C25TUV,00006579,18/06/2025,1213009,97041,1310050,Bang_ke_hoa_don_da_su_dung_T6.2025.xls,2382
G00681,1C25TUV,00006585,18/06/2025,1213009,97041,1310050,Bang_ke_hoa_don_da_su_dung_T6.2025.xls,2388
G00681,1C25TUV,00006586,18/06/2025,1213009,97041,1310050,Bang_ke_hoa_don_da_su_dung_T6.2025.xls,2389
G00681,1C25TUV,00006880,19/06/2025,1213009,97041,1310050,Bang_ke_hoa_don_da_su_dung_T6.2025.xls,2683
G00681,1C25TUV,00006881,19/06/2025,1213009,97041,1310050,Bang_ke_hoa_don_da_su_dung_T6.2025.xls,2684
G00681,1C25TUV,00006927,19/06/2025,1213009,97041,1310050,Bang_ke_hoa_don_da_su_dung_T6.2025.xls,2730
G00681,1C25TUV,00007176,20/06/2025,1213009,97041,1310050,Bang_ke_hoa_don_da_su_dung_T6.2025.xls,2979
G00681,1C25TUV,00007192,20/06/2025,1213009,97041,1310050,Bang_ke_hoa_don_da_su_dung_T6.2025.xls,2995
G00681,1C25TUV,00008473,25/06/2025,1213009,97041,1310050,Bang_ke_hoa_don_da_su_dung_T6.2025.xls,4276
G00681,1C25TUV,00008569,25/06/2025,1213009,97041,1310050,Bang_ke_hoa_don_da_su_dung_T6.2025.xls,4372
G00681,1C25TUV,00008579,25/06/2025,1213009,97041,1310050,Bang_ke_hoa_don_da_su_dung_T6.2025.xls,4382
G00681,1C25TUV,00008585,25/06/2025,1213009,97041,1310050,Bang_ke_hoa_don_da_su_dung_T6.2025.xls,4388
G00681,1C25TUV,00008734,26/06/2025,1213009,97041,1310050,Bang_ke_hoa_don_da_su_dung_T6.2025.xls,4537
G00681,1C25TUV,00008748,26/06/2025,1213009,97041,1310050,Bang_ke_hoa_don_da_su_dung_T6.2025.xls,4551
G00681,1C25TUV,00008752,26/06/2025,1213009,97041,1310050,Bang_ke_hoa_don_da_su_dung_T6.2025.xls,4555
G00681,1C25TUV,00008753,26/06/2025,1213009,97041,1310050,Bang_ke_hoa_don_da_su_dung_T6.2025.xls,4556
G00681,1C25TUV,00008756,26/06/2025,1213009,97041,1310050,Bang_ke_hoa_don_da_su_dung_T6.2025.xls,4559
G00681,1C25TUV,00008761,26/06/2025,1213009,97041,1310050,Bang_ke_hoa_don_da_su_dung_T6.2025.xls,4564
G00681,1C25TUV,00008917,27/06/2025,1213009,97041,1310050,Bang_ke_hoa_don_da_su_dung_T6.2025.xls,4720
G00681,1C25TUV,00008946,27/06/2025,1213009,97041,1310050,Bang_ke_hoa_don_da_su_dung_T6.2025.xls,4749
G00681,1C25TUV,00008947,27/06/2025,1213009,97041,1310050,Bang_ke_hoa_don_da_su_dung_T6.2025.xls,4750
G00681,1C25TUV,00008951,27/06/2025,1213009,97041,1310050,Bang_ke_hoa_don_da_su_dung_T6.2025.xls,4754
G00681,1C25TUV,00008954,27/06/2025,1213009,97041,1310050,Bang_ke_hoa_don_da_su_dung_T6.2025.xls,4757
G00681,1C25TUV,00008955,27/06/2025,1213009,97041,1310050,Bang_ke_hoa_don_da_su_dung_T6.2025.xls,4758
G00681,1C25TUV,00008958,27/06/2025,1213009,97041,1310050,Bang_ke_hoa_don_da_su_dung_T6.2025.xls,4761
G00681,1C25TUV,00008961,27/06/2025,1213009,97041,1310050,Bang_ke_hoa_don_da_su_dung_T6.2025.xls,4764
G00681,1C25TUV,00008962,27/06/2025,1213009,97041,1310050,Bang_ke_hoa_don_da_su_dung_T6.2025.xls,4765
G00681,1C25TUV,00008963,27/06/2025,1213009,97041,1310050,Bang_ke_hoa_don_da_su_dung_T6.2025.xls,4766
G00681,1C25TUV,00008968,27/06/2025,1213009,97041,1310050,Bang_ke_hoa_don_da_su_dung_T6.2025.xls,4771
G00681,1C25TUV,00008969,27/06/2025,1213009,97041,1310050,Bang_ke_hoa_don_da_su_dung_T6.2025.xls,4772
G00681,1C25TUV,00008972,27/06/2025,1213009,97041,1310050,Bang_ke_hoa_don_da_su_dung_T6.2025.xls,4775
G00681,1C25TUV,00008974,27/06/2025,1213009,97041,1310050,Bang_ke_hoa_don_da_su_dung_T6.2025.xls,4777
G00681,1C25TUV,00009116,28/06/2025,1213009,97041,1310050,Bang_ke_hoa_don_da_su_dung_T6.2025.xls,4919
G00681,1C25TUV,00009124,28/06/2025,1213009,97041,1310050,Bang_ke_hoa_don_da_su_dung_T6.2025.xls,4927
G00681,1C25TUV,00009134,28/06/2025,1213009,97041,1310050,Bang_ke_hoa_don_da_su_dung_T6.2025.xls,4937
G00681,1C25TUV,00009137,28/06/2025,1213009,97041,1310050,Bang_ke_hoa_don_da_su_dung_T6.2025.xls,4940
G00681,1C25TUV,00009139,28/06/2025,1213009,97041,1310050,Bang_ke_hoa_don_da_su_dung_T6.2025.xls,4942
G00681,1C25TUV,00009141,28/06/2025,1213009,97041,1310050,Bang_ke_hoa_don_da_su_dung_T6.2025.xls,4944
G00681,1C25TUV,00009142,28/06/2025,1213009,97041,1310050,Bang_ke_hoa_don_da_su_dung_T6.2025.xls,4945
G00681,1C25TUV,00009143,28/06/2025,1213009,97041,1310050,Bang_ke_hoa_don_da_su_dung_T6.2025.xls,4946
G00682,1C25TUV,00009224,29/06/2025,1794444,143556,1938000,Bang_ke_hoa_don_da_su_dung_T6.2025 L2.xls,44
G00682,1C25TUV,00006871,19/06/2025,1794444,143556,1938000,Bang_ke_hoa_don_da_su_dung_T6.2025.xls,2674
G00682,1C25TUV,00008550,25/06/2025,1794444,143556,1938000,Bang_ke_hoa_don_da_su_dung_T6.2025.xls,4353
G00683,1C25TUV,00009241,29/06/2025,1241100,99288,1340388,Bang_ke_hoa_don_da_su_dung_T6.2025 L2.xls,61
G00683,1C25TUV,00008977,27/06/2025,1241100,99288,1340388,Bang_ke_hoa_don_da_su_dung_T6.2025.xls,4780
G00684,1C25TUV,00009245,29/06/2025,498148,39852,538000,Bang_ke_hoa_don_da_su_dung_T6.2025 L2.xls,65
G00684,1C25TUV,00004742,11/06/2025,498148,39852,538000,Bang_ke_hoa_don_da_su_dung_T6.2025.xls,545
G00684,1C25TUV,00004759,11/06/2025,498148,39852,538000,Bang_ke_hoa_don_da_su_dung_T6.2025.xls,562
G00684,1C25TUV,00005952,16/06/2025,498148,39852,538000,Bang_ke_hoa_don_da_su_dung_T6.2025.xls,1755
G00684,1C25TUV,00006657,18/06/2025,498148,39852,538000,Bang_ke_hoa_don_da_su_dung_T6.2025.xls,2460
G00685,1C25TUV,00009270,29/06/2025,1255556,100444,1356000,Bang_ke_hoa_don_da_su_dung_T6.2025 L2.xls,90
G00686,1C25TUV,00009272,29/06/2025,600412,48033,648445,Bang_ke_hoa_don_da_su_dung_T6.2025 L2.xls,92
G00686,1C25TUV,00009277,29/06/2025,600412,48033,648445,Bang_ke_hoa_don_da_su_dung_T6.2025 L2.xls,97
G00686,1C25TUV,00009282,29/06/2025,600412,48033,648445,Bang_ke_hoa_don_da_su_dung_T6.2025 L2.xls,102
G00686,1C25TUV,00009536,30/06/2025,600412,48033,648445,Bang_ke_hoa_don_da_su_dung_T6.2025 L2.xls,356
G00686,1C25TUV,00009538,30/06/2025,600412,48033,648445,Bang_ke_hoa_don_da_su_dung_T6.2025 L2.xls,358
G00686,1C25TUV,00009539,30/06/2025,600412,48033,648445,Bang_ke_hoa_don_da_su_dung_T6.2025 L2.xls,359
G00686,1C25TUV,00009540,30/06/2025,600412,48033,648445,Bang_ke_hoa_don_da_su_dung_T6.2025 L2.xls,360
G00686,1C25TUV,00009541,30/06/2025,600412,48033,648445,Bang_ke_hoa_don_da_su_dung_T6.2025 L2.xls,361
G00686,1C25TUV,00009542,30/06/2025,600412,48033,648445,Bang_ke_hoa_don_da_su_dung_T6.2025 L2.xls,362
G00686,1C25TUV,00009543,30/06/2025,600412,48033,648445,Bang_ke_hoa_don_da_su_dung_T6.2025 L2.xls,363
G00686,1C25TUV,00009545,30/06/2025,600412,48033,648445,Bang_ke_hoa_don_da_su_dung_T6.2025 L2.xls,365
G00686,1C25TUV,00009546,30/06/2025,600412,48033,648445,Bang_ke_hoa_don_da_su_dung_T6.2025 L2.xls,366
G00686,1C25TUV,00009548,30/06/2025,600412,48033,648445,Bang_ke_hoa_don_da_su_dung_T6.2025 L2.xls,368
G00686,1C25TUV,00009550,30/06/2025,600412,48033,648445,Bang_ke_hoa_don_da_su_dung_T6.2025 L2.xls,370
G00686,1C25TUV,00009551,30/06/2025,600412,48033,648445,Bang_ke_hoa_don_da_su_dung_T6.2025 L2.xls,371
G00686,1C25TUV,00009553,30/06/2025,600412,48033,648445,Bang_ke_hoa_don_da_su_dung_T6.2025 L2.xls,373
G00686,1C25TUV,00009568,30/06/2025,600412,48033,648445,Bang_ke_hoa_don_da_su_dung_T6.2025 L2.xls,388
G00686,1C25TUV,00009571,30/06/2025,600412,48033,648445,Bang_ke_hoa_don_da_su_dung_T6.2025 L2.xls,391
G00686,1C25TUV,00009575,30/06/2025,600412,48033,648445,Bang_ke_hoa_don_da_su_dung_T6.2025 L2.xls,395
G00686,1C25TUV,00009177,28/06/2025,600412,48033,648445,Bang_ke_hoa_don_da_su_dung_T6.2025.xls,4980
G00686,1C25TUV,00009178,28/06/2025,600412,48033,648445,Bang_ke_hoa_don_da_su_dung_T6.2025.xls,4981
G00686,1C25TUV,00009179,28/06/2025,600412,48033,648445,Bang_ke_hoa_don_da_su_dung_T6.2025.xls,4982
G00686,1C25TUV,00009180,28/06/2025,600412,48033,648445,Bang_ke_hoa_don_da_su_dung_T6.2025.xls,4983
G00687,1C25TUV,00009276,29/06/2025,2571296,205704,2777000,Bang_ke_hoa_don_da_su_dung_T6.2025 L2.xls,96
G00687,1C25TUV,00009279,29/06/2025,2571296,205704,2777000,Bang_ke_hoa_don_da_su_dung_T6.2025 L2.xls,99
G00687,1C25TUV,00009557,30/06/2025,2571296,205704,2777000,Bang_ke_hoa_don_da_su_dung_T6.2025 L2.xls,377
G00687,1C25TUV,00004718,11/06/2025,2571296,205704,2777000,Bang_ke_hoa_don_da_su_dung_T6.2025.xls,521
G00687,1C25TUV,00005189,13/06/2025,2571296,205704,2777000,Bang_ke_hoa_don_da_su_dung_T6.2025.xls,992
G00687,1C25TUV,00005228,13/06/2025,2571296,205704,2777000,Bang_ke_hoa_don_da_su_dung_T6.2025.xls,1031
G00687,1C25TUV,00005589,14/06/2025,2571296,205704,2777000,Bang_ke_hoa_don_da_su_dung_T6.2025.xls,1392
G00687,1C25TUV,00007324,20/06/2025,2571296,205704,2777000,Bang_ke_hoa_don_da_su_dung_T6.2025.xls,3127
G00687,1C25TUV,00007331,20/06/2025,2571296,205704,2777000,Bang_ke_hoa_don_da_su_dung_T6.2025.xls,3134
G00687,1C25TUV,00007555,21/06/2025,2571296,205704,2777000,Bang_ke_hoa_don_da_su_dung_T6.2025.xls,3358
G00687,1C25TUV,00007569,21/06/2025,2571296,205704,2777000,Bang_ke_hoa_don_da_su_dung_T6.2025.xls,3372
G00687,1C25TUV,00007583,21/06/2025,2571296,205704,2777000,Bang_ke_hoa_don_da_su_dung_T6.2025.xls,3386
G00687,1C25TUV,00007741,22/06/2025,2571296,205704,2777000,Bang_ke_hoa_don_da_su_dung_T6.2025.xls,3544
G00687,1C25TUV,00007750,22/06/2025,2571296,205704,2777000,Bang_ke_hoa_don_da_su_dung_T6.2025.xls,3553
G00687,1C25TUV,00007770,22/06/2025,2571296,205704,2777000,Bang_ke_hoa_don_da_su_dung_T6.2025.xls,3573
G00687,1C25TUV,00007780,22/06/2025,2571296,205704,2777000,Bang_ke_hoa_don_da_su_dung_T6.2025.xls,3583
G00687,1C25TUV,00007806,22/06/2025,2571296,205704,2777000,Bang_ke_hoa_don_da_su_dung_T6.2025.xls,3609
G00687,1C25TUV,00007811,22/06/2025,2571296,205704,2777000,Bang_ke_hoa_don_da_su_dung_T6.2025.xls,3614
G00687,1C25TUV,00007814,22/06/2025,2571296,205704,2777000,Bang_ke_hoa_don_da_su_dung_T6.2025.xls,3617
G00687,1C25TUV,00007917,23/06/2025,2571296,205704,2777000,Bang_ke_hoa_don_da_su_dung_T6.2025.xls,3720
G00687,1C25TUV,00007963,23/06/2025,2571296,205704,2777000,Bang_ke_hoa_don_da_su_dung_T6.2025.xls,3766
G00687,1C25TUV,00007973,23/06/2025,2571296,205704,2777000,Bang_ke_hoa_don_da_su_dung_T6.2025.xls,3776
G00687,1C25TUV,00007986,23/06/2025,2571296,205704,2777000,Bang_ke_hoa_don_da_su_dung_T6.2025.xls,3789
G00687,1C25TUV,00008203,24/06/2025,2571296,205704,2777000,Bang_ke_hoa_don_da_su_dung_T6.2025.xls,4006
G00687,1C25TUV,00008208,24/06/2025,2571296,205704,2777000,Bang_ke_hoa_don_da_su_dung_T6.2025.xls,4011
G00687,1C25TUV,00008236,24/06/2025,2571296,205704,2777000,Bang_ke_hoa_don_da_su_dung_T6.2025.xls,4039
G00687,1C25TUV,00008294,24/06/2025,2571296,205704,2777000,Bang_ke_hoa_don_da_su_dung_T6.2025.xls,4097
G00687,1C25TUV,00008296,24/06/2025,2571296,205704,2777000,Bang_ke_hoa_don_da_su_dung_T6.2025.xls,4099
G00687,1C25TUV,00008510,25/06/2025,2571296,205704,2777000,Bang_ke_hoa_don_da_su_dung_T6.2025.xls,4313
G00687,1C25TUV,00008524,25/06/2025,2571296,205704,2777000,Bang_ke_hoa_don_da_su_dung_T6.2025.xls,4327
G00687,1C25TUV,00008862,27/06/2025,2571296,205704,2777000,Bang_ke_hoa_don_da_su_dung_T6.2025.xls,4665
G00687,1C25TUV,00008873,27/06/2025,2571296,205704,2777000,Bang_ke_hoa_don_da_su_dung_T6.2025.xls,4676
G00687,1C25TUV,00009080,28/06/2025,2571296,205704,2777000,Bang_ke_hoa_don_da_su_dung_T6.2025.xls,4883
G00687,1C25TUV,00009084,28/06/2025,2571296,205704,2777000,Bang_ke_hoa_don_da_su_dung_T6.2025.xls,4887
G00688,1C25TUV,00009280,29/06/2025,462036,36963,498999,Bang_ke_hoa_don_da_su_dung_T6.2025 L2.xls,100
G00688,1C25TUV,00004988,12/06/2025,462036,36963,498999,Bang_ke_hoa_don_da_su_dung_T6.2025.xls,791
G00688,1C25TUV,00005596,14/06/2025,462036,36963,498999,Bang_ke_hoa_don_da_su_dung_T6.2025.xls,1399
G00689,1C25TUV,00009283,29/06/2025,498148,39852,538000,Bang_ke_hoa_don_da_su_dung_T6.2025 L2.xls,103
G00689,1C25TUV,00009567,30/06/2025,498148,39852,538000,Bang_ke_hoa_don_da_su_dung_T6.2025 L2.xls,387
G00690,1C25TUV,00009286,29/06/2025,442593,35407,478000,Bang_ke_hoa_don_da_su_dung_T6.2025 L2.xls,106
G00691,1C25TUV,00009289,29/06/2025,656481,52519,709000,Bang_ke_hoa_don_da_su_dung_T6.2025 L2.xls,109
G00691,1C25TUV,00009291,29/06/2025,656481,52519,709000,Bang_ke_hoa_don_da_su_dung_T6.2025 L2.xls,111
G00691,1C25TUV,00009292,29/06/2025,656481,52519,709000,Bang_ke_hoa_don_da_su_dung_T6.2025 L2.xls,112
G00691,1C25TUV,00009293,29/06/2025,656481,52519,709000,Bang_ke_hoa_don_da_su_dung_T6.2025 L2.xls,113
G00691,1C25TUV,00009295,29/06/2025,656481,52519,709000,Bang_ke_hoa_don_da_su_dung_T6.2025 L2.xls,115
G00691,1C25TUV,00009297,29/06/2025,656481,52519,709000,Bang_ke_hoa_don_da_su_dung_T6.2025 L2.xls,117
G00691,1C25TUV,00009299,29/06/2025,656481,52519,709000,Bang_ke_hoa_don_da_su_dung_T6.2025 L2.xls,119
G00691,1C25TUV,00009300,29/06/2025,656481,52519,709000,Bang_ke_hoa_don_da_su_dung_T6.2025 L2.xls,120
G00691,1C25TUV,00009302,29/06/2025,656481,52519,709000,Bang_ke_hoa_don_da_su_dung_T6.2025 L2.xls,122
G00691,1C25TUV,00009310,29/06/2025,656481,52519,709000,Bang_ke_hoa_don_da_su_dung_T6.2025 L2.xls,130
G00691,1C25TUV,00009311,29/06/2025,656481,52519,709000,Bang_ke_hoa_don_da_su_dung_T6.2025 L2.xls,131
G00691,1C25TUV,00009319,29/06/2025,656481,52519,709000,Bang_ke_hoa_don_da_su_dung_T6.2025 L2.xls,139
G00691,1C25TUV,00009328,29/06/2025,656481,52519,709000,Bang_ke_hoa_don_da_su_dung_T6.2025 L2.xls,148
G00691,1C25TUV,00009332,29/06/2025,656481,52519,709000,Bang_ke_hoa_don_da_su_dung_T6.2025 L2.xls,152
G00691,1C25TUV,00009584,30/06/2025,656481,52519,709000,Bang_ke_hoa_don_da_su_dung_T6.2025 L2.xls,404
G00691,1C25TUV,00009586,30/06/2025,656481,52519,709000,Bang_ke_hoa_don_da_su_dung_T6.2025 L2.xls,406
G00691,1C25TUV,00009589,30/06/2025,656481,52519,709000,Bang_ke_hoa_don_da_su_dung_T6.2025 L2.xls,409
G00691,1C25TUV,00009590,30/06/2025,656481,52519,709000,Bang_ke_hoa_don_da_su_dung_T6.2025 L2.xls,410
G00691,1C25TUV,00009593,30/06/2025,656481,52519,709000,Bang_ke_hoa_don_da_su_dung_T6.2025 L2.xls,413
G00691,1C25TUV,00009594,30/06/2025,656481,52519,709000,Bang_ke_hoa_don_da_su_dung_T6.2025 L2.xls,414
G00691,1C25TUV,00009598,30/06/2025,656481,52519,709000,Bang_ke_hoa_don_da_su_dung_T6.2025 L2.xls,418
G00691,1C25TUV,00009621,30/06/2025,656481,52519,709000,Bang_ke_hoa_don_da_su_dung_T6.2025 L2.xls,441
G00691,1C25TUV,00009622,30/06/2025,656481,52519,709000,Bang_ke_hoa_don_da_su_dung_T6.2025 L2.xls,442
G00691,1C25TUV,00006838,19/06/2025,656481,52519,709000,Bang_ke_hoa_don_da_su_dung_T6.2025.xls,2641
G00691,1C25TUV,00006840,19/06/2025,656481,52519,709000,Bang_ke_hoa_don_da_su_dung_T6.2025.xls,2643
G00691,1C25TUV,00006843,19/06/2025,656481,52519,709000,Bang_ke_hoa_don_da_su_dung_T6.2025.xls,2646
G00691,1C25TUV,00006844,19/06/2025,656481,52519,709000,Bang_ke_hoa_don_da_su_dung_T6.2025.xls,2647
G00691,1C25TUV,00006848,19/06/2025,656481,52519,709000,Bang_ke_hoa_don_da_su_dung_T6.2025.xls,2651
G00691,1C25TUV,00006857,19/06/2025,656481,52519,709000,Bang_ke_hoa_don_da_su_dung_T6.2025.xls,2660
G00691,1C25TUV,00007116,20/06/2025,656481,52519,709000,Bang_ke_hoa_don_da_su_dung_T6.2025.xls,2919
G00691,1C25TUV,00007122,20/06/2025,656481,52519,709000,Bang_ke_hoa_don_da_su_dung_T6.2025.xls,2925
G00691,1C25TUV,00007147,20/06/2025,656481,52519,709000,Bang_ke_hoa_don_da_su_dung_T6.2025.xls,2950
G00691,1C25TUV,00007148,20/06/2025,656481,52519,709000,Bang_ke_hoa_don_da_su_dung_T6.2025.xls,2951
G00691,1C25TUV,00007149,20/06/2025,656481,52519,709000,Bang_ke_hoa_don_da_su_dung_T6.2025.xls,2952
G00691,1C25TUV,00007385,21/06/2025,656481,52519,709000,Bang_ke_hoa_don_da_su_dung_T6.2025.xls,3188
G00691,1C25TUV,00007399,21/06/2025,656481,52519,709000,Bang_ke_hoa_don_da_su_dung_T6.2025.xls,3202
G00691,1C25TUV,00007400,21/06/2025,656481,52519,709000,Bang_ke_hoa_don_da_su_dung_T6.2025.xls,3203
G00691,1C25TUV,00007424,21/06/2025,656481,52519,709000,Bang_ke_hoa_don_da_su_dung_T6.2025.xls,3227
G00691,1C25TUV,00007617,22/06/2025,656481,52519,709000,Bang_ke_hoa_don_da_su_dung_T6.2025.xls,3420
G00691,1C25TUV,00007624,22/06/2025,656481,52519,709000,Bang_ke_hoa_don_da_su_dung_T6.2025.xls,3427
G00691,1C25TUV,00007625,22/06/2025,656481,52519,709000,Bang_ke_hoa_don_da_su_dung_T6.2025.xls,3428
G00691,1C25TUV,00007626,22/06/2025,656481,52519,709000,Bang_ke_hoa_don_da_su_dung_T6.2025.xls,3429
G00691,1C25TUV,00007632,22/06/2025,656481,52519,709000,Bang_ke_hoa_don_da_su_dung_T6.2025.xls,3435
G00691,1C25TUV,00007633,22/06/2025,656481,52519,709000,Bang_ke_hoa_don_da_su_dung_T6.2025.xls,3436
G00691,1C25TUV,00007637,22/06/2025,656481,52519,709000,Bang_ke_hoa_don_da_su_dung_T6.2025.xls,3440
G00691,1C25TUV,00007641,22/06/2025,656481,52519,709000,Bang_ke_hoa_don_da_su_dung_T6.2025.xls,3444
G00691,1C25TUV,00007642,22/06/2025,656481,52519,709000,Bang_ke_hoa_don_da_su_dung_T6.2025.xls,3445
G00691,1C25TUV,00007644,22/06/2025,656481,52519,709000,Bang_ke_hoa_don_da_su_dung_T6.2025.xls,3447
G00691,1C25TUV,00007645,22/06/2025,656481,52519,709000,Bang_ke_hoa_don_da_su_dung_T6.2025.xls,3448
G00691,1C25TUV,00007646,22/06/2025,656481,52519,709000,Bang_ke_hoa_don_da_su_dung_T6.2025.xls,3449
G00691,1C25TUV,00007647,22/06/2025,656481,52519,709000,Bang_ke_hoa_don_da_su_dung_T6.2025.xls,3450
G00691,1C25TUV,00007648,22/06/2025,656481,52519,709000,Bang_ke_hoa_don_da_su_dung_T6.2025.xls,3451
G00691,1C25TUV,00007665,22/06/2025,656481,52519,709000,Bang_ke_hoa_don_da_su_dung_T6.2025.xls,3468
G00691,1C25TUV,00007669,22/06/2025,656481,52519,709000,Bang_ke_hoa_don_da_su_dung_T6.2025.xls,3472
G00691,1C25TUV,00007672,22/06/2025,656481,52519,709000,Bang_ke_hoa_don_da_su_dung_T6.2025.xls,3475
G00691,1C25TUV,00008000,23/06/2025,656481,52519,709000,Bang_ke_hoa_don_da_su_dung_T6.2025.xls,3803
G00691,1C25TUV,00008001,23/06/2025,656481,52519,709000,Bang_ke_hoa_don_da_su_dung_T6.2025.xls,3804
G00691,1C25TUV,00008003,23/06/2025,656481,52519,709000,Bang_ke_hoa_don_da_su_dung_T6.2025.xls,3806
G00691,1C25TUV,00008006,23/06/2025,656481,52519,709000,Bang_ke_hoa_don_da_su_dung_T6.2025.xls,3809
G00691,1C25TUV,00008007,23/06/2025,656481,52519,709000,Bang_ke_hoa_don_da_su_dung_T6.2025.xls,3810
G00691,1C25TUV,00008008,23/06/2025,656481,52519,709000,Bang_ke_hoa_don_da_su_dung_T6.2025.xls,3811
G00691,1C25TUV,00008010,23/06/2025,656481,52519,709000,Bang_ke_hoa_don_da_su_dung_T6.2025.xls,3813
G00691,1C25TUV,00008011,23/06/2025,656481,52519,709000,Bang_ke_hoa_don_da_su_dung_T6.2025.xls,3814
G00691,1C25TUV,00008013,23/06/2025,656481,52519,709000,Bang_ke_hoa_don_da_su_dung_T6.2025.xls,3816
G00691,1C25TUV,00008014,23/06/2025,656481,52519,709000,Bang_ke_hoa_don_da_su_dung_T6.2025.xls,3817
G00691,1C25TUV,00008015,23/06/2025,656481,52519,709000,Bang_ke_hoa_don_da_su_dung_T6.2025.xls,3818
G00691,1C25TUV,00008016,23/06/2025,656481,52519,709000,Bang_ke_hoa_don_da_su_dung_T6.2025.xls,3819
G00691,1C25TUV,00008019,23/06/2025,656481,52519,709000,Bang_ke_hoa_don_da_su_dung_T6.2025.xls,3822
G00691,1C25TUV,00008026,23/06/2025,656481,52519,709000,Bang_ke_hoa_don_da_su_dung_T6.2025.xls,3829
G00691,1C25TUV,00008027,23/06/2025,656481,52519,709000,Bang_ke_hoa_don_da_su_dung_T6.2025.xls,3830
G00691,1C25TUV,00008028,23/06/2025,656481,52519,709000,Bang_ke_hoa_don_da_su_dung_T6.2025.xls,3831
G00691,1C25TUV,00008037,23/06/2025,656481,52519,709000,Bang_ke_hoa_don_da_su_dung_T6.2025.xls,3840
G00691,1C25TUV,00008331,24/06/2025,656481,52519,709000,Bang_ke_hoa_don_da_su_dung_T6.2025.xls,4134
G00691,1C25TUV,00008332,24/06/2025,656481,52519,709000,Bang_ke_hoa_don_da_su_dung_T6.2025.xls,4135
G00691,1C25TUV,00008333,24/06/2025,656481,52519,709000,Bang_ke_hoa_don_da_su_dung_T6.2025.xls,4136
G00691,1C25TUV,00008336,24/06/2025,656481,52519,709000,Bang_ke_hoa_don_da_su_dung_T6.2025.xls,4139
G00691,1C25TUV,00008337,24/06/2025,656481,52519,709000,Bang_ke_hoa_don_da_su_dung_T6.2025.xls,4140
G00691,1C25TUV,00008338,24/06/2025,656481,52519,709000,Bang_ke_hoa_don_da_su_dung_T6.2025.xls,4141
G00691,1C25TUV,00008344,24/06/2025,656481,52519,709000,Bang_ke_hoa_don_da_su_dung_T6.2025.xls,4147
G00691,1C25TUV,00008348,24/06/2025,656481,52519,709000,Bang_ke_hoa_don_da_su_dung_T6.2025.xls,4151
G00691,1C25TUV,00008352,24/06/2025,656481,52519,709000,Bang_ke_hoa_don_da_su_dung_T6.2025.xls,4155
G00691,1C25TUV,00008353,24/06/2025,656481,52519,709000,Bang_ke_hoa_don_da_su_dung_T6.2025.xls,4156
G00691,1C25TUV,00008354,24/06/2025,656481,52519,709000,Bang_ke_hoa_don_da_su_dung_T6.2025.xls,4157
G00691,1C25TUV,00008359,24/06/2025,656481,52519,709000,Bang_ke_hoa_don_da_su_dung_T6.2025.xls,4162
G00691,1C25TUV,00008372,24/06/2025,656481,52519,709000,Bang_ke_hoa_don_da_su_dung_T6.2025.xls,4175
G00691,1C25TUV,00008411,25/06/2025,656481,52519,709000,Bang_ke_hoa_don_da_su_dung_T6.2025.xls,4214
G00691,1C25TUV,00008412,25/06/2025,656481,52519,709000,Bang_ke_hoa_don_da_su_dung_T6.2025.xls,4215
G00691,1C25TUV,00008413,25/06/2025,656481,52519,709000,Bang_ke_hoa_don_da_su_dung_T6.2025.xls,4216
G00691,1C25TUV,00008414,25/06/2025,656481,52519,709000,Bang_ke_hoa_don_da_su_dung_T6.2025.xls,4217
G00691,1C25TUV,00008419,25/06/2025,656481,52519,709000,Bang_ke_hoa_don_da_su_dung_T6.2025.xls,4222
G00691,1C25TUV,00008420,25/06/2025,656481,52519,709000,Bang_ke_hoa_don_da_su_dung_T6.2025.xls,4223
G00691,1C25TUV,00008423,25/06/2025,656481,52519,709000,Bang_ke_hoa_don_da_su_dung_T6.2025.xls,4226
G00691,1C25TUV,00008425,25/06/2025,656481,52519,709000,Bang_ke_hoa_don_da_su_dung_T6.2025.xls,4228
G00691,1C25TUV,00008428,25/06/2025,656481,52519,709000,Bang_ke_hoa_don_da_su_dung_T6.2025.xls,4231
G00691,1C25TUV,00008432,25/06/2025,656481,52519,709000,Bang_ke_hoa_don_da_su_dung_T6.2025.xls,4235
G00691,1C25TUV,00008454,25/06/2025,656481,52519,709000,Bang_ke_hoa_don_da_su_dung_T6.2025.xls,4257
G00691,1C25TUV,00008459,25/06/2025,656481,52519,709000,Bang_ke_hoa_don_da_su_dung_T6.2025.xls,4262
G00691,1C25TUV,00008460,25/06/2025,656481,52519,709000,Bang_ke_hoa_don_da_su_dung_T6.2025.xls,4263
G00691,1C25TUV,00008464,25/06/2025,656481,52519,709000,Bang_ke_hoa_don_da_su_dung_T6.2025.xls,4267
G00691,1C25TUV,00008604,26/06/2025,656481,52519,709000,Bang_ke_hoa_don_da_su_dung_T6.2025.xls,4407
G00691,1C25TUV,00008605,26/06/2025,656481,52519,709000,Bang_ke_hoa_don_da_su_dung_T6.2025.xls,4408
G00691,1C25TUV,00008608,26/06/2025,656481,52519,709000,Bang_ke_hoa_don_da_su_dung_T6.2025.xls,4411
G00691,1C25TUV,00008610,26/06/2025,656481,52519,709000,Bang_ke_hoa_don_da_su_dung_T6.2025.xls,4413
G00691,1C25TUV,00008614,26/06/2025,656481,52519,709000,Bang_ke_hoa_don_da_su_dung_T6.2025.xls,4417
G00691,1C25TUV,00008616,26/06/2025,656481,52519,709000,Bang_ke_hoa_don_da_su_dung_T6.2025.xls,4419
G00691,1C25TUV,00008621,26/06/2025,656481,52519,709000,Bang_ke_hoa_don_da_su_dung_T6.2025.xls,4424
G00691,1C25TUV,00008640,26/06/2025,656481,52519,709000,Bang_ke_hoa_don_da_su_dung_T6.2025.xls,4443
G00691,1C25TUV,00008643,26/06/2025,656481,52519,709000,Bang_ke_hoa_don_da_su_dung_T6.2025.xls,4446
G00691,1C25TUV,00008645,26/06/2025,656481,52519,709000,Bang_ke_hoa_don_da_su_dung_T6.2025.xls,4448
G00691,1C25TUV,00008647,26/06/2025,656481,52519,709000,Bang_ke_hoa_don_da_su_dung_T6.2025.xls,4450
G00691,1C25TUV,00008788,27/06/2025,656481,52519,709000,Bang_ke_hoa_don_da_su_dung_T6.2025.xls,4591
G00691,1C25TUV,00008789,27/06/2025,656481,52519,709000,Bang_ke_hoa_don_da_su_dung_T6.2025.xls,4592
G00691,1C25TUV,00008794,27/06/2025,656481,52519,709000,Bang_ke_hoa_don_da_su_dung_T6.2025.xls,4597
G00691,1C25TUV,00008795,27/06/2025,656481,52519,709000,Bang_ke_hoa_don_da_su_dung_T6.2025.xls,4598
G00691,1C25TUV,00008799,27/06/2025,656481,52519,709000,Bang_ke_hoa_don_da_su_dung_T6.2025.xls,4602
G00691,1C25TUV,00008801,27/06/2025,656481,52519,709000,Bang_ke_hoa_don_da_su_dung_T6.2025.xls,4604
G00691,1C25TUV,00008812,27/06/2025,656481,52519,709000,Bang_ke_hoa_don_da_su_dung_T6.2025.xls,4615
G00691,1C25TUV,00008818,27/06/2025,656481,52519,709000,Bang_ke_hoa_don_da_su_dung_T6.2025.xls,4621
G00691,1C25TUV,00008820,27/06/2025,656481,52519,709000,Bang_ke_hoa_don_da_su_dung_T6.2025.xls,4623
G00691,1C25TUV,00008824,27/06/2025,656481,52519,709000,Bang_ke_hoa_don_da_su_dung_T6.2025.xls,4627
G00691,1C25TUV,00008833,27/06/2025,656481,52519,709000,Bang_ke_hoa_don_da_su_dung_T6.2025.xls,4636
G00691,1C25TUV,00008835,27/06/2025,656481,52519,709000,Bang_ke_hoa_don_da_su_dung_T6.2025.xls,4638
G00691,1C25TUV,00008841,27/06/2025,656481,52519,709000,Bang_ke_hoa_don_da_su_dung_T6.2025.xls,4644
G00691,1C25TUV,00008842,27/06/2025,656481,52519,709000,Bang_ke_hoa_don_da_su_dung_T6.2025.xls,4645
G00691,1C25TUV,00008844,27/06/2025,656481,52519,709000,Bang_ke_hoa_don_da_su_dung_T6.2025.xls,4647
G00691,1C25TUV,00008993,28/06/2025,656481,52519,709000,Bang_ke_hoa_don_da_su_dung_T6.2025.xls,4796
G00691,1C25TUV,00008998,28/06/2025,656481,52519,709000,Bang_ke_hoa_don_da_su_dung_T6.2025.xls,4801
G00691,1C25TUV,00009000,28/06/2025,656481,52519,709000,Bang_ke_hoa_don_da_su_dung_T6.2025.xls,4803
G00691,1C25TUV,00009003,28/06/2025,656481,52519,709000,Bang_ke_hoa_don_da_su_dung_T6.2025.xls,4806
G00691,1C25TUV,00009004,28/06/2025,656481,52519,709000,Bang_ke_hoa_don_da_su_dung_T6.2025.xls,4807
G00691,1C25TUV,00009005,28/06/2025,656481,52519,709000,Bang_ke_hoa_don_da_su_dung_T6.2025.xls,4808
G00691,1C25TUV,00009006,28/06/2025,656481,52519,709000,Bang_ke_hoa_don_da_su_dung_T6.2025.xls,4809
G00691,1C25TUV,00009007,28/06/2025,656481,52519,709000,Bang_ke_hoa_don_da_su_dung_T6.2025.xls,4810
G00691,1C25TUV,00009009,28/06/2025,656481,52519,709000,Bang_ke_hoa_don_da_su_dung_T6.2025.xls,4812
G00691,1C25TUV,00009010,28/06/2025,656481,52519,709000,Bang_ke_hoa_don_da_su_dung_T6.2025.xls,4813
G00691,1C25TUV,00009012,28/06/2025,656481,52519,709000,Bang_ke_hoa_don_da_su_dung_T6.2025.xls,4815
G00691,1C25TUV,00009014,28/06/2025,656481,52519,709000,Bang_ke_hoa_don_da_su_dung_T6.2025.xls,4817
G00691,1C25TUV,00009015,28/06/2025,656481,52519,709000,Bang_ke_hoa_don_da_su_dung_T6.2025.xls,4818
G00691,1C25TUV,00009018,28/06/2025,656481,52519,709000,Bang_ke_hoa_don_da_su_dung_T6.2025.xls,4821
G00691,1C25TUV,00009019,28/06/2025,656481,52519,709000,Bang_ke_hoa_don_da_su_dung_T6.2025.xls,4822
G00691,1C25TUV,00009020,28/06/2025,656481,52519,709000,Bang_ke_hoa_don_da_su_dung_T6.2025.xls,4823
G00691,1C25TUV,00009023,28/06/2025,656481,52519,709000,Bang_ke_hoa_don_da_su_dung_T6.2025.xls,4826
G00691,1C25TUV,00009034,28/06/2025,656481,52519,709000,Bang_ke_hoa_don_da_su_dung_T6.2025.xls,4837
G00691,1C25TUV,00009037,28/06/2025,656481,52519,709000,Bang_ke_hoa_don_da_su_dung_T6.2025.xls,4840
G00691,1C25TUV,00009039,28/06/2025,656481,52519,709000,Bang_ke_hoa_don_da_su_dung_T6.2025.xls,4842
G00691,1C25TUV,00009040,28/06/2025,656481,52519,709000,Bang_ke_hoa_don_da_su_dung_T6.2025.xls,4843
G00692,1C25TUV,00009333,29/06/2025,1859259,148741,2008000,Bang_ke_hoa_don_da_su_dung_T6.2025 L2.xls,153
G00692,1C25TUV,00005367,14/06/2025,1859259,148741,2008000,Bang_ke_hoa_don_da_su_dung_T6.2025.xls,1170
G00693,1C25TUV,00009334,29/06/2025,1887963,151037,2039000,Bang_ke_hoa_don_da_su_dung_T6.2025 L2.xls,154
G00693,1C25TUV,00008591,26/06/2025,1887963,151037,2039000,Bang_ke_hoa_don_da_su_dung_T6.2025.xls,4394
G00694,1C25TUV,00009343,29/06/2025,896296,71704,968000,Bang_ke_hoa_don_da_su_dung_T6.2025 L2.xls,163
G00695,1C25TUV,00009357,30/06/2025,5815455,581546,6397001,Bang_ke_hoa_don_da_su_dung_T6.2025 L2.xls,177
G00696,1C25TUV,00009358,30/06/2025,19627274,1962727,21590001,Bang_ke_hoa_don_da_su_dung_T6.2025 L2.xls,178
G00697,1C25TUV,00009359,30/06/2025,26170000,2617000,28787000,Bang_ke_hoa_don_da_su_dung_T6.2025 L2.xls,179
G00698,1C25TUV,00009360,30/06/2025,22889088,2288909,25177997,Bang_ke_hoa_don_da_su_dung_T6.2025 L2.xls,180
G00699,1C25TUV,00009380,30/06/2025,22122222,1769778,23892000,Bang_ke_hoa_don_da_su_dung_T6.2025 L2.xls,200
G00700,1C25TUV,00009395,30/06/2025,66933333,5354667,72288000,Bang_ke_hoa_don_da_su_dung_T6.2025 L2.xls,215
G00701,1C25TUV,00009396,30/06/2025,12025926,962074,12988000,Bang_ke_hoa_don_da_su_dung_T6.2025 L2.xls,216
G00702,1C25TUV,00009397,30/06/2025,19788889,1583111,21372000,Bang_ke_hoa_don_da_su_dung_T6.2025 L2.xls,217
G00703,1C25TUV,00009428,30/06/2025,15808820,1264706,17073526,Bang_ke_hoa_don_da_su_dung_T6.2025 L2.xls,248
G00704,1C25TUV,00009429,30/06/2025,6321296,505704,6827000,Bang_ke_hoa_don_da_su_dung_T6.2025 L2.xls,249
G00705,1C25TUV,00009430,30/06/2025,64002316,5120185,69122501,Bang_ke_hoa_don_da_su_dung_T6.2025 L2.xls,250
G00706,1C25TUV,00009437,30/06/2025,2776852,222148,2999000,Bang_ke_hoa_don_da_su_dung_T6.2025 L2.xls,257
G00707,1C25TUV,00009438,30/06/2025,2721296,217704,2939000,Bang_ke_hoa_don_da_su_dung_T6.2025 L2.xls,258
G00707,1C25TUV,00009681,30/06/2025,2721296,217704,2939000,Bang_ke_hoa_don_da_su_dung_T6.2025 L2.xls,501
G00708,1C25TUV,00009439,30/06/2025,1712963,137037,1850000,Bang_ke_hoa_don_da_su_dung_T6.2025 L2.xls,259
G00708,1C25TUV,00009690,30/06/2025,1712963,137037,1850000,Bang_ke_hoa_don_da_su_dung_T6.2025 L2.xls,510
G00708,1C25TUV,00009693,30/06/2025,1712963,137037,1850000,Bang_ke_hoa_don_da_su_dung_T6.2025 L2.xls,513
G00708,1C25TUV,00009695,30/06/2025,1712963,137037,1850000,Bang_ke_hoa_don_da_su_dung_T6.2025 L2.xls,515
G00708,1C25TUV,00009697,30/06/2025,1712963,137037,1850000,Bang_ke_hoa_don_da_su_dung_T6.2025 L2.xls,517
G00708,1C25TUV,00009698,30/06/2025,1712963,137037,1850000,Bang_ke_hoa_don_da_su_dung_T6.2025 L2.xls,518
G00708,1C25TUV,00009699,30/06/2025,1712963,137037,1850000,Bang_ke_hoa_don_da_su_dung_T6.2025 L2.xls,519
G00708,1C25TUV,00009724,30/06/2025,1712963,137037,1850000,Bang_ke_hoa_don_da_su_dung_T6.2025 L2.xls,544
G00708,1C25TUV,00009733,30/06/2025,1712963,137037,1850000,Bang_ke_hoa_don_da_su_dung_T6.2025 L2.xls,553
G00708,1C25TUV,00009734,30/06/2025,1712963,137037,1850000,Bang_ke_hoa_don_da_su_dung_T6.2025 L2.xls,554
G00708,1C25TUV,00009737,30/06/2025,1712963,137037,1850000,Bang_ke_hoa_don_da_su_dung_T6.2025 L2.xls,557
G00708,1C25TUV,00009738,30/06/2025,1712963,137037,1850000,Bang_ke_hoa_don_da_su_dung_T6.2025 L2.xls,558
G00708,1C25TUV,00009739,30/06/2025,1712963,137037,1850000,Bang_ke_hoa_don_da_su_dung_T6.2025 L2.xls,559
G00708,1C25TUV,00009740,30/06/2025,1712963,137037,1850000,Bang_ke_hoa_don_da_su_dung_T6.2025 L2.xls,560
G00708,1C25TUV,00009741,30/06/2025,1712963,137037,1850000,Bang_ke_hoa_don_da_su_dung_T6.2025 L2.xls,561
G00708,1C25TUV,00009742,30/06/2025,1712963,137037,1850000,Bang_ke_hoa_don_da_su_dung_T6.2025 L2.xls,562
G00708,1C25TUV,00009743,30/06/2025,1712963,137037,1850000,Bang_ke_hoa_don_da_su_dung_T6.2025 L2.xls,563
G00708,1C25TUV,00009744,30/06/2025,1712963,137037,1850000,Bang_ke_hoa_don_da_su_dung_T6.2025 L2.xls,564
G00709,1C25TUV,00009440,30/06/2025,1869444,149556,2019000,Bang_ke_hoa_don_da_su_dung_T6.2025 L2.xls,260
G00710,1C25TUV,00009442,30/06/2025,2517593,201407,2719000,Bang_ke_hoa_don_da_su_dung_T6.2025 L2.xls,262
G00711,1C25TUV,00009443,30/06/2025,1739815,139185,1879000,Bang_ke_hoa_don_da_su_dung_T6.2025 L2.xls,263
G00711,1C25TUV,00009445,30/06/2025,1739815,139185,1879000,Bang_ke_hoa_don_da_su_dung_T6.2025 L2.xls,265
G00711,1C25TUV,00009446,30/06/2025,1739815,139185,1879000,Bang_ke_hoa_don_da_su_dung_T6.2025 L2.xls,266
G00711,1C25TUV,00009448,30/06/2025,1739815,139185,1879000,Bang_ke_hoa_don_da_su_dung_T6.2025 L2.xls,268
G00711,1C25TUV,00009449,30/06/2025,1739815,139185,1879000,Bang_ke_hoa_don_da_su_dung_T6.2025 L2.xls,269
G00711,1C25TUV,00009450,30/06/2025,1739815,139185,1879000,Bang_ke_hoa_don_da_su_dung_T6.2025 L2.xls,270
G00711,1C25TUV,00009451,30/06/2025,1739815,139185,1879000,Bang_ke_hoa_don_da_su_dung_T6.2025 L2.xls,271
G00711,1C25TUV,00009452,30/06/2025,1739815,139185,1879000,Bang_ke_hoa_don_da_su_dung_T6.2025 L2.xls,272
G00711,1C25TUV,00009453,30/06/2025,1739815,139185,1879000,Bang_ke_hoa_don_da_su_dung_T6.2025 L2.xls,273
G00711,1C25TUV,00009454,30/06/2025,1739815,139185,1879000,Bang_ke_hoa_don_da_su_dung_T6.2025 L2.xls,274
G00712,1C25TUV,00009444,30/06/2025,1850926,148074,1999000,Bang_ke_hoa_don_da_su_dung_T6.2025 L2.xls,264
G00713,1C25TUV,00009447,30/06/2025,3479630,278370,3758000,Bang_ke_hoa_don_da_su_dung_T6.2025 L2.xls,267
G00714,1C25TUV,00009455,30/06/2025,5010000,400800,5410800,Bang_ke_hoa_don_da_su_dung_T6.2025 L2.xls,275
G00715,1C25TUV,00009458,30/06/2025,2443519,195482,2639001,Bang_ke_hoa_don_da_su_dung_T6.2025 L2.xls,278
G00716,1C25TUV,00009459,30/06/2025,2063889,165111,2229000,Bang_ke_hoa_don_da_su_dung_T6.2025 L2.xls,279
G00717,1C25TUV,00009460,30/06/2025,2544545,254455,2799000,Bang_ke_hoa_don_da_su_dung_T6.2025 L2.xls,280
G00718,1C25TUV,00009461,30/06/2025,1701852,136148,1838000,Bang_ke_hoa_don_da_su_dung_T6.2025 L2.xls,281
G00718,1C25TUV,00009462,30/06/2025,1701852,136148,1838000,Bang_ke_hoa_don_da_su_dung_T6.2025 L2.xls,282
G00719,1C25TUV,00009467,30/06/2025,1137963,91037,1229000,Bang_ke_hoa_don_da_su_dung_T6.2025 L2.xls,287
G00720,1C25TUV,00009468,30/06/2025,1960750,156860,2117610,Bang_ke_hoa_don_da_su_dung_T6.2025 L2.xls,288
G00720,1C25TUV,00007799,22/06/2025,1960750,156860,2117610,Bang_ke_hoa_don_da_su_dung_T6.2025.xls,3602
G00720,1C25TUV,00007930,23/06/2025,1960750,156860,2117610,Bang_ke_hoa_don_da_su_dung_T6.2025.xls,3733
G00721,1C25TUV,00009469,30/06/2025,1685750,134860,1820610,Bang_ke_hoa_don_da_su_dung_T6.2025 L2.xls,289
G00721,1C25TUV,00007965,23/06/2025,1685750,134860,1820610,Bang_ke_hoa_don_da_su_dung_T6.2025.xls,3768
G00721,1C25TUV,00007970,23/06/2025,1685750,134860,1820610,Bang_ke_hoa_don_da_su_dung_T6.2025.xls,3773
G00721,1C25TUV,00008486,25/06/2025,1685750,134860,1820610,Bang_ke_hoa_don_da_su_dung_T6.2025.xls,4289
G00721,1C25TUV,00008874,27/06/2025,1685750,134860,1820610,Bang_ke_hoa_don_da_su_dung_T6.2025.xls,4677
G00722,1C25TUV,00009471,30/06/2025,2850926,228074,3079000,Bang_ke_hoa_don_da_su_dung_T6.2025 L2.xls,291
G00723,1C25TUV,00009474,30/06/2025,1044083,83527,1127610,Bang_ke_hoa_don_da_su_dung_T6.2025 L2.xls,294
G00723,1C25TUV,00007566,21/06/2025,1044083,83527,1127610,Bang_ke_hoa_don_da_su_dung_T6.2025.xls,3369
G00723,1C25TUV,00007585,21/06/2025,1044083,83527,1127610,Bang_ke_hoa_don_da_su_dung_T6.2025.xls,3388
G00723,1C25TUV,00007591,21/06/2025,1044083,83527,1127610,Bang_ke_hoa_don_da_su_dung_T6.2025.xls,3394
G00723,1C25TUV,00007764,22/06/2025,1044083,83527,1127610,Bang_ke_hoa_don_da_su_dung_T6.2025.xls,3567
G00723,1C25TUV,00007797,22/06/2025,1044083,83527,1127610,Bang_ke_hoa_don_da_su_dung_T6.2025.xls,3600
G00723,1C25TUV,00008245,24/06/2025,1044083,83527,1127610,Bang_ke_hoa_don_da_su_dung_T6.2025.xls,4048
G00723,1C25TUV,00008292,24/06/2025,1044083,83527,1127610,Bang_ke_hoa_don_da_su_dung_T6.2025.xls,4095
G00723,1C25TUV,00008535,25/06/2025,1044083,83527,1127610,Bang_ke_hoa_don_da_su_dung_T6.2025.xls,4338
G00724,1C25TUV,00009475,30/06/2025,1264083,101127,1365210,Bang_ke_hoa_don_da_su_dung_T6.2025 L2.xls,295
G00724,1C25TUV,00007338,20/06/2025,1264083,101127,1365210,Bang_ke_hoa_don_da_su_dung_T6.2025.xls,3141
G00724,1C25TUV,00007339,20/06/2025,1264083,101127,1365210,Bang_ke_hoa_don_da_su_dung_T6.2025.xls,3142
G00724,1C25TUV,00007542,21/06/2025,1264083,101127,1365210,Bang_ke_hoa_don_da_su_dung_T6.2025.xls,3345
G00724,1C25TUV,00007549,21/06/2025,1264083,101127,1365210,Bang_ke_hoa_don_da_su_dung_T6.2025.xls,3352
G00724,1C25TUV,00007559,21/06/2025,1264083,101127,1365210,Bang_ke_hoa_don_da_su_dung_T6.2025.xls,3362
G00724,1C25TUV,00007588,21/06/2025,1264083,101127,1365210,Bang_ke_hoa_don_da_su_dung_T6.2025.xls,3391
G00724,1C25TUV,00007590,21/06/2025,1264083,101127,1365210,Bang_ke_hoa_don_da_su_dung_T6.2025.xls,3393
G00724,1C25TUV,00007594,21/06/2025,1264083,101127,1365210,Bang_ke_hoa_don_da_su_dung_T6.2025.xls,3397
G00724,1C25TUV,00007749,22/06/2025,1264083,101127,1365210,Bang_ke_hoa_don_da_su_dung_T6.2025.xls,3552
G00724,1C25TUV,00007756,22/06/2025,1264083,101127,1365210,Bang_ke_hoa_don_da_su_dung_T6.2025.xls,3559
G00724,1C25TUV,00007760,22/06/2025,1264083,101127,1365210,Bang_ke_hoa_don_da_su_dung_T6.2025.xls,3563
G00724,1C25TUV,00007768,22/06/2025,1264083,101127,1365210,Bang_ke_hoa_don_da_su_dung_T6.2025.xls,3571
G00724,1C25TUV,00007790,22/06/2025,1264083,101127,1365210,Bang_ke_hoa_don_da_su_dung_T6.2025.xls,3593
G00724,1C25TUV,00007791,22/06/2025,1264083,101127,1365210,Bang_ke_hoa_don_da_su_dung_T6.2025.xls,3594
G00724,1C25TUV,00007796,22/06/2025,1264083,101127,1365210,Bang_ke_hoa_don_da_su_dung_T6.2025.xls,3599
G00724,1C25TUV,00007798,22/06/2025,1264083,101127,1365210,Bang_ke_hoa_don_da_su_dung_T6.2025.xls,3601
G00724,1C25TUV,00007804,22/06/2025,1264083,101127,1365210,Bang_ke_hoa_don_da_su_dung_T6.2025.xls,3607
G00724,1C25TUV,00007816,22/06/2025,1264083,101127,1365210,Bang_ke_hoa_don_da_su_dung_T6.2025.xls,3619
G00724,1C25TUV,00007912,23/06/2025,1264083,101127,1365210,Bang_ke_hoa_don_da_su_dung_T6.2025.xls,3715
G00724,1C25TUV,00007952,23/06/2025,1264083,101127,1365210,Bang_ke_hoa_don_da_su_dung_T6.2025.xls,3755
G00724,1C25TUV,00007967,23/06/2025,1264083,101127,1365210,Bang_ke_hoa_don_da_su_dung_T6.2025.xls,3770
G00724,1C25TUV,00007968,23/06/2025,1264083,101127,1365210,Bang_ke_hoa_don_da_su_dung_T6.2025.xls,3771
G00724,1C25TUV,00007969,23/06/2025,1264083,101127,1365210,Bang_ke_hoa_don_da_su_dung_T6.2025.xls,3772
G00724,1C25TUV,00007984,23/06/2025,1264083,101127,1365210,Bang_ke_hoa_don_da_su_dung_T6.2025.xls,3787
G00724,1C25TUV,00008216,24/06/2025,1264083,101127,1365210,Bang_ke_hoa_don_da_su_dung_T6.2025.xls,4019
G00724,1C25TUV,00008234,24/06/2025,1264083,101127,1365210,Bang_ke_hoa_don_da_su_dung_T6.2025.xls,4037
G00724,1C25TUV,00008262,24/06/2025,1264083,101127,1365210,Bang_ke_hoa_don_da_su_dung_T6.2025.xls,4065
G00724,1C25TUV,00008271,24/06/2025,1264083,101127,1365210,Bang_ke_hoa_don_da_su_dung_T6.2025.xls,4074
G00724,1C25TUV,00008288,24/06/2025,1264083,101127,1365210,Bang_ke_hoa_don_da_su_dung_T6.2025.xls,4091
G00724,1C25TUV,00008481,25/06/2025,1264083,101127,1365210,Bang_ke_hoa_don_da_su_dung_T6.2025.xls,4284
G00724,1C25TUV,00008528,25/06/2025,1264083,101127,1365210,Bang_ke_hoa_don_da_su_dung_T6.2025.xls,4331
G00724,1C25TUV,00008533,25/06/2025,1264083,101127,1365210,Bang_ke_hoa_don_da_su_dung_T6.2025.xls,4336
G00724,1C25TUV,00008545,25/06/2025,1264083,101127,1365210,Bang_ke_hoa_don_da_su_dung_T6.2025.xls,4348
G00724,1C25TUV,00008678,26/06/2025,1264083,101127,1365210,Bang_ke_hoa_don_da_su_dung_T6.2025.xls,4481
G00724,1C25TUV,00008689,26/06/2025,1264083,101127,1365210,Bang_ke_hoa_don_da_su_dung_T6.2025.xls,4492
G00724,1C25TUV,00008884,27/06/2025,1264083,101127,1365210,Bang_ke_hoa_don_da_su_dung_T6.2025.xls,4687
G00724,1C25TUV,00008892,27/06/2025,1264083,101127,1365210,Bang_ke_hoa_don_da_su_dung_T6.2025.xls,4695
G00724,1C25TUV,00009086,28/06/2025,1264083,101127,1365210,Bang_ke_hoa_don_da_su_dung_T6.2025.xls,4889
G00725,1C25TUV,00009476,30/06/2025,1200824,96066,1296890,Bang_ke_hoa_don_da_su_dung_T6.2025 L2.xls,296
G00726,1C25TUV,00009477,30/06/2025,2272417,181793,2454210,Bang_ke_hoa_don_da_su_dung_T6.2025 L2.xls,297
G00726,1C25TUV,00007334,20/06/2025,2272417,181793,2454210,Bang_ke_hoa_don_da_su_dung_T6.2025.xls,3137
G00726,1C25TUV,00007335,20/06/2025,2272417,181793,2454210,Bang_ke_hoa_don_da_su_dung_T6.2025.xls,3138
G00726,1C25TUV,00007933,23/06/2025,2272417,181793,2454210,Bang_ke_hoa_don_da_su_dung_T6.2025.xls,3736
G00726,1C25TUV,00008196,24/06/2025,2272417,181793,2454210,Bang_ke_hoa_don_da_su_dung_T6.2025.xls,3999
G00726,1C25TUV,00008300,24/06/2025,2272417,181793,2454210,Bang_ke_hoa_don_da_su_dung_T6.2025.xls,4103
G00726,1C25TUV,00008546,25/06/2025,2272417,181793,2454210,Bang_ke_hoa_don_da_su_dung_T6.2025.xls,4349
G00726,1C25TUV,00008864,27/06/2025,2272417,181793,2454210,Bang_ke_hoa_don_da_su_dung_T6.2025.xls,4667
G00727,1C25TUV,00009532,30/06/2025,628704,50296,679000,Bang_ke_hoa_don_da_su_dung_T6.2025 L2.xls,352
G00727,1C25TUV,00007892,23/06/2025,628704,50296,679000,Bang_ke_hoa_don_da_su_dung_T6.2025.xls,3695
G00728,1C25TUV,00009537,30/06/2025,1211732,96939,1308671,Bang_ke_hoa_don_da_su_dung_T6.2025 L2.xls,357
G00728,1C25TUV,00009544,30/06/2025,1211732,96939,1308671,Bang_ke_hoa_don_da_su_dung_T6.2025 L2.xls,364
G00728,1C25TUV,00009562,30/06/2025,1211732,96939,1308671,Bang_ke_hoa_don_da_su_dung_T6.2025 L2.xls,382
G00729,1C25TUV,00009576,30/06/2025,1879547,150364,2029911,Bang_ke_hoa_don_da_su_dung_T6.2025 L2.xls,396
G00730,1C25TUV,00009580,30/06/2025,1302778,104222,1407000,Bang_ke_hoa_don_da_su_dung_T6.2025 L2.xls,400
G00731,1C25TUV,00009582,30/06/2025,972222,77778,1050000,Bang_ke_hoa_don_da_su_dung_T6.2025 L2.xls,402
G00732,1C25TUV,00009588,30/06/2025,619444,49556,669000,Bang_ke_hoa_don_da_su_dung_T6.2025 L2.xls,408
G00733,1C25TUV,00009601,30/06/2025,656481,52519,709000,Bang_ke_hoa_don_da_su_dung_T6.2025 L2.xls,421
G00733,1C25TUV,00007651,22/06/2025,656481,52519,709000,Bang_ke_hoa_don_da_su_dung_T6.2025.xls,3454
G00733,1C25TUV,00009001,28/06/2025,656481,52519,709000,Bang_ke_hoa_don_da_su_dung_T6.2025.xls,4804
G00734,1C25TUV,00009627,30/06/2025,2453636,245364,2699000,Bang_ke_hoa_don_da_su_dung_T6.2025 L2.xls,447
G00735,1C25TUV,00009628,30/06/2025,2299091,229909,2529000,Bang_ke_hoa_don_da_su_dung_T6.2025 L2.xls,448
G00736,1C25TUV,00009629,30/06/2025,1726364,172636,1899000,Bang_ke_hoa_don_da_su_dung_T6.2025 L2.xls,449
G00737,1C25TUV,00009630,30/06/2025,1453636,145364,1599000,Bang_ke_hoa_don_da_su_dung_T6.2025 L2.xls,450
G00738,1C25TUV,00009631,30/06/2025,2218182,221818,2440000,Bang_ke_hoa_don_da_su_dung_T6.2025 L2.xls,451
G00739,1C25TUV,00009632,30/06/2025,1671818,167182,1839000,Bang_ke_hoa_don_da_su_dung_T6.2025 L2.xls,452
G00740,1C25TUV,00009633,30/06/2025,1943519,155481,2099000,Bang_ke_hoa_don_da_su_dung_T6.2025 L2.xls,453
G00741,1C25TUV,00009634,30/06/2025,1647222,131778,1779000,Bang_ke_hoa_don_da_su_dung_T6.2025 L2.xls,454
G00741,1C25TUV,00009649,30/06/2025,1647222,131778,1779000,Bang_ke_hoa_don_da_su_dung_T6.2025 L2.xls,469
G00741,1C25TUV,00009661,30/06/2025,1647222,131778,1779000,Bang_ke_hoa_don_da_su_dung_T6.2025 L2.xls,481
G00741,1C25TUV,00009663,30/06/2025,1647222,131778,1779000,Bang_ke_hoa_don_da_su_dung_T6.2025 L2.xls,483
G00741,1C25TUV,00009664,30/06/2025,1647222,131778,1779000,Bang_ke_hoa_don_da_su_dung_T6.2025 L2.xls,484
G00741,1C25TUV,00009665,30/06/2025,1647222,131778,1779000,Bang_ke_hoa_don_da_su_dung_T6.2025 L2.xls,485
G00741,1C25TUV,00009666,30/06/2025,1647222,131778,1779000,Bang_ke_hoa_don_da_su_dung_T6.2025 L2.xls,486
G00741,1C25TUV,00009667,30/06/2025,1647222,131778,1779000,Bang_ke_hoa_don_da_su_dung_T6.2025 L2.xls,487
G00741,1C25TUV,00009668,30/06/2025,1647222,131778,1779000,Bang_ke_hoa_don_da_su_dung_T6.2025 L2.xls,488
G00741,1C25TUV,00009669,30/06/2025,1647222,131778,1779000,Bang_ke_hoa_don_da_su_dung_T6.2025 L2.xls,489
G00741,1C25TUV,00009670,30/06/2025,1647222,131778,1779000,Bang_ke_hoa_don_da_su_dung_T6.2025 L2.xls,490
G00741,1C25TUV,00009758,30/06/2025,1647222,131778,1779000,Bang_ke_hoa_don_da_su_dung_T6.2025 L2.xls,578
G00741,1C25TUV,00009761,30/06/2025,1647222,131778,1779000,Bang_ke_hoa_don_da_su_dung_T6.2025 L2.xls,581
G00741,1C25TUV,00009765,30/06/2025,1647222,131778,1779000,Bang_ke_hoa_don_da_su_dung_T6.2025 L2.xls,585
G00741,1C25TUV,00009767,30/06/2025,1647222,131778,1779000,Bang_ke_hoa_don_da_su_dung_T6.2025 L2.xls,587
G00741,1C25TUV,00009771,30/06/2025,1647222,131778,1779000,Bang_ke_hoa_don_da_su_dung_T6.2025 L2.xls,591
G00741,1C25TUV,00009772,30/06/2025,1647222,131778,1779000,Bang_ke_hoa_don_da_su_dung_T6.2025 L2.xls,592
G00741,1C25TUV,00009773,30/06/2025,1647222,131778,1779000,Bang_ke_hoa_don_da_su_dung_T6.2025 L2.xls,593
G00741,1C25TUV,00009778,30/06/2025,1647222,131778,1779000,Bang_ke_hoa_don_da_su_dung_T6.2025 L2.xls,598
G00741,1C25TUV,00009780,30/06/2025,1647222,131778,1779000,Bang_ke_hoa_don_da_su_dung_T6.2025 L2.xls,600
G00741,1C25TUV,00009788,30/06/2025,1647222,131778,1779000,Bang_ke_hoa_don_da_su_dung_T6.2025 L2.xls,608
G00741,1C25TUV,00009789,30/06/2025,1647222,131778,1779000,Bang_ke_hoa_don_da_su_dung_T6.2025 L2.xls,609
G00741,1C25TUV,00009791,30/06/2025,1647222,131778,1779000,Bang_ke_hoa_don_da_su_dung_T6.2025 L2.xls,611
G00741,1C25TUV,00009795,30/06/2025,1647222,131778,1779000,Bang_ke_hoa_don_da_su_dung_T6.2025 L2.xls,615
G00741,1C25TUV,00009797,30/06/2025,1647222,131778,1779000,Bang_ke_hoa_don_da_su_dung_T6.2025 L2.xls,617
G00741,1C25TUV,00009798,30/06/2025,1647222,131778,1779000,Bang_ke_hoa_don_da_su_dung_T6.2025 L2.xls,618
G00741,1C25TUV,00009803,30/06/2025,1647222,131778,1779000,Bang_ke_hoa_don_da_su_dung_T6.2025 L2.xls,623
G00741,1C25TUV,00009804,30/06/2025,1647222,131778,1779000,Bang_ke_hoa_don_da_su_dung_T6.2025 L2.xls,624
G00741,1C25TUV,00009805,30/06/2025,1647222,131778,1779000,Bang_ke_hoa_don_da_su_dung_T6.2025 L2.xls,625
G00741,1C25TUV,00009809,30/06/2025,1647222,131778,1779000,Bang_ke_hoa_don_da_su_dung_T6.2025 L2.xls,629
G00741,1C25TUV,00009810,30/06/2025,1647222,131778,1779000,Bang_ke_hoa_don_da_su_dung_T6.2025 L2.xls,630
G00741,1C25TUV,00009812,30/06/2025,1647222,131778,1779000,Bang_ke_hoa_don_da_su_dung_T6.2025 L2.xls,632
G00741,1C25TUV,00009815,30/06/2025,1647222,131778,1779000,Bang_ke_hoa_don_da_su_dung_T6.2025 L2.xls,635
G00741,1C25TUV,00009816,30/06/2025,1647222,131778,1779000,Bang_ke_hoa_don_da_su_dung_T6.2025 L2.xls,636
G00741,1C25TUV,00009817,30/06/2025,1647222,131778,1779000,Bang_ke_hoa_don_da_su_dung_T6.2025 L2.xls,637
G00741,1C25TUV,00009819,30/06/2025,1647222,131778,1779000,Bang_ke_hoa_don_da_su_dung_T6.2025 L2.xls,639
G00741,1C25TUV,00009820,30/06/2025,1647222,131778,1779000,Bang_ke_hoa_don_da_su_dung_T6.2025 L2.xls,640
G00741,1C25TUV,00009821,30/06/2025,1647222,131778,1779000,Bang_ke_hoa_don_da_su_dung_T6.2025 L2.xls,641
G00741,1C25TUV,00009822,30/06/2025,1647222,131778,1779000,Bang_ke_hoa_don_da_su_dung_T6.2025 L2.xls,642
G00741,1C25TUV,00009827,30/06/2025,1647222,131778,1779000,Bang_ke_hoa_don_da_su_dung_T6.2025 L2.xls,647
G00741,1C25TUV,00009828,30/06/2025,1647222,131778,1779000,Bang_ke_hoa_don_da_su_dung_T6.2025 L2.xls,648
G00741,1C25TUV,00009829,30/06/2025,1647222,131778,1779000,Bang_ke_hoa_don_da_su_dung_T6.2025 L2.xls,649
G00741,1C25TUV,00009830,30/06/2025,1647222,131778,1779000,Bang_ke_hoa_don_da_su_dung_T6.2025 L2.xls,650
G00741,1C25TUV,00009831,30/06/2025,1647222,131778,1779000,Bang_ke_hoa_don_da_su_dung_T6.2025 L2.xls,651
G00741,1C25TUV,00009832,30/06/2025,1647222,131778,1779000,Bang_ke_hoa_don_da_su_dung_T6.2025 L2.xls,652
G00741,1C25TUV,00009833,30/06/2025,1647222,131778,1779000,Bang_ke_hoa_don_da_su_dung_T6.2025 L2.xls,653
G00741,1C25TUV,00009834,30/06/2025,1647222,131778,1779000,Bang_ke_hoa_don_da_su_dung_T6.2025 L2.xls,654
G00741,1C25TUV,00009835,30/06/2025,1647222,131778,1779000,Bang_ke_hoa_don_da_su_dung_T6.2025 L2.xls,655
G00741,1C25TUV,00009836,30/06/2025,1647222,131778,1779000,Bang_ke_hoa_don_da_su_dung_T6.2025 L2.xls,656
G00741,1C25TUV,00009837,30/06/2025,1647222,131778,1779000,Bang_ke_hoa_don_da_su_dung_T6.2025 L2.xls,657
G00741,1C25TUV,00009838,30/06/2025,1647222,131778,1779000,Bang_ke_hoa_don_da_su_dung_T6.2025 L2.xls,658
G00741,1C25TUV,00009839,30/06/2025,1647222,131778,1779000,Bang_ke_hoa_don_da_su_dung_T6.2025 L2.xls,659
G00741,1C25TUV,00009842,30/06/2025,1647222,131778,1779000,Bang_ke_hoa_don_da_su_dung_T6.2025 L2.xls,662
G00741,1C25TUV,00009851,30/06/2025,1647222,131778,1779000,Bang_ke_hoa_don_da_su_dung_T6.2025 L2.xls,671
G00741,1C25TUV,00009867,30/06/2025,1647222,131778,1779000,Bang_ke_hoa_don_da_su_dung_T6.2025 L2.xls,687
G00741,1C25TUV,00009868,30/06/2025,1647222,131778,1779000,Bang_ke_hoa_don_da_su_dung_T6.2025 L2.xls,688
G00741,1C25TUV,00009871,30/06/2025,1647222,131778,1779000,Bang_ke_hoa_don_da_su_dung_T6.2025 L2.xls,691
G00741,1C25TUV,00009872,30/06/2025,1647222,131778,1779000,Bang_ke_hoa_don_da_su_dung_T6.2025 L2.xls,692
G00741,1C25TUV,00009873,30/06/2025,1647222,131778,1779000,Bang_ke_hoa_don_da_su_dung_T6.2025 L2.xls,693
G00741,1C25TUV,00009874,30/06/2025,1647222,131778,1779000,Bang_ke_hoa_don_da_su_dung_T6.2025 L2.xls,694
G00741,1C25TUV,00009875,30/06/2025,1647222,131778,1779000,Bang_ke_hoa_don_da_su_dung_T6.2025 L2.xls,695
G00741,1C25TUV,00009878,30/06/2025,1647222,131778,1779000,Bang_ke_hoa_don_da_su_dung_T6.2025 L2.xls,698
G00741,1C25TUV,00009880,30/06/2025,1647222,131778,1779000,Bang_ke_hoa_don_da_su_dung_T6.2025 L2.xls,700
G00741,1C25TUV,00009883,30/06/2025,1647222,131778,1779000,Bang_ke_hoa_don_da_su_dung_T6.2025 L2.xls,703
G00741,1C25TUV,00009890,30/06/2025,1647222,131778,1779000,Bang_ke_hoa_don_da_su_dung_T6.2025 L2.xls,710
G00741,1C25TUV,00009891,30/06/2025,1647222,131778,1779000,Bang_ke_hoa_don_da_su_dung_T6.2025 L2.xls,711
G00741,1C25TUV,00009894,30/06/2025,1647222,131778,1779000,Bang_ke_hoa_don_da_su_dung_T6.2025 L2.xls,714
G00741,1C25TUV,00009895,30/06/2025,1647222,131778,1779000,Bang_ke_hoa_don_da_su_dung_T6.2025 L2.xls,715
G00741,1C25TUV,00009896,30/06/2025,1647222,131778,1779000,Bang_ke_hoa_don_da_su_dung_T6.2025 L2.xls,716
G00741,1C25TUV,00009901,30/06/2025,1647222,131778,1779000,Bang_ke_hoa_don_da_su_dung_T6.2025 L2.xls,721
G00741,1C25TUV,00009902,30/06/2025,1647222,131778,1779000,Bang_ke_hoa_don_da_su_dung_T6.2025 L2.xls,722
G00741,1C25TUV,00009907,30/06/2025,1647222,131778,1779000,Bang_ke_hoa_don_da_su_dung_T6.2025 L2.xls,727
G00741,1C25TUV,00009908,30/06/2025,1647222,131778,1779000,Bang_ke_hoa_don_da_su_dung_T6.2025 L2.xls,728
G00741,1C25TUV,00009918,30/06/2025,1647222,131778,1779000,Bang_ke_hoa_don_da_su_dung_T6.2025 L2.xls,738
G00741,1C25TUV,00009933,30/06/2025,1647222,131778,1779000,Bang_ke_hoa_don_da_su_dung_T6.2025 L2.xls,753
G00741,1C25TUV,00009934,30/06/2025,1647222,131778,1779000,Bang_ke_hoa_don_da_su_dung_T6.2025 L2.xls,754
G00741,1C25TUV,00009941,30/06/2025,1647222,131778,1779000,Bang_ke_hoa_don_da_su_dung_T6.2025 L2.xls,761
G00741,1C25TUV,00009944,30/06/2025,1647222,131778,1779000,Bang_ke_hoa_don_da_su_dung_T6.2025 L2.xls,764
G00741,1C25TUV,00009946,30/06/2025,1647222,131778,1779000,Bang_ke_hoa_don_da_su_dung_T6.2025 L2.xls,766
G00741,1C25TUV,00009962,30/06/2025,1647222,131778,1779000,Bang_ke_hoa_don_da_su_dung_T6.2025 L2.xls,782
G00741,1C25TUV,00009980,30/06/2025,1647222,131778,1779000,Bang_ke_hoa_don_da_su_dung_T6.2025 L2.xls,800
G00741,1C25TUV,00009987,30/06/2025,1647222,131778,1779000,Bang_ke_hoa_don_da_su_dung_T6.2025 L2.xls,807
G00741,1C25TUV,00009988,30/06/2025,1647222,131778,1779000,Bang_ke_hoa_don_da_su_dung_T6.2025 L2.xls,808
G00741,1C25TUV,00009989,30/06/2025,1647222,131778,1779000,Bang_ke_hoa_don_da_su_dung_T6.2025 L2.xls,809
G00741,1C25TUV,00009991,30/06/2025,1647222,131778,1779000,Bang_ke_hoa_don_da_su_dung_T6.2025 L2.xls,811
G00741,1C25TUV,00009992,30/06/2025,1647222,131778,1779000,Bang_ke_hoa_don_da_su_dung_T6.2025 L2.xls,812
G00741,1C25TUV,00009993,30/06/2025,1647222,131778,1779000,Bang_ke_hoa_don_da_su_dung_T6.2025 L2.xls,813
G00741,1C25TUV,00009994,30/06/2025,1647222,131778,1779000,Bang_ke_hoa_don_da_su_dung_T6.2025 L2.xls,814
G00741,1C25TUV,00009996,30/06/2025,1647222,131778,1779000,Bang_ke_hoa_don_da_su_dung_T6.2025 L2.xls,816
G00741,1C25TUV,00010013,30/06/2025,1647222,131778,1779000,Bang_ke_hoa_don_da_su_dung_T6.2025 L2.xls,833
G00741,1C25TUV,00010014,30/06/2025,1647222,131778,1779000,Bang_ke_hoa_don_da_su_dung_T6.2025 L2.xls,834
G00741,1C25TUV,00010015,30/06/2025,1647222,131778,1779000,Bang_ke_hoa_don_da_su_dung_T6.2025 L2.xls,835
G00741,1C25TUV,00010049,30/06/2025,1647222,131778,1779000,Bang_ke_hoa_don_da_su_dung_T6.2025 L2.xls,869
G00741,1C25TUV,00010059,30/06/2025,1647222,131778,1779000,Bang_ke_hoa_don_da_su_dung_T6.2025 L2.xls,879
G00741,1C25TUV,00010061,30/06/2025,1647222,131778,1779000,Bang_ke_hoa_don_da_su_dung_T6.2025 L2.xls,881
G00741,1C25TUV,00010062,30/06/2025,1647222,131778,1779000,Bang_ke_hoa_don_da_su_dung_T6.2025 L2.xls,882
G00741,1C25TUV,00010065,30/06/2025,1647222,131778,1779000,Bang_ke_hoa_don_da_su_dung_T6.2025 L2.xls,885
G00741,1C25TUV,00010066,30/06/2025,1647222,131778,1779000,Bang_ke_hoa_don_da_su_dung_T6.2025 L2.xls,886
G00742,1C25TUV,00009640,30/06/2025,2628704,210296,2839000,Bang_ke_hoa_don_da_su_dung_T6.2025 L2.xls,460
G00742,1C25TUV,00009694,30/06/2025,2628704,210296,2839000,Bang_ke_hoa_don_da_su_dung_T6.2025 L2.xls,514
G00742,1C25TUV,00009707,30/06/2025,2628704,210296,2839000,Bang_ke_hoa_don_da_su_dung_T6.2025 L2.xls,527
G00742,1C25TUV,00009708,30/06/2025,2628704,210296,2839000,Bang_ke_hoa_don_da_su_dung_T6.2025 L2.xls,528
G00742,1C25TUV,00009723,30/06/2025,2628704,210296,2839000,Bang_ke_hoa_don_da_su_dung_T6.2025 L2.xls,543
G00742,1C25TUV,00009729,30/06/2025,2628704,210296,2839000,Bang_ke_hoa_don_da_su_dung_T6.2025 L2.xls,549
G00742,1C25TUV,00009735,30/06/2025,2628704,210296,2839000,Bang_ke_hoa_don_da_su_dung_T6.2025 L2.xls,555
G00742,1C25TUV,00009736,30/06/2025,2628704,210296,2839000,Bang_ke_hoa_don_da_su_dung_T6.2025 L2.xls,556
G00742,1C25TUV,00009770,30/06/2025,2628704,210296,2839000,Bang_ke_hoa_don_da_su_dung_T6.2025 L2.xls,590
G00742,1C25TUV,00009779,30/06/2025,2628704,210296,2839000,Bang_ke_hoa_don_da_su_dung_T6.2025 L2.xls,599
G00742,1C25TUV,00009818,30/06/2025,2628704,210296,2839000,Bang_ke_hoa_don_da_su_dung_T6.2025 L2.xls,638
G00742,1C25TUV,00009912,30/06/2025,2628704,210296,2839000,Bang_ke_hoa_don_da_su_dung_T6.2025 L2.xls,732
G00742,1C25TUV,00010031,30/06/2025,2628704,210296,2839000,Bang_ke_hoa_don_da_su_dung_T6.2025 L2.xls,851
G00742,1C25TUV,00010034,30/06/2025,2628704,210296,2839000,Bang_ke_hoa_don_da_su_dung_T6.2025 L2.xls,854
G00742,1C25TUV,00010036,30/06/2025,2628704,210296,2839000,Bang_ke_hoa_don_da_su_dung_T6.2025 L2.xls,856
G00742,1C25TUV,00010038,30/06/2025,2628704,210296,2839000,Bang_ke_hoa_don_da_su_dung_T6.2025 L2.xls,858
G00742,1C25TUV,00010039,30/06/2025,2628704,210296,2839000,Bang_ke_hoa_don_da_su_dung_T6.2025 L2.xls,859
G00743,1C25TUV,00009641,30/06/2025,1850926,148074,1999000,Bang_ke_hoa_don_da_su_dung_T6.2025 L2.xls,461
G00743,1C25TUV,00009648,30/06/2025,1850926,148074,1999000,Bang_ke_hoa_don_da_su_dung_T6.2025 L2.xls,468
G00743,1C25TUV,00009650,30/06/2025,1850926,148074,1999000,Bang_ke_hoa_don_da_su_dung_T6.2025 L2.xls,470
G00743,1C25TUV,00009651,30/06/2025,1850926,148074,1999000,Bang_ke_hoa_don_da_su_dung_T6.2025 L2.xls,471
G00743,1C25TUV,00009654,30/06/2025,1850926,148074,1999000,Bang_ke_hoa_don_da_su_dung_T6.2025 L2.xls,474
G00743,1C25TUV,00009658,30/06/2025,1850926,148074,1999000,Bang_ke_hoa_don_da_su_dung_T6.2025 L2.xls,478
G00743,1C25TUV,00009660,30/06/2025,1850926,148074,1999000,Bang_ke_hoa_don_da_su_dung_T6.2025 L2.xls,480
G00744,1C25TUV,00009643,30/06/2025,1665741,133259,1799000,Bang_ke_hoa_don_da_su_dung_T6.2025 L2.xls,463
G00744,1C25TUV,00009645,30/06/2025,1665741,133259,1799000,Bang_ke_hoa_don_da_su_dung_T6.2025 L2.xls,465
G00744,1C25TUV,00009646,30/06/2025,1665741,133259,1799000,Bang_ke_hoa_don_da_su_dung_T6.2025 L2.xls,466
G00744,1C25TUV,00009647,30/06/2025,1665741,133259,1799000,Bang_ke_hoa_don_da_su_dung_T6.2025 L2.xls,467
G00744,1C25TUV,00009652,30/06/2025,1665741,133259,1799000,Bang_ke_hoa_don_da_su_dung_T6.2025 L2.xls,472
G00744,1C25TUV,00009653,30/06/2025,1665741,133259,1799000,Bang_ke_hoa_don_da_su_dung_T6.2025 L2.xls,473
G00744,1C25TUV,00009655,30/06/2025,1665741,133259,1799000,Bang_ke_hoa_don_da_su_dung_T6.2025 L2.xls,475
G00744,1C25TUV,00009656,30/06/2025,1665741,133259,1799000,Bang_ke_hoa_don_da_su_dung_T6.2025 L2.xls,476
G00744,1C25TUV,00009659,30/06/2025,1665741,133259,1799000,Bang_ke_hoa_don_da_su_dung_T6.2025 L2.xls,479
G00744,1C25TUV,00009671,30/06/2025,1665741,133259,1799000,Bang_ke_hoa_don_da_su_dung_T6.2025 L2.xls,491
G00744,1C25TUV,00009674,30/06/2025,1665741,133259,1799000,Bang_ke_hoa_don_da_su_dung_T6.2025 L2.xls,494
G00744,1C25TUV,00009759,30/06/2025,1665741,133259,1799000,Bang_ke_hoa_don_da_su_dung_T6.2025 L2.xls,579
G00744,1C25TUV,00009762,30/06/2025,1665741,133259,1799000,Bang_ke_hoa_don_da_su_dung_T6.2025 L2.xls,582
G00744,1C25TUV,00009763,30/06/2025,1665741,133259,1799000,Bang_ke_hoa_don_da_su_dung_T6.2025 L2.xls,583
G00744,1C25TUV,00009774,30/06/2025,1665741,133259,1799000,Bang_ke_hoa_don_da_su_dung_T6.2025 L2.xls,594
G00744,1C25TUV,00009775,30/06/2025,1665741,133259,1799000,Bang_ke_hoa_don_da_su_dung_T6.2025 L2.xls,595
G00744,1C25TUV,00009776,30/06/2025,1665741,133259,1799000,Bang_ke_hoa_don_da_su_dung_T6.2025 L2.xls,596
G00744,1C25TUV,00009783,30/06/2025,1665741,133259,1799000,Bang_ke_hoa_don_da_su_dung_T6.2025 L2.xls,603
G00744,1C25TUV,00009784,30/06/2025,1665741,133259,1799000,Bang_ke_hoa_don_da_su_dung_T6.2025 L2.xls,604
G00744,1C25TUV,00009785,30/06/2025,1665741,133259,1799000,Bang_ke_hoa_don_da_su_dung_T6.2025 L2.xls,605
G00744,1C25TUV,00009786,30/06/2025,1665741,133259,1799000,Bang_ke_hoa_don_da_su_dung_T6.2025 L2.xls,606
G00745,1C25TUV,00009644,30/06/2025,13328704,1066296,14395000,Bang_ke_hoa_don_da_su_dung_T6.2025 L2.xls,464
G00746,1C25TUV,00009662,30/06/2025,2443519,195481,2639000,Bang_ke_hoa_don_da_su_dung_T6.2025 L2.xls,482
G00747,1C25TUV,00009672,30/06/2025,2387963,191037,2579000,Bang_ke_hoa_don_da_su_dung_T6.2025 L2.xls,492
G00748,1C25TUV,00009675,30/06/2025,1610185,128815,1739000,Bang_ke_hoa_don_da_su_dung_T6.2025 L2.xls,495
G00748,1C25TUV,00009676,30/06/2025,1610185,128815,1739000,Bang_ke_hoa_don_da_su_dung_T6.2025 L2.xls,496
G00748,1C25TUV,00009677,30/06/2025,1610185,128815,1739000,Bang_ke_hoa_don_da_su_dung_T6.2025 L2.xls,497
G00748,1C25TUV,00009678,30/06/2025,1610185,128815,1739000,Bang_ke_hoa_don_da_su_dung_T6.2025 L2.xls,498
G00748,1C25TUV,00009683,30/06/2025,1610185,128815,1739000,Bang_ke_hoa_don_da_su_dung_T6.2025 L2.xls,503
G00748,1C25TUV,00009684,30/06/2025,1610185,128815,1739000,Bang_ke_hoa_don_da_su_dung_T6.2025 L2.xls,504
G00748,1C25TUV,00009685,30/06/2025,1610185,128815,1739000,Bang_ke_hoa_don_da_su_dung_T6.2025 L2.xls,505
G00748,1C25TUV,00009686,30/06/2025,1610185,128815,1739000,Bang_ke_hoa_don_da_su_dung_T6.2025 L2.xls,506
G00748,1C25TUV,00009687,30/06/2025,1610185,128815,1739000,Bang_ke_hoa_don_da_su_dung_T6.2025 L2.xls,507
G00748,1C25TUV,00009688,30/06/2025,1610185,128815,1739000,Bang_ke_hoa_don_da_su_dung_T6.2025 L2.xls,508
G00749,1C25TUV,00009689,30/06/2025,1749074,139926,1889000,Bang_ke_hoa_don_da_su_dung_T6.2025 L2.xls,509
G00750,1C25TUV,00009691,30/06/2025,2598148,207852,2806000,Bang_ke_hoa_don_da_su_dung_T6.2025 L2.xls,511
G00751,1C25TUV,00009692,30/06/2025,3425926,274074,3700000,Bang_ke_hoa_don_da_su_dung_T6.2025 L2.xls,512
G00752,1C25TUV,00009700,30/06/2025,1620370,129630,1750000,Bang_ke_hoa_don_da_su_dung_T6.2025 L2.xls,520
G00752,1C25TUV,00009703,30/06/2025,1620370,129630,1750000,Bang_ke_hoa_don_da_su_dung_T6.2025 L2.xls,523
G00752,1C25TUV,00009704,30/06/2025,1620370,129630,1750000,Bang_ke_hoa_don_da_su_dung_T6.2025 L2.xls,524
G00752,1C25TUV,00009705,30/06/2025,1620370,129630,1750000,Bang_ke_hoa_don_da_su_dung_T6.2025 L2.xls,525
G00752,1C25TUV,00009706,30/06/2025,1620370,129630,1750000,Bang_ke_hoa_don_da_su_dung_T6.2025 L2.xls,526
G00753,1C25TUV,00009701,30/06/2025,333333,26667,360000,Bang_ke_hoa_don_da_su_dung_T6.2025 L2.xls,521
G00754,1C25TUV,00009702,30/06/2025,2350926,188074,2539000,Bang_ke_hoa_don_da_su_dung_T6.2025 L2.xls,522
G00755,1C25TUV,00009709,30/06/2025,1666667,133333,1800000,Bang_ke_hoa_don_da_su_dung_T6.2025 L2.xls,529
G00755,1C25TUV,00009726,30/06/2025,1666667,133333,1800000,Bang_ke_hoa_don_da_su_dung_T6.2025 L2.xls,546
G00756,1C25TUV,00009711,30/06/2025,2499074,199926,2699000,Bang_ke_hoa_don_da_su_dung_T6.2025 L2.xls,531
G00757,1C25TUV,00009722,30/06/2025,1680556,134444,1815000,Bang_ke_hoa_don_da_su_dung_T6.2025 L2.xls,542
G00758,1C25TUV,00009725,30/06/2025,1675926,134074,1810000,Bang_ke_hoa_don_da_su_dung_T6.2025 L2.xls,545
G00759,1C25TUV,00009731,30/06/2025,2314815,185185,2500000,Bang_ke_hoa_don_da_su_dung_T6.2025 L2.xls,551
G00759,1C25TUV,00006711,19/06/2025,2314815,185185,2500000,Bang_ke_hoa_don_da_su_dung_T6.2025.xls,2514
G00760,1C25TUV,00009745,30/06/2025,1898148,151852,2050000,Bang_ke_hoa_don_da_su_dung_T6.2025 L2.xls,565
G00761,1C25TUV,00009748,30/06/2025,2693997,215520,2909517,Bang_ke_hoa_don_da_su_dung_T6.2025 L2.xls,568
G00762,1C25TUV,00009756,30/06/2025,1758333,140667,1899000,Bang_ke_hoa_don_da_su_dung_T6.2025 L2.xls,576
G00762,1C25TUV,00009777,30/06/2025,1758333,140667,1899000,Bang_ke_hoa_don_da_su_dung_T6.2025 L2.xls,597
G00762,1C25TUV,00009781,30/06/2025,1758333,140667,1899000,Bang_ke_hoa_don_da_su_dung_T6.2025 L2.xls,601
G00762,1C25TUV,00009790,30/06/2025,1758333,140667,1899000,Bang_ke_hoa_don_da_su_dung_T6.2025 L2.xls,610
G00763,1C25TUV,00009760,30/06/2025,2489815,199185,2689000,Bang_ke_hoa_don_da_su_dung_T6.2025 L2.xls,580
G00763,1C25TUV,00009769,30/06/2025,2489815,199185,2689000,Bang_ke_hoa_don_da_su_dung_T6.2025 L2.xls,589
G00763,1C25TUV,00010023,30/06/2025,2489815,199185,2689000,Bang_ke_hoa_don_da_su_dung_T6.2025 L2.xls,843
G00763,1C25TUV,00010025,30/06/2025,2489815,199185,2689000,Bang_ke_hoa_don_da_su_dung_T6.2025 L2.xls,845
G00763,1C25TUV,00010026,30/06/2025,2489815,199185,2689000,Bang_ke_hoa_don_da_su_dung_T6.2025 L2.xls,846
G00764,1C25TUV,00009764,30/06/2025,2443519,195481,2639000,Bang_ke_hoa_don_da_su_dung_T6.2025 L2.xls,584
G00765,1C25TUV,00009766,30/06/2025,4972222,397778,5370000,Bang_ke_hoa_don_da_su_dung_T6.2025 L2.xls,586
G00765,1C25TUV,00009768,30/06/2025,4972222,397778,5370000,Bang_ke_hoa_don_da_su_dung_T6.2025 L2.xls,588
G00766,1C25TUV,00009782,30/06/2025,2665741,213259,2879000,Bang_ke_hoa_don_da_su_dung_T6.2025 L2.xls,602
G00767,1C25TUV,00009792,30/06/2025,3331481,266519,3598000,Bang_ke_hoa_don_da_su_dung_T6.2025 L2.xls,612
G00768,1C25TUV,00009793,30/06/2025,5146296,411704,5558000,Bang_ke_hoa_don_da_su_dung_T6.2025 L2.xls,613
G00769,1C25TUV,00009825,30/06/2025,1003704,80296,1084000,Bang_ke_hoa_don_da_su_dung_T6.2025 L2.xls,645
G00770,1C25TUV,00009840,30/06/2025,1869444,149556,2019000,Bang_ke_hoa_don_da_su_dung_T6.2025 L2.xls,660
G00770,1C25TUV,00009849,30/06/2025,1869444,149556,2019000,Bang_ke_hoa_don_da_su_dung_T6.2025 L2.xls,669
G00771,1C25TUV,00009841,30/06/2025,1600000,128000,1728000,Bang_ke_hoa_don_da_su_dung_T6.2025 L2.xls,661
G00772,1C25TUV,00009843,30/06/2025,776852,62148,839000,Bang_ke_hoa_don_da_su_dung_T6.2025 L2.xls,663
G00772,1C25TUV,00009845,30/06/2025,776852,62148,839000,Bang_ke_hoa_don_da_su_dung_T6.2025 L2.xls,665
G00772,1C25TUV,00009846,30/06/2025,776852,62148,839000,Bang_ke_hoa_don_da_su_dung_T6.2025 L2.xls,666
G00772,1C25TUV,00009848,30/06/2025,776852,62148,839000,Bang_ke_hoa_don_da_su_dung_T6.2025 L2.xls,668
G00772,1C25TUV,00009850,30/06/2025,776852,62148,839000,Bang_ke_hoa_don_da_su_dung_T6.2025 L2.xls,670
G00772,1C25TUV,00009852,30/06/2025,776852,62148,839000,Bang_ke_hoa_don_da_su_dung_T6.2025 L2.xls,672
G00772,1C25TUV,00009853,30/06/2025,776852,62148,839000,Bang_ke_hoa_don_da_su_dung_T6.2025 L2.xls,673
G00772,1C25TUV,00009856,30/06/2025,776852,62148,839000,Bang_ke_hoa_don_da_su_dung_T6.2025 L2.xls,676
G00772,1C25TUV,00009857,30/06/2025,776852,62148,839000,Bang_ke_hoa_don_da_su_dung_T6.2025 L2.xls,677
G00772,1C25TUV,00009858,30/06/2025,776852,62148,839000,Bang_ke_hoa_don_da_su_dung_T6.2025 L2.xls,678
G00772,1C25TUV,00009859,30/06/2025,776852,62148,839000,Bang_ke_hoa_don_da_su_dung_T6.2025 L2.xls,679
G00772,1C25TUV,00009862,30/06/2025,776852,62148,839000,Bang_ke_hoa_don_da_su_dung_T6.2025 L2.xls,682
G00772,1C25TUV,00009863,30/06/2025,776852,62148,839000,Bang_ke_hoa_don_da_su_dung_T6.2025 L2.xls,683
G00772,1C25TUV,00009864,30/06/2025,776852,62148,839000,Bang_ke_hoa_don_da_su_dung_T6.2025 L2.xls,684
G00772,1C25TUV,00009865,30/06/2025,776852,62148,839000,Bang_ke_hoa_don_da_su_dung_T6.2025 L2.xls,685
G00773,1C25TUV,00009844,30/06/2025,2795370,223630,3019000,Bang_ke_hoa_don_da_su_dung_T6.2025 L2.xls,664
G00773,1C25TUV,00009847,30/06/2025,2795370,223630,3019000,Bang_ke_hoa_don_da_su_dung_T6.2025 L2.xls,667
G00773,1C25TUV,00009854,30/06/2025,2795370,223630,3019000,Bang_ke_hoa_don_da_su_dung_T6.2025 L2.xls,674
G00773,1C25TUV,00009866,30/06/2025,2795370,223630,3019000,Bang_ke_hoa_don_da_su_dung_T6.2025 L2.xls,686
G00774,1C25TUV,00009855,30/06/2025,1553704,124296,1678000,Bang_ke_hoa_don_da_su_dung_T6.2025 L2.xls,675
G00775,1C25TUV,00009869,30/06/2025,305544,24444,329988,Bang_ke_hoa_don_da_su_dung_T6.2025 L2.xls,689
G00775,1C25TUV,00009886,30/06/2025,305544,24444,329988,Bang_ke_hoa_don_da_su_dung_T6.2025 L2.xls,706
G00775,1C25TUV,00009942,30/06/2025,305544,24444,329988,Bang_ke_hoa_don_da_su_dung_T6.2025 L2.xls,762
G00775,1C25TUV,00009950,30/06/2025,305544,24444,329988,Bang_ke_hoa_don_da_su_dung_T6.2025 L2.xls,770
G00775,1C25TUV,00009952,30/06/2025,305544,24444,329988,Bang_ke_hoa_don_da_su_dung_T6.2025 L2.xls,772
G00775,1C25TUV,00009957,30/06/2025,305544,24444,329988,Bang_ke_hoa_don_da_su_dung_T6.2025 L2.xls,777
G00775,1C25TUV,00010007,30/06/2025,305544,24444,329988,Bang_ke_hoa_don_da_su_dung_T6.2025 L2.xls,827
G00776,1C25TUV,00009882,30/06/2025,3016667,241333,3258000,Bang_ke_hoa_don_da_su_dung_T6.2025 L2.xls,702
G00776,1C25TUV,00009998,30/06/2025,3016667,241333,3258000,Bang_ke_hoa_don_da_su_dung_T6.2025 L2.xls,818
G00777,1C25TUV,00009887,30/06/2025,1730567,138445,1869012,Bang_ke_hoa_don_da_su_dung_T6.2025 L2.xls,707
G00777,1C25TUV,00009943,30/06/2025,1730567,138445,1869012,Bang_ke_hoa_don_da_su_dung_T6.2025 L2.xls,763
G00777,1C25TUV,00009951,30/06/2025,1730567,138445,1869012,Bang_ke_hoa_don_da_su_dung_T6.2025 L2.xls,771
G00777,1C25TUV,00009953,30/06/2025,1730567,138445,1869012,Bang_ke_hoa_don_da_su_dung_T6.2025 L2.xls,773
G00777,1C25TUV,00009958,30/06/2025,1730567,138445,1869012,Bang_ke_hoa_don_da_su_dung_T6.2025 L2.xls,778
G00777,1C25TUV,00010008,30/06/2025,1730567,138445,1869012,Bang_ke_hoa_don_da_su_dung_T6.2025 L2.xls,828
G00778,1C25TUV,00009889,30/06/2025,2480556,198444,2679000,Bang_ke_hoa_don_da_su_dung_T6.2025 L2.xls,709
G00778,1C25TUV,00010037,30/06/2025,2480556,198444,2679000,Bang_ke_hoa_don_da_su_dung_T6.2025 L2.xls,857
G00779,1C25TUV,00009904,30/06/2025,2586780,206942,2793722,Bang_ke_hoa_don_da_su_dung_T6.2025 L2.xls,724
G00780,1C25TUV,00009905,30/06/2025,504887,40391,545278,Bang_ke_hoa_don_da_su_dung_T6.2025 L2.xls,725
G00781,1C25TUV,00009909,30/06/2025,1184259,94741,1279000,Bang_ke_hoa_don_da_su_dung_T6.2025 L2.xls,729
G00782,1C25TUV,00009919,30/06/2025,999074,79926,1079000,Bang_ke_hoa_don_da_su_dung_T6.2025 L2.xls,739
G00782,1C25TUV,00009920,30/06/2025,999074,79926,1079000,Bang_ke_hoa_don_da_su_dung_T6.2025 L2.xls,740
G00782,1C25TUV,00009921,30/06/2025,999074,79926,1079000,Bang_ke_hoa_don_da_su_dung_T6.2025 L2.xls,741
G00782,1C25TUV,00009922,30/06/2025,999074,79926,1079000,Bang_ke_hoa_don_da_su_dung_T6.2025 L2.xls,742
G00782,1C25TUV,00009923,30/06/2025,999074,79926,1079000,Bang_ke_hoa_don_da_su_dung_T6.2025 L2.xls,743
G00782,1C25TUV,00009925,30/06/2025,999074,79926,1079000,Bang_ke_hoa_don_da_su_dung_T6.2025 L2.xls,745
G00783,1C25TUV,00009924,30/06/2025,906481,72519,979000,Bang_ke_hoa_don_da_su_dung_T6.2025 L2.xls,744
G00784,1C25TUV,00009926,30/06/2025,2415741,193259,2609000,Bang_ke_hoa_don_da_su_dung_T6.2025 L2.xls,746
G00785,1C25TUV,00009927,30/06/2025,1675000,134000,1809000,Bang_ke_hoa_don_da_su_dung_T6.2025 L2.xls,747
G00785,1C25TUV,00009928,30/06/2025,1675000,134000,1809000,Bang_ke_hoa_don_da_su_dung_T6.2025 L2.xls,748
G00785,1C25TUV,00009929,30/06/2025,1675000,134000,1809000,Bang_ke_hoa_don_da_su_dung_T6.2025 L2.xls,749
G00785,1C25TUV,00009930,30/06/2025,1675000,134000,1809000,Bang_ke_hoa_don_da_su_dung_T6.2025 L2.xls,750
G00786,1C25TUV,00009945,30/06/2025,1693519,135481,1829000,Bang_ke_hoa_don_da_su_dung_T6.2025 L2.xls,765
G00786,1C25TUV,00009949,30/06/2025,1693519,135481,1829000,Bang_ke_hoa_don_da_su_dung_T6.2025 L2.xls,769
G00786,1C25TUV,00009954,30/06/2025,1693519,135481,1829000,Bang_ke_hoa_don_da_su_dung_T6.2025 L2.xls,774
G00787,1C25TUV,00009947,30/06/2025,2804630,224370,3029000,Bang_ke_hoa_don_da_su_dung_T6.2025 L2.xls,767
G00787,1C25TUV,00009959,30/06/2025,2804630,224370,3029000,Bang_ke_hoa_don_da_su_dung_T6.2025 L2.xls,779
G00787,1C25TUV,00009961,30/06/2025,2804630,224370,3029000,Bang_ke_hoa_don_da_su_dung_T6.2025 L2.xls,781
G00787,1C25TUV,00009977,30/06/2025,2804630,224370,3029000,Bang_ke_hoa_don_da_su_dung_T6.2025 L2.xls,797
G00787,1C25TUV,00009979,30/06/2025,2804630,224370,3029000,Bang_ke_hoa_don_da_su_dung_T6.2025 L2.xls,799
G00787,1C25TUV,00009981,30/06/2025,2804630,224370,3029000,Bang_ke_hoa_don_da_su_dung_T6.2025 L2.xls,801
G00787,1C25TUV,00009982,30/06/2025,2804630,224370,3029000,Bang_ke_hoa_don_da_su_dung_T6.2025 L2.xls,802
G00787,1C25TUV,00009984,30/06/2025,2804630,224370,3029000,Bang_ke_hoa_don_da_su_dung_T6.2025 L2.xls,804
G00787,1C25TUV,00004869,11/06/2025,2804630,224370,3029000,Bang_ke_hoa_don_da_su_dung_T6.2025.xls,672
G00788,1C25TUV,00009948,30/06/2025,925926,74074,1000000,Bang_ke_hoa_don_da_su_dung_T6.2025 L2.xls,768
G00788,1C25TUV,00009955,30/06/2025,925926,74074,1000000,Bang_ke_hoa_don_da_su_dung_T6.2025 L2.xls,775
G00788,1C25TUV,00009956,30/06/2025,925926,74074,1000000,Bang_ke_hoa_don_da_su_dung_T6.2025 L2.xls,776
G00788,1C25TUV,00009960,30/06/2025,925926,74074,1000000,Bang_ke_hoa_don_da_su_dung_T6.2025 L2.xls,780
G00788,1C25TUV,00009963,30/06/2025,925926,74074,1000000,Bang_ke_hoa_don_da_su_dung_T6.2025 L2.xls,783
G00788,1C25TUV,00009965,30/06/2025,925926,74074,1000000,Bang_ke_hoa_don_da_su_dung_T6.2025 L2.xls,785
G00788,1C25TUV,00009966,30/06/2025,925926,74074,1000000,Bang_ke_hoa_don_da_su_dung_T6.2025 L2.xls,786
G00788,1C25TUV,00009967,30/06/2025,925926,74074,1000000,Bang_ke_hoa_don_da_su_dung_T6.2025 L2.xls,787
G00788,1C25TUV,00009968,30/06/2025,925926,74074,1000000,Bang_ke_hoa_don_da_su_dung_T6.2025 L2.xls,788
G00788,1C25TUV,00009971,30/06/2025,925926,74074,1000000,Bang_ke_hoa_don_da_su_dung_T6.2025 L2.xls,791
G00788,1C25TUV,00009972,30/06/2025,925926,74074,1000000,Bang_ke_hoa_don_da_su_dung_T6.2025 L2.xls,792
G00788,1C25TUV,00009973,30/06/2025,925926,74074,1000000,Bang_ke_hoa_don_da_su_dung_T6.2025 L2.xls,793
G00788,1C25TUV,00009975,30/06/2025,925926,74074,1000000,Bang_ke_hoa_don_da_su_dung_T6.2025 L2.xls,795
G00789,1C25TUV,00009969,30/06/2025,498996,39920,538916,Bang_ke_hoa_don_da_su_dung_T6.2025 L2.xls,789
G00790,1C25TUV,00009970,30/06/2025,2768596,221488,2990084,Bang_ke_hoa_don_da_su_dung_T6.2025 L2.xls,790
G00791,1C25TUV,00009974,30/06/2025,1624074,129926,1754000,Bang_ke_hoa_don_da_su_dung_T6.2025 L2.xls,794
G00791,1C25TUV,00009976,30/06/2025,1624074,129926,1754000,Bang_ke_hoa_don_da_su_dung_T6.2025 L2.xls,796
G00791,1C25TUV,00009978,30/06/2025,1624074,129926,1754000,Bang_ke_hoa_don_da_su_dung_T6.2025 L2.xls,798
G00791,1C25TUV,00009983,30/06/2025,1624074,129926,1754000,Bang_ke_hoa_don_da_su_dung_T6.2025 L2.xls,803
G00791,1C25TUV,00009985,30/06/2025,1624074,129926,1754000,Bang_ke_hoa_don_da_su_dung_T6.2025 L2.xls,805
G00792,1C25TUV,00009990,30/06/2025,3405556,272444,3678000,Bang_ke_hoa_don_da_su_dung_T6.2025 L2.xls,810
G00793,1C25TUV,00009999,30/06/2025,503803,40304,544107,Bang_ke_hoa_don_da_su_dung_T6.2025 L2.xls,819
G00793,1C25TUV,00010003,30/06/2025,503803,40304,544107,Bang_ke_hoa_don_da_su_dung_T6.2025 L2.xls,823
G00794,1C25TUV,00010000,30/06/2025,1513790,121103,1634893,Bang_ke_hoa_don_da_su_dung_T6.2025 L2.xls,820
G00794,1C25TUV,00010004,30/06/2025,1513790,121103,1634893,Bang_ke_hoa_don_da_su_dung_T6.2025 L2.xls,824
G00795,1C25TUV,00010017,30/06/2025,301476,24118,325594,Bang_ke_hoa_don_da_su_dung_T6.2025 L2.xls,837
G00796,1C25TUV,00010020,30/06/2025,504521,40362,544883,Bang_ke_hoa_don_da_su_dung_T6.2025 L2.xls,840
G00797,1C25TUV,00010021,30/06/2025,3796296,303704,4100000,Bang_ke_hoa_don_da_su_dung_T6.2025 L2.xls,841
G00798,1C25TUV,00010022,30/06/2025,999074,79926,1079000,Bang_ke_hoa_don_da_su_dung_T6.2025 L2.xls,842
G00799,1C25TUV,00010040,30/06/2025,5370370,429630,5800000,Bang_ke_hoa_don_da_su_dung_T6.2025 L2.xls,860
G00800,1C25TUV,00010041,30/06/2025,2813889,225111,3039000,Bang_ke_hoa_don_da_su_dung_T6.2025 L2.xls,861
G00801,1C25TUV,00010043,30/06/2025,2327228,186178,2513406,Bang_ke_hoa_don_da_su_dung_T6.2025 L2.xls,863
G00802,1C25TUV,00010046,30/06/2025,1554630,124370,1679000,Bang_ke_hoa_don_da_su_dung_T6.2025 L2.xls,866
G00802,1C25TUV,00010047,30/06/2025,1554630,124370,1679000,Bang_ke_hoa_don_da_su_dung_T6.2025 L2.xls,867
G00802,1C25TUV,00010048,30/06/2025,1554630,124370,1679000,Bang_ke_hoa_don_da_su_dung_T6.2025 L2.xls,868
G00802,1C25TUV,00010050,30/06/2025,1554630,124370,1679000,Bang_ke_hoa_don_da_su_dung_T6.2025 L2.xls,870
G00802,1C25TUV,00010051,30/06/2025,1554630,124370,1679000,Bang_ke_hoa_don_da_su_dung_T6.2025 L2.xls,871
G00802,1C25TUV,00010052,30/06/2025,1554630,124370,1679000,Bang_ke_hoa_don_da_su_dung_T6.2025 L2.xls,872
G00802,1C25TUV,00010053,30/06/2025,1554630,124370,1679000,Bang_ke_hoa_don_da_su_dung_T6.2025 L2.xls,873
G00802,1C25TUV,00010054,30/06/2025,1554630,124370,1679000,Bang_ke_hoa_don_da_su_dung_T6.2025 L2.xls,874
G00802,1C25TUV,00010055,30/06/2025,1554630,124370,1679000,Bang_ke_hoa_don_da_su_dung_T6.2025 L2.xls,875
G00802,1C25TUV,00010056,30/06/2025,1554630,124370,1679000,Bang_ke_hoa_don_da_su_dung_T6.2025 L2.xls,876
G00802,1C25TUV,00010057,30/06/2025,1554630,124370,1679000,Bang_ke_hoa_don_da_su_dung_T6.2025 L2.xls,877
G00802,1C25TUV,00010060,30/06/2025,1554630,124370,1679000,Bang_ke_hoa_don_da_su_dung_T6.2025 L2.xls,880
G00803,1C25TUV,00010068,30/06/2025,2804630,224370,3029000,Bang_ke_hoa_don_da_su_dung_T6.2025 L2.xls,888
G00804,1C25TUV,00010069,30/06/2025,4479630,358370,4838000,Bang_ke_hoa_don_da_su_dung_T6.2025 L2.xls,889
G00805,1C25TUV,00004259,09/06/2025,1701852,136148,1838000,Bang_ke_hoa_don_da_su_dung_T6.2025.xls,62
G00806,1C25TUV,00004260,09/06/2025,1553704,124296,1678000,Bang_ke_hoa_don_da_su_dung_T6.2025.xls,63
G00807,1C25TUV,00004279,09/06/2025,554630,44370,599000,Bang_ke_hoa_don_da_su_dung_T6.2025.xls,82
G00807,1C25TUV,00006378,18/06/2025,554630,44370,599000,Bang_ke_hoa_don_da_su_dung_T6.2025.xls,2181
G00808,1C25TUV,00004303,09/06/2025,159541,12763,172304,Bang_ke_hoa_don_da_su_dung_T6.2025.xls,106
G00809,1C25TUV,00004387,09/06/2025,3535185,282815,3818000,Bang_ke_hoa_don_da_su_dung_T6.2025.xls,190
G00810,1C25TUV,00004388,09/06/2025,962037,76963,1039000,Bang_ke_hoa_don_da_su_dung_T6.2025.xls,191
G00811,1C25TUV,00004389,09/06/2025,7047333,563787,7611120,Bang_ke_hoa_don_da_su_dung_T6.2025.xls,192
G00812,1C25TUV,00004390,09/06/2025,3461110,276889,3737999,Bang_ke_hoa_don_da_su_dung_T6.2025.xls,193
G00813,1C25TUV,00004391,09/06/2025,3036111,242889,3279000,Bang_ke_hoa_don_da_su_dung_T6.2025.xls,194
G00814,1C25TUV,00004405,09/06/2025,1489859,119189,1609048,Bang_ke_hoa_don_da_su_dung_T6.2025.xls,208
G00814,1C25TUV,00004577,10/06/2025,1489859,119189,1609048,Bang_ke_hoa_don_da_su_dung_T6.2025.xls,380
G00815,1C25TUV,00004412,09/06/2025,120370,9630,130000,Bang_ke_hoa_don_da_su_dung_T6.2025.xls,215
G00816,1C25TUV,00004414,10/06/2025,1219392,97551,1316943,Bang_ke_hoa_don_da_su_dung_T6.2025.xls,217
G00816,1C25TUV,00004436,10/06/2025,1219392,97551,1316943,Bang_ke_hoa_don_da_su_dung_T6.2025.xls,239
G00816,1C25TUV,00004439,10/06/2025,1219392,97551,1316943,Bang_ke_hoa_don_da_su_dung_T6.2025.xls,242
G00816,1C25TUV,00004440,10/06/2025,1219392,97551,1316943,Bang_ke_hoa_don_da_su_dung_T6.2025.xls,243
G00816,1C25TUV,00004717,11/06/2025,1219392,97551,1316943,Bang_ke_hoa_don_da_su_dung_T6.2025.xls,520
G00816,1C25TUV,00004720,11/06/2025,1219392,97551,1316943,Bang_ke_hoa_don_da_su_dung_T6.2025.xls,523
G00816,1C25TUV,00004723,11/06/2025,1219392,97551,1316943,Bang_ke_hoa_don_da_su_dung_T6.2025.xls,526
G00816,1C25TUV,00004725,11/06/2025,1219392,97551,1316943,Bang_ke_hoa_don_da_su_dung_T6.2025.xls,528
G00816,1C25TUV,00004727,11/06/2025,1219392,97551,1316943,Bang_ke_hoa_don_da_su_dung_T6.2025.xls,530
G00816,1C25TUV,00004941,12/06/2025,1219392,97551,1316943,Bang_ke_hoa_don_da_su_dung_T6.2025.xls,744
G00816,1C25TUV,00004956,12/06/2025,1219392,97551,1316943,Bang_ke_hoa_don_da_su_dung_T6.2025.xls,759
G00816,1C25TUV,00004976,12/06/2025,1219392,97551,1316943,Bang_ke_hoa_don_da_su_dung_T6.2025.xls,779
G00816,1C25TUV,00005224,13/06/2025,1219392,97551,1316943,Bang_ke_hoa_don_da_su_dung_T6.2025.xls,1027
G00816,1C25TUV,00005250,13/06/2025,1219392,97551,1316943,Bang_ke_hoa_don_da_su_dung_T6.2025.xls,1053
G00816,1C25TUV,00005554,14/06/2025,1219392,97551,1316943,Bang_ke_hoa_don_da_su_dung_T6.2025.xls,1357
G00817,1C25TUV,00004416,10/06/2025,2212737,177019,2389756,Bang_ke_hoa_don_da_su_dung_T6.2025.xls,219
G00817,1C25TUV,00005265,13/06/2025,2212737,177019,2389756,Bang_ke_hoa_don_da_su_dung_T6.2025.xls,1068
G00818,1C25TUV,00004432,10/06/2025,404630,32370,437000,Bang_ke_hoa_don_da_su_dung_T6.2025.xls,235
G00819,1C25TUV,00004435,10/06/2025,1980555,158444,2138999,Bang_ke_hoa_don_da_su_dung_T6.2025.xls,238
G00819,1C25TUV,00004716,11/06/2025,1980555,158444,2138999,Bang_ke_hoa_don_da_su_dung_T6.2025.xls,519
G00819,1C25TUV,00004756,11/06/2025,1980555,158444,2138999,Bang_ke_hoa_don_da_su_dung_T6.2025.xls,559
G00819,1C25TUV,00004951,12/06/2025,1980555,158444,2138999,Bang_ke_hoa_don_da_su_dung_T6.2025.xls,754
G00819,1C25TUV,00005226,13/06/2025,1980555,158444,2138999,Bang_ke_hoa_don_da_su_dung_T6.2025.xls,1029
G00819,1C25TUV,00005229,13/06/2025,1980555,158444,2138999,Bang_ke_hoa_don_da_su_dung_T6.2025.xls,1032
G00819,1C25TUV,00008888,27/06/2025,1980555,158444,2138999,Bang_ke_hoa_don_da_su_dung_T6.2025.xls,4691
G00820,1C25TUV,00004454,10/06/2025,1729844,138388,1868232,Bang_ke_hoa_don_da_su_dung_T6.2025.xls,257
G00821,1C25TUV,00004477,10/06/2025,480556,38444,519000,Bang_ke_hoa_don_da_su_dung_T6.2025.xls,280
G00821,1C25TUV,00005257,13/06/2025,480556,38444,519000,Bang_ke_hoa_don_da_su_dung_T6.2025.xls,1060
G00822,1C25TUV,00004483,10/06/2025,482407,38593,521000,Bang_ke_hoa_don_da_su_dung_T6.2025.xls,286
G00822,1C25TUV,00004787,11/06/2025,482407,38593,521000,Bang_ke_hoa_don_da_su_dung_T6.2025.xls,590
G00822,1C25TUV,00005258,13/06/2025,482407,38593,521000,Bang_ke_hoa_don_da_su_dung_T6.2025.xls,1061
G00822,1C25TUV,00005547,14/06/2025,482407,38593,521000,Bang_ke_hoa_don_da_su_dung_T6.2025.xls,1350
G00823,1C25TUV,00004499,10/06/2025,603556,48284,651840,Bang_ke_hoa_don_da_su_dung_T6.2025.xls,302
G00823,1C25TUV,00004501,10/06/2025,603556,48284,651840,Bang_ke_hoa_don_da_su_dung_T6.2025.xls,304
G00823,1C25TUV,00004502,10/06/2025,603556,48284,651840,Bang_ke_hoa_don_da_su_dung_T6.2025.xls,305
G00823,1C25TUV,00004761,11/06/2025,603556,48284,651840,Bang_ke_hoa_don_da_su_dung_T6.2025.xls,564
G00823,1C25TUV,00004763,11/06/2025,603556,48284,651840,Bang_ke_hoa_don_da_su_dung_T6.2025.xls,566
G00823,1C25TUV,00004773,11/06/2025,603556,48284,651840,Bang_ke_hoa_don_da_su_dung_T6.2025.xls,576
G00823,1C25TUV,00004800,11/06/2025,603556,48284,651840,Bang_ke_hoa_don_da_su_dung_T6.2025.xls,603
G00823,1C25TUV,00005006,12/06/2025,603556,48284,651840,Bang_ke_hoa_don_da_su_dung_T6.2025.xls,809
G00823,1C25TUV,00005007,12/06/2025,603556,48284,651840,Bang_ke_hoa_don_da_su_dung_T6.2025.xls,810
G00823,1C25TUV,00005008,12/06/2025,603556,48284,651840,Bang_ke_hoa_don_da_su_dung_T6.2025.xls,811
G00823,1C25TUV,00005009,12/06/2025,603556,48284,651840,Bang_ke_hoa_don_da_su_dung_T6.2025.xls,812
G00823,1C25TUV,00005256,13/06/2025,603556,48284,651840,Bang_ke_hoa_don_da_su_dung_T6.2025.xls,1059
G00824,1C25TUV,00004503,10/06/2025,2665741,213259,2879000,Bang_ke_hoa_don_da_su_dung_T6.2025.xls,306
G00825,1C25TUV,00004515,10/06/2025,445404,35632,481036,Bang_ke_hoa_don_da_su_dung_T6.2025.xls,318
G00825,1C25TUV,00004516,10/06/2025,445404,35632,481036,Bang_ke_hoa_don_da_su_dung_T6.2025.xls,319
G00826,1C25TUV,00004570,10/06/2025,3036111,242889,3279000,Bang_ke_hoa_don_da_su_dung_T6.2025.xls,373
G00827,1C25TUV,00004600,10/06/2025,3823148,305852,4129000,Bang_ke_hoa_don_da_su_dung_T6.2025.xls,403
G00828,1C25TUV,00004601,10/06/2025,4181507,334521,4516028,Bang_ke_hoa_don_da_su_dung_T6.2025.xls,404
G00829,1C25TUV,00004665,10/06/2025,1147222,91778,1239000,Bang_ke_hoa_don_da_su_dung_T6.2025.xls,468
G00830,1C25TUV,00004673,10/06/2025,3591667,287333,3879000,Bang_ke_hoa_don_da_su_dung_T6.2025.xls,476
G00831,1C25TUV,00004711,11/06/2025,47748148,3819852,51568000,Bang_ke_hoa_don_da_su_dung_T6.2025.xls,514
G00832,1C25TUV,00004712,11/06/2025,9283333,742667,10026000,Bang_ke_hoa_don_da_su_dung_T6.2025.xls,515
G00833,1C25TUV,00004713,11/06/2025,5053704,404296,5458000,Bang_ke_hoa_don_da_su_dung_T6.2025.xls,516
G00834,1C25TUV,00004714,11/06/2025,5982000,478560,6460560,Bang_ke_hoa_don_da_su_dung_T6.2025.xls,517
G00835,1C25TUV,00004715,11/06/2025,1164519,93162,1257681,Bang_ke_hoa_don_da_su_dung_T6.2025.xls,518
G00836,1C25TUV,00004728,11/06/2025,1626152,130092,1756244,Bang_ke_hoa_don_da_su_dung_T6.2025.xls,531
G00837,1C25TUV,00004729,11/06/2025,442593,35407,478000,Bang_ke_hoa_don_da_su_dung_T6.2025.xls,532
G00837,1C25TUV,00007556,21/06/2025,442593,35407,478000,Bang_ke_hoa_don_da_su_dung_T6.2025.xls,3359
G00838,1C25TUV,00004757,11/06/2025,464815,37185,502000,Bang_ke_hoa_don_da_su_dung_T6.2025.xls,560
G00839,1C25TUV,00004774,11/06/2025,1212141,96971,1309112,Bang_ke_hoa_don_da_su_dung_T6.2025.xls,577
G00840,1C25TUV,00004785,11/06/2025,896296,71704,968000,Bang_ke_hoa_don_da_su_dung_T6.2025.xls,588
G00841,1C25TUV,00004811,11/06/2025,1702778,136222,1839000,Bang_ke_hoa_don_da_su_dung_T6.2025.xls,614
G00842,1C25TUV,00004813,11/06/2025,436478,34918,471396,Bang_ke_hoa_don_da_su_dung_T6.2025.xls,616
G00843,1C25TUV,00004818,11/06/2025,1219393,97551,1316944,Bang_ke_hoa_don_da_su_dung_T6.2025.xls,621
G00844,1C25TUV,00004829,11/06/2025,611759,48941,660700,Bang_ke_hoa_don_da_su_dung_T6.2025.xls,632
G00845,1C25TUV,00004831,11/06/2025,621104,49688,670792,Bang_ke_hoa_don_da_su_dung_T6.2025.xls,634
G00846,1C25TUV,00004832,11/06/2025,444537,35563,480100,Bang_ke_hoa_don_da_su_dung_T6.2025.xls,635
G00847,1C25TUV,00004903,11/06/2025,1127778,90222,1218000,Bang_ke_hoa_don_da_su_dung_T6.2025.xls,706
G00848,1C25TUV,00004913,11/06/2025,12457333,996587,13453920,Bang_ke_hoa_don_da_su_dung_T6.2025.xls,716
G00849,1C25TUV,00004928,12/06/2025,2198965,175917,2374882,Bang_ke_hoa_don_da_su_dung_T6.2025.xls,731
G00849,1C25TUV,00007016,19/06/2025,2198965,175917,2374882,Bang_ke_hoa_don_da_su_dung_T6.2025.xls,2819
G00850,1C25TUV,00004931,12/06/2025,1897372,151790,2049162,Bang_ke_hoa_don_da_su_dung_T6.2025.xls,734
G00850,1C25TUV,00005159,13/06/2025,1897372,151790,2049162,Bang_ke_hoa_don_da_su_dung_T6.2025.xls,962
G00851,1C25TUV,00004932,12/06/2025,2463302,197064,2660366,Bang_ke_hoa_don_da_su_dung_T6.2025.xls,735
G00852,1C25TUV,00004942,12/06/2025,462963,37037,500000,Bang_ke_hoa_don_da_su_dung_T6.2025.xls,745
G00853,1C25TUV,00004975,12/06/2025,2495366,199629,2694995,Bang_ke_hoa_don_da_su_dung_T6.2025.xls,778
G00854,1C25TUV,00005011,12/06/2025,898148,71852,970000,Bang_ke_hoa_don_da_su_dung_T6.2025.xls,814
G00855,1C25TUV,00005032,12/06/2025,4850000,388000,5238000,Bang_ke_hoa_don_da_su_dung_T6.2025.xls,835
G00856,1C25TUV,00005038,12/06/2025,3127777,250222,3377999,Bang_ke_hoa_don_da_su_dung_T6.2025.xls,841
G00857,1C25TUV,00005040,12/06/2025,1185339,94827,1280166,Bang_ke_hoa_don_da_su_dung_T6.2025.xls,843
G00858,1C25TUV,00005139,12/06/2025,1610185,128815,1739000,Bang_ke_hoa_don_da_su_dung_T6.2025.xls,942
G00859,1C25TUV,00005152,13/06/2025,30429333,2434347,32863680,Bang_ke_hoa_don_da_su_dung_T6.2025.xls,955
G00860,1C25TUV,00005155,13/06/2025,331481,26519,358000,Bang_ke_hoa_don_da_su_dung_T6.2025.xls,958
G00861,1C25TUV,00005163,13/06/2025,1274998,102000,1376998,Bang_ke_hoa_don_da_su_dung_T6.2025.xls,966
G00861,1C25TUV,00007020,19/06/2025,1274998,102000,1376998,Bang_ke_hoa_don_da_su_dung_T6.2025.xls,2823
G00861,1C25TUV,00007558,21/06/2025,1274998,102000,1376998,Bang_ke_hoa_don_da_su_dung_T6.2025.xls,3361
G00861,1C25TUV,00007568,21/06/2025,1274998,102000,1376998,Bang_ke_hoa_don_da_su_dung_T6.2025.xls,3371
G00861,1C25TUV,00008253,24/06/2025,1274998,102000,1376998,Bang_ke_hoa_don_da_su_dung_T6.2025.xls,4056
G00861,1C25TUV,00008542,25/06/2025,1274998,102000,1376998,Bang_ke_hoa_don_da_su_dung_T6.2025.xls,4345
G00861,1C25TUV,00008549,25/06/2025,1274998,102000,1376998,Bang_ke_hoa_don_da_su_dung_T6.2025.xls,4352
G00861,1C25TUV,00008737,26/06/2025,1274998,102000,1376998,Bang_ke_hoa_don_da_su_dung_T6.2025.xls,4540
G00861,1C25TUV,00008895,27/06/2025,1274998,102000,1376998,Bang_ke_hoa_don_da_su_dung_T6.2025.xls,4698
G00861,1C25TUV,00008925,27/06/2025,1274998,102000,1376998,Bang_ke_hoa_don_da_su_dung_T6.2025.xls,4728
G00862,1C25TUV,00005206,13/06/2025,2443519,195481,2639000,Bang_ke_hoa_don_da_su_dung_T6.2025.xls,1009
G00862,1C25TUV,00005595,14/06/2025,2443519,195481,2639000,Bang_ke_hoa_don_da_su_dung_T6.2025.xls,1398
G00862,1C25TUV,00005657,14/06/2025,2443519,195481,2639000,Bang_ke_hoa_don_da_su_dung_T6.2025.xls,1460
G00862,1C25TUV,00005790,15/06/2025,2443519,195481,2639000,Bang_ke_hoa_don_da_su_dung_T6.2025.xls,1593
G00863,1C25TUV,00005213,13/06/2025,627778,50222,678000,Bang_ke_hoa_don_da_su_dung_T6.2025.xls,1016
G00863,1C25TUV,00005215,13/06/2025,627778,50222,678000,Bang_ke_hoa_don_da_su_dung_T6.2025.xls,1018
G00863,1C25TUV,00005636,14/06/2025,627778,50222,678000,Bang_ke_hoa_don_da_su_dung_T6.2025.xls,1439
G00863,1C25TUV,00005649,14/06/2025,627778,50222,678000,Bang_ke_hoa_don_da_su_dung_T6.2025.xls,1452
G00863,1C25TUV,00005653,14/06/2025,627778,50222,678000,Bang_ke_hoa_don_da_su_dung_T6.2025.xls,1456
G00863,1C25TUV,00005781,15/06/2025,627778,50222,678000,Bang_ke_hoa_don_da_su_dung_T6.2025.xls,1584
G00863,1C25TUV,00005847,15/06/2025,627778,50222,678000,Bang_ke_hoa_don_da_su_dung_T6.2025.xls,1650
G00863,1C25TUV,00005858,15/06/2025,627778,50222,678000,Bang_ke_hoa_don_da_su_dung_T6.2025.xls,1661
G00863,1C25TUV,00005910,16/06/2025,627778,50222,678000,Bang_ke_hoa_don_da_su_dung_T6.2025.xls,1713
G00863,1C25TUV,00005914,16/06/2025,627778,50222,678000,Bang_ke_hoa_don_da_su_dung_T6.2025.xls,1717
G00863,1C25TUV,00005930,16/06/2025,627778,50222,678000,Bang_ke_hoa_don_da_su_dung_T6.2025.xls,1733
G00863,1C25TUV,00005932,16/06/2025,627778,50222,678000,Bang_ke_hoa_don_da_su_dung_T6.2025.xls,1735
G00863,1C25TUV,00005933,16/06/2025,627778,50222,678000,Bang_ke_hoa_don_da_su_dung_T6.2025.xls,1736
G00863,1C25TUV,00005950,16/06/2025,627778,50222,678000,Bang_ke_hoa_don_da_su_dung_T6.2025.xls,1753
G00863,1C25TUV,00005953,16/06/2025,627778,50222,678000,Bang_ke_hoa_don_da_su_dung_T6.2025.xls,1756
G00863,1C25TUV,00005955,16/06/2025,627778,50222,678000,Bang_ke_hoa_don_da_su_dung_T6.2025.xls,1758
G00863,1C25TUV,00005960,16/06/2025,627778,50222,678000,Bang_ke_hoa_don_da_su_dung_T6.2025.xls,1763
G00863,1C25TUV,00005963,16/06/2025,627778,50222,678000,Bang_ke_hoa_don_da_su_dung_T6.2025.xls,1766
G00863,1C25TUV,00006253,17/06/2025,627778,50222,678000,Bang_ke_hoa_don_da_su_dung_T6.2025.xls,2056
G00863,1C25TUV,00006257,17/06/2025,627778,50222,678000,Bang_ke_hoa_don_da_su_dung_T6.2025.xls,2060
G00863,1C25TUV,00006263,17/06/2025,627778,50222,678000,Bang_ke_hoa_don_da_su_dung_T6.2025.xls,2066
G00863,1C25TUV,00006273,17/06/2025,627778,50222,678000,Bang_ke_hoa_don_da_su_dung_T6.2025.xls,2076
G00863,1C25TUV,00006274,17/06/2025,627778,50222,678000,Bang_ke_hoa_don_da_su_dung_T6.2025.xls,2077
G00863,1C25TUV,00006284,17/06/2025,627778,50222,678000,Bang_ke_hoa_don_da_su_dung_T6.2025.xls,2087
G00863,1C25TUV,00006376,17/06/2025,627778,50222,678000,Bang_ke_hoa_don_da_su_dung_T6.2025.xls,2179
G00863,1C25TUV,00006654,18/06/2025,627778,50222,678000,Bang_ke_hoa_don_da_su_dung_T6.2025.xls,2457
G00863,1C25TUV,00006682,18/06/2025,627778,50222,678000,Bang_ke_hoa_don_da_su_dung_T6.2025.xls,2485
G00863,1C25TUV,00006701,18/06/2025,627778,50222,678000,Bang_ke_hoa_don_da_su_dung_T6.2025.xls,2504
G00863,1C25TUV,00006870,19/06/2025,627778,50222,678000,Bang_ke_hoa_don_da_su_dung_T6.2025.xls,2673
G00863,1C25TUV,00006970,19/06/2025,627778,50222,678000,Bang_ke_hoa_don_da_su_dung_T6.2025.xls,2773
G00863,1C25TUV,00006972,19/06/2025,627778,50222,678000,Bang_ke_hoa_don_da_su_dung_T6.2025.xls,2775
G00863,1C25TUV,00007235,20/06/2025,627778,50222,678000,Bang_ke_hoa_don_da_su_dung_T6.2025.xls,3038
G00863,1C25TUV,00007239,20/06/2025,627778,50222,678000,Bang_ke_hoa_don_da_su_dung_T6.2025.xls,3042
G00863,1C25TUV,00007241,20/06/2025,627778,50222,678000,Bang_ke_hoa_don_da_su_dung_T6.2025.xls,3044
G00863,1C25TUV,00007244,20/06/2025,627778,50222,678000,Bang_ke_hoa_don_da_su_dung_T6.2025.xls,3047
G00863,1C25TUV,00007251,20/06/2025,627778,50222,678000,Bang_ke_hoa_don_da_su_dung_T6.2025.xls,3054
G00863,1C25TUV,00007258,20/06/2025,627778,50222,678000,Bang_ke_hoa_don_da_su_dung_T6.2025.xls,3061
G00863,1C25TUV,00007261,20/06/2025,627778,50222,678000,Bang_ke_hoa_don_da_su_dung_T6.2025.xls,3064
G00863,1C25TUV,00007265,20/06/2025,627778,50222,678000,Bang_ke_hoa_don_da_su_dung_T6.2025.xls,3068
G00863,1C25TUV,00007273,20/06/2025,627778,50222,678000,Bang_ke_hoa_don_da_su_dung_T6.2025.xls,3076
G00863,1C25TUV,00007457,21/06/2025,627778,50222,678000,Bang_ke_hoa_don_da_su_dung_T6.2025.xls,3260
G00863,1C25TUV,00007472,21/06/2025,627778,50222,678000,Bang_ke_hoa_don_da_su_dung_T6.2025.xls,3275
G00863,1C25TUV,00007473,21/06/2025,627778,50222,678000,Bang_ke_hoa_don_da_su_dung_T6.2025.xls,3276
G00863,1C25TUV,00007474,21/06/2025,627778,50222,678000,Bang_ke_hoa_don_da_su_dung_T6.2025.xls,3277
G00863,1C25TUV,00007475,21/06/2025,627778,50222,678000,Bang_ke_hoa_don_da_su_dung_T6.2025.xls,3278
G00863,1C25TUV,00007480,21/06/2025,627778,50222,678000,Bang_ke_hoa_don_da_su_dung_T6.2025.xls,3283
G00863,1C25TUV,00007482,21/06/2025,627778,50222,678000,Bang_ke_hoa_don_da_su_dung_T6.2025.xls,3285
G00863,1C25TUV,00007488,21/06/2025,627778,50222,678000,Bang_ke_hoa_don_da_su_dung_T6.2025.xls,3291
G00863,1C25TUV,00007490,21/06/2025,627778,50222,678000,Bang_ke_hoa_don_da_su_dung_T6.2025.xls,3293
G00863,1C25TUV,00007494,21/06/2025,627778,50222,678000,Bang_ke_hoa_don_da_su_dung_T6.2025.xls,3297
G00863,1C25TUV,00007498,21/06/2025,627778,50222,678000,Bang_ke_hoa_don_da_su_dung_T6.2025.xls,3301
G00863,1C25TUV,00007700,22/06/2025,627778,50222,678000,Bang_ke_hoa_don_da_su_dung_T6.2025.xls,3503
G00863,1C25TUV,00007885,23/06/2025,627778,50222,678000,Bang_ke_hoa_don_da_su_dung_T6.2025.xls,3688
G00863,1C25TUV,00008191,24/06/2025,627778,50222,678000,Bang_ke_hoa_don_da_su_dung_T6.2025.xls,3994
G00863,1C25TUV,00008476,25/06/2025,627778,50222,678000,Bang_ke_hoa_don_da_su_dung_T6.2025.xls,4279
G00863,1C25TUV,00008556,25/06/2025,627778,50222,678000,Bang_ke_hoa_don_da_su_dung_T6.2025.xls,4359
G00863,1C25TUV,00008563,25/06/2025,627778,50222,678000,Bang_ke_hoa_don_da_su_dung_T6.2025.xls,4366
G00863,1C25TUV,00008704,26/06/2025,627778,50222,678000,Bang_ke_hoa_don_da_su_dung_T6.2025.xls,4507
G00863,1C25TUV,00008721,26/06/2025,627778,50222,678000,Bang_ke_hoa_don_da_su_dung_T6.2025.xls,4524
G00863,1C25TUV,00008903,27/06/2025,627778,50222,678000,Bang_ke_hoa_don_da_su_dung_T6.2025.xls,4706
G00863,1C25TUV,00008904,27/06/2025,627778,50222,678000,Bang_ke_hoa_don_da_su_dung_T6.2025.xls,4707
G00864,1C25TUV,00005227,13/06/2025,461111,36889,498000,Bang_ke_hoa_don_da_su_dung_T6.2025.xls,1030
G00865,1C25TUV,00005240,13/06/2025,1636111,130889,1767000,Bang_ke_hoa_don_da_su_dung_T6.2025.xls,1043
G00866,1C25TUV,00005242,13/06/2025,1795370,143630,1939000,Bang_ke_hoa_don_da_su_dung_T6.2025.xls,1045
G00866,1C25TUV,00005598,14/06/2025,1795370,143630,1939000,Bang_ke_hoa_don_da_su_dung_T6.2025.xls,1401
G00866,1C25TUV,00008562,25/06/2025,1795370,143630,1939000,Bang_ke_hoa_don_da_su_dung_T6.2025.xls,4365
G00867,1C25TUV,00005260,13/06/2025,1422358,113789,1536147,Bang_ke_hoa_don_da_su_dung_T6.2025.xls,1063
G00867,1C25TUV,00006637,18/06/2025,1422358,113789,1536147,Bang_ke_hoa_don_da_su_dung_T6.2025.xls,2440
G00867,1C25TUV,00008742,26/06/2025,1422358,113789,1536147,Bang_ke_hoa_don_da_su_dung_T6.2025.xls,4545
G00868,1C25TUV,00005280,13/06/2025,2850926,228074,3079000,Bang_ke_hoa_don_da_su_dung_T6.2025.xls,1083
G00868,1C25TUV,00006516,18/06/2025,2850926,228074,3079000,Bang_ke_hoa_don_da_su_dung_T6.2025.xls,2319
G00869,1C25TUV,00005281,13/06/2025,849074,67926,917000,Bang_ke_hoa_don_da_su_dung_T6.2025.xls,1084
G00870,1C25TUV,00005294,13/06/2025,555500,44440,599940,Bang_ke_hoa_don_da_su_dung_T6.2025.xls,1097
G00870,1C25TUV,00006056,16/06/2025,555500,44440,599940,Bang_ke_hoa_don_da_su_dung_T6.2025.xls,1859
G00870,1C25TUV,00008341,24/06/2025,555500,44440,599940,Bang_ke_hoa_don_da_su_dung_T6.2025.xls,4144
G00871,1C25TUV,00005355,13/06/2025,3479630,278370,3758000,Bang_ke_hoa_don_da_su_dung_T6.2025.xls,1158
G00872,1C25TUV,00005357,13/06/2025,3155556,252444,3408000,Bang_ke_hoa_don_da_su_dung_T6.2025.xls,1160
G00872,1C25TUV,00005365,14/06/2025,3155556,252444,3408000,Bang_ke_hoa_don_da_su_dung_T6.2025.xls,1168
G00872,1C25TUV,00006507,18/06/2025,3155556,252444,3408000,Bang_ke_hoa_don_da_su_dung_T6.2025.xls,2310
G00873,1C25TUV,00005366,14/06/2025,1237963,99037,1337000,Bang_ke_hoa_don_da_su_dung_T6.2025.xls,1169
G00874,1C25TUV,00005368,14/06/2025,2424074,193926,2618000,Bang_ke_hoa_don_da_su_dung_T6.2025.xls,1171
G00875,1C25TUV,00005369,14/06/2025,2877778,230222,3108000,Bang_ke_hoa_don_da_su_dung_T6.2025.xls,1172
G00876,1C25TUV,00005371,14/06/2025,3488889,279111,3768000,Bang_ke_hoa_don_da_su_dung_T6.2025.xls,1174
G00877,1C25TUV,00005529,14/06/2025,499074,39926,539000,Bang_ke_hoa_don_da_su_dung_T6.2025.xls,1332
G00878,1C25TUV,00005536,14/06/2025,555500,44440,599940,Bang_ke_hoa_don_da_su_dung_T6.2025.xls,1339
G00878,1C25TUV,00006387,18/06/2025,555500,44440,599940,Bang_ke_hoa_don_da_su_dung_T6.2025.xls,2190
G00878,1C25TUV,00006434,18/06/2025,555500,44440,599940,Bang_ke_hoa_don_da_su_dung_T6.2025.xls,2237
G00878,1C25TUV,00006439,18/06/2025,555500,44440,599940,Bang_ke_hoa_don_da_su_dung_T6.2025.xls,2242
G00878,1C25TUV,00006756,19/06/2025,555500,44440,599940,Bang_ke_hoa_don_da_su_dung_T6.2025.xls,2559
G00878,1C25TUV,00007417,21/06/2025,555500,44440,599940,Bang_ke_hoa_don_da_su_dung_T6.2025.xls,3220
G00878,1C25TUV,00008022,23/06/2025,555500,44440,599940,Bang_ke_hoa_don_da_su_dung_T6.2025.xls,3825
G00878,1C25TUV,00008034,23/06/2025,555500,44440,599940,Bang_ke_hoa_don_da_su_dung_T6.2025.xls,3837
G00878,1C25TUV,00008409,25/06/2025,555500,44440,599940,Bang_ke_hoa_don_da_su_dung_T6.2025.xls,4212
G00878,1C25TUV,00008424,25/06/2025,555500,44440,599940,Bang_ke_hoa_don_da_su_dung_T6.2025.xls,4227
G00879,1C25TUV,00005542,14/06/2025,4147222,331778,4479000,Bang_ke_hoa_don_da_su_dung_T6.2025.xls,1345
G00879,1C25TUV,00006103,16/06/2025,4147222,331778,4479000,Bang_ke_hoa_don_da_su_dung_T6.2025.xls,1906
G00880,1C25TUV,00005543,14/06/2025,720370,57630,778000,Bang_ke_hoa_don_da_su_dung_T6.2025.xls,1346
G00881,1C25TUV,00005558,14/06/2025,7716664,617333,8333997,Bang_ke_hoa_don_da_su_dung_T6.2025.xls,1361
G00882,1C25TUV,00005573,14/06/2025,452778,36222,489000,Bang_ke_hoa_don_da_su_dung_T6.2025.xls,1376
G00883,1C25TUV,00005600,14/06/2025,214657,17173,231830,Bang_ke_hoa_don_da_su_dung_T6.2025.xls,1403
G00883,1C25TUV,00007307,20/06/2025,214657,17173,231830,Bang_ke_hoa_don_da_su_dung_T6.2025.xls,3110
G00884,1C25TUV,00005618,14/06/2025,147222,11778,159000,Bang_ke_hoa_don_da_su_dung_T6.2025.xls,1421
G00885,1C25TUV,00005625,14/06/2025,2368519,189481,2558000,Bang_ke_hoa_don_da_su_dung_T6.2025.xls,1428
G00886,1C25TUV,00005637,14/06/2025,961111,76889,1038000,Bang_ke_hoa_don_da_su_dung_T6.2025.xls,1440
G00887,1C25TUV,00005640,14/06/2025,1302778,104222,1407000,Bang_ke_hoa_don_da_su_dung_T6.2025.xls,1443
G00888,1C25TUV,00005652,14/06/2025,5144443,411555,5555998,Bang_ke_hoa_don_da_su_dung_T6.2025.xls,1455
G00889,1C25TUV,00005659,14/06/2025,3328667,266293,3594960,Bang_ke_hoa_don_da_su_dung_T6.2025.xls,1462
G00890,1C25TUV,00005660,14/06/2025,1224000,97920,1321920,Bang_ke_hoa_don_da_su_dung_T6.2025.xls,1463
G00891,1C25TUV,00005665,15/06/2025,3700000,296000,3996000,Bang_ke_hoa_don_da_su_dung_T6.2025.xls,1468
G00892,1C25TUV,00005753,15/06/2025,1018407,81473,1099880,Bang_ke_hoa_don_da_su_dung_T6.2025.xls,1556
G00893,1C25TUV,00005778,15/06/2025,2989815,239185,3229000,Bang_ke_hoa_don_da_su_dung_T6.2025.xls,1581
G00894,1C25TUV,00005779,15/06/2025,3554630,284370,3839000,Bang_ke_hoa_don_da_su_dung_T6.2025.xls,1582
G00895,1C25TUV,00005780,15/06/2025,4461110,356889,4817999,Bang_ke_hoa_don_da_su_dung_T6.2025.xls,1583
G00896,1C25TUV,00005785,15/06/2025,498148,39852,538000,Bang_ke_hoa_don_da_su_dung_T6.2025.xls,1588
G00896,1C25TUV,00006689,18/06/2025,498148,39852,538000,Bang_ke_hoa_don_da_su_dung_T6.2025.xls,2492
G00896,1C25TUV,00007245,20/06/2025,498148,39852,538000,Bang_ke_hoa_don_da_su_dung_T6.2025.xls,3048
G00896,1C25TUV,00007257,20/06/2025,498148,39852,538000,Bang_ke_hoa_don_da_su_dung_T6.2025.xls,3060
G00896,1C25TUV,00007471,21/06/2025,498148,39852,538000,Bang_ke_hoa_don_da_su_dung_T6.2025.xls,3274
G00896,1C25TUV,00007708,22/06/2025,498148,39852,538000,Bang_ke_hoa_don_da_su_dung_T6.2025.xls,3511
G00897,1C25TUV,00005795,15/06/2025,1223224,97858,1321082,Bang_ke_hoa_don_da_su_dung_T6.2025.xls,1598
G00897,1C25TUV,00005796,15/06/2025,1223224,97858,1321082,Bang_ke_hoa_don_da_su_dung_T6.2025.xls,1599
G00897,1C25TUV,00005900,16/06/2025,1223224,97858,1321082,Bang_ke_hoa_don_da_su_dung_T6.2025.xls,1703
G00897,1C25TUV,00007528,21/06/2025,1223224,97858,1321082,Bang_ke_hoa_don_da_su_dung_T6.2025.xls,3331
G00898,1C25TUV,00005846,15/06/2025,350000,28000,378000,Bang_ke_hoa_don_da_su_dung_T6.2025.xls,1649
G00899,1C25TUV,00005880,16/06/2025,2341435,187315,2528750,Bang_ke_hoa_don_da_su_dung_T6.2025.xls,1683
G00900,1C25TUV,00005881,16/06/2025,1127778,90222,1218000,Bang_ke_hoa_don_da_su_dung_T6.2025.xls,1684
G00901,1C25TUV,00005892,16/06/2025,3036111,242889,3279000,Bang_ke_hoa_don_da_su_dung_T6.2025.xls,1695
G00902,1C25TUV,00005988,16/06/2025,213319,17065,230384,Bang_ke_hoa_don_da_su_dung_T6.2025.xls,1791
G00903,1C25TUV,00005994,16/06/2025,161100,12888,173988,Bang_ke_hoa_don_da_su_dung_T6.2025.xls,1797
G00903,1C25TUV,00006292,17/06/2025,161100,12888,173988,Bang_ke_hoa_don_da_su_dung_T6.2025.xls,2095
G00904,1C25TUV,00005995,16/06/2025,1647393,131791,1779184,Bang_ke_hoa_don_da_su_dung_T6.2025.xls,1798
G00905,1C25TUV,00006039,16/06/2025,509204,40736,549940,Bang_ke_hoa_don_da_su_dung_T6.2025.xls,1842
G00905,1C25TUV,00006442,18/06/2025,509204,40736,549940,Bang_ke_hoa_don_da_su_dung_T6.2025.xls,2245
G00905,1C25TUV,00006798,19/06/2025,509204,40736,549940,Bang_ke_hoa_don_da_su_dung_T6.2025.xls,2601
G00906,1C25TUV,00006104,16/06/2025,8109259,648741,8758000,Bang_ke_hoa_don_da_su_dung_T6.2025.xls,1907
G00907,1C25TUV,00006107,16/06/2025,555556,44444,600000,Bang_ke_hoa_don_da_su_dung_T6.2025.xls,1910
G00908,1C25TUV,00006110,17/06/2025,7100667,568053,7668720,Bang_ke_hoa_don_da_su_dung_T6.2025.xls,1913
G00909,1C25TUV,00006111,17/06/2025,18415333,1473227,19888560,Bang_ke_hoa_don_da_su_dung_T6.2025.xls,1914
G00910,1C25TUV,00006112,17/06/2025,1580555,126444,1706999,Bang_ke_hoa_don_da_su_dung_T6.2025.xls,1915
G00911,1C25TUV,00006113,17/06/2025,1127777,90222,1217999,Bang_ke_hoa_don_da_su_dung_T6.2025.xls,1916
G00912,1C25TUV,00006114,17/06/2025,1795371,143630,1939001,Bang_ke_hoa_don_da_su_dung_T6.2025.xls,1917
G00912,1C25TUV,00006500,18/06/2025,1795371,143630,1939001,Bang_ke_hoa_don_da_su_dung_T6.2025.xls,2303
G00912,1C25TUV,00006732,19/06/2025,1795371,143630,1939001,Bang_ke_hoa_don_da_su_dung_T6.2025.xls,2535
G00912,1C25TUV,00006733,19/06/2025,1795371,143630,1939001,Bang_ke_hoa_don_da_su_dung_T6.2025.xls,2536
G00913,1C25TUV,00006129,17/06/2025,998148,79852,1078000,Bang_ke_hoa_don_da_su_dung_T6.2025.xls,1932
G00914,1C25TUV,00006195,17/06/2025,509204,40736,549940,Bang_ke_hoa_don_da_su_dung_T6.2025.xls,1998
G00914,1C25TUV,00007144,20/06/2025,509204,40736,549940,Bang_ke_hoa_don_da_su_dung_T6.2025.xls,2947
G00915,1C25TUV,00006228,17/06/2025,1600926,128074,1729000,Bang_ke_hoa_don_da_su_dung_T6.2025.xls,2031
G00915,1C25TUV,00007156,20/06/2025,1600926,128074,1729000,Bang_ke_hoa_don_da_su_dung_T6.2025.xls,2959
G00916,1C25TUV,00006237,17/06/2025,1631261,130501,1761762,Bang_ke_hoa_don_da_su_dung_T6.2025.xls,2040
G00916,1C25TUV,00007298,20/06/2025,1631261,130501,1761762,Bang_ke_hoa_don_da_su_dung_T6.2025.xls,3101
G00917,1C25TUV,00006302,17/06/2025,1239298,99144,1338442,Bang_ke_hoa_don_da_su_dung_T6.2025.xls,2105
G00918,1C25TUV,00006304,17/06/2025,2231100,178488,2409588,Bang_ke_hoa_don_da_su_dung_T6.2025.xls,2107
G00919,1C25TUV,00006317,17/06/2025,494444,39555,533999,Bang_ke_hoa_don_da_su_dung_T6.2025.xls,2120
G00920,1C25TUV,00006319,17/06/2025,160200,12816,173016,Bang_ke_hoa_don_da_su_dung_T6.2025.xls,2122
G00921,1C25TUV,00006324,17/06/2025,163333,13067,176400,Bang_ke_hoa_don_da_su_dung_T6.2025.xls,2127
G00921,1C25TUV,00006584,18/06/2025,163333,13067,176400,Bang_ke_hoa_don_da_su_dung_T6.2025.xls,2387
G00922,1C25TUV,00006343,17/06/2025,626852,50148,677000,Bang_ke_hoa_don_da_su_dung_T6.2025.xls,2146
G00922,1C25TUV,00006344,17/06/2025,626852,50148,677000,Bang_ke_hoa_don_da_su_dung_T6.2025.xls,2147
G00923,1C25TUV,00006379,18/06/2025,627414,50193,677607,Bang_ke_hoa_don_da_su_dung_T6.2025.xls,2182
G00924,1C25TUV,00006448,18/06/2025,1182407,94593,1277000,Bang_ke_hoa_don_da_su_dung_T6.2025.xls,2251
G00925,1C25TUV,00006481,18/06/2025,1332407,106593,1439000,Bang_ke_hoa_don_da_su_dung_T6.2025.xls,2284
G00925,1C25TUV,00008635,26/06/2025,1332407,106593,1439000,Bang_ke_hoa_don_da_su_dung_T6.2025.xls,4438
G00926,1C25TUV,00006510,18/06/2025,4850926,388074,5239000,Bang_ke_hoa_don_da_su_dung_T6.2025.xls,2313
G00927,1C25TUV,00006514,18/06/2025,1544445,123556,1668001,Bang_ke_hoa_don_da_su_dung_T6.2025.xls,2317
G00928,1C25TUV,00006515,18/06/2025,645370,51630,697000,Bang_ke_hoa_don_da_su_dung_T6.2025.xls,2318
G00929,1C25TUV,00006521,18/06/2025,1924200,153936,2078136,Bang_ke_hoa_don_da_su_dung_T6.2025.xls,2324
G00930,1C25TUV,00006529,18/06/2025,1184259,94741,1279000,Bang_ke_hoa_don_da_su_dung_T6.2025.xls,2332
G00931,1C25TUV,00006530,18/06/2025,2892639,231411,3124050,Bang_ke_hoa_don_da_su_dung_T6.2025.xls,2333
G00932,1C25TUV,00006569,18/06/2025,484259,38741,523000,Bang_ke_hoa_don_da_su_dung_T6.2025.xls,2372
G00933,1C25TUV,00006639,18/06/2025,473241,37859,511100,Bang_ke_hoa_don_da_su_dung_T6.2025.xls,2442
G00933,1C25TUV,00008572,25/06/2025,473241,37859,511100,Bang_ke_hoa_don_da_su_dung_T6.2025.xls,4375
G00934,1C25TUV,00006643,18/06/2025,485185,38815,524000,Bang_ke_hoa_don_da_su_dung_T6.2025.xls,2446
G00934,1C25TUV,00008698,26/06/2025,485185,38815,524000,Bang_ke_hoa_don_da_su_dung_T6.2025.xls,4501
G00935,1C25TUV,00006644,18/06/2025,1452600,116208,1568808,Bang_ke_hoa_don_da_su_dung_T6.2025.xls,2447
G00936,1C25TUV,00006723,19/06/2025,2562963,205037,2768000,Bang_ke_hoa_don_da_su_dung_T6.2025.xls,2526
G00937,1C25TUV,00006734,19/06/2025,1693468,135477,1828945,Bang_ke_hoa_don_da_su_dung_T6.2025.xls,2537
G00938,1C25TUV,00006735,19/06/2025,1710185,136815,1847000,Bang_ke_hoa_don_da_su_dung_T6.2025.xls,2538
G00939,1C25TUV,00006760,19/06/2025,1239815,99185,1339000,Bang_ke_hoa_don_da_su_dung_T6.2025.xls,2563
G00940,1C25TUV,00006845,19/06/2025,2738889,219111,2958000,Bang_ke_hoa_don_da_su_dung_T6.2025.xls,2648
G00941,1C25TUV,00006859,19/06/2025,4147221,331778,4478999,Bang_ke_hoa_don_da_su_dung_T6.2025.xls,2662
G00942,1C25TUV,00006867,19/06/2025,1810278,144822,1955100,Bang_ke_hoa_don_da_su_dung_T6.2025.xls,2670
G00942,1C25TUV,00008648,26/06/2025,1810278,144822,1955100,Bang_ke_hoa_don_da_su_dung_T6.2025.xls,4451
G00943,1C25TUV,00006952,19/06/2025,214200,17136,231336,Bang_ke_hoa_don_da_su_dung_T6.2025.xls,2755
G00944,1C25TUV,00006961,19/06/2025,2894400,231552,3125952,Bang_ke_hoa_don_da_su_dung_T6.2025.xls,2764
G00945,1C25TUV,00006962,19/06/2025,2499300,199944,2699244,Bang_ke_hoa_don_da_su_dung_T6.2025.xls,2765
G00945,1C25TUV,00007220,20/06/2025,2499300,199944,2699244,Bang_ke_hoa_don_da_su_dung_T6.2025.xls,3023
G00945,1C25TUV,00007448,21/06/2025,2499300,199944,2699244,Bang_ke_hoa_don_da_su_dung_T6.2025.xls,3251
G00946,1C25TUV,00007002,19/06/2025,1054630,84370,1139000,Bang_ke_hoa_don_da_su_dung_T6.2025.xls,2805
G00947,1C25TUV,00007021,19/06/2025,881343,70507,951850,Bang_ke_hoa_don_da_su_dung_T6.2025.xls,2824
G00948,1C25TUV,00007022,19/06/2025,126204,10096,136300,Bang_ke_hoa_don_da_su_dung_T6.2025.xls,2825
G00949,1C25TUV,00007025,20/06/2025,92593,7407,100000,Bang_ke_hoa_don_da_su_dung_T6.2025.xls,2828
G00950,1C25TUV,00007028,20/06/2025,766667,61333,828000,Bang_ke_hoa_don_da_su_dung_T6.2025.xls,2831
G00950,1C25TUV,00007988,23/06/2025,766667,61333,828000,Bang_ke_hoa_don_da_su_dung_T6.2025.xls,3791
G00951,1C25TUV,00007029,20/06/2025,1980454,158436,2138890,Bang_ke_hoa_don_da_su_dung_T6.2025.xls,2832
G00952,1C25TUV,00007034,20/06/2025,2758333,220667,2979000,Bang_ke_hoa_don_da_su_dung_T6.2025.xls,2837
G00952,1C25TUV,00007685,22/06/2025,2758333,220667,2979000,Bang_ke_hoa_don_da_su_dung_T6.2025.xls,3488
G00953,1C25TUV,00007115,20/06/2025,537037,42963,580000,Bang_ke_hoa_don_da_su_dung_T6.2025.xls,2918
G00953,1C25TUV,00007404,21/06/2025,537037,42963,580000,Bang_ke_hoa_don_da_su_dung_T6.2025.xls,3207
G00953,1C25TUV,00007620,22/06/2025,537037,42963,580000,Bang_ke_hoa_don_da_su_dung_T6.2025.xls,3423
G00953,1C25TUV,00007654,22/06/2025,537037,42963,580000,Bang_ke_hoa_don_da_su_dung_T6.2025.xls,3457
G00953,1C25TUV,00007674,22/06/2025,537037,42963,580000,Bang_ke_hoa_don_da_su_dung_T6.2025.xls,3477
G00953,1C25TUV,00008452,25/06/2025,537037,42963,580000,Bang_ke_hoa_don_da_su_dung_T6.2025.xls,4255
G00953,1C25TUV,00009022,28/06/2025,537037,42963,580000,Bang_ke_hoa_don_da_su_dung_T6.2025.xls,4825
G00953,1C25TUV,00009026,28/06/2025,537037,42963,580000,Bang_ke_hoa_don_da_su_dung_T6.2025.xls,4829
G00954,1C25TUV,00007124,20/06/2025,537037,42963,580000,Bang_ke_hoa_don_da_su_dung_T6.2025.xls,2927
G00954,1C25TUV,00007340,21/06/2025,537037,42963,580000,Bang_ke_hoa_don_da_su_dung_T6.2025.xls,3143
G00954,1C25TUV,00007396,21/06/2025,537037,42963,580000,Bang_ke_hoa_don_da_su_dung_T6.2025.xls,3199
G00954,1C25TUV,00007627,22/06/2025,537037,42963,580000,Bang_ke_hoa_don_da_su_dung_T6.2025.xls,3430
G00954,1C25TUV,00007630,22/06/2025,537037,42963,580000,Bang_ke_hoa_don_da_su_dung_T6.2025.xls,3433
G00954,1C25TUV,00008038,23/06/2025,537037,42963,580000,Bang_ke_hoa_don_da_su_dung_T6.2025.xls,3841
G00954,1C25TUV,00008440,25/06/2025,537037,42963,580000,Bang_ke_hoa_don_da_su_dung_T6.2025.xls,4243
G00954,1C25TUV,00008629,26/06/2025,537037,42963,580000,Bang_ke_hoa_don_da_su_dung_T6.2025.xls,4432
G00954,1C25TUV,00008638,26/06/2025,537037,42963,580000,Bang_ke_hoa_don_da_su_dung_T6.2025.xls,4441
G00954,1C25TUV,00008826,27/06/2025,537037,42963,580000,Bang_ke_hoa_don_da_su_dung_T6.2025.xls,4629
G00954,1C25TUV,00009017,28/06/2025,537037,42963,580000,Bang_ke_hoa_don_da_su_dung_T6.2025.xls,4820
G00955,1C25TUV,00007136,20/06/2025,1054630,84370,1139000,Bang_ke_hoa_don_da_su_dung_T6.2025.xls,2939
G00956,1C25TUV,00007146,20/06/2025,536981,42959,579940,Bang_ke_hoa_don_da_su_dung_T6.2025.xls,2949
G00956,1C25TUV,00007649,22/06/2025,536981,42959,579940,Bang_ke_hoa_don_da_su_dung_T6.2025.xls,3452
G00957,1C25TUV,00007155,20/06/2025,1537082,122967,1660049,Bang_ke_hoa_don_da_su_dung_T6.2025.xls,2958
G00958,1C25TUV,00007157,20/06/2025,2180602,174448,2355050,Bang_ke_hoa_don_da_su_dung_T6.2025.xls,2960
G00959,1C25TUV,00007160,20/06/2025,3961110,316889,4277999,Bang_ke_hoa_don_da_su_dung_T6.2025.xls,2963
G00960,1C25TUV,00007175,20/06/2025,626296,50104,676400,Bang_ke_hoa_don_da_su_dung_T6.2025.xls,2978
G00960,1C25TUV,00007437,21/06/2025,626296,50104,676400,Bang_ke_hoa_don_da_su_dung_T6.2025.xls,3240
G00961,1C25TUV,00007217,20/06/2025,1192778,95422,1288200,Bang_ke_hoa_don_da_su_dung_T6.2025.xls,3020
G00961,1C25TUV,00009130,28/06/2025,1192778,95422,1288200,Bang_ke_hoa_don_da_su_dung_T6.2025.xls,4933
G00962,1C25TUV,00007341,21/06/2025,877777,70222,947999,Bang_ke_hoa_don_da_su_dung_T6.2025.xls,3144
G00963,1C25TUV,00007343,21/06/2025,2877777,230222,3107999,Bang_ke_hoa_don_da_su_dung_T6.2025.xls,3146
G00964,1C25TUV,00007440,21/06/2025,2202778,176222,2379000,Bang_ke_hoa_don_da_su_dung_T6.2025.xls,3243
G00965,1C25TUV,00007520,21/06/2025,3036111,242889,3279000,Bang_ke_hoa_don_da_su_dung_T6.2025.xls,3323
G00966,1C25TUV,00007540,21/06/2025,1243000,99440,1342440,Bang_ke_hoa_don_da_su_dung_T6.2025.xls,3343
G00967,1C25TUV,00007553,21/06/2025,2480556,198444,2679000,Bang_ke_hoa_don_da_su_dung_T6.2025.xls,3356
G00968,1C25TUV,00007570,21/06/2025,2088167,167053,2255220,Bang_ke_hoa_don_da_su_dung_T6.2025.xls,3373
G00969,1C25TUV,00007573,21/06/2025,1249074,99926,1349000,Bang_ke_hoa_don_da_su_dung_T6.2025.xls,3376
G00970,1C25TUV,00007598,21/06/2025,215741,17259,233000,Bang_ke_hoa_don_da_su_dung_T6.2025.xls,3401
G00971,1C25TUV,00007600,21/06/2025,2258333,180667,2439000,Bang_ke_hoa_don_da_su_dung_T6.2025.xls,3403
G00972,1C25TUV,00007601,22/06/2025,1046944,83756,1130700,Bang_ke_hoa_don_da_su_dung_T6.2025.xls,3404
G00973,1C25TUV,00007687,22/06/2025,1462037,116963,1579000,Bang_ke_hoa_don_da_su_dung_T6.2025.xls,3490
G00974,1C25TUV,00007688,22/06/2025,1128703,90296,1218999,Bang_ke_hoa_don_da_su_dung_T6.2025.xls,3491
G00975,1C25TUV,00007689,22/06/2025,904629,72370,976999,Bang_ke_hoa_don_da_su_dung_T6.2025.xls,3492
G00976,1C25TUV,00007748,22/06/2025,486110,38889,524999,Bang_ke_hoa_don_da_su_dung_T6.2025.xls,3551
G00976,1C25TUV,00007765,22/06/2025,486110,38889,524999,Bang_ke_hoa_don_da_su_dung_T6.2025.xls,3568
G00976,1C25TUV,00007924,23/06/2025,486110,38889,524999,Bang_ke_hoa_don_da_su_dung_T6.2025.xls,3727
G00976,1C25TUV,00008491,25/06/2025,486110,38889,524999,Bang_ke_hoa_don_da_su_dung_T6.2025.xls,4294
G00977,1C25TUV,00007772,22/06/2025,951852,76148,1028000,Bang_ke_hoa_don_da_su_dung_T6.2025.xls,3575
G00978,1C25TUV,00007773,22/06/2025,493167,39453,532620,Bang_ke_hoa_don_da_su_dung_T6.2025.xls,3576
G00979,1C25TUV,00007775,22/06/2025,621500,49720,671220,Bang_ke_hoa_don_da_su_dung_T6.2025.xls,3578
G00980,1C25TUV,00007875,23/06/2025,6231333,498507,6729840,Bang_ke_hoa_don_da_su_dung_T6.2025.xls,3678
G00981,1C25TUV,00007876,23/06/2025,465880,37270,503150,Bang_ke_hoa_don_da_su_dung_T6.2025.xls,3679
G00982,1C25TUV,00007877,23/06/2025,2894833,231587,3126420,Bang_ke_hoa_don_da_su_dung_T6.2025.xls,3680
G00983,1C25TUV,00007878,23/06/2025,2792593,223407,3016000,Bang_ke_hoa_don_da_su_dung_T6.2025.xls,3681
G00984,1C25TUV,00007945,23/06/2025,1219394,97551,1316945,Bang_ke_hoa_don_da_su_dung_T6.2025.xls,3748
G00984,1C25TUV,00008543,25/06/2025,1219394,97551,1316945,Bang_ke_hoa_don_da_su_dung_T6.2025.xls,4346
G00985,1C25TUV,00007951,23/06/2025,2017593,161407,2179000,Bang_ke_hoa_don_da_su_dung_T6.2025.xls,3754
G00985,1C25TUV,00008530,25/06/2025,2017593,161407,2179000,Bang_ke_hoa_don_da_su_dung_T6.2025.xls,4333
G00986,1C25TUV,00007955,23/06/2025,2479630,198370,2678000,Bang_ke_hoa_don_da_su_dung_T6.2025.xls,3758
G00986,1C25TUV,00008286,24/06/2025,2479630,198370,2678000,Bang_ke_hoa_don_da_su_dung_T6.2025.xls,4089
G00987,1C25TUV,00007961,23/06/2025,1609259,128741,1738000,Bang_ke_hoa_don_da_su_dung_T6.2025.xls,3764
G00988,1C25TUV,00008024,23/06/2025,1239815,99185,1339000,Bang_ke_hoa_don_da_su_dung_T6.2025.xls,3827
G00989,1C25TUV,00008062,23/06/2025,1386111,110889,1497000,Bang_ke_hoa_don_da_su_dung_T6.2025.xls,3865
G00990,1C25TUV,00008064,23/06/2025,703704,56296,760000,Bang_ke_hoa_don_da_su_dung_T6.2025.xls,3867
G00991,1C25TUV,00008184,24/06/2025,4599074,367926,4967000,Bang_ke_hoa_don_da_su_dung_T6.2025.xls,3987
G00992,1C25TUV,00008185,24/06/2025,648148,51852,700000,Bang_ke_hoa_don_da_su_dung_T6.2025.xls,3988
G00992,1C25TUV,00008186,24/06/2025,648148,51852,700000,Bang_ke_hoa_don_da_su_dung_T6.2025.xls,3989
G00993,1C25TUV,00008188,24/06/2025,2850925,228074,3078999,Bang_ke_hoa_don_da_su_dung_T6.2025.xls,3991
G00994,1C25TUV,00008205,24/06/2025,2455588,196447,2652035,Bang_ke_hoa_don_da_su_dung_T6.2025.xls,4008
G00994,1C25TUV,00008668,26/06/2025,2455588,196447,2652035,Bang_ke_hoa_don_da_su_dung_T6.2025.xls,4471
G00995,1C25TUV,00008280,24/06/2025,452778,36222,489000,Bang_ke_hoa_don_da_su_dung_T6.2025.xls,4083
G00996,1C25TUV,00008281,24/06/2025,2642589,211407,2853996,Bang_ke_hoa_don_da_su_dung_T6.2025.xls,4084
G00997,1C25TUV,00008305,24/06/2025,431481,34519,466000,Bang_ke_hoa_don_da_su_dung_T6.2025.xls,4108
G00998,1C25TUV,00008322,24/06/2025,1610186,128815,1739001,Bang_ke_hoa_don_da_su_dung_T6.2025.xls,4125
G00999,1C25TUV,00008339,24/06/2025,509208,40737,549945,Bang_ke_hoa_don_da_su_dung_T6.2025.xls,4142
G00999,1C25TUV,00008383,24/06/2025,509208,40737,549945,Bang_ke_hoa_don_da_su_dung_T6.2025.xls,4186
G01000,1C25TUV,00008384,25/06/2025,5620667,449653,6070320,Bang_ke_hoa_don_da_su_dung_T6.2025.xls,4187
G01001,1C25TUV,00008386,25/06/2025,2241236,179299,2420535,Bang_ke_hoa_don_da_su_dung_T6.2025.xls,4189
G01002,1C25TUV,00008387,25/06/2025,1543518,123481,1666999,Bang_ke_hoa_don_da_su_dung_T6.2025.xls,4190
G01003,1C25TUV,00008390,25/06/2025,998148,79852,1078000,Bang_ke_hoa_don_da_su_dung_T6.2025.xls,4193
G01003,1C25TUV,00009048,28/06/2025,998148,79852,1078000,Bang_ke_hoa_don_da_su_dung_T6.2025.xls,4851
G01004,1C25TUV,00008393,25/06/2025,4590741,367259,4958000,Bang_ke_hoa_don_da_su_dung_T6.2025.xls,4196
G01005,1C25TUV,00008397,25/06/2025,2812963,225037,3038000,Bang_ke_hoa_don_da_su_dung_T6.2025.xls,4200
G01006,1C25TUV,00008398,25/06/2025,3036111,242889,3279000,Bang_ke_hoa_don_da_su_dung_T6.2025.xls,4201
G01007,1C25TUV,00008399,25/06/2025,2573148,205852,2779000,Bang_ke_hoa_don_da_su_dung_T6.2025.xls,4202
G01007,1C25TUV,00008400,25/06/2025,2573148,205852,2779000,Bang_ke_hoa_don_da_su_dung_T6.2025.xls,4203
G01008,1C25TUV,00008401,25/06/2025,1980556,158444,2139000,Bang_ke_hoa_don_da_su_dung_T6.2025.xls,4204
G01009,1C25TUV,00008402,25/06/2025,3155555,252444,3407999,Bang_ke_hoa_don_da_su_dung_T6.2025.xls,4205
G01010,1C25TUV,00008404,25/06/2025,1054629,84370,1138999,Bang_ke_hoa_don_da_su_dung_T6.2025.xls,4207
G01011,1C25TUV,00008405,25/06/2025,3423148,273852,3697000,Bang_ke_hoa_don_da_su_dung_T6.2025.xls,4208
G01012,1C25TUV,00008410,25/06/2025,536981,42959,579940,Bang_ke_hoa_don_da_su_dung_T6.2025.xls,4213
G01013,1C25TUV,00008449,25/06/2025,526852,42148,569000,Bang_ke_hoa_don_da_su_dung_T6.2025.xls,4252
G01013,1C25TUV,00008630,26/06/2025,526852,42148,569000,Bang_ke_hoa_don_da_su_dung_T6.2025.xls,4433
G01013,1C25TUV,00008808,27/06/2025,526852,42148,569000,Bang_ke_hoa_don_da_su_dung_T6.2025.xls,4611
G01013,1C25TUV,00008813,27/06/2025,526852,42148,569000,Bang_ke_hoa_don_da_su_dung_T6.2025.xls,4616
G01013,1C25TUV,00009036,28/06/2025,526852,42148,569000,Bang_ke_hoa_don_da_su_dung_T6.2025.xls,4839
G01014,1C25TUV,00008462,25/06/2025,537036,42963,579999,Bang_ke_hoa_don_da_su_dung_T6.2025.xls,4265
G01015,1C25TUV,00008468,25/06/2025,1979630,158370,2138000,Bang_ke_hoa_don_da_su_dung_T6.2025.xls,4271
G01015,1C25TUV,00008469,25/06/2025,1979630,158370,2138000,Bang_ke_hoa_don_da_su_dung_T6.2025.xls,4272
G01016,1C25TUV,00008470,25/06/2025,2499300,199944,2699244,Bang_ke_hoa_don_da_su_dung_T6.2025.xls,4273
G01017,1C25TUV,00008532,25/06/2025,1017592,81407,1098999,Bang_ke_hoa_don_da_su_dung_T6.2025.xls,4335
G01018,1C25TUV,00008586,26/06/2025,13101852,1048148,14150000,Bang_ke_hoa_don_da_su_dung_T6.2025.xls,4389
G01019,1C25TUV,00008588,26/06/2025,209306,16744,226050,Bang_ke_hoa_don_da_su_dung_T6.2025.xls,4391
G01020,1C25TUV,00008590,26/06/2025,2155555,172444,2327999,Bang_ke_hoa_don_da_su_dung_T6.2025.xls,4393
G01021,1C25TUV,00008594,26/06/2025,2480556,198444,2679000,Bang_ke_hoa_don_da_su_dung_T6.2025.xls,4397
G01022,1C25TUV,00008633,26/06/2025,490741,39259,530000,Bang_ke_hoa_don_da_su_dung_T6.2025.xls,4436
G01022,1C25TUV,00008797,27/06/2025,490741,39259,530000,Bang_ke_hoa_don_da_su_dung_T6.2025.xls,4600
G01023,1C25TUV,00008637,26/06/2025,766667,61333,828000,Bang_ke_hoa_don_da_su_dung_T6.2025.xls,4440
G01024,1C25TUV,00008641,26/06/2025,537036,42963,579999,Bang_ke_hoa_don_da_su_dung_T6.2025.xls,4444
G01025,1C25TUV,00008660,26/06/2025,867593,69407,937000,Bang_ke_hoa_don_da_su_dung_T6.2025.xls,4463
G01026,1C25TUV,00008740,26/06/2025,840926,67274,908200,Bang_ke_hoa_don_da_su_dung_T6.2025.xls,4543
G01027,1C25TUV,00008741,26/06/2025,1789167,143133,1932300,Bang_ke_hoa_don_da_su_dung_T6.2025.xls,4544
G01028,1C25TUV,00008769,27/06/2025,2716000,217280,2933280,Bang_ke_hoa_don_da_su_dung_T6.2025.xls,4572
G01029,1C25TUV,00008770,27/06/2025,509259,40741,550000,Bang_ke_hoa_don_da_su_dung_T6.2025.xls,4573
G01030,1C25TUV,00008772,27/06/2025,144444,11556,156000,Bang_ke_hoa_don_da_su_dung_T6.2025.xls,4575
G01031,1C25TUV,00008776,27/06/2025,2562963,205037,2768000,Bang_ke_hoa_don_da_su_dung_T6.2025.xls,4579
G01032,1C25TUV,00008781,27/06/2025,2573148,205852,2779000,Bang_ke_hoa_don_da_su_dung_T6.2025.xls,4584
G01033,1C25TUV,00008847,27/06/2025,4887963,391037,5279000,Bang_ke_hoa_don_da_su_dung_T6.2025.xls,4650
G01034,1C25TUV,00008854,27/06/2025,1925100,154008,2079108,Bang_ke_hoa_don_da_su_dung_T6.2025.xls,4657
G01035,1C25TUV,00008855,27/06/2025,2572222,205778,2778000,Bang_ke_hoa_don_da_su_dung_T6.2025.xls,4658
G01036,1C25TUV,00008867,27/06/2025,5142593,411407,5554000,Bang_ke_hoa_don_da_su_dung_T6.2025.xls,4670
G01037,1C25TUV,00008912,27/06/2025,597269,47781,645050,Bang_ke_hoa_don_da_su_dung_T6.2025.xls,4715
G01038,1C25TUV,00008988,28/06/2025,5358000,428640,5786640,Bang_ke_hoa_don_da_su_dung_T6.2025.xls,4791
G01039,1C25TUV,00008989,28/06/2025,3517333,281387,3798720,Bang_ke_hoa_don_da_su_dung_T6.2025.xls,4792
G01040,1C25TUV,00009047,28/06/2025,877778,70222,948000,Bang_ke_hoa_don_da_su_dung_T6.2025.xls,4850
G01041,1C25TUV,00009064,28/06/2025,7997222,639778,8637000,Bang_ke_hoa_don_da_su_dung_T6.2025.xls,4867
G01042,1C25TUV,00009066,28/06/2025,1008332,80667,1088999,Bang_ke_hoa_don_da_su_dung_T6.2025.xls,4869
G01043,1C25TUV,00009067,28/06/2025,1905556,152444,2058000,Bang_ke_hoa_don_da_su_dung_T6.2025.xls,4870
G01044,1C25TUV,00009073,28/06/2025,3989907,319193,4309100,Bang_ke_hoa_don_da_su_dung_T6.2025.xls,4876
G01045,1C25TUV,00009077,28/06/2025,4461111,356889,4818000,Bang_ke_hoa_don_da_su_dung_T6.2025.xls,4880
G01046,1C25TUV,00009113,28/06/2025,1350000,108000,1458000,Bang_ke_hoa_don_da_su_dung_T6.2025.xls,4916
G01047,1C25TUV,00009184,28/06/2025,1016667,81333,1098000,Bang_ke_hoa_don_da_su_dung_T6.2025.xls,4987
